ISO-10303-21;
HEADER;
FILE_DESCRIPTION(('KiCad electronic assembly'),'2;1');
FILE_NAME('opentherm shield.step','2026-09-24T21:46:45',('Pcbnew'),(
    'Kicad'),'Open CASCADE STEP processor 7.9','KiCad to STEP converter'
  ,'Unknown');
FILE_SCHEMA(('AUTOMOTIVE_DESIGN { 1 0 10303 214 1 1 1 1 }'));
ENDSEC;
DATA;
#1 = APPLICATION_PROTOCOL_DEFINITION('international standard',
  'automotive_design',2000,#2);
#2 = APPLICATION_CONTEXT(
  'core data for automotive mechanical design processes');
#3 = SHAPE_DEFINITION_REPRESENTATION(#4,#10);
#4 = PRODUCT_DEFINITION_SHAPE('','',#5);
#5 = PRODUCT_DEFINITION('design','',#6,#9);
#6 = PRODUCT_DEFINITION_FORMATION('','',#7);
#7 = PRODUCT('opentherm shield 1','opentherm shield 1','',(#8));
#8 = PRODUCT_CONTEXT('',#2,'mechanical');
#9 = PRODUCT_DEFINITION_CONTEXT('part definition',#2,'design');
#10 = SHAPE_REPRESENTATION('',(#11,#15,#19,#23,#27,#31,#35,#39,#43,#47,
    #51,#55,#59,#63,#67,#71,#75,#79,#83,#87),#91);
#11 = AXIS2_PLACEMENT_3D('',#12,#13,#14);
#12 = CARTESIAN_POINT('',(0.,0.,0.));
#13 = DIRECTION('',(0.,0.,1.));
#14 = DIRECTION('',(1.,0.,-0.));
#15 = AXIS2_PLACEMENT_3D('',#16,#17,#18);
#16 = CARTESIAN_POINT('',(178.,-104.25,1.595));
#17 = DIRECTION('',(-0.,0.,1.));
#18 = DIRECTION('',(1.110223024625E-16,-1.,0.));
#19 = AXIS2_PLACEMENT_3D('',#20,#21,#22);
#20 = CARTESIAN_POINT('',(175.5,-119.75,1.595));
#21 = DIRECTION('',(0.,0.,1.));
#22 = DIRECTION('',(-1.,1.224646799147E-16,0.));
#23 = AXIS2_PLACEMENT_3D('',#24,#25,#26);
#24 = CARTESIAN_POINT('',(165.,-122.86,1.595));
#25 = DIRECTION('',(0.,-0.,1.));
#26 = DIRECTION('',(1.110223024625E-16,1.,0.));
#27 = AXIS2_PLACEMENT_3D('',#28,#29,#30);
#28 = CARTESIAN_POINT('',(180.5,-112.,1.595));
#29 = DIRECTION('',(-0.,0.,1.));
#30 = DIRECTION('',(1.110223024625E-16,-1.,0.));
#31 = AXIS2_PLACEMENT_3D('',#32,#33,#34);
#32 = CARTESIAN_POINT('',(168.,-118.25,1.595));
#33 = DIRECTION('',(0.,0.,1.));
#34 = DIRECTION('',(-1.,1.224646799147E-16,0.));
#35 = AXIS2_PLACEMENT_3D('',#36,#37,#38);
#36 = CARTESIAN_POINT('',(165.,-100.,1.595));
#37 = DIRECTION('',(0.,-0.,1.));
#38 = DIRECTION('',(1.110223024625E-16,1.,0.));
#39 = AXIS2_PLACEMENT_3D('',#40,#41,#42);
#40 = CARTESIAN_POINT('',(165.,-111.75,1.595));
#41 = DIRECTION('',(0.,0.,1.));
#42 = DIRECTION('',(1.,0.,0.));
#43 = AXIS2_PLACEMENT_3D('',#44,#45,#46);
#44 = CARTESIAN_POINT('',(165.,-109.25,1.595));
#45 = DIRECTION('',(0.,0.,1.));
#46 = DIRECTION('',(-1.,1.224646799147E-16,0.));
#47 = AXIS2_PLACEMENT_3D('',#48,#49,#50);
#48 = CARTESIAN_POINT('',(165.,-114.25,1.595));
#49 = DIRECTION('',(0.,0.,1.));
#50 = DIRECTION('',(-1.,1.224646799147E-16,0.));
#51 = AXIS2_PLACEMENT_3D('',#52,#53,#54);
#52 = CARTESIAN_POINT('',(170.,-105.,1.595));
#53 = DIRECTION('',(0.,0.,1.));
#54 = DIRECTION('',(1.,0.,0.));
#55 = AXIS2_PLACEMENT_3D('',#56,#57,#58);
#56 = CARTESIAN_POINT('',(155.5775,-109.5,1.595));
#57 = DIRECTION('',(-0.,0.,1.));
#58 = DIRECTION('',(1.110223024625E-16,-1.,0.));
#59 = AXIS2_PLACEMENT_3D('',#60,#61,#62);
#60 = CARTESIAN_POINT('',(170.,-108.5,1.595));
#61 = DIRECTION('',(-0.,0.,1.));
#62 = DIRECTION('',(1.110223024625E-16,-1.,0.));
#63 = AXIS2_PLACEMENT_3D('',#64,#65,#66);
#64 = CARTESIAN_POINT('',(175.25,-105.5,1.595));
#65 = DIRECTION('',(0.,-0.,1.));
#66 = DIRECTION('',(1.110223024625E-16,1.,0.));
#67 = AXIS2_PLACEMENT_3D('',#68,#69,#70);
#68 = CARTESIAN_POINT('',(170.75,-113.,1.595));
#69 = DIRECTION('',(0.,0.,1.));
#70 = DIRECTION('',(1.,0.,0.));
#71 = AXIS2_PLACEMENT_3D('',#72,#73,#74);
#72 = CARTESIAN_POINT('',(180.5,-119.75,1.595));
#73 = DIRECTION('',(0.,0.,1.));
#74 = DIRECTION('',(-1.,1.224646799147E-16,0.));
#75 = AXIS2_PLACEMENT_3D('',#76,#77,#78);
#76 = CARTESIAN_POINT('',(165.,-106.75,1.595));
#77 = DIRECTION('',(0.,0.,1.));
#78 = DIRECTION('',(1.,0.,0.));
#79 = AXIS2_PLACEMENT_3D('',#80,#81,#82);
#80 = CARTESIAN_POINT('',(175.25,-111.5,1.595));
#81 = DIRECTION('',(0.,-0.,1.));
#82 = DIRECTION('',(1.110223024625E-16,1.,0.));
#83 = AXIS2_PLACEMENT_3D('',#84,#85,#86);
#84 = CARTESIAN_POINT('',(182.25,-103.25,1.595));
#85 = DIRECTION('',(0.,0.,1.));
#86 = DIRECTION('',(-1.,1.224646799147E-16,0.));
#87 = AXIS2_PLACEMENT_3D('',#88,#89,#90);
#88 = CARTESIAN_POINT('',(0.,0.,0.));
#89 = DIRECTION('',(0.,0.,1.));
#90 = DIRECTION('',(1.,0.,-0.));
#91 = ( GEOMETRIC_REPRESENTATION_CONTEXT(3) 
GLOBAL_UNCERTAINTY_ASSIGNED_CONTEXT((#95)) GLOBAL_UNIT_ASSIGNED_CONTEXT(
(#92,#93,#94)) REPRESENTATION_CONTEXT('Context #1',
  '3D Context with UNIT and UNCERTAINTY') );
#92 = ( LENGTH_UNIT() NAMED_UNIT(*) SI_UNIT(.MILLI.,.METRE.) );
#93 = ( NAMED_UNIT(*) PLANE_ANGLE_UNIT() SI_UNIT($,.RADIAN.) );
#94 = ( NAMED_UNIT(*) SI_UNIT($,.STERADIAN.) SOLID_ANGLE_UNIT() );
#95 = UNCERTAINTY_MEASURE_WITH_UNIT(LENGTH_MEASURE(5.E-07),#92,
  'distance_accuracy_value','confusion accuracy');
#96 = PRODUCT_RELATED_PRODUCT_CATEGORY('part',$,(#7));
#97 = SHAPE_DEFINITION_REPRESENTATION(#98,#104);
#98 = PRODUCT_DEFINITION_SHAPE('','',#99);
#99 = PRODUCT_DEFINITION('design','',#100,#103);
#100 = PRODUCT_DEFINITION_FORMATION('','',#101);
#101 = PRODUCT('R_0603_1608Metric','R_0603_1608Metric','',(#102));
#102 = PRODUCT_CONTEXT('',#2,'mechanical');
#103 = PRODUCT_DEFINITION_CONTEXT('part definition',#2,'design');
#104 = ADVANCED_BREP_SHAPE_REPRESENTATION('',(#11,#105),#895);
#105 = MANIFOLD_SOLID_BREP('',#106);
#106 = CLOSED_SHELL('',(#107,#147,#230,#255,#280,#347,#364,#381,#430,
    #447,#464,#513,#530,#599,#630,#654,#723,#747,#764,#781,#798,#815,
    #832,#849,#866,#883));
#107 = ADVANCED_FACE('',(#108),#142,.F.);
#108 = FACE_BOUND('',#109,.F.);
#109 = EDGE_LOOP('',(#110,#120,#128,#136));
#110 = ORIENTED_EDGE('',*,*,#111,.F.);
#111 = EDGE_CURVE('',#112,#114,#116,.T.);
#112 = VERTEX_POINT('',#113);
#113 = CARTESIAN_POINT('',(-0.8,-0.4,4.5E-02));
#114 = VERTEX_POINT('',#115);
#115 = CARTESIAN_POINT('',(-0.8,-0.4,0.405));
#116 = LINE('',#117,#118);
#117 = CARTESIAN_POINT('',(-0.8,-0.4,0.));
#118 = VECTOR('',#119,1.);
#119 = DIRECTION('',(0.,0.,1.));
#120 = ORIENTED_EDGE('',*,*,#121,.T.);
#121 = EDGE_CURVE('',#112,#122,#124,.T.);
#122 = VERTEX_POINT('',#123);
#123 = CARTESIAN_POINT('',(-0.8,0.4,4.5E-02));
#124 = LINE('',#125,#126);
#125 = CARTESIAN_POINT('',(-0.8,-0.4,4.5E-02));
#126 = VECTOR('',#127,1.);
#127 = DIRECTION('',(0.,1.,0.));
#128 = ORIENTED_EDGE('',*,*,#129,.T.);
#129 = EDGE_CURVE('',#122,#130,#132,.T.);
#130 = VERTEX_POINT('',#131);
#131 = CARTESIAN_POINT('',(-0.8,0.4,0.405));
#132 = LINE('',#133,#134);
#133 = CARTESIAN_POINT('',(-0.8,0.4,0.));
#134 = VECTOR('',#135,1.);
#135 = DIRECTION('',(0.,0.,1.));
#136 = ORIENTED_EDGE('',*,*,#137,.F.);
#137 = EDGE_CURVE('',#114,#130,#138,.T.);
#138 = LINE('',#139,#140);
#139 = CARTESIAN_POINT('',(-0.8,-0.4,0.405));
#140 = VECTOR('',#141,1.);
#141 = DIRECTION('',(0.,1.,0.));
#142 = PLANE('',#143);
#143 = AXIS2_PLACEMENT_3D('',#144,#145,#146);
#144 = CARTESIAN_POINT('',(-0.8,-0.4,0.));
#145 = DIRECTION('',(1.,0.,0.));
#146 = DIRECTION('',(0.,0.,1.));
#147 = ADVANCED_FACE('',(#148),#225,.F.);
#148 = FACE_BOUND('',#149,.F.);
#149 = EDGE_LOOP('',(#150,#160,#167,#168,#177,#185,#194,#202,#210,#218)
  );
#150 = ORIENTED_EDGE('',*,*,#151,.F.);
#151 = EDGE_CURVE('',#152,#154,#156,.T.);
#152 = VERTEX_POINT('',#153);
#153 = CARTESIAN_POINT('',(-0.755,-0.4,-2.775557561563E-17));
#154 = VERTEX_POINT('',#155);
#155 = CARTESIAN_POINT('',(-0.545,-0.4,-2.775557561563E-17));
#156 = LINE('',#157,#158);
#157 = CARTESIAN_POINT('',(-0.8,-0.4,0.));
#158 = VECTOR('',#159,1.);
#159 = DIRECTION('',(1.,0.,0.));
#160 = ORIENTED_EDGE('',*,*,#161,.F.);
#161 = EDGE_CURVE('',#112,#152,#162,.T.);
#162 = CIRCLE('',#163,4.5E-02);
#163 = AXIS2_PLACEMENT_3D('',#164,#165,#166);
#164 = CARTESIAN_POINT('',(-0.755,-0.4,4.5E-02));
#165 = DIRECTION('',(0.,-1.,0.));
#166 = DIRECTION('',(0.,0.,1.));
#167 = ORIENTED_EDGE('',*,*,#111,.T.);
#168 = ORIENTED_EDGE('',*,*,#169,.T.);
#169 = EDGE_CURVE('',#114,#170,#172,.T.);
#170 = VERTEX_POINT('',#171);
#171 = CARTESIAN_POINT('',(-0.755,-0.4,0.45));
#172 = CIRCLE('',#173,4.5E-02);
#173 = AXIS2_PLACEMENT_3D('',#174,#175,#176);
#174 = CARTESIAN_POINT('',(-0.755,-0.4,0.405));
#175 = DIRECTION('',(0.,1.,0.));
#176 = DIRECTION('',(0.,-0.,1.));
#177 = ORIENTED_EDGE('',*,*,#178,.T.);
#178 = EDGE_CURVE('',#170,#179,#181,.T.);
#179 = VERTEX_POINT('',#180);
#180 = CARTESIAN_POINT('',(-0.545,-0.4,0.45));
#181 = LINE('',#182,#183);
#182 = CARTESIAN_POINT('',(-0.8,-0.4,0.45));
#183 = VECTOR('',#184,1.);
#184 = DIRECTION('',(1.,0.,0.));
#185 = ORIENTED_EDGE('',*,*,#186,.F.);
#186 = EDGE_CURVE('',#187,#179,#189,.T.);
#187 = VERTEX_POINT('',#188);
#188 = CARTESIAN_POINT('',(-0.5,-0.4,0.405));
#189 = CIRCLE('',#190,4.5E-02);
#190 = AXIS2_PLACEMENT_3D('',#191,#192,#193);
#191 = CARTESIAN_POINT('',(-0.545,-0.4,0.405));
#192 = DIRECTION('',(0.,-1.,0.));
#193 = DIRECTION('',(0.,0.,1.));
#194 = ORIENTED_EDGE('',*,*,#195,.F.);
#195 = EDGE_CURVE('',#196,#187,#198,.T.);
#196 = VERTEX_POINT('',#197);
#197 = CARTESIAN_POINT('',(-0.755,-0.4,0.405));
#198 = LINE('',#199,#200);
#199 = CARTESIAN_POINT('',(-0.755,-0.4,0.405));
#200 = VECTOR('',#201,1.);
#201 = DIRECTION('',(1.,0.,0.));
#202 = ORIENTED_EDGE('',*,*,#203,.F.);
#203 = EDGE_CURVE('',#204,#196,#206,.T.);
#204 = VERTEX_POINT('',#205);
#205 = CARTESIAN_POINT('',(-0.755,-0.4,4.5E-02));
#206 = LINE('',#207,#208);
#207 = CARTESIAN_POINT('',(-0.755,-0.4,4.5E-02));
#208 = VECTOR('',#209,1.);
#209 = DIRECTION('',(0.,0.,1.));
#210 = ORIENTED_EDGE('',*,*,#211,.T.);
#211 = EDGE_CURVE('',#204,#212,#214,.T.);
#212 = VERTEX_POINT('',#213);
#213 = CARTESIAN_POINT('',(-0.5,-0.4,4.5E-02));
#214 = LINE('',#215,#216);
#215 = CARTESIAN_POINT('',(-0.755,-0.4,4.5E-02));
#216 = VECTOR('',#217,1.);
#217 = DIRECTION('',(1.,0.,0.));
#218 = ORIENTED_EDGE('',*,*,#219,.T.);
#219 = EDGE_CURVE('',#212,#154,#220,.T.);
#220 = CIRCLE('',#221,4.5E-02);
#221 = AXIS2_PLACEMENT_3D('',#222,#223,#224);
#222 = CARTESIAN_POINT('',(-0.545,-0.4,4.5E-02));
#223 = DIRECTION('',(0.,1.,0.));
#224 = DIRECTION('',(0.,-0.,1.));
#225 = PLANE('',#226);
#226 = AXIS2_PLACEMENT_3D('',#227,#228,#229);
#227 = CARTESIAN_POINT('',(-0.8,-0.4,0.));
#228 = DIRECTION('',(0.,1.,0.));
#229 = DIRECTION('',(0.,-0.,1.));
#230 = ADVANCED_FACE('',(#231),#250,.T.);
#231 = FACE_BOUND('',#232,.T.);
#232 = EDGE_LOOP('',(#233,#234,#243,#249));
#233 = ORIENTED_EDGE('',*,*,#121,.T.);
#234 = ORIENTED_EDGE('',*,*,#235,.T.);
#235 = EDGE_CURVE('',#122,#236,#238,.T.);
#236 = VERTEX_POINT('',#237);
#237 = CARTESIAN_POINT('',(-0.755,0.4,-2.775557561563E-17));
#238 = CIRCLE('',#239,4.5E-02);
#239 = AXIS2_PLACEMENT_3D('',#240,#241,#242);
#240 = CARTESIAN_POINT('',(-0.755,0.4,4.5E-02));
#241 = DIRECTION('',(0.,-1.,0.));
#242 = DIRECTION('',(0.,0.,1.));
#243 = ORIENTED_EDGE('',*,*,#244,.F.);
#244 = EDGE_CURVE('',#152,#236,#245,.T.);
#245 = LINE('',#246,#247);
#246 = CARTESIAN_POINT('',(-0.755,-0.4,-2.775557561563E-17));
#247 = VECTOR('',#248,1.);
#248 = DIRECTION('',(0.,1.,0.));
#249 = ORIENTED_EDGE('',*,*,#161,.F.);
#250 = CYLINDRICAL_SURFACE('',#251,4.5E-02);
#251 = AXIS2_PLACEMENT_3D('',#252,#253,#254);
#252 = CARTESIAN_POINT('',(-0.755,-0.4,4.5E-02));
#253 = DIRECTION('',(0.,1.,0.));
#254 = DIRECTION('',(-1.,0.,0.));
#255 = ADVANCED_FACE('',(#256),#275,.T.);
#256 = FACE_BOUND('',#257,.T.);
#257 = EDGE_LOOP('',(#258,#259,#267,#274));
#258 = ORIENTED_EDGE('',*,*,#169,.T.);
#259 = ORIENTED_EDGE('',*,*,#260,.T.);
#260 = EDGE_CURVE('',#170,#261,#263,.T.);
#261 = VERTEX_POINT('',#262);
#262 = CARTESIAN_POINT('',(-0.755,0.4,0.45));
#263 = LINE('',#264,#265);
#264 = CARTESIAN_POINT('',(-0.755,-0.4,0.45));
#265 = VECTOR('',#266,1.);
#266 = DIRECTION('',(0.,1.,0.));
#267 = ORIENTED_EDGE('',*,*,#268,.F.);
#268 = EDGE_CURVE('',#130,#261,#269,.T.);
#269 = CIRCLE('',#270,4.5E-02);
#270 = AXIS2_PLACEMENT_3D('',#271,#272,#273);
#271 = CARTESIAN_POINT('',(-0.755,0.4,0.405));
#272 = DIRECTION('',(0.,1.,0.));
#273 = DIRECTION('',(0.,-0.,1.));
#274 = ORIENTED_EDGE('',*,*,#137,.F.);
#275 = CYLINDRICAL_SURFACE('',#276,4.5E-02);
#276 = AXIS2_PLACEMENT_3D('',#277,#278,#279);
#277 = CARTESIAN_POINT('',(-0.755,-0.4,0.405));
#278 = DIRECTION('',(0.,1.,0.));
#279 = DIRECTION('',(-1.,0.,0.));
#280 = ADVANCED_FACE('',(#281),#342,.T.);
#281 = FACE_BOUND('',#282,.T.);
#282 = EDGE_LOOP('',(#283,#291,#292,#293,#294,#302,#311,#319,#327,#335)
  );
#283 = ORIENTED_EDGE('',*,*,#284,.F.);
#284 = EDGE_CURVE('',#236,#285,#287,.T.);
#285 = VERTEX_POINT('',#286);
#286 = CARTESIAN_POINT('',(-0.545,0.4,-2.775557561563E-17));
#287 = LINE('',#288,#289);
#288 = CARTESIAN_POINT('',(-0.8,0.4,0.));
#289 = VECTOR('',#290,1.);
#290 = DIRECTION('',(1.,0.,0.));
#291 = ORIENTED_EDGE('',*,*,#235,.F.);
#292 = ORIENTED_EDGE('',*,*,#129,.T.);
#293 = ORIENTED_EDGE('',*,*,#268,.T.);
#294 = ORIENTED_EDGE('',*,*,#295,.T.);
#295 = EDGE_CURVE('',#261,#296,#298,.T.);
#296 = VERTEX_POINT('',#297);
#297 = CARTESIAN_POINT('',(-0.545,0.4,0.45));
#298 = LINE('',#299,#300);
#299 = CARTESIAN_POINT('',(-0.8,0.4,0.45));
#300 = VECTOR('',#301,1.);
#301 = DIRECTION('',(1.,0.,0.));
#302 = ORIENTED_EDGE('',*,*,#303,.F.);
#303 = EDGE_CURVE('',#304,#296,#306,.T.);
#304 = VERTEX_POINT('',#305);
#305 = CARTESIAN_POINT('',(-0.5,0.4,0.405));
#306 = CIRCLE('',#307,4.5E-02);
#307 = AXIS2_PLACEMENT_3D('',#308,#309,#310);
#308 = CARTESIAN_POINT('',(-0.545,0.4,0.405));
#309 = DIRECTION('',(0.,-1.,0.));
#310 = DIRECTION('',(0.,0.,1.));
#311 = ORIENTED_EDGE('',*,*,#312,.F.);
#312 = EDGE_CURVE('',#313,#304,#315,.T.);
#313 = VERTEX_POINT('',#314);
#314 = CARTESIAN_POINT('',(-0.755,0.4,0.405));
#315 = LINE('',#316,#317);
#316 = CARTESIAN_POINT('',(-0.755,0.4,0.405));
#317 = VECTOR('',#318,1.);
#318 = DIRECTION('',(1.,0.,0.));
#319 = ORIENTED_EDGE('',*,*,#320,.F.);
#320 = EDGE_CURVE('',#321,#313,#323,.T.);
#321 = VERTEX_POINT('',#322);
#322 = CARTESIAN_POINT('',(-0.755,0.4,4.5E-02));
#323 = LINE('',#324,#325);
#324 = CARTESIAN_POINT('',(-0.755,0.4,4.5E-02));
#325 = VECTOR('',#326,1.);
#326 = DIRECTION('',(0.,0.,1.));
#327 = ORIENTED_EDGE('',*,*,#328,.T.);
#328 = EDGE_CURVE('',#321,#329,#331,.T.);
#329 = VERTEX_POINT('',#330);
#330 = CARTESIAN_POINT('',(-0.5,0.4,4.5E-02));
#331 = LINE('',#332,#333);
#332 = CARTESIAN_POINT('',(-0.755,0.4,4.5E-02));
#333 = VECTOR('',#334,1.);
#334 = DIRECTION('',(1.,0.,0.));
#335 = ORIENTED_EDGE('',*,*,#336,.T.);
#336 = EDGE_CURVE('',#329,#285,#337,.T.);
#337 = CIRCLE('',#338,4.5E-02);
#338 = AXIS2_PLACEMENT_3D('',#339,#340,#341);
#339 = CARTESIAN_POINT('',(-0.545,0.4,4.5E-02));
#340 = DIRECTION('',(0.,1.,0.));
#341 = DIRECTION('',(0.,-0.,1.));
#342 = PLANE('',#343);
#343 = AXIS2_PLACEMENT_3D('',#344,#345,#346);
#344 = CARTESIAN_POINT('',(-0.8,0.4,0.));
#345 = DIRECTION('',(0.,1.,0.));
#346 = DIRECTION('',(0.,-0.,1.));
#347 = ADVANCED_FACE('',(#348),#359,.F.);
#348 = FACE_BOUND('',#349,.F.);
#349 = EDGE_LOOP('',(#350,#351,#352,#353));
#350 = ORIENTED_EDGE('',*,*,#284,.F.);
#351 = ORIENTED_EDGE('',*,*,#244,.F.);
#352 = ORIENTED_EDGE('',*,*,#151,.T.);
#353 = ORIENTED_EDGE('',*,*,#354,.T.);
#354 = EDGE_CURVE('',#154,#285,#355,.T.);
#355 = LINE('',#356,#357);
#356 = CARTESIAN_POINT('',(-0.545,-0.4,-2.775557561563E-17));
#357 = VECTOR('',#358,1.);
#358 = DIRECTION('',(0.,1.,0.));
#359 = PLANE('',#360);
#360 = AXIS2_PLACEMENT_3D('',#361,#362,#363);
#361 = CARTESIAN_POINT('',(-0.8,-0.4,0.));
#362 = DIRECTION('',(0.,0.,1.));
#363 = DIRECTION('',(1.,0.,-0.));
#364 = ADVANCED_FACE('',(#365),#376,.T.);
#365 = FACE_BOUND('',#366,.T.);
#366 = EDGE_LOOP('',(#367,#368,#369,#370));
#367 = ORIENTED_EDGE('',*,*,#219,.T.);
#368 = ORIENTED_EDGE('',*,*,#354,.T.);
#369 = ORIENTED_EDGE('',*,*,#336,.F.);
#370 = ORIENTED_EDGE('',*,*,#371,.F.);
#371 = EDGE_CURVE('',#212,#329,#372,.T.);
#372 = LINE('',#373,#374);
#373 = CARTESIAN_POINT('',(-0.5,-0.4,4.5E-02));
#374 = VECTOR('',#375,1.);
#375 = DIRECTION('',(0.,1.,0.));
#376 = CYLINDRICAL_SURFACE('',#377,4.5E-02);
#377 = AXIS2_PLACEMENT_3D('',#378,#379,#380);
#378 = CARTESIAN_POINT('',(-0.545,-0.4,4.5E-02));
#379 = DIRECTION('',(0.,1.,0.));
#380 = DIRECTION('',(1.,0.,0.));
#381 = ADVANCED_FACE('',(#382),#425,.F.);
#382 = FACE_BOUND('',#383,.F.);
#383 = EDGE_LOOP('',(#384,#385,#386,#387,#395,#403,#411,#419));
#384 = ORIENTED_EDGE('',*,*,#211,.F.);
#385 = ORIENTED_EDGE('',*,*,#203,.T.);
#386 = ORIENTED_EDGE('',*,*,#195,.T.);
#387 = ORIENTED_EDGE('',*,*,#388,.T.);
#388 = EDGE_CURVE('',#187,#389,#391,.T.);
#389 = VERTEX_POINT('',#390);
#390 = CARTESIAN_POINT('',(0.5,-0.4,0.405));
#391 = LINE('',#392,#393);
#392 = CARTESIAN_POINT('',(-0.5,-0.4,0.405));
#393 = VECTOR('',#394,1.);
#394 = DIRECTION('',(1.,0.,0.));
#395 = ORIENTED_EDGE('',*,*,#396,.T.);
#396 = EDGE_CURVE('',#389,#397,#399,.T.);
#397 = VERTEX_POINT('',#398);
#398 = CARTESIAN_POINT('',(0.755,-0.4,0.405));
#399 = LINE('',#400,#401);
#400 = CARTESIAN_POINT('',(-0.755,-0.4,0.405));
#401 = VECTOR('',#402,1.);
#402 = DIRECTION('',(1.,0.,0.));
#403 = ORIENTED_EDGE('',*,*,#404,.F.);
#404 = EDGE_CURVE('',#405,#397,#407,.T.);
#405 = VERTEX_POINT('',#406);
#406 = CARTESIAN_POINT('',(0.755,-0.4,4.5E-02));
#407 = LINE('',#408,#409);
#408 = CARTESIAN_POINT('',(0.755,-0.4,4.5E-02));
#409 = VECTOR('',#410,1.);
#410 = DIRECTION('',(0.,0.,1.));
#411 = ORIENTED_EDGE('',*,*,#412,.F.);
#412 = EDGE_CURVE('',#413,#405,#415,.T.);
#413 = VERTEX_POINT('',#414);
#414 = CARTESIAN_POINT('',(0.5,-0.4,4.5E-02));
#415 = LINE('',#416,#417);
#416 = CARTESIAN_POINT('',(-0.755,-0.4,4.5E-02));
#417 = VECTOR('',#418,1.);
#418 = DIRECTION('',(1.,0.,0.));
#419 = ORIENTED_EDGE('',*,*,#420,.F.);
#420 = EDGE_CURVE('',#212,#413,#421,.T.);
#421 = LINE('',#422,#423);
#422 = CARTESIAN_POINT('',(-0.755,-0.4,4.5E-02));
#423 = VECTOR('',#424,1.);
#424 = DIRECTION('',(1.,0.,0.));
#425 = PLANE('',#426);
#426 = AXIS2_PLACEMENT_3D('',#427,#428,#429);
#427 = CARTESIAN_POINT('',(-0.755,-0.4,4.5E-02));
#428 = DIRECTION('',(0.,1.,0.));
#429 = DIRECTION('',(0.,-0.,1.));
#430 = ADVANCED_FACE('',(#431),#442,.T.);
#431 = FACE_BOUND('',#432,.T.);
#432 = EDGE_LOOP('',(#433,#434,#435,#436));
#433 = ORIENTED_EDGE('',*,*,#295,.F.);
#434 = ORIENTED_EDGE('',*,*,#260,.F.);
#435 = ORIENTED_EDGE('',*,*,#178,.T.);
#436 = ORIENTED_EDGE('',*,*,#437,.T.);
#437 = EDGE_CURVE('',#179,#296,#438,.T.);
#438 = LINE('',#439,#440);
#439 = CARTESIAN_POINT('',(-0.545,-0.4,0.45));
#440 = VECTOR('',#441,1.);
#441 = DIRECTION('',(0.,1.,0.));
#442 = PLANE('',#443);
#443 = AXIS2_PLACEMENT_3D('',#444,#445,#446);
#444 = CARTESIAN_POINT('',(-0.8,-0.4,0.45));
#445 = DIRECTION('',(0.,0.,1.));
#446 = DIRECTION('',(1.,0.,-0.));
#447 = ADVANCED_FACE('',(#448),#459,.T.);
#448 = FACE_BOUND('',#449,.T.);
#449 = EDGE_LOOP('',(#450,#456,#457,#458));
#450 = ORIENTED_EDGE('',*,*,#451,.T.);
#451 = EDGE_CURVE('',#187,#304,#452,.T.);
#452 = LINE('',#453,#454);
#453 = CARTESIAN_POINT('',(-0.5,-0.4,0.405));
#454 = VECTOR('',#455,1.);
#455 = DIRECTION('',(0.,1.,0.));
#456 = ORIENTED_EDGE('',*,*,#303,.T.);
#457 = ORIENTED_EDGE('',*,*,#437,.F.);
#458 = ORIENTED_EDGE('',*,*,#186,.F.);
#459 = CYLINDRICAL_SURFACE('',#460,4.5E-02);
#460 = AXIS2_PLACEMENT_3D('',#461,#462,#463);
#461 = CARTESIAN_POINT('',(-0.545,-0.4,0.405));
#462 = DIRECTION('',(0.,1.,0.));
#463 = DIRECTION('',(1.,0.,0.));
#464 = ADVANCED_FACE('',(#465),#508,.T.);
#465 = FACE_BOUND('',#466,.T.);
#466 = EDGE_LOOP('',(#467,#468,#469,#470,#478,#486,#494,#502));
#467 = ORIENTED_EDGE('',*,*,#328,.F.);
#468 = ORIENTED_EDGE('',*,*,#320,.T.);
#469 = ORIENTED_EDGE('',*,*,#312,.T.);
#470 = ORIENTED_EDGE('',*,*,#471,.T.);
#471 = EDGE_CURVE('',#304,#472,#474,.T.);
#472 = VERTEX_POINT('',#473);
#473 = CARTESIAN_POINT('',(0.5,0.4,0.405));
#474 = LINE('',#475,#476);
#475 = CARTESIAN_POINT('',(-0.5,0.4,0.405));
#476 = VECTOR('',#477,1.);
#477 = DIRECTION('',(1.,0.,0.));
#478 = ORIENTED_EDGE('',*,*,#479,.T.);
#479 = EDGE_CURVE('',#472,#480,#482,.T.);
#480 = VERTEX_POINT('',#481);
#481 = CARTESIAN_POINT('',(0.755,0.4,0.405));
#482 = LINE('',#483,#484);
#483 = CARTESIAN_POINT('',(-0.755,0.4,0.405));
#484 = VECTOR('',#485,1.);
#485 = DIRECTION('',(1.,0.,0.));
#486 = ORIENTED_EDGE('',*,*,#487,.F.);
#487 = EDGE_CURVE('',#488,#480,#490,.T.);
#488 = VERTEX_POINT('',#489);
#489 = CARTESIAN_POINT('',(0.755,0.4,4.5E-02));
#490 = LINE('',#491,#492);
#491 = CARTESIAN_POINT('',(0.755,0.4,4.5E-02));
#492 = VECTOR('',#493,1.);
#493 = DIRECTION('',(0.,0.,1.));
#494 = ORIENTED_EDGE('',*,*,#495,.F.);
#495 = EDGE_CURVE('',#496,#488,#498,.T.);
#496 = VERTEX_POINT('',#497);
#497 = CARTESIAN_POINT('',(0.5,0.4,4.5E-02));
#498 = LINE('',#499,#500);
#499 = CARTESIAN_POINT('',(-0.755,0.4,4.5E-02));
#500 = VECTOR('',#501,1.);
#501 = DIRECTION('',(1.,0.,0.));
#502 = ORIENTED_EDGE('',*,*,#503,.F.);
#503 = EDGE_CURVE('',#329,#496,#504,.T.);
#504 = LINE('',#505,#506);
#505 = CARTESIAN_POINT('',(-0.755,0.4,4.5E-02));
#506 = VECTOR('',#507,1.);
#507 = DIRECTION('',(1.,0.,0.));
#508 = PLANE('',#509);
#509 = AXIS2_PLACEMENT_3D('',#510,#511,#512);
#510 = CARTESIAN_POINT('',(-0.755,0.4,4.5E-02));
#511 = DIRECTION('',(0.,1.,0.));
#512 = DIRECTION('',(0.,-0.,1.));
#513 = ADVANCED_FACE('',(#514),#525,.F.);
#514 = FACE_BOUND('',#515,.F.);
#515 = EDGE_LOOP('',(#516,#517,#518,#524));
#516 = ORIENTED_EDGE('',*,*,#371,.F.);
#517 = ORIENTED_EDGE('',*,*,#420,.T.);
#518 = ORIENTED_EDGE('',*,*,#519,.T.);
#519 = EDGE_CURVE('',#413,#496,#520,.T.);
#520 = LINE('',#521,#522);
#521 = CARTESIAN_POINT('',(0.5,-0.4,4.5E-02));
#522 = VECTOR('',#523,1.);
#523 = DIRECTION('',(0.,1.,0.));
#524 = ORIENTED_EDGE('',*,*,#503,.F.);
#525 = PLANE('',#526);
#526 = AXIS2_PLACEMENT_3D('',#527,#528,#529);
#527 = CARTESIAN_POINT('',(-0.755,-0.4,4.5E-02));
#528 = DIRECTION('',(0.,0.,1.));
#529 = DIRECTION('',(1.,0.,-0.));
#530 = ADVANCED_FACE('',(#531),#594,.F.);
#531 = FACE_BOUND('',#532,.F.);
#532 = EDGE_LOOP('',(#533,#543,#550,#551,#552,#553,#562,#570,#579,#587)
  );
#533 = ORIENTED_EDGE('',*,*,#534,.F.);
#534 = EDGE_CURVE('',#535,#537,#539,.T.);
#535 = VERTEX_POINT('',#536);
#536 = CARTESIAN_POINT('',(0.545,-0.4,-2.775557561563E-17));
#537 = VERTEX_POINT('',#538);
#538 = CARTESIAN_POINT('',(0.755,-0.4,-2.775557561563E-17));
#539 = LINE('',#540,#541);
#540 = CARTESIAN_POINT('',(0.5,-0.4,0.));
#541 = VECTOR('',#542,1.);
#542 = DIRECTION('',(1.,0.,0.));
#543 = ORIENTED_EDGE('',*,*,#544,.F.);
#544 = EDGE_CURVE('',#413,#535,#545,.T.);
#545 = CIRCLE('',#546,4.5E-02);
#546 = AXIS2_PLACEMENT_3D('',#547,#548,#549);
#547 = CARTESIAN_POINT('',(0.545,-0.4,4.5E-02));
#548 = DIRECTION('',(0.,-1.,0.));
#549 = DIRECTION('',(0.,0.,1.));
#550 = ORIENTED_EDGE('',*,*,#412,.T.);
#551 = ORIENTED_EDGE('',*,*,#404,.T.);
#552 = ORIENTED_EDGE('',*,*,#396,.F.);
#553 = ORIENTED_EDGE('',*,*,#554,.T.);
#554 = EDGE_CURVE('',#389,#555,#557,.T.);
#555 = VERTEX_POINT('',#556);
#556 = CARTESIAN_POINT('',(0.545,-0.4,0.45));
#557 = CIRCLE('',#558,4.5E-02);
#558 = AXIS2_PLACEMENT_3D('',#559,#560,#561);
#559 = CARTESIAN_POINT('',(0.545,-0.4,0.405));
#560 = DIRECTION('',(0.,1.,0.));
#561 = DIRECTION('',(0.,-0.,1.));
#562 = ORIENTED_EDGE('',*,*,#563,.T.);
#563 = EDGE_CURVE('',#555,#564,#566,.T.);
#564 = VERTEX_POINT('',#565);
#565 = CARTESIAN_POINT('',(0.755,-0.4,0.45));
#566 = LINE('',#567,#568);
#567 = CARTESIAN_POINT('',(0.5,-0.4,0.45));
#568 = VECTOR('',#569,1.);
#569 = DIRECTION('',(1.,0.,0.));
#570 = ORIENTED_EDGE('',*,*,#571,.F.);
#571 = EDGE_CURVE('',#572,#564,#574,.T.);
#572 = VERTEX_POINT('',#573);
#573 = CARTESIAN_POINT('',(0.8,-0.4,0.405));
#574 = CIRCLE('',#575,4.5E-02);
#575 = AXIS2_PLACEMENT_3D('',#576,#577,#578);
#576 = CARTESIAN_POINT('',(0.755,-0.4,0.405));
#577 = DIRECTION('',(0.,-1.,0.));
#578 = DIRECTION('',(0.,0.,1.));
#579 = ORIENTED_EDGE('',*,*,#580,.F.);
#580 = EDGE_CURVE('',#581,#572,#583,.T.);
#581 = VERTEX_POINT('',#582);
#582 = CARTESIAN_POINT('',(0.8,-0.4,4.5E-02));
#583 = LINE('',#584,#585);
#584 = CARTESIAN_POINT('',(0.8,-0.4,0.));
#585 = VECTOR('',#586,1.);
#586 = DIRECTION('',(0.,0.,1.));
#587 = ORIENTED_EDGE('',*,*,#588,.T.);
#588 = EDGE_CURVE('',#581,#537,#589,.T.);
#589 = CIRCLE('',#590,4.5E-02);
#590 = AXIS2_PLACEMENT_3D('',#591,#592,#593);
#591 = CARTESIAN_POINT('',(0.755,-0.4,4.5E-02));
#592 = DIRECTION('',(0.,1.,0.));
#593 = DIRECTION('',(0.,-0.,1.));
#594 = PLANE('',#595);
#595 = AXIS2_PLACEMENT_3D('',#596,#597,#598);
#596 = CARTESIAN_POINT('',(0.5,-0.4,0.));
#597 = DIRECTION('',(0.,1.,0.));
#598 = DIRECTION('',(0.,-0.,1.));
#599 = ADVANCED_FACE('',(#600),#625,.F.);
#600 = FACE_BOUND('',#601,.F.);
#601 = EDGE_LOOP('',(#602,#603,#611,#619));
#602 = ORIENTED_EDGE('',*,*,#388,.F.);
#603 = ORIENTED_EDGE('',*,*,#604,.T.);
#604 = EDGE_CURVE('',#187,#605,#607,.T.);
#605 = VERTEX_POINT('',#606);
#606 = CARTESIAN_POINT('',(-0.5,-0.4,0.45));
#607 = LINE('',#608,#609);
#608 = CARTESIAN_POINT('',(-0.5,-0.4,0.405));
#609 = VECTOR('',#610,1.);
#610 = DIRECTION('',(0.,0.,1.));
#611 = ORIENTED_EDGE('',*,*,#612,.T.);
#612 = EDGE_CURVE('',#605,#613,#615,.T.);
#613 = VERTEX_POINT('',#614);
#614 = CARTESIAN_POINT('',(0.5,-0.4,0.45));
#615 = LINE('',#616,#617);
#616 = CARTESIAN_POINT('',(-0.5,-0.4,0.45));
#617 = VECTOR('',#618,1.);
#618 = DIRECTION('',(1.,0.,0.));
#619 = ORIENTED_EDGE('',*,*,#620,.F.);
#620 = EDGE_CURVE('',#389,#613,#621,.T.);
#621 = LINE('',#622,#623);
#622 = CARTESIAN_POINT('',(0.5,-0.4,0.405));
#623 = VECTOR('',#624,1.);
#624 = DIRECTION('',(0.,0.,1.));
#625 = PLANE('',#626);
#626 = AXIS2_PLACEMENT_3D('',#627,#628,#629);
#627 = CARTESIAN_POINT('',(-0.5,-0.4,0.405));
#628 = DIRECTION('',(0.,1.,0.));
#629 = DIRECTION('',(0.,-0.,1.));
#630 = ADVANCED_FACE('',(#631),#649,.F.);
#631 = FACE_BOUND('',#632,.F.);
#632 = EDGE_LOOP('',(#633,#634,#635,#643));
#633 = ORIENTED_EDGE('',*,*,#604,.F.);
#634 = ORIENTED_EDGE('',*,*,#451,.T.);
#635 = ORIENTED_EDGE('',*,*,#636,.T.);
#636 = EDGE_CURVE('',#304,#637,#639,.T.);
#637 = VERTEX_POINT('',#638);
#638 = CARTESIAN_POINT('',(-0.5,0.4,0.45));
#639 = LINE('',#640,#641);
#640 = CARTESIAN_POINT('',(-0.5,0.4,0.405));
#641 = VECTOR('',#642,1.);
#642 = DIRECTION('',(0.,0.,1.));
#643 = ORIENTED_EDGE('',*,*,#644,.F.);
#644 = EDGE_CURVE('',#605,#637,#645,.T.);
#645 = LINE('',#646,#647);
#646 = CARTESIAN_POINT('',(-0.5,-0.4,0.45));
#647 = VECTOR('',#648,1.);
#648 = DIRECTION('',(0.,1.,0.));
#649 = PLANE('',#650);
#650 = AXIS2_PLACEMENT_3D('',#651,#652,#653);
#651 = CARTESIAN_POINT('',(-0.5,-0.4,0.405));
#652 = DIRECTION('',(1.,0.,0.));
#653 = DIRECTION('',(0.,0.,1.));
#654 = ADVANCED_FACE('',(#655),#718,.T.);
#655 = FACE_BOUND('',#656,.T.);
#656 = EDGE_LOOP('',(#657,#667,#674,#675,#676,#677,#686,#694,#703,#711)
  );
#657 = ORIENTED_EDGE('',*,*,#658,.F.);
#658 = EDGE_CURVE('',#659,#661,#663,.T.);
#659 = VERTEX_POINT('',#660);
#660 = CARTESIAN_POINT('',(0.545,0.4,-2.775557561563E-17));
#661 = VERTEX_POINT('',#662);
#662 = CARTESIAN_POINT('',(0.755,0.4,-2.775557561563E-17));
#663 = LINE('',#664,#665);
#664 = CARTESIAN_POINT('',(0.5,0.4,0.));
#665 = VECTOR('',#666,1.);
#666 = DIRECTION('',(1.,0.,0.));
#667 = ORIENTED_EDGE('',*,*,#668,.F.);
#668 = EDGE_CURVE('',#496,#659,#669,.T.);
#669 = CIRCLE('',#670,4.5E-02);
#670 = AXIS2_PLACEMENT_3D('',#671,#672,#673);
#671 = CARTESIAN_POINT('',(0.545,0.4,4.5E-02));
#672 = DIRECTION('',(0.,-1.,0.));
#673 = DIRECTION('',(0.,0.,1.));
#674 = ORIENTED_EDGE('',*,*,#495,.T.);
#675 = ORIENTED_EDGE('',*,*,#487,.T.);
#676 = ORIENTED_EDGE('',*,*,#479,.F.);
#677 = ORIENTED_EDGE('',*,*,#678,.T.);
#678 = EDGE_CURVE('',#472,#679,#681,.T.);
#679 = VERTEX_POINT('',#680);
#680 = CARTESIAN_POINT('',(0.545,0.4,0.45));
#681 = CIRCLE('',#682,4.5E-02);
#682 = AXIS2_PLACEMENT_3D('',#683,#684,#685);
#683 = CARTESIAN_POINT('',(0.545,0.4,0.405));
#684 = DIRECTION('',(0.,1.,0.));
#685 = DIRECTION('',(0.,-0.,1.));
#686 = ORIENTED_EDGE('',*,*,#687,.T.);
#687 = EDGE_CURVE('',#679,#688,#690,.T.);
#688 = VERTEX_POINT('',#689);
#689 = CARTESIAN_POINT('',(0.755,0.4,0.45));
#690 = LINE('',#691,#692);
#691 = CARTESIAN_POINT('',(0.5,0.4,0.45));
#692 = VECTOR('',#693,1.);
#693 = DIRECTION('',(1.,0.,0.));
#694 = ORIENTED_EDGE('',*,*,#695,.F.);
#695 = EDGE_CURVE('',#696,#688,#698,.T.);
#696 = VERTEX_POINT('',#697);
#697 = CARTESIAN_POINT('',(0.8,0.4,0.405));
#698 = CIRCLE('',#699,4.5E-02);
#699 = AXIS2_PLACEMENT_3D('',#700,#701,#702);
#700 = CARTESIAN_POINT('',(0.755,0.4,0.405));
#701 = DIRECTION('',(0.,-1.,0.));
#702 = DIRECTION('',(0.,0.,1.));
#703 = ORIENTED_EDGE('',*,*,#704,.F.);
#704 = EDGE_CURVE('',#705,#696,#707,.T.);
#705 = VERTEX_POINT('',#706);
#706 = CARTESIAN_POINT('',(0.8,0.4,4.5E-02));
#707 = LINE('',#708,#709);
#708 = CARTESIAN_POINT('',(0.8,0.4,0.));
#709 = VECTOR('',#710,1.);
#710 = DIRECTION('',(0.,0.,1.));
#711 = ORIENTED_EDGE('',*,*,#712,.T.);
#712 = EDGE_CURVE('',#705,#661,#713,.T.);
#713 = CIRCLE('',#714,4.5E-02);
#714 = AXIS2_PLACEMENT_3D('',#715,#716,#717);
#715 = CARTESIAN_POINT('',(0.755,0.4,4.5E-02));
#716 = DIRECTION('',(0.,1.,0.));
#717 = DIRECTION('',(0.,-0.,1.));
#718 = PLANE('',#719);
#719 = AXIS2_PLACEMENT_3D('',#720,#721,#722);
#720 = CARTESIAN_POINT('',(0.5,0.4,0.));
#721 = DIRECTION('',(0.,1.,0.));
#722 = DIRECTION('',(0.,-0.,1.));
#723 = ADVANCED_FACE('',(#724),#742,.T.);
#724 = FACE_BOUND('',#725,.T.);
#725 = EDGE_LOOP('',(#726,#727,#728,#736));
#726 = ORIENTED_EDGE('',*,*,#471,.F.);
#727 = ORIENTED_EDGE('',*,*,#636,.T.);
#728 = ORIENTED_EDGE('',*,*,#729,.T.);
#729 = EDGE_CURVE('',#637,#730,#732,.T.);
#730 = VERTEX_POINT('',#731);
#731 = CARTESIAN_POINT('',(0.5,0.4,0.45));
#732 = LINE('',#733,#734);
#733 = CARTESIAN_POINT('',(-0.5,0.4,0.45));
#734 = VECTOR('',#735,1.);
#735 = DIRECTION('',(1.,0.,0.));
#736 = ORIENTED_EDGE('',*,*,#737,.F.);
#737 = EDGE_CURVE('',#472,#730,#738,.T.);
#738 = LINE('',#739,#740);
#739 = CARTESIAN_POINT('',(0.5,0.4,0.405));
#740 = VECTOR('',#741,1.);
#741 = DIRECTION('',(0.,0.,1.));
#742 = PLANE('',#743);
#743 = AXIS2_PLACEMENT_3D('',#744,#745,#746);
#744 = CARTESIAN_POINT('',(-0.5,0.4,0.405));
#745 = DIRECTION('',(0.,1.,0.));
#746 = DIRECTION('',(0.,-0.,1.));
#747 = ADVANCED_FACE('',(#748),#759,.T.);
#748 = FACE_BOUND('',#749,.T.);
#749 = EDGE_LOOP('',(#750,#751,#752,#758));
#750 = ORIENTED_EDGE('',*,*,#519,.T.);
#751 = ORIENTED_EDGE('',*,*,#668,.T.);
#752 = ORIENTED_EDGE('',*,*,#753,.F.);
#753 = EDGE_CURVE('',#535,#659,#754,.T.);
#754 = LINE('',#755,#756);
#755 = CARTESIAN_POINT('',(0.545,-0.4,-2.775557561563E-17));
#756 = VECTOR('',#757,1.);
#757 = DIRECTION('',(0.,1.,0.));
#758 = ORIENTED_EDGE('',*,*,#544,.F.);
#759 = CYLINDRICAL_SURFACE('',#760,4.5E-02);
#760 = AXIS2_PLACEMENT_3D('',#761,#762,#763);
#761 = CARTESIAN_POINT('',(0.545,-0.4,4.5E-02));
#762 = DIRECTION('',(0.,1.,0.));
#763 = DIRECTION('',(-1.,0.,0.));
#764 = ADVANCED_FACE('',(#765),#776,.F.);
#765 = FACE_BOUND('',#766,.F.);
#766 = EDGE_LOOP('',(#767,#768,#769,#770));
#767 = ORIENTED_EDGE('',*,*,#658,.F.);
#768 = ORIENTED_EDGE('',*,*,#753,.F.);
#769 = ORIENTED_EDGE('',*,*,#534,.T.);
#770 = ORIENTED_EDGE('',*,*,#771,.T.);
#771 = EDGE_CURVE('',#537,#661,#772,.T.);
#772 = LINE('',#773,#774);
#773 = CARTESIAN_POINT('',(0.755,-0.4,-2.775557561563E-17));
#774 = VECTOR('',#775,1.);
#775 = DIRECTION('',(0.,1.,0.));
#776 = PLANE('',#777);
#777 = AXIS2_PLACEMENT_3D('',#778,#779,#780);
#778 = CARTESIAN_POINT('',(0.5,-0.4,0.));
#779 = DIRECTION('',(0.,0.,1.));
#780 = DIRECTION('',(1.,0.,-0.));
#781 = ADVANCED_FACE('',(#782),#793,.T.);
#782 = FACE_BOUND('',#783,.T.);
#783 = EDGE_LOOP('',(#784,#785,#786,#787));
#784 = ORIENTED_EDGE('',*,*,#588,.T.);
#785 = ORIENTED_EDGE('',*,*,#771,.T.);
#786 = ORIENTED_EDGE('',*,*,#712,.F.);
#787 = ORIENTED_EDGE('',*,*,#788,.F.);
#788 = EDGE_CURVE('',#581,#705,#789,.T.);
#789 = LINE('',#790,#791);
#790 = CARTESIAN_POINT('',(0.8,-0.4,4.5E-02));
#791 = VECTOR('',#792,1.);
#792 = DIRECTION('',(0.,1.,0.));
#793 = CYLINDRICAL_SURFACE('',#794,4.5E-02);
#794 = AXIS2_PLACEMENT_3D('',#795,#796,#797);
#795 = CARTESIAN_POINT('',(0.755,-0.4,4.5E-02));
#796 = DIRECTION('',(0.,1.,0.));
#797 = DIRECTION('',(1.,0.,0.));
#798 = ADVANCED_FACE('',(#799),#810,.T.);
#799 = FACE_BOUND('',#800,.T.);
#800 = EDGE_LOOP('',(#801,#802,#803,#804));
#801 = ORIENTED_EDGE('',*,*,#580,.F.);
#802 = ORIENTED_EDGE('',*,*,#788,.T.);
#803 = ORIENTED_EDGE('',*,*,#704,.T.);
#804 = ORIENTED_EDGE('',*,*,#805,.F.);
#805 = EDGE_CURVE('',#572,#696,#806,.T.);
#806 = LINE('',#807,#808);
#807 = CARTESIAN_POINT('',(0.8,-0.4,0.405));
#808 = VECTOR('',#809,1.);
#809 = DIRECTION('',(0.,1.,0.));
#810 = PLANE('',#811);
#811 = AXIS2_PLACEMENT_3D('',#812,#813,#814);
#812 = CARTESIAN_POINT('',(0.8,-0.4,0.));
#813 = DIRECTION('',(1.,0.,0.));
#814 = DIRECTION('',(0.,0.,1.));
#815 = ADVANCED_FACE('',(#816),#827,.T.);
#816 = FACE_BOUND('',#817,.T.);
#817 = EDGE_LOOP('',(#818,#819,#820,#826));
#818 = ORIENTED_EDGE('',*,*,#805,.T.);
#819 = ORIENTED_EDGE('',*,*,#695,.T.);
#820 = ORIENTED_EDGE('',*,*,#821,.F.);
#821 = EDGE_CURVE('',#564,#688,#822,.T.);
#822 = LINE('',#823,#824);
#823 = CARTESIAN_POINT('',(0.755,-0.4,0.45));
#824 = VECTOR('',#825,1.);
#825 = DIRECTION('',(0.,1.,0.));
#826 = ORIENTED_EDGE('',*,*,#571,.F.);
#827 = CYLINDRICAL_SURFACE('',#828,4.5E-02);
#828 = AXIS2_PLACEMENT_3D('',#829,#830,#831);
#829 = CARTESIAN_POINT('',(0.755,-0.4,0.405));
#830 = DIRECTION('',(0.,1.,0.));
#831 = DIRECTION('',(1.,0.,0.));
#832 = ADVANCED_FACE('',(#833),#844,.T.);
#833 = FACE_BOUND('',#834,.T.);
#834 = EDGE_LOOP('',(#835,#836,#842,#843));
#835 = ORIENTED_EDGE('',*,*,#687,.F.);
#836 = ORIENTED_EDGE('',*,*,#837,.F.);
#837 = EDGE_CURVE('',#555,#679,#838,.T.);
#838 = LINE('',#839,#840);
#839 = CARTESIAN_POINT('',(0.545,-0.4,0.45));
#840 = VECTOR('',#841,1.);
#841 = DIRECTION('',(0.,1.,0.));
#842 = ORIENTED_EDGE('',*,*,#563,.T.);
#843 = ORIENTED_EDGE('',*,*,#821,.T.);
#844 = PLANE('',#845);
#845 = AXIS2_PLACEMENT_3D('',#846,#847,#848);
#846 = CARTESIAN_POINT('',(0.5,-0.4,0.45));
#847 = DIRECTION('',(0.,0.,1.));
#848 = DIRECTION('',(1.,0.,-0.));
#849 = ADVANCED_FACE('',(#850),#861,.T.);
#850 = FACE_BOUND('',#851,.T.);
#851 = EDGE_LOOP('',(#852,#853,#854,#855));
#852 = ORIENTED_EDGE('',*,*,#554,.T.);
#853 = ORIENTED_EDGE('',*,*,#837,.T.);
#854 = ORIENTED_EDGE('',*,*,#678,.F.);
#855 = ORIENTED_EDGE('',*,*,#856,.F.);
#856 = EDGE_CURVE('',#389,#472,#857,.T.);
#857 = LINE('',#858,#859);
#858 = CARTESIAN_POINT('',(0.5,-0.4,0.405));
#859 = VECTOR('',#860,1.);
#860 = DIRECTION('',(0.,1.,0.));
#861 = CYLINDRICAL_SURFACE('',#862,4.5E-02);
#862 = AXIS2_PLACEMENT_3D('',#863,#864,#865);
#863 = CARTESIAN_POINT('',(0.545,-0.4,0.405));
#864 = DIRECTION('',(0.,1.,0.));
#865 = DIRECTION('',(-1.,0.,0.));
#866 = ADVANCED_FACE('',(#867),#878,.T.);
#867 = FACE_BOUND('',#868,.T.);
#868 = EDGE_LOOP('',(#869,#870,#871,#872));
#869 = ORIENTED_EDGE('',*,*,#620,.F.);
#870 = ORIENTED_EDGE('',*,*,#856,.T.);
#871 = ORIENTED_EDGE('',*,*,#737,.T.);
#872 = ORIENTED_EDGE('',*,*,#873,.F.);
#873 = EDGE_CURVE('',#613,#730,#874,.T.);
#874 = LINE('',#875,#876);
#875 = CARTESIAN_POINT('',(0.5,-0.4,0.45));
#876 = VECTOR('',#877,1.);
#877 = DIRECTION('',(0.,1.,0.));
#878 = PLANE('',#879);
#879 = AXIS2_PLACEMENT_3D('',#880,#881,#882);
#880 = CARTESIAN_POINT('',(0.5,-0.4,0.405));
#881 = DIRECTION('',(1.,0.,0.));
#882 = DIRECTION('',(0.,0.,1.));
#883 = ADVANCED_FACE('',(#884),#890,.T.);
#884 = FACE_BOUND('',#885,.T.);
#885 = EDGE_LOOP('',(#886,#887,#888,#889));
#886 = ORIENTED_EDGE('',*,*,#644,.F.);
#887 = ORIENTED_EDGE('',*,*,#612,.T.);
#888 = ORIENTED_EDGE('',*,*,#873,.T.);
#889 = ORIENTED_EDGE('',*,*,#729,.F.);
#890 = PLANE('',#891);
#891 = AXIS2_PLACEMENT_3D('',#892,#893,#894);
#892 = CARTESIAN_POINT('',(-0.5,-0.4,0.45));
#893 = DIRECTION('',(0.,0.,1.));
#894 = DIRECTION('',(1.,0.,-0.));
#895 = ( GEOMETRIC_REPRESENTATION_CONTEXT(3) 
GLOBAL_UNCERTAINTY_ASSIGNED_CONTEXT((#899)) GLOBAL_UNIT_ASSIGNED_CONTEXT
((#896,#897,#898)) REPRESENTATION_CONTEXT('Context #1',
  '3D Context with UNIT and UNCERTAINTY') );
#896 = ( LENGTH_UNIT() NAMED_UNIT(*) SI_UNIT(.MILLI.,.METRE.) );
#897 = ( NAMED_UNIT(*) PLANE_ANGLE_UNIT() SI_UNIT($,.RADIAN.) );
#898 = ( NAMED_UNIT(*) SI_UNIT($,.STERADIAN.) SOLID_ANGLE_UNIT() );
#899 = UNCERTAINTY_MEASURE_WITH_UNIT(LENGTH_MEASURE(1.E-07),#896,
  'distance_accuracy_value','confusion accuracy');
#900 = CONTEXT_DEPENDENT_SHAPE_REPRESENTATION(#901,#903);
#901 = ( REPRESENTATION_RELATIONSHIP('','',#104,#10) 
REPRESENTATION_RELATIONSHIP_WITH_TRANSFORMATION(#902) 
SHAPE_REPRESENTATION_RELATIONSHIP() );
#902 = ITEM_DEFINED_TRANSFORMATION('','',#11,#15);
#903 = PRODUCT_DEFINITION_SHAPE('Placement','Placement of an item',#904
  );
#904 = NEXT_ASSEMBLY_USAGE_OCCURRENCE('1','R5','',#5,#99,$);
#905 = PRODUCT_RELATED_PRODUCT_CATEGORY('part',$,(#101));
#906 = CONTEXT_DEPENDENT_SHAPE_REPRESENTATION(#907,#909);
#907 = ( REPRESENTATION_RELATIONSHIP('','',#104,#10) 
REPRESENTATION_RELATIONSHIP_WITH_TRANSFORMATION(#908) 
SHAPE_REPRESENTATION_RELATIONSHIP() );
#908 = ITEM_DEFINED_TRANSFORMATION('','',#11,#19);
#909 = PRODUCT_DEFINITION_SHAPE('Placement','Placement of an item',#910
  );
#910 = NEXT_ASSEMBLY_USAGE_OCCURRENCE('2','R2','',#5,#99,$);
#911 = SHAPE_DEFINITION_REPRESENTATION(#912,#918);
#912 = PRODUCT_DEFINITION_SHAPE('','',#913);
#913 = PRODUCT_DEFINITION('design','',#914,#917);
#914 = PRODUCT_DEFINITION_FORMATION('','',#915);
#915 = PRODUCT('PinSocket_1x08_P2.54mm_Vertical',
  'PinSocket_1x08_P2.54mm_Vertical','',(#916));
#916 = PRODUCT_CONTEXT('',#2,'mechanical');
#917 = PRODUCT_DEFINITION_CONTEXT('part definition',#2,'design');
#918 = ADVANCED_BREP_SHAPE_REPRESENTATION('',(#11,#919),#7409);
#919 = MANIFOLD_SOLID_BREP('',#920);
#920 = CLOSED_SHELL('',(#921,#961,#1024,#1087,#1104,#1393,#1415,#1432,
    #1977,#1989,#2001,#2032,#2056,#2080,#2097,#2128,#2152,#2176,#2193,
    #2224,#2248,#2272,#2289,#2320,#2344,#2368,#2385,#2416,#2440,#2464,
    #2481,#2512,#2536,#2560,#2577,#2608,#2632,#2656,#2673,#2704,#2728,
    #2752,#2769,#2786,#2833,#2850,#2897,#2914,#2961,#2978,#3025,#3042,
    #3089,#3106,#3153,#3170,#3217,#3234,#3281,#3298,#3345,#3362,#3409,
    #3426,#3473,#3490,#3537,#3554,#3601,#3618,#3665,#3682,#3729,#3746,
    #3793,#3824,#3880,#3904,#3953,#3984,#4040,#4064,#4113,#4144,#4200,
    #4224,#4273,#4304,#4360,#4384,#4433,#4464,#4520,#4544,#4593,#4624,
    #4680,#4704,#4753,#4784,#4840,#4864,#4913,#4944,#5000,#5024,#5073,
    #5090,#5107,#5124,#5141,#5153,#5170,#5187,#5204,#5221,#5233,#5250,
    #5267,#5284,#5301,#5313,#5330,#5347,#5364,#5381,#5393,#5410,#5427,
    #5444,#5461,#5473,#5490,#5507,#5524,#5541,#5553,#5570,#5587,#5604,
    #5621,#5633,#5650,#5667,#5684,#5701,#5713,#5730,#5747,#5796,#5820,
    #5862,#5879,#5896,#5913,#5962,#5986,#6028,#6045,#6062,#6079,#6128,
    #6152,#6194,#6211,#6228,#6245,#6294,#6318,#6360,#6377,#6394,#6411,
    #6460,#6484,#6526,#6543,#6560,#6577,#6626,#6650,#6692,#6709,#6726,
    #6743,#6792,#6816,#6858,#6875,#6892,#6909,#6958,#6982,#7024,#7041,
    #7058,#7075,#7087,#7104,#7121,#7133,#7150,#7167,#7179,#7196,#7213,
    #7225,#7242,#7259,#7271,#7288,#7305,#7317,#7334,#7351,#7363,#7380,
    #7397));
#921 = ADVANCED_FACE('',(#922),#956,.F.);
#922 = FACE_BOUND('',#923,.F.);
#923 = EDGE_LOOP('',(#924,#934,#942,#950));
#924 = ORIENTED_EDGE('',*,*,#925,.T.);
#925 = EDGE_CURVE('',#926,#928,#930,.T.);
#926 = VERTEX_POINT('',#927);
#927 = CARTESIAN_POINT('',(1.27,-19.05,0.));
#928 = VERTEX_POINT('',#929);
#929 = CARTESIAN_POINT('',(1.27,-19.05,8.5));
#930 = LINE('',#931,#932);
#931 = CARTESIAN_POINT('',(1.27,-19.05,0.));
#932 = VECTOR('',#933,1.);
#933 = DIRECTION('',(0.,0.,1.));
#934 = ORIENTED_EDGE('',*,*,#935,.T.);
#935 = EDGE_CURVE('',#928,#936,#938,.T.);
#936 = VERTEX_POINT('',#937);
#937 = CARTESIAN_POINT('',(1.27,1.27,8.5));
#938 = LINE('',#939,#940);
#939 = CARTESIAN_POINT('',(1.27,-19.05,8.5));
#940 = VECTOR('',#941,1.);
#941 = DIRECTION('',(1.110223024625E-16,1.,0.));
#942 = ORIENTED_EDGE('',*,*,#943,.F.);
#943 = EDGE_CURVE('',#944,#936,#946,.T.);
#944 = VERTEX_POINT('',#945);
#945 = CARTESIAN_POINT('',(1.27,1.27,0.));
#946 = LINE('',#947,#948);
#947 = CARTESIAN_POINT('',(1.27,1.27,0.));
#948 = VECTOR('',#949,1.);
#949 = DIRECTION('',(0.,0.,1.));
#950 = ORIENTED_EDGE('',*,*,#951,.F.);
#951 = EDGE_CURVE('',#926,#944,#952,.T.);
#952 = LINE('',#953,#954);
#953 = CARTESIAN_POINT('',(1.27,-19.05,0.));
#954 = VECTOR('',#955,1.);
#955 = DIRECTION('',(1.110223024625E-16,1.,0.));
#956 = PLANE('',#957);
#957 = AXIS2_PLACEMENT_3D('',#958,#959,#960);
#958 = CARTESIAN_POINT('',(1.27,-19.05,0.));
#959 = DIRECTION('',(-1.,1.110223024625E-16,0.));
#960 = DIRECTION('',(1.110223024625E-16,1.,0.));
#961 = ADVANCED_FACE('',(#962),#1019,.F.);
#962 = FACE_BOUND('',#963,.F.);
#963 = EDGE_LOOP('',(#964,#974,#982,#988,#989,#997,#1005,#1013));
#964 = ORIENTED_EDGE('',*,*,#965,.F.);
#965 = EDGE_CURVE('',#966,#968,#970,.T.);
#966 = VERTEX_POINT('',#967);
#967 = CARTESIAN_POINT('',(-1.27,-19.05,0.));
#968 = VERTEX_POINT('',#969);
#969 = CARTESIAN_POINT('',(-0.846666666667,-19.05,0.));
#970 = LINE('',#971,#972);
#971 = CARTESIAN_POINT('',(-1.27,-19.05,0.));
#972 = VECTOR('',#973,1.);
#973 = DIRECTION('',(1.,-1.110223024625E-16,0.));
#974 = ORIENTED_EDGE('',*,*,#975,.T.);
#975 = EDGE_CURVE('',#966,#976,#978,.T.);
#976 = VERTEX_POINT('',#977);
#977 = CARTESIAN_POINT('',(-1.27,-19.05,8.5));
#978 = LINE('',#979,#980);
#979 = CARTESIAN_POINT('',(-1.27,-19.05,0.));
#980 = VECTOR('',#981,1.);
#981 = DIRECTION('',(0.,0.,1.));
#982 = ORIENTED_EDGE('',*,*,#983,.T.);
#983 = EDGE_CURVE('',#976,#928,#984,.T.);
#984 = LINE('',#985,#986);
#985 = CARTESIAN_POINT('',(-1.27,-19.05,8.5));
#986 = VECTOR('',#987,1.);
#987 = DIRECTION('',(1.,-1.110223024625E-16,0.));
#988 = ORIENTED_EDGE('',*,*,#925,.F.);
#989 = ORIENTED_EDGE('',*,*,#990,.F.);
#990 = EDGE_CURVE('',#991,#926,#993,.T.);
#991 = VERTEX_POINT('',#992);
#992 = CARTESIAN_POINT('',(0.846666666667,-19.05,0.));
#993 = LINE('',#994,#995);
#994 = CARTESIAN_POINT('',(-1.27,-19.05,0.));
#995 = VECTOR('',#996,1.);
#996 = DIRECTION('',(1.,-1.110223024625E-16,0.));
#997 = ORIENTED_EDGE('',*,*,#998,.T.);
#998 = EDGE_CURVE('',#991,#999,#1001,.T.);
#999 = VERTEX_POINT('',#1000);
#1000 = CARTESIAN_POINT('',(0.846666666667,-19.05,0.2));
#1001 = LINE('',#1002,#1003);
#1002 = CARTESIAN_POINT('',(0.846666666667,-19.05,0.));
#1003 = VECTOR('',#1004,1.);
#1004 = DIRECTION('',(0.,0.,1.));
#1005 = ORIENTED_EDGE('',*,*,#1006,.F.);
#1006 = EDGE_CURVE('',#1007,#999,#1009,.T.);
#1007 = VERTEX_POINT('',#1008);
#1008 = CARTESIAN_POINT('',(-0.846666666667,-19.05,0.2));
#1009 = LINE('',#1010,#1011);
#1010 = CARTESIAN_POINT('',(-0.846666666667,-19.05,0.2));
#1011 = VECTOR('',#1012,1.);
#1012 = DIRECTION('',(1.,-1.110223024625E-16,0.));
#1013 = ORIENTED_EDGE('',*,*,#1014,.F.);
#1014 = EDGE_CURVE('',#968,#1007,#1015,.T.);
#1015 = LINE('',#1016,#1017);
#1016 = CARTESIAN_POINT('',(-0.846666666667,-19.05,0.));
#1017 = VECTOR('',#1018,1.);
#1018 = DIRECTION('',(0.,0.,1.));
#1019 = PLANE('',#1020);
#1020 = AXIS2_PLACEMENT_3D('',#1021,#1022,#1023);
#1021 = CARTESIAN_POINT('',(-1.27,-19.05,0.));
#1022 = DIRECTION('',(1.110223024625E-16,1.,0.));
#1023 = DIRECTION('',(1.,-1.110223024625E-16,0.));
#1024 = ADVANCED_FACE('',(#1025),#1082,.F.);
#1025 = FACE_BOUND('',#1026,.F.);
#1026 = EDGE_LOOP('',(#1027,#1035,#1036,#1044,#1052,#1060,#1068,#1076));
#1027 = ORIENTED_EDGE('',*,*,#1028,.F.);
#1028 = EDGE_CURVE('',#944,#1029,#1031,.T.);
#1029 = VERTEX_POINT('',#1030);
#1030 = CARTESIAN_POINT('',(0.846666666667,1.27,0.));
#1031 = LINE('',#1032,#1033);
#1032 = CARTESIAN_POINT('',(1.27,1.27,0.));
#1033 = VECTOR('',#1034,1.);
#1034 = DIRECTION('',(-1.,1.110223024625E-16,0.));
#1035 = ORIENTED_EDGE('',*,*,#943,.T.);
#1036 = ORIENTED_EDGE('',*,*,#1037,.T.);
#1037 = EDGE_CURVE('',#936,#1038,#1040,.T.);
#1038 = VERTEX_POINT('',#1039);
#1039 = CARTESIAN_POINT('',(-1.27,1.27,8.5));
#1040 = LINE('',#1041,#1042);
#1041 = CARTESIAN_POINT('',(1.27,1.27,8.5));
#1042 = VECTOR('',#1043,1.);
#1043 = DIRECTION('',(-1.,1.110223024625E-16,0.));
#1044 = ORIENTED_EDGE('',*,*,#1045,.F.);
#1045 = EDGE_CURVE('',#1046,#1038,#1048,.T.);
#1046 = VERTEX_POINT('',#1047);
#1047 = CARTESIAN_POINT('',(-1.27,1.27,0.));
#1048 = LINE('',#1049,#1050);
#1049 = CARTESIAN_POINT('',(-1.27,1.27,0.));
#1050 = VECTOR('',#1051,1.);
#1051 = DIRECTION('',(0.,0.,1.));
#1052 = ORIENTED_EDGE('',*,*,#1053,.F.);
#1053 = EDGE_CURVE('',#1054,#1046,#1056,.T.);
#1054 = VERTEX_POINT('',#1055);
#1055 = CARTESIAN_POINT('',(-0.846666666667,1.27,0.));
#1056 = LINE('',#1057,#1058);
#1057 = CARTESIAN_POINT('',(1.27,1.27,0.));
#1058 = VECTOR('',#1059,1.);
#1059 = DIRECTION('',(-1.,1.110223024625E-16,0.));
#1060 = ORIENTED_EDGE('',*,*,#1061,.T.);
#1061 = EDGE_CURVE('',#1054,#1062,#1064,.T.);
#1062 = VERTEX_POINT('',#1063);
#1063 = CARTESIAN_POINT('',(-0.846666666667,1.27,0.2));
#1064 = LINE('',#1065,#1066);
#1065 = CARTESIAN_POINT('',(-0.846666666667,1.27,0.));
#1066 = VECTOR('',#1067,1.);
#1067 = DIRECTION('',(0.,0.,1.));
#1068 = ORIENTED_EDGE('',*,*,#1069,.F.);
#1069 = EDGE_CURVE('',#1070,#1062,#1072,.T.);
#1070 = VERTEX_POINT('',#1071);
#1071 = CARTESIAN_POINT('',(0.846666666667,1.27,0.2));
#1072 = LINE('',#1073,#1074);
#1073 = CARTESIAN_POINT('',(0.846666666667,1.27,0.2));
#1074 = VECTOR('',#1075,1.);
#1075 = DIRECTION('',(-1.,1.110223024625E-16,0.));
#1076 = ORIENTED_EDGE('',*,*,#1077,.F.);
#1077 = EDGE_CURVE('',#1029,#1070,#1078,.T.);
#1078 = LINE('',#1079,#1080);
#1079 = CARTESIAN_POINT('',(0.846666666667,1.27,0.));
#1080 = VECTOR('',#1081,1.);
#1081 = DIRECTION('',(0.,0.,1.));
#1082 = PLANE('',#1083);
#1083 = AXIS2_PLACEMENT_3D('',#1084,#1085,#1086);
#1084 = CARTESIAN_POINT('',(1.27,1.27,0.));
#1085 = DIRECTION('',(-1.110223024625E-16,-1.,0.));
#1086 = DIRECTION('',(-1.,1.110223024625E-16,0.));
#1087 = ADVANCED_FACE('',(#1088),#1099,.F.);
#1088 = FACE_BOUND('',#1089,.F.);
#1089 = EDGE_LOOP('',(#1090,#1091,#1092,#1093));
#1090 = ORIENTED_EDGE('',*,*,#990,.T.);
#1091 = ORIENTED_EDGE('',*,*,#951,.T.);
#1092 = ORIENTED_EDGE('',*,*,#1028,.T.);
#1093 = ORIENTED_EDGE('',*,*,#1094,.F.);
#1094 = EDGE_CURVE('',#991,#1029,#1095,.T.);
#1095 = LINE('',#1096,#1097);
#1096 = CARTESIAN_POINT('',(0.846666666667,-19.05,0.));
#1097 = VECTOR('',#1098,1.);
#1098 = DIRECTION('',(1.110223024625E-16,1.,0.));
#1099 = PLANE('',#1100);
#1100 = AXIS2_PLACEMENT_3D('',#1101,#1102,#1103);
#1101 = CARTESIAN_POINT('',(-9.592326932761E-16,-8.89,0.));
#1102 = DIRECTION('',(0.,0.,1.));
#1103 = DIRECTION('',(1.110223024625E-16,1.,-0.));
#1104 = ADVANCED_FACE('',(#1105,#1116,#1150,#1184,#1218,#1252,#1286,
    #1320,#1354),#1388,.T.);
#1105 = FACE_BOUND('',#1106,.T.);
#1106 = EDGE_LOOP('',(#1107,#1108,#1109,#1115));
#1107 = ORIENTED_EDGE('',*,*,#935,.T.);
#1108 = ORIENTED_EDGE('',*,*,#1037,.T.);
#1109 = ORIENTED_EDGE('',*,*,#1110,.T.);
#1110 = EDGE_CURVE('',#1038,#976,#1111,.T.);
#1111 = LINE('',#1112,#1113);
#1112 = CARTESIAN_POINT('',(-1.27,1.27,8.5));
#1113 = VECTOR('',#1114,1.);
#1114 = DIRECTION('',(-1.110223024625E-16,-1.,0.));
#1115 = ORIENTED_EDGE('',*,*,#983,.T.);
#1116 = FACE_BOUND('',#1117,.T.);
#1117 = EDGE_LOOP('',(#1118,#1128,#1136,#1144));
#1118 = ORIENTED_EDGE('',*,*,#1119,.F.);
#1119 = EDGE_CURVE('',#1120,#1122,#1124,.T.);
#1120 = VERTEX_POINT('',#1121);
#1121 = CARTESIAN_POINT('',(0.6,-18.38,8.5));
#1122 = VERTEX_POINT('',#1123);
#1123 = CARTESIAN_POINT('',(0.6,-17.18,8.5));
#1124 = LINE('',#1125,#1126);
#1125 = CARTESIAN_POINT('',(0.6,-18.38,8.5));
#1126 = VECTOR('',#1127,1.);
#1127 = DIRECTION('',(1.110223024625E-16,1.,0.));
#1128 = ORIENTED_EDGE('',*,*,#1129,.F.);
#1129 = EDGE_CURVE('',#1130,#1120,#1132,.T.);
#1130 = VERTEX_POINT('',#1131);
#1131 = CARTESIAN_POINT('',(-0.6,-18.38,8.5));
#1132 = LINE('',#1133,#1134);
#1133 = CARTESIAN_POINT('',(-0.6,-18.38,8.5));
#1134 = VECTOR('',#1135,1.);
#1135 = DIRECTION('',(1.,-1.110223024625E-16,0.));
#1136 = ORIENTED_EDGE('',*,*,#1137,.F.);
#1137 = EDGE_CURVE('',#1138,#1130,#1140,.T.);
#1138 = VERTEX_POINT('',#1139);
#1139 = CARTESIAN_POINT('',(-0.6,-17.18,8.5));
#1140 = LINE('',#1141,#1142);
#1141 = CARTESIAN_POINT('',(-0.6,-17.18,8.5));
#1142 = VECTOR('',#1143,1.);
#1143 = DIRECTION('',(-1.110223024625E-16,-1.,0.));
#1144 = ORIENTED_EDGE('',*,*,#1145,.F.);
#1145 = EDGE_CURVE('',#1122,#1138,#1146,.T.);
#1146 = LINE('',#1147,#1148);
#1147 = CARTESIAN_POINT('',(0.6,-17.18,8.5));
#1148 = VECTOR('',#1149,1.);
#1149 = DIRECTION('',(-1.,1.110223024625E-16,0.));
#1150 = FACE_BOUND('',#1151,.T.);
#1151 = EDGE_LOOP('',(#1152,#1162,#1170,#1178));
#1152 = ORIENTED_EDGE('',*,*,#1153,.F.);
#1153 = EDGE_CURVE('',#1154,#1156,#1158,.T.);
#1154 = VERTEX_POINT('',#1155);
#1155 = CARTESIAN_POINT('',(0.6,-15.84,8.5));
#1156 = VERTEX_POINT('',#1157);
#1157 = CARTESIAN_POINT('',(0.6,-14.64,8.5));
#1158 = LINE('',#1159,#1160);
#1159 = CARTESIAN_POINT('',(0.6,-15.84,8.5));
#1160 = VECTOR('',#1161,1.);
#1161 = DIRECTION('',(1.110223024625E-16,1.,0.));
#1162 = ORIENTED_EDGE('',*,*,#1163,.F.);
#1163 = EDGE_CURVE('',#1164,#1154,#1166,.T.);
#1164 = VERTEX_POINT('',#1165);
#1165 = CARTESIAN_POINT('',(-0.6,-15.84,8.5));
#1166 = LINE('',#1167,#1168);
#1167 = CARTESIAN_POINT('',(-0.6,-15.84,8.5));
#1168 = VECTOR('',#1169,1.);
#1169 = DIRECTION('',(1.,-1.110223024625E-16,0.));
#1170 = ORIENTED_EDGE('',*,*,#1171,.F.);
#1171 = EDGE_CURVE('',#1172,#1164,#1174,.T.);
#1172 = VERTEX_POINT('',#1173);
#1173 = CARTESIAN_POINT('',(-0.6,-14.64,8.5));
#1174 = LINE('',#1175,#1176);
#1175 = CARTESIAN_POINT('',(-0.6,-14.64,8.5));
#1176 = VECTOR('',#1177,1.);
#1177 = DIRECTION('',(-1.110223024625E-16,-1.,0.));
#1178 = ORIENTED_EDGE('',*,*,#1179,.F.);
#1179 = EDGE_CURVE('',#1156,#1172,#1180,.T.);
#1180 = LINE('',#1181,#1182);
#1181 = CARTESIAN_POINT('',(0.6,-14.64,8.5));
#1182 = VECTOR('',#1183,1.);
#1183 = DIRECTION('',(-1.,1.110223024625E-16,0.));
#1184 = FACE_BOUND('',#1185,.T.);
#1185 = EDGE_LOOP('',(#1186,#1196,#1204,#1212));
#1186 = ORIENTED_EDGE('',*,*,#1187,.F.);
#1187 = EDGE_CURVE('',#1188,#1190,#1192,.T.);
#1188 = VERTEX_POINT('',#1189);
#1189 = CARTESIAN_POINT('',(0.6,-13.3,8.5));
#1190 = VERTEX_POINT('',#1191);
#1191 = CARTESIAN_POINT('',(0.6,-12.1,8.5));
#1192 = LINE('',#1193,#1194);
#1193 = CARTESIAN_POINT('',(0.6,-13.3,8.5));
#1194 = VECTOR('',#1195,1.);
#1195 = DIRECTION('',(1.110223024625E-16,1.,0.));
#1196 = ORIENTED_EDGE('',*,*,#1197,.F.);
#1197 = EDGE_CURVE('',#1198,#1188,#1200,.T.);
#1198 = VERTEX_POINT('',#1199);
#1199 = CARTESIAN_POINT('',(-0.6,-13.3,8.5));
#1200 = LINE('',#1201,#1202);
#1201 = CARTESIAN_POINT('',(-0.6,-13.3,8.5));
#1202 = VECTOR('',#1203,1.);
#1203 = DIRECTION('',(1.,-1.110223024625E-16,0.));
#1204 = ORIENTED_EDGE('',*,*,#1205,.F.);
#1205 = EDGE_CURVE('',#1206,#1198,#1208,.T.);
#1206 = VERTEX_POINT('',#1207);
#1207 = CARTESIAN_POINT('',(-0.6,-12.1,8.5));
#1208 = LINE('',#1209,#1210);
#1209 = CARTESIAN_POINT('',(-0.6,-12.1,8.5));
#1210 = VECTOR('',#1211,1.);
#1211 = DIRECTION('',(-1.110223024625E-16,-1.,0.));
#1212 = ORIENTED_EDGE('',*,*,#1213,.F.);
#1213 = EDGE_CURVE('',#1190,#1206,#1214,.T.);
#1214 = LINE('',#1215,#1216);
#1215 = CARTESIAN_POINT('',(0.6,-12.1,8.5));
#1216 = VECTOR('',#1217,1.);
#1217 = DIRECTION('',(-1.,1.110223024625E-16,0.));
#1218 = FACE_BOUND('',#1219,.T.);
#1219 = EDGE_LOOP('',(#1220,#1230,#1238,#1246));
#1220 = ORIENTED_EDGE('',*,*,#1221,.F.);
#1221 = EDGE_CURVE('',#1222,#1224,#1226,.T.);
#1222 = VERTEX_POINT('',#1223);
#1223 = CARTESIAN_POINT('',(0.6,-10.76,8.5));
#1224 = VERTEX_POINT('',#1225);
#1225 = CARTESIAN_POINT('',(0.6,-9.56,8.5));
#1226 = LINE('',#1227,#1228);
#1227 = CARTESIAN_POINT('',(0.6,-10.76,8.5));
#1228 = VECTOR('',#1229,1.);
#1229 = DIRECTION('',(1.110223024625E-16,1.,0.));
#1230 = ORIENTED_EDGE('',*,*,#1231,.F.);
#1231 = EDGE_CURVE('',#1232,#1222,#1234,.T.);
#1232 = VERTEX_POINT('',#1233);
#1233 = CARTESIAN_POINT('',(-0.6,-10.76,8.5));
#1234 = LINE('',#1235,#1236);
#1235 = CARTESIAN_POINT('',(-0.6,-10.76,8.5));
#1236 = VECTOR('',#1237,1.);
#1237 = DIRECTION('',(1.,-1.110223024625E-16,0.));
#1238 = ORIENTED_EDGE('',*,*,#1239,.F.);
#1239 = EDGE_CURVE('',#1240,#1232,#1242,.T.);
#1240 = VERTEX_POINT('',#1241);
#1241 = CARTESIAN_POINT('',(-0.6,-9.56,8.5));
#1242 = LINE('',#1243,#1244);
#1243 = CARTESIAN_POINT('',(-0.6,-9.56,8.5));
#1244 = VECTOR('',#1245,1.);
#1245 = DIRECTION('',(-1.110223024625E-16,-1.,0.));
#1246 = ORIENTED_EDGE('',*,*,#1247,.F.);
#1247 = EDGE_CURVE('',#1224,#1240,#1248,.T.);
#1248 = LINE('',#1249,#1250);
#1249 = CARTESIAN_POINT('',(0.6,-9.56,8.5));
#1250 = VECTOR('',#1251,1.);
#1251 = DIRECTION('',(-1.,1.110223024625E-16,0.));
#1252 = FACE_BOUND('',#1253,.T.);
#1253 = EDGE_LOOP('',(#1254,#1264,#1272,#1280));
#1254 = ORIENTED_EDGE('',*,*,#1255,.F.);
#1255 = EDGE_CURVE('',#1256,#1258,#1260,.T.);
#1256 = VERTEX_POINT('',#1257);
#1257 = CARTESIAN_POINT('',(0.6,-8.22,8.5));
#1258 = VERTEX_POINT('',#1259);
#1259 = CARTESIAN_POINT('',(0.6,-7.02,8.5));
#1260 = LINE('',#1261,#1262);
#1261 = CARTESIAN_POINT('',(0.6,-8.22,8.5));
#1262 = VECTOR('',#1263,1.);
#1263 = DIRECTION('',(1.110223024625E-16,1.,0.));
#1264 = ORIENTED_EDGE('',*,*,#1265,.F.);
#1265 = EDGE_CURVE('',#1266,#1256,#1268,.T.);
#1266 = VERTEX_POINT('',#1267);
#1267 = CARTESIAN_POINT('',(-0.6,-8.22,8.5));
#1268 = LINE('',#1269,#1270);
#1269 = CARTESIAN_POINT('',(-0.6,-8.22,8.5));
#1270 = VECTOR('',#1271,1.);
#1271 = DIRECTION('',(1.,-1.110223024625E-16,0.));
#1272 = ORIENTED_EDGE('',*,*,#1273,.F.);
#1273 = EDGE_CURVE('',#1274,#1266,#1276,.T.);
#1274 = VERTEX_POINT('',#1275);
#1275 = CARTESIAN_POINT('',(-0.6,-7.02,8.5));
#1276 = LINE('',#1277,#1278);
#1277 = CARTESIAN_POINT('',(-0.6,-7.02,8.5));
#1278 = VECTOR('',#1279,1.);
#1279 = DIRECTION('',(-1.110223024625E-16,-1.,0.));
#1280 = ORIENTED_EDGE('',*,*,#1281,.F.);
#1281 = EDGE_CURVE('',#1258,#1274,#1282,.T.);
#1282 = LINE('',#1283,#1284);
#1283 = CARTESIAN_POINT('',(0.6,-7.02,8.5));
#1284 = VECTOR('',#1285,1.);
#1285 = DIRECTION('',(-1.,1.110223024625E-16,0.));
#1286 = FACE_BOUND('',#1287,.T.);
#1287 = EDGE_LOOP('',(#1288,#1298,#1306,#1314));
#1288 = ORIENTED_EDGE('',*,*,#1289,.F.);
#1289 = EDGE_CURVE('',#1290,#1292,#1294,.T.);
#1290 = VERTEX_POINT('',#1291);
#1291 = CARTESIAN_POINT('',(0.6,-5.68,8.5));
#1292 = VERTEX_POINT('',#1293);
#1293 = CARTESIAN_POINT('',(0.6,-4.48,8.5));
#1294 = LINE('',#1295,#1296);
#1295 = CARTESIAN_POINT('',(0.6,-5.68,8.5));
#1296 = VECTOR('',#1297,1.);
#1297 = DIRECTION('',(1.110223024625E-16,1.,0.));
#1298 = ORIENTED_EDGE('',*,*,#1299,.F.);
#1299 = EDGE_CURVE('',#1300,#1290,#1302,.T.);
#1300 = VERTEX_POINT('',#1301);
#1301 = CARTESIAN_POINT('',(-0.6,-5.68,8.5));
#1302 = LINE('',#1303,#1304);
#1303 = CARTESIAN_POINT('',(-0.6,-5.68,8.5));
#1304 = VECTOR('',#1305,1.);
#1305 = DIRECTION('',(1.,-1.110223024625E-16,0.));
#1306 = ORIENTED_EDGE('',*,*,#1307,.F.);
#1307 = EDGE_CURVE('',#1308,#1300,#1310,.T.);
#1308 = VERTEX_POINT('',#1309);
#1309 = CARTESIAN_POINT('',(-0.6,-4.48,8.5));
#1310 = LINE('',#1311,#1312);
#1311 = CARTESIAN_POINT('',(-0.6,-4.48,8.5));
#1312 = VECTOR('',#1313,1.);
#1313 = DIRECTION('',(-1.110223024625E-16,-1.,0.));
#1314 = ORIENTED_EDGE('',*,*,#1315,.F.);
#1315 = EDGE_CURVE('',#1292,#1308,#1316,.T.);
#1316 = LINE('',#1317,#1318);
#1317 = CARTESIAN_POINT('',(0.6,-4.48,8.5));
#1318 = VECTOR('',#1319,1.);
#1319 = DIRECTION('',(-1.,1.110223024625E-16,0.));
#1320 = FACE_BOUND('',#1321,.T.);
#1321 = EDGE_LOOP('',(#1322,#1332,#1340,#1348));
#1322 = ORIENTED_EDGE('',*,*,#1323,.F.);
#1323 = EDGE_CURVE('',#1324,#1326,#1328,.T.);
#1324 = VERTEX_POINT('',#1325);
#1325 = CARTESIAN_POINT('',(0.6,-3.14,8.5));
#1326 = VERTEX_POINT('',#1327);
#1327 = CARTESIAN_POINT('',(0.6,-1.94,8.5));
#1328 = LINE('',#1329,#1330);
#1329 = CARTESIAN_POINT('',(0.6,-3.14,8.5));
#1330 = VECTOR('',#1331,1.);
#1331 = DIRECTION('',(1.110223024625E-16,1.,0.));
#1332 = ORIENTED_EDGE('',*,*,#1333,.F.);
#1333 = EDGE_CURVE('',#1334,#1324,#1336,.T.);
#1334 = VERTEX_POINT('',#1335);
#1335 = CARTESIAN_POINT('',(-0.6,-3.14,8.5));
#1336 = LINE('',#1337,#1338);
#1337 = CARTESIAN_POINT('',(-0.6,-3.14,8.5));
#1338 = VECTOR('',#1339,1.);
#1339 = DIRECTION('',(1.,-1.110223024625E-16,0.));
#1340 = ORIENTED_EDGE('',*,*,#1341,.F.);
#1341 = EDGE_CURVE('',#1342,#1334,#1344,.T.);
#1342 = VERTEX_POINT('',#1343);
#1343 = CARTESIAN_POINT('',(-0.6,-1.94,8.5));
#1344 = LINE('',#1345,#1346);
#1345 = CARTESIAN_POINT('',(-0.6,-1.94,8.5));
#1346 = VECTOR('',#1347,1.);
#1347 = DIRECTION('',(-1.110223024625E-16,-1.,0.));
#1348 = ORIENTED_EDGE('',*,*,#1349,.F.);
#1349 = EDGE_CURVE('',#1326,#1342,#1350,.T.);
#1350 = LINE('',#1351,#1352);
#1351 = CARTESIAN_POINT('',(0.6,-1.94,8.5));
#1352 = VECTOR('',#1353,1.);
#1353 = DIRECTION('',(-1.,1.110223024625E-16,0.));
#1354 = FACE_BOUND('',#1355,.T.);
#1355 = EDGE_LOOP('',(#1356,#1366,#1374,#1382));
#1356 = ORIENTED_EDGE('',*,*,#1357,.F.);
#1357 = EDGE_CURVE('',#1358,#1360,#1362,.T.);
#1358 = VERTEX_POINT('',#1359);
#1359 = CARTESIAN_POINT('',(0.6,-0.6,8.5));
#1360 = VERTEX_POINT('',#1361);
#1361 = CARTESIAN_POINT('',(0.6,0.6,8.5));
#1362 = LINE('',#1363,#1364);
#1363 = CARTESIAN_POINT('',(0.6,-0.6,8.5));
#1364 = VECTOR('',#1365,1.);
#1365 = DIRECTION('',(1.110223024625E-16,1.,0.));
#1366 = ORIENTED_EDGE('',*,*,#1367,.F.);
#1367 = EDGE_CURVE('',#1368,#1358,#1370,.T.);
#1368 = VERTEX_POINT('',#1369);
#1369 = CARTESIAN_POINT('',(-0.6,-0.6,8.5));
#1370 = LINE('',#1371,#1372);
#1371 = CARTESIAN_POINT('',(-0.6,-0.6,8.5));
#1372 = VECTOR('',#1373,1.);
#1373 = DIRECTION('',(1.,-1.110223024625E-16,0.));
#1374 = ORIENTED_EDGE('',*,*,#1375,.F.);
#1375 = EDGE_CURVE('',#1376,#1368,#1378,.T.);
#1376 = VERTEX_POINT('',#1377);
#1377 = CARTESIAN_POINT('',(-0.6,0.6,8.5));
#1378 = LINE('',#1379,#1380);
#1379 = CARTESIAN_POINT('',(-0.6,0.6,8.5));
#1380 = VECTOR('',#1381,1.);
#1381 = DIRECTION('',(-1.110223024625E-16,-1.,0.));
#1382 = ORIENTED_EDGE('',*,*,#1383,.F.);
#1383 = EDGE_CURVE('',#1360,#1376,#1384,.T.);
#1384 = LINE('',#1385,#1386);
#1385 = CARTESIAN_POINT('',(0.6,0.6,8.5));
#1386 = VECTOR('',#1387,1.);
#1387 = DIRECTION('',(-1.,1.110223024625E-16,0.));
#1388 = PLANE('',#1389);
#1389 = AXIS2_PLACEMENT_3D('',#1390,#1391,#1392);
#1390 = CARTESIAN_POINT('',(-9.592326932761E-16,-8.89,8.5));
#1391 = DIRECTION('',(0.,0.,1.));
#1392 = DIRECTION('',(1.110223024625E-16,1.,-0.));
#1393 = ADVANCED_FACE('',(#1394),#1410,.F.);
#1394 = FACE_BOUND('',#1395,.F.);
#1395 = EDGE_LOOP('',(#1396,#1397,#1403,#1404));
#1396 = ORIENTED_EDGE('',*,*,#965,.T.);
#1397 = ORIENTED_EDGE('',*,*,#1398,.F.);
#1398 = EDGE_CURVE('',#1054,#968,#1399,.T.);
#1399 = LINE('',#1400,#1401);
#1400 = CARTESIAN_POINT('',(-0.846666666667,1.27,0.));
#1401 = VECTOR('',#1402,1.);
#1402 = DIRECTION('',(-1.110223024625E-16,-1.,0.));
#1403 = ORIENTED_EDGE('',*,*,#1053,.T.);
#1404 = ORIENTED_EDGE('',*,*,#1405,.T.);
#1405 = EDGE_CURVE('',#1046,#966,#1406,.T.);
#1406 = LINE('',#1407,#1408);
#1407 = CARTESIAN_POINT('',(-1.27,1.27,0.));
#1408 = VECTOR('',#1409,1.);
#1409 = DIRECTION('',(-1.110223024625E-16,-1.,0.));
#1410 = PLANE('',#1411);
#1411 = AXIS2_PLACEMENT_3D('',#1412,#1413,#1414);
#1412 = CARTESIAN_POINT('',(-9.592326932761E-16,-8.89,0.));
#1413 = DIRECTION('',(0.,0.,1.));
#1414 = DIRECTION('',(1.110223024625E-16,1.,-0.));
#1415 = ADVANCED_FACE('',(#1416),#1427,.T.);
#1416 = FACE_BOUND('',#1417,.T.);
#1417 = EDGE_LOOP('',(#1418,#1419,#1425,#1426));
#1418 = ORIENTED_EDGE('',*,*,#1061,.T.);
#1419 = ORIENTED_EDGE('',*,*,#1420,.T.);
#1420 = EDGE_CURVE('',#1062,#1007,#1421,.T.);
#1421 = LINE('',#1422,#1423);
#1422 = CARTESIAN_POINT('',(-0.846666666667,1.27,0.2));
#1423 = VECTOR('',#1424,1.);
#1424 = DIRECTION('',(-1.110223024625E-16,-1.,0.));
#1425 = ORIENTED_EDGE('',*,*,#1014,.F.);
#1426 = ORIENTED_EDGE('',*,*,#1398,.F.);
#1427 = PLANE('',#1428);
#1428 = AXIS2_PLACEMENT_3D('',#1429,#1430,#1431);
#1429 = CARTESIAN_POINT('',(-0.846666666667,1.27,0.));
#1430 = DIRECTION('',(1.,-1.110223024625E-16,0.));
#1431 = DIRECTION('',(-1.110223024625E-16,-1.,0.));
#1432 = ADVANCED_FACE('',(#1433,#1444,#1510,#1576,#1642,#1708,#1774,
    #1840,#1906),#1972,.F.);
#1433 = FACE_BOUND('',#1434,.F.);
#1434 = EDGE_LOOP('',(#1435,#1441,#1442,#1443));
#1435 = ORIENTED_EDGE('',*,*,#1436,.T.);
#1436 = EDGE_CURVE('',#999,#1070,#1437,.T.);
#1437 = LINE('',#1438,#1439);
#1438 = CARTESIAN_POINT('',(0.846666666667,-19.05,0.2));
#1439 = VECTOR('',#1440,1.);
#1440 = DIRECTION('',(1.110223024625E-16,1.,0.));
#1441 = ORIENTED_EDGE('',*,*,#1069,.T.);
#1442 = ORIENTED_EDGE('',*,*,#1420,.T.);
#1443 = ORIENTED_EDGE('',*,*,#1006,.T.);
#1444 = FACE_BOUND('',#1445,.F.);
#1445 = EDGE_LOOP('',(#1446,#1456,#1464,#1472,#1480,#1488,#1496,#1504));
#1446 = ORIENTED_EDGE('',*,*,#1447,.F.);
#1447 = EDGE_CURVE('',#1448,#1450,#1452,.T.);
#1448 = VERTEX_POINT('',#1449);
#1449 = CARTESIAN_POINT('',(-0.1,-18.23,0.2));
#1450 = VERTEX_POINT('',#1451);
#1451 = CARTESIAN_POINT('',(0.1,-18.23,0.2));
#1452 = LINE('',#1453,#1454);
#1453 = CARTESIAN_POINT('',(-0.1,-18.23,0.2));
#1454 = VECTOR('',#1455,1.);
#1455 = DIRECTION('',(1.,-1.110223024625E-16,0.));
#1456 = ORIENTED_EDGE('',*,*,#1457,.T.);
#1457 = EDGE_CURVE('',#1448,#1458,#1460,.T.);
#1458 = VERTEX_POINT('',#1459);
#1459 = CARTESIAN_POINT('',(-0.1,-18.08,0.2));
#1460 = LINE('',#1461,#1462);
#1461 = CARTESIAN_POINT('',(-0.1,-18.23,0.2));
#1462 = VECTOR('',#1463,1.);
#1463 = DIRECTION('',(1.110223024625E-16,1.,0.));
#1464 = ORIENTED_EDGE('',*,*,#1465,.F.);
#1465 = EDGE_CURVE('',#1466,#1458,#1468,.T.);
#1466 = VERTEX_POINT('',#1467);
#1467 = CARTESIAN_POINT('',(-0.1,-17.48,0.2));
#1468 = LINE('',#1469,#1470);
#1469 = CARTESIAN_POINT('',(-0.1,-13.335,0.2));
#1470 = VECTOR('',#1471,1.);
#1471 = DIRECTION('',(-1.110223024625E-16,-1.,0.));
#1472 = ORIENTED_EDGE('',*,*,#1473,.T.);
#1473 = EDGE_CURVE('',#1466,#1474,#1476,.T.);
#1474 = VERTEX_POINT('',#1475);
#1475 = CARTESIAN_POINT('',(-0.1,-17.33,0.2));
#1476 = LINE('',#1477,#1478);
#1477 = CARTESIAN_POINT('',(-0.1,-18.23,0.2));
#1478 = VECTOR('',#1479,1.);
#1479 = DIRECTION('',(1.110223024625E-16,1.,0.));
#1480 = ORIENTED_EDGE('',*,*,#1481,.T.);
#1481 = EDGE_CURVE('',#1474,#1482,#1484,.T.);
#1482 = VERTEX_POINT('',#1483);
#1483 = CARTESIAN_POINT('',(0.1,-17.33,0.2));
#1484 = LINE('',#1485,#1486);
#1485 = CARTESIAN_POINT('',(-0.1,-17.33,0.2));
#1486 = VECTOR('',#1487,1.);
#1487 = DIRECTION('',(1.,-1.110223024625E-16,0.));
#1488 = ORIENTED_EDGE('',*,*,#1489,.T.);
#1489 = EDGE_CURVE('',#1482,#1490,#1492,.T.);
#1490 = VERTEX_POINT('',#1491);
#1491 = CARTESIAN_POINT('',(0.1,-17.48,0.2));
#1492 = LINE('',#1493,#1494);
#1493 = CARTESIAN_POINT('',(0.1,-17.33,0.2));
#1494 = VECTOR('',#1495,1.);
#1495 = DIRECTION('',(-1.110223024625E-16,-1.,0.));
#1496 = ORIENTED_EDGE('',*,*,#1497,.T.);
#1497 = EDGE_CURVE('',#1490,#1498,#1500,.T.);
#1498 = VERTEX_POINT('',#1499);
#1499 = CARTESIAN_POINT('',(0.1,-18.08,0.2));
#1500 = LINE('',#1501,#1502);
#1501 = CARTESIAN_POINT('',(0.1,-13.335,0.2));
#1502 = VECTOR('',#1503,1.);
#1503 = DIRECTION('',(-1.110223024625E-16,-1.,0.));
#1504 = ORIENTED_EDGE('',*,*,#1505,.T.);
#1505 = EDGE_CURVE('',#1498,#1450,#1506,.T.);
#1506 = LINE('',#1507,#1508);
#1507 = CARTESIAN_POINT('',(0.1,-17.33,0.2));
#1508 = VECTOR('',#1509,1.);
#1509 = DIRECTION('',(-1.110223024625E-16,-1.,0.));
#1510 = FACE_BOUND('',#1511,.F.);
#1511 = EDGE_LOOP('',(#1512,#1522,#1530,#1538,#1546,#1554,#1562,#1570));
#1512 = ORIENTED_EDGE('',*,*,#1513,.F.);
#1513 = EDGE_CURVE('',#1514,#1516,#1518,.T.);
#1514 = VERTEX_POINT('',#1515);
#1515 = CARTESIAN_POINT('',(-0.1,-15.69,0.2));
#1516 = VERTEX_POINT('',#1517);
#1517 = CARTESIAN_POINT('',(0.1,-15.69,0.2));
#1518 = LINE('',#1519,#1520);
#1519 = CARTESIAN_POINT('',(-0.1,-15.69,0.2));
#1520 = VECTOR('',#1521,1.);
#1521 = DIRECTION('',(1.,-1.110223024625E-16,0.));
#1522 = ORIENTED_EDGE('',*,*,#1523,.T.);
#1523 = EDGE_CURVE('',#1514,#1524,#1526,.T.);
#1524 = VERTEX_POINT('',#1525);
#1525 = CARTESIAN_POINT('',(-0.1,-15.54,0.2));
#1526 = LINE('',#1527,#1528);
#1527 = CARTESIAN_POINT('',(-0.1,-15.69,0.2));
#1528 = VECTOR('',#1529,1.);
#1529 = DIRECTION('',(1.110223024625E-16,1.,0.));
#1530 = ORIENTED_EDGE('',*,*,#1531,.F.);
#1531 = EDGE_CURVE('',#1532,#1524,#1534,.T.);
#1532 = VERTEX_POINT('',#1533);
#1533 = CARTESIAN_POINT('',(-0.1,-14.94,0.2));
#1534 = LINE('',#1535,#1536);
#1535 = CARTESIAN_POINT('',(-0.1,-12.065,0.2));
#1536 = VECTOR('',#1537,1.);
#1537 = DIRECTION('',(-1.110223024625E-16,-1.,0.));
#1538 = ORIENTED_EDGE('',*,*,#1539,.T.);
#1539 = EDGE_CURVE('',#1532,#1540,#1542,.T.);
#1540 = VERTEX_POINT('',#1541);
#1541 = CARTESIAN_POINT('',(-0.1,-14.79,0.2));
#1542 = LINE('',#1543,#1544);
#1543 = CARTESIAN_POINT('',(-0.1,-15.69,0.2));
#1544 = VECTOR('',#1545,1.);
#1545 = DIRECTION('',(1.110223024625E-16,1.,0.));
#1546 = ORIENTED_EDGE('',*,*,#1547,.T.);
#1547 = EDGE_CURVE('',#1540,#1548,#1550,.T.);
#1548 = VERTEX_POINT('',#1549);
#1549 = CARTESIAN_POINT('',(0.1,-14.79,0.2));
#1550 = LINE('',#1551,#1552);
#1551 = CARTESIAN_POINT('',(-0.1,-14.79,0.2));
#1552 = VECTOR('',#1553,1.);
#1553 = DIRECTION('',(1.,-1.110223024625E-16,0.));
#1554 = ORIENTED_EDGE('',*,*,#1555,.T.);
#1555 = EDGE_CURVE('',#1548,#1556,#1558,.T.);
#1556 = VERTEX_POINT('',#1557);
#1557 = CARTESIAN_POINT('',(0.1,-14.94,0.2));
#1558 = LINE('',#1559,#1560);
#1559 = CARTESIAN_POINT('',(0.1,-14.79,0.2));
#1560 = VECTOR('',#1561,1.);
#1561 = DIRECTION('',(-1.110223024625E-16,-1.,0.));
#1562 = ORIENTED_EDGE('',*,*,#1563,.T.);
#1563 = EDGE_CURVE('',#1556,#1564,#1566,.T.);
#1564 = VERTEX_POINT('',#1565);
#1565 = CARTESIAN_POINT('',(0.1,-15.54,0.2));
#1566 = LINE('',#1567,#1568);
#1567 = CARTESIAN_POINT('',(0.1,-12.065,0.2));
#1568 = VECTOR('',#1569,1.);
#1569 = DIRECTION('',(-1.110223024625E-16,-1.,0.));
#1570 = ORIENTED_EDGE('',*,*,#1571,.T.);
#1571 = EDGE_CURVE('',#1564,#1516,#1572,.T.);
#1572 = LINE('',#1573,#1574);
#1573 = CARTESIAN_POINT('',(0.1,-14.79,0.2));
#1574 = VECTOR('',#1575,1.);
#1575 = DIRECTION('',(-1.110223024625E-16,-1.,0.));
#1576 = FACE_BOUND('',#1577,.F.);
#1577 = EDGE_LOOP('',(#1578,#1588,#1596,#1604,#1612,#1620,#1628,#1636));
#1578 = ORIENTED_EDGE('',*,*,#1579,.F.);
#1579 = EDGE_CURVE('',#1580,#1582,#1584,.T.);
#1580 = VERTEX_POINT('',#1581);
#1581 = CARTESIAN_POINT('',(-0.1,-13.15,0.2));
#1582 = VERTEX_POINT('',#1583);
#1583 = CARTESIAN_POINT('',(0.1,-13.15,0.2));
#1584 = LINE('',#1585,#1586);
#1585 = CARTESIAN_POINT('',(-0.1,-13.15,0.2));
#1586 = VECTOR('',#1587,1.);
#1587 = DIRECTION('',(1.,-1.110223024625E-16,0.));
#1588 = ORIENTED_EDGE('',*,*,#1589,.T.);
#1589 = EDGE_CURVE('',#1580,#1590,#1592,.T.);
#1590 = VERTEX_POINT('',#1591);
#1591 = CARTESIAN_POINT('',(-0.1,-13.,0.2));
#1592 = LINE('',#1593,#1594);
#1593 = CARTESIAN_POINT('',(-0.1,-13.15,0.2));
#1594 = VECTOR('',#1595,1.);
#1595 = DIRECTION('',(1.110223024625E-16,1.,0.));
#1596 = ORIENTED_EDGE('',*,*,#1597,.F.);
#1597 = EDGE_CURVE('',#1598,#1590,#1600,.T.);
#1598 = VERTEX_POINT('',#1599);
#1599 = CARTESIAN_POINT('',(-0.1,-12.4,0.2));
#1600 = LINE('',#1601,#1602);
#1601 = CARTESIAN_POINT('',(-0.1,-10.795,0.2));
#1602 = VECTOR('',#1603,1.);
#1603 = DIRECTION('',(-1.110223024625E-16,-1.,0.));
#1604 = ORIENTED_EDGE('',*,*,#1605,.T.);
#1605 = EDGE_CURVE('',#1598,#1606,#1608,.T.);
#1606 = VERTEX_POINT('',#1607);
#1607 = CARTESIAN_POINT('',(-0.1,-12.25,0.2));
#1608 = LINE('',#1609,#1610);
#1609 = CARTESIAN_POINT('',(-0.1,-13.15,0.2));
#1610 = VECTOR('',#1611,1.);
#1611 = DIRECTION('',(1.110223024625E-16,1.,0.));
#1612 = ORIENTED_EDGE('',*,*,#1613,.T.);
#1613 = EDGE_CURVE('',#1606,#1614,#1616,.T.);
#1614 = VERTEX_POINT('',#1615);
#1615 = CARTESIAN_POINT('',(0.1,-12.25,0.2));
#1616 = LINE('',#1617,#1618);
#1617 = CARTESIAN_POINT('',(-0.1,-12.25,0.2));
#1618 = VECTOR('',#1619,1.);
#1619 = DIRECTION('',(1.,-1.110223024625E-16,0.));
#1620 = ORIENTED_EDGE('',*,*,#1621,.T.);
#1621 = EDGE_CURVE('',#1614,#1622,#1624,.T.);
#1622 = VERTEX_POINT('',#1623);
#1623 = CARTESIAN_POINT('',(0.1,-12.4,0.2));
#1624 = LINE('',#1625,#1626);
#1625 = CARTESIAN_POINT('',(0.1,-12.25,0.2));
#1626 = VECTOR('',#1627,1.);
#1627 = DIRECTION('',(-1.110223024625E-16,-1.,0.));
#1628 = ORIENTED_EDGE('',*,*,#1629,.T.);
#1629 = EDGE_CURVE('',#1622,#1630,#1632,.T.);
#1630 = VERTEX_POINT('',#1631);
#1631 = CARTESIAN_POINT('',(0.1,-13.,0.2));
#1632 = LINE('',#1633,#1634);
#1633 = CARTESIAN_POINT('',(0.1,-10.795,0.2));
#1634 = VECTOR('',#1635,1.);
#1635 = DIRECTION('',(-1.110223024625E-16,-1.,0.));
#1636 = ORIENTED_EDGE('',*,*,#1637,.T.);
#1637 = EDGE_CURVE('',#1630,#1582,#1638,.T.);
#1638 = LINE('',#1639,#1640);
#1639 = CARTESIAN_POINT('',(0.1,-12.25,0.2));
#1640 = VECTOR('',#1641,1.);
#1641 = DIRECTION('',(-1.110223024625E-16,-1.,0.));
#1642 = FACE_BOUND('',#1643,.F.);
#1643 = EDGE_LOOP('',(#1644,#1654,#1662,#1670,#1678,#1686,#1694,#1702));
#1644 = ORIENTED_EDGE('',*,*,#1645,.F.);
#1645 = EDGE_CURVE('',#1646,#1648,#1650,.T.);
#1646 = VERTEX_POINT('',#1647);
#1647 = CARTESIAN_POINT('',(-0.1,-10.61,0.2));
#1648 = VERTEX_POINT('',#1649);
#1649 = CARTESIAN_POINT('',(0.1,-10.61,0.2));
#1650 = LINE('',#1651,#1652);
#1651 = CARTESIAN_POINT('',(-0.1,-10.61,0.2));
#1652 = VECTOR('',#1653,1.);
#1653 = DIRECTION('',(1.,-1.110223024625E-16,0.));
#1654 = ORIENTED_EDGE('',*,*,#1655,.T.);
#1655 = EDGE_CURVE('',#1646,#1656,#1658,.T.);
#1656 = VERTEX_POINT('',#1657);
#1657 = CARTESIAN_POINT('',(-0.1,-10.46,0.2));
#1658 = LINE('',#1659,#1660);
#1659 = CARTESIAN_POINT('',(-0.1,-10.61,0.2));
#1660 = VECTOR('',#1661,1.);
#1661 = DIRECTION('',(1.110223024625E-16,1.,0.));
#1662 = ORIENTED_EDGE('',*,*,#1663,.F.);
#1663 = EDGE_CURVE('',#1664,#1656,#1666,.T.);
#1664 = VERTEX_POINT('',#1665);
#1665 = CARTESIAN_POINT('',(-0.1,-9.86,0.2));
#1666 = LINE('',#1667,#1668);
#1667 = CARTESIAN_POINT('',(-0.1,-9.525,0.2));
#1668 = VECTOR('',#1669,1.);
#1669 = DIRECTION('',(-1.110223024625E-16,-1.,0.));
#1670 = ORIENTED_EDGE('',*,*,#1671,.T.);
#1671 = EDGE_CURVE('',#1664,#1672,#1674,.T.);
#1672 = VERTEX_POINT('',#1673);
#1673 = CARTESIAN_POINT('',(-0.1,-9.71,0.2));
#1674 = LINE('',#1675,#1676);
#1675 = CARTESIAN_POINT('',(-0.1,-10.61,0.2));
#1676 = VECTOR('',#1677,1.);
#1677 = DIRECTION('',(1.110223024625E-16,1.,0.));
#1678 = ORIENTED_EDGE('',*,*,#1679,.T.);
#1679 = EDGE_CURVE('',#1672,#1680,#1682,.T.);
#1680 = VERTEX_POINT('',#1681);
#1681 = CARTESIAN_POINT('',(0.1,-9.71,0.2));
#1682 = LINE('',#1683,#1684);
#1683 = CARTESIAN_POINT('',(-0.1,-9.71,0.2));
#1684 = VECTOR('',#1685,1.);
#1685 = DIRECTION('',(1.,-1.110223024625E-16,0.));
#1686 = ORIENTED_EDGE('',*,*,#1687,.T.);
#1687 = EDGE_CURVE('',#1680,#1688,#1690,.T.);
#1688 = VERTEX_POINT('',#1689);
#1689 = CARTESIAN_POINT('',(0.1,-9.86,0.2));
#1690 = LINE('',#1691,#1692);
#1691 = CARTESIAN_POINT('',(0.1,-9.71,0.2));
#1692 = VECTOR('',#1693,1.);
#1693 = DIRECTION('',(-1.110223024625E-16,-1.,0.));
#1694 = ORIENTED_EDGE('',*,*,#1695,.T.);
#1695 = EDGE_CURVE('',#1688,#1696,#1698,.T.);
#1696 = VERTEX_POINT('',#1697);
#1697 = CARTESIAN_POINT('',(0.1,-10.46,0.2));
#1698 = LINE('',#1699,#1700);
#1699 = CARTESIAN_POINT('',(0.1,-9.525,0.2));
#1700 = VECTOR('',#1701,1.);
#1701 = DIRECTION('',(-1.110223024625E-16,-1.,0.));
#1702 = ORIENTED_EDGE('',*,*,#1703,.T.);
#1703 = EDGE_CURVE('',#1696,#1648,#1704,.T.);
#1704 = LINE('',#1705,#1706);
#1705 = CARTESIAN_POINT('',(0.1,-9.71,0.2));
#1706 = VECTOR('',#1707,1.);
#1707 = DIRECTION('',(-1.110223024625E-16,-1.,0.));
#1708 = FACE_BOUND('',#1709,.F.);
#1709 = EDGE_LOOP('',(#1710,#1720,#1728,#1736,#1744,#1752,#1760,#1768));
#1710 = ORIENTED_EDGE('',*,*,#1711,.F.);
#1711 = EDGE_CURVE('',#1712,#1714,#1716,.T.);
#1712 = VERTEX_POINT('',#1713);
#1713 = CARTESIAN_POINT('',(-0.1,-8.07,0.2));
#1714 = VERTEX_POINT('',#1715);
#1715 = CARTESIAN_POINT('',(0.1,-8.07,0.2));
#1716 = LINE('',#1717,#1718);
#1717 = CARTESIAN_POINT('',(-0.1,-8.07,0.2));
#1718 = VECTOR('',#1719,1.);
#1719 = DIRECTION('',(1.,-1.110223024625E-16,0.));
#1720 = ORIENTED_EDGE('',*,*,#1721,.T.);
#1721 = EDGE_CURVE('',#1712,#1722,#1724,.T.);
#1722 = VERTEX_POINT('',#1723);
#1723 = CARTESIAN_POINT('',(-0.1,-7.92,0.2));
#1724 = LINE('',#1725,#1726);
#1725 = CARTESIAN_POINT('',(-0.1,-8.07,0.2));
#1726 = VECTOR('',#1727,1.);
#1727 = DIRECTION('',(1.110223024625E-16,1.,0.));
#1728 = ORIENTED_EDGE('',*,*,#1729,.F.);
#1729 = EDGE_CURVE('',#1730,#1722,#1732,.T.);
#1730 = VERTEX_POINT('',#1731);
#1731 = CARTESIAN_POINT('',(-0.1,-7.32,0.2));
#1732 = LINE('',#1733,#1734);
#1733 = CARTESIAN_POINT('',(-0.1,-8.255,0.2));
#1734 = VECTOR('',#1735,1.);
#1735 = DIRECTION('',(-1.110223024625E-16,-1.,0.));
#1736 = ORIENTED_EDGE('',*,*,#1737,.T.);
#1737 = EDGE_CURVE('',#1730,#1738,#1740,.T.);
#1738 = VERTEX_POINT('',#1739);
#1739 = CARTESIAN_POINT('',(-0.1,-7.17,0.2));
#1740 = LINE('',#1741,#1742);
#1741 = CARTESIAN_POINT('',(-0.1,-8.07,0.2));
#1742 = VECTOR('',#1743,1.);
#1743 = DIRECTION('',(1.110223024625E-16,1.,0.));
#1744 = ORIENTED_EDGE('',*,*,#1745,.T.);
#1745 = EDGE_CURVE('',#1738,#1746,#1748,.T.);
#1746 = VERTEX_POINT('',#1747);
#1747 = CARTESIAN_POINT('',(0.1,-7.17,0.2));
#1748 = LINE('',#1749,#1750);
#1749 = CARTESIAN_POINT('',(-0.1,-7.17,0.2));
#1750 = VECTOR('',#1751,1.);
#1751 = DIRECTION('',(1.,-1.110223024625E-16,0.));
#1752 = ORIENTED_EDGE('',*,*,#1753,.T.);
#1753 = EDGE_CURVE('',#1746,#1754,#1756,.T.);
#1754 = VERTEX_POINT('',#1755);
#1755 = CARTESIAN_POINT('',(0.1,-7.32,0.2));
#1756 = LINE('',#1757,#1758);
#1757 = CARTESIAN_POINT('',(0.1,-7.17,0.2));
#1758 = VECTOR('',#1759,1.);
#1759 = DIRECTION('',(-1.110223024625E-16,-1.,0.));
#1760 = ORIENTED_EDGE('',*,*,#1761,.T.);
#1761 = EDGE_CURVE('',#1754,#1762,#1764,.T.);
#1762 = VERTEX_POINT('',#1763);
#1763 = CARTESIAN_POINT('',(0.1,-7.92,0.2));
#1764 = LINE('',#1765,#1766);
#1765 = CARTESIAN_POINT('',(0.1,-8.255,0.2));
#1766 = VECTOR('',#1767,1.);
#1767 = DIRECTION('',(-1.110223024625E-16,-1.,0.));
#1768 = ORIENTED_EDGE('',*,*,#1769,.T.);
#1769 = EDGE_CURVE('',#1762,#1714,#1770,.T.);
#1770 = LINE('',#1771,#1772);
#1771 = CARTESIAN_POINT('',(0.1,-7.17,0.2));
#1772 = VECTOR('',#1773,1.);
#1773 = DIRECTION('',(-1.110223024625E-16,-1.,0.));
#1774 = FACE_BOUND('',#1775,.F.);
#1775 = EDGE_LOOP('',(#1776,#1786,#1794,#1802,#1810,#1818,#1826,#1834));
#1776 = ORIENTED_EDGE('',*,*,#1777,.F.);
#1777 = EDGE_CURVE('',#1778,#1780,#1782,.T.);
#1778 = VERTEX_POINT('',#1779);
#1779 = CARTESIAN_POINT('',(-0.1,-5.53,0.2));
#1780 = VERTEX_POINT('',#1781);
#1781 = CARTESIAN_POINT('',(0.1,-5.53,0.2));
#1782 = LINE('',#1783,#1784);
#1783 = CARTESIAN_POINT('',(-0.1,-5.53,0.2));
#1784 = VECTOR('',#1785,1.);
#1785 = DIRECTION('',(1.,-1.110223024625E-16,0.));
#1786 = ORIENTED_EDGE('',*,*,#1787,.T.);
#1787 = EDGE_CURVE('',#1778,#1788,#1790,.T.);
#1788 = VERTEX_POINT('',#1789);
#1789 = CARTESIAN_POINT('',(-0.1,-5.38,0.2));
#1790 = LINE('',#1791,#1792);
#1791 = CARTESIAN_POINT('',(-0.1,-5.53,0.2));
#1792 = VECTOR('',#1793,1.);
#1793 = DIRECTION('',(1.110223024625E-16,1.,0.));
#1794 = ORIENTED_EDGE('',*,*,#1795,.F.);
#1795 = EDGE_CURVE('',#1796,#1788,#1798,.T.);
#1796 = VERTEX_POINT('',#1797);
#1797 = CARTESIAN_POINT('',(-0.1,-4.78,0.2));
#1798 = LINE('',#1799,#1800);
#1799 = CARTESIAN_POINT('',(-0.1,-6.985,0.2));
#1800 = VECTOR('',#1801,1.);
#1801 = DIRECTION('',(-1.110223024625E-16,-1.,0.));
#1802 = ORIENTED_EDGE('',*,*,#1803,.T.);
#1803 = EDGE_CURVE('',#1796,#1804,#1806,.T.);
#1804 = VERTEX_POINT('',#1805);
#1805 = CARTESIAN_POINT('',(-0.1,-4.63,0.2));
#1806 = LINE('',#1807,#1808);
#1807 = CARTESIAN_POINT('',(-0.1,-5.53,0.2));
#1808 = VECTOR('',#1809,1.);
#1809 = DIRECTION('',(1.110223024625E-16,1.,0.));
#1810 = ORIENTED_EDGE('',*,*,#1811,.T.);
#1811 = EDGE_CURVE('',#1804,#1812,#1814,.T.);
#1812 = VERTEX_POINT('',#1813);
#1813 = CARTESIAN_POINT('',(0.1,-4.63,0.2));
#1814 = LINE('',#1815,#1816);
#1815 = CARTESIAN_POINT('',(-0.1,-4.63,0.2));
#1816 = VECTOR('',#1817,1.);
#1817 = DIRECTION('',(1.,-1.110223024625E-16,0.));
#1818 = ORIENTED_EDGE('',*,*,#1819,.T.);
#1819 = EDGE_CURVE('',#1812,#1820,#1822,.T.);
#1820 = VERTEX_POINT('',#1821);
#1821 = CARTESIAN_POINT('',(0.1,-4.78,0.2));
#1822 = LINE('',#1823,#1824);
#1823 = CARTESIAN_POINT('',(0.1,-4.63,0.2));
#1824 = VECTOR('',#1825,1.);
#1825 = DIRECTION('',(-1.110223024625E-16,-1.,0.));
#1826 = ORIENTED_EDGE('',*,*,#1827,.T.);
#1827 = EDGE_CURVE('',#1820,#1828,#1830,.T.);
#1828 = VERTEX_POINT('',#1829);
#1829 = CARTESIAN_POINT('',(0.1,-5.38,0.2));
#1830 = LINE('',#1831,#1832);
#1831 = CARTESIAN_POINT('',(0.1,-6.985,0.2));
#1832 = VECTOR('',#1833,1.);
#1833 = DIRECTION('',(-1.110223024625E-16,-1.,0.));
#1834 = ORIENTED_EDGE('',*,*,#1835,.T.);
#1835 = EDGE_CURVE('',#1828,#1780,#1836,.T.);
#1836 = LINE('',#1837,#1838);
#1837 = CARTESIAN_POINT('',(0.1,-4.63,0.2));
#1838 = VECTOR('',#1839,1.);
#1839 = DIRECTION('',(-1.110223024625E-16,-1.,0.));
#1840 = FACE_BOUND('',#1841,.F.);
#1841 = EDGE_LOOP('',(#1842,#1852,#1860,#1868,#1876,#1884,#1892,#1900));
#1842 = ORIENTED_EDGE('',*,*,#1843,.F.);
#1843 = EDGE_CURVE('',#1844,#1846,#1848,.T.);
#1844 = VERTEX_POINT('',#1845);
#1845 = CARTESIAN_POINT('',(-0.1,-2.99,0.2));
#1846 = VERTEX_POINT('',#1847);
#1847 = CARTESIAN_POINT('',(0.1,-2.99,0.2));
#1848 = LINE('',#1849,#1850);
#1849 = CARTESIAN_POINT('',(-0.1,-2.99,0.2));
#1850 = VECTOR('',#1851,1.);
#1851 = DIRECTION('',(1.,-1.110223024625E-16,0.));
#1852 = ORIENTED_EDGE('',*,*,#1853,.T.);
#1853 = EDGE_CURVE('',#1844,#1854,#1856,.T.);
#1854 = VERTEX_POINT('',#1855);
#1855 = CARTESIAN_POINT('',(-0.1,-2.84,0.2));
#1856 = LINE('',#1857,#1858);
#1857 = CARTESIAN_POINT('',(-0.1,-2.99,0.2));
#1858 = VECTOR('',#1859,1.);
#1859 = DIRECTION('',(1.110223024625E-16,1.,0.));
#1860 = ORIENTED_EDGE('',*,*,#1861,.F.);
#1861 = EDGE_CURVE('',#1862,#1854,#1864,.T.);
#1862 = VERTEX_POINT('',#1863);
#1863 = CARTESIAN_POINT('',(-0.1,-2.24,0.2));
#1864 = LINE('',#1865,#1866);
#1865 = CARTESIAN_POINT('',(-0.1,-5.715,0.2));
#1866 = VECTOR('',#1867,1.);
#1867 = DIRECTION('',(-1.110223024625E-16,-1.,0.));
#1868 = ORIENTED_EDGE('',*,*,#1869,.T.);
#1869 = EDGE_CURVE('',#1862,#1870,#1872,.T.);
#1870 = VERTEX_POINT('',#1871);
#1871 = CARTESIAN_POINT('',(-0.1,-2.09,0.2));
#1872 = LINE('',#1873,#1874);
#1873 = CARTESIAN_POINT('',(-0.1,-2.99,0.2));
#1874 = VECTOR('',#1875,1.);
#1875 = DIRECTION('',(1.110223024625E-16,1.,0.));
#1876 = ORIENTED_EDGE('',*,*,#1877,.T.);
#1877 = EDGE_CURVE('',#1870,#1878,#1880,.T.);
#1878 = VERTEX_POINT('',#1879);
#1879 = CARTESIAN_POINT('',(0.1,-2.09,0.2));
#1880 = LINE('',#1881,#1882);
#1881 = CARTESIAN_POINT('',(-0.1,-2.09,0.2));
#1882 = VECTOR('',#1883,1.);
#1883 = DIRECTION('',(1.,-1.110223024625E-16,0.));
#1884 = ORIENTED_EDGE('',*,*,#1885,.T.);
#1885 = EDGE_CURVE('',#1878,#1886,#1888,.T.);
#1886 = VERTEX_POINT('',#1887);
#1887 = CARTESIAN_POINT('',(0.1,-2.24,0.2));
#1888 = LINE('',#1889,#1890);
#1889 = CARTESIAN_POINT('',(0.1,-2.09,0.2));
#1890 = VECTOR('',#1891,1.);
#1891 = DIRECTION('',(-1.110223024625E-16,-1.,0.));
#1892 = ORIENTED_EDGE('',*,*,#1893,.T.);
#1893 = EDGE_CURVE('',#1886,#1894,#1896,.T.);
#1894 = VERTEX_POINT('',#1895);
#1895 = CARTESIAN_POINT('',(0.1,-2.84,0.2));
#1896 = LINE('',#1897,#1898);
#1897 = CARTESIAN_POINT('',(0.1,-5.715,0.2));
#1898 = VECTOR('',#1899,1.);
#1899 = DIRECTION('',(-1.110223024625E-16,-1.,0.));
#1900 = ORIENTED_EDGE('',*,*,#1901,.T.);
#1901 = EDGE_CURVE('',#1894,#1846,#1902,.T.);
#1902 = LINE('',#1903,#1904);
#1903 = CARTESIAN_POINT('',(0.1,-2.09,0.2));
#1904 = VECTOR('',#1905,1.);
#1905 = DIRECTION('',(-1.110223024625E-16,-1.,0.));
#1906 = FACE_BOUND('',#1907,.F.);
#1907 = EDGE_LOOP('',(#1908,#1918,#1926,#1934,#1942,#1950,#1958,#1966));
#1908 = ORIENTED_EDGE('',*,*,#1909,.F.);
#1909 = EDGE_CURVE('',#1910,#1912,#1914,.T.);
#1910 = VERTEX_POINT('',#1911);
#1911 = CARTESIAN_POINT('',(-0.1,-0.45,0.2));
#1912 = VERTEX_POINT('',#1913);
#1913 = CARTESIAN_POINT('',(0.1,-0.45,0.2));
#1914 = LINE('',#1915,#1916);
#1915 = CARTESIAN_POINT('',(-0.1,-0.45,0.2));
#1916 = VECTOR('',#1917,1.);
#1917 = DIRECTION('',(1.,-1.110223024625E-16,0.));
#1918 = ORIENTED_EDGE('',*,*,#1919,.T.);
#1919 = EDGE_CURVE('',#1910,#1920,#1922,.T.);
#1920 = VERTEX_POINT('',#1921);
#1921 = CARTESIAN_POINT('',(-0.1,-0.3,0.2));
#1922 = LINE('',#1923,#1924);
#1923 = CARTESIAN_POINT('',(-0.1,-0.45,0.2));
#1924 = VECTOR('',#1925,1.);
#1925 = DIRECTION('',(1.110223024625E-16,1.,0.));
#1926 = ORIENTED_EDGE('',*,*,#1927,.F.);
#1927 = EDGE_CURVE('',#1928,#1920,#1930,.T.);
#1928 = VERTEX_POINT('',#1929);
#1929 = CARTESIAN_POINT('',(-0.1,0.3,0.2));
#1930 = LINE('',#1931,#1932);
#1931 = CARTESIAN_POINT('',(-0.1,-4.445,0.2));
#1932 = VECTOR('',#1933,1.);
#1933 = DIRECTION('',(-1.110223024625E-16,-1.,0.));
#1934 = ORIENTED_EDGE('',*,*,#1935,.T.);
#1935 = EDGE_CURVE('',#1928,#1936,#1938,.T.);
#1936 = VERTEX_POINT('',#1937);
#1937 = CARTESIAN_POINT('',(-0.1,0.45,0.2));
#1938 = LINE('',#1939,#1940);
#1939 = CARTESIAN_POINT('',(-0.1,-0.45,0.2));
#1940 = VECTOR('',#1941,1.);
#1941 = DIRECTION('',(1.110223024625E-16,1.,0.));
#1942 = ORIENTED_EDGE('',*,*,#1943,.T.);
#1943 = EDGE_CURVE('',#1936,#1944,#1946,.T.);
#1944 = VERTEX_POINT('',#1945);
#1945 = CARTESIAN_POINT('',(0.1,0.45,0.2));
#1946 = LINE('',#1947,#1948);
#1947 = CARTESIAN_POINT('',(-0.1,0.45,0.2));
#1948 = VECTOR('',#1949,1.);
#1949 = DIRECTION('',(1.,-1.110223024625E-16,0.));
#1950 = ORIENTED_EDGE('',*,*,#1951,.T.);
#1951 = EDGE_CURVE('',#1944,#1952,#1954,.T.);
#1952 = VERTEX_POINT('',#1953);
#1953 = CARTESIAN_POINT('',(0.1,0.3,0.2));
#1954 = LINE('',#1955,#1956);
#1955 = CARTESIAN_POINT('',(0.1,0.45,0.2));
#1956 = VECTOR('',#1957,1.);
#1957 = DIRECTION('',(-1.110223024625E-16,-1.,0.));
#1958 = ORIENTED_EDGE('',*,*,#1959,.T.);
#1959 = EDGE_CURVE('',#1952,#1960,#1962,.T.);
#1960 = VERTEX_POINT('',#1961);
#1961 = CARTESIAN_POINT('',(0.1,-0.3,0.2));
#1962 = LINE('',#1963,#1964);
#1963 = CARTESIAN_POINT('',(0.1,-4.445,0.2));
#1964 = VECTOR('',#1965,1.);
#1965 = DIRECTION('',(-1.110223024625E-16,-1.,0.));
#1966 = ORIENTED_EDGE('',*,*,#1967,.T.);
#1967 = EDGE_CURVE('',#1960,#1912,#1968,.T.);
#1968 = LINE('',#1969,#1970);
#1969 = CARTESIAN_POINT('',(0.1,0.45,0.2));
#1970 = VECTOR('',#1971,1.);
#1971 = DIRECTION('',(-1.110223024625E-16,-1.,0.));
#1972 = PLANE('',#1973);
#1973 = AXIS2_PLACEMENT_3D('',#1974,#1975,#1976);
#1974 = CARTESIAN_POINT('',(-9.592326932761E-16,-8.89,0.2));
#1975 = DIRECTION('',(0.,0.,1.));
#1976 = DIRECTION('',(1.110223024625E-16,1.,-0.));
#1977 = ADVANCED_FACE('',(#1978),#1984,.T.);
#1978 = FACE_BOUND('',#1979,.T.);
#1979 = EDGE_LOOP('',(#1980,#1981,#1982,#1983));
#1980 = ORIENTED_EDGE('',*,*,#998,.T.);
#1981 = ORIENTED_EDGE('',*,*,#1436,.T.);
#1982 = ORIENTED_EDGE('',*,*,#1077,.F.);
#1983 = ORIENTED_EDGE('',*,*,#1094,.F.);
#1984 = PLANE('',#1985);
#1985 = AXIS2_PLACEMENT_3D('',#1986,#1987,#1988);
#1986 = CARTESIAN_POINT('',(0.846666666667,-19.05,0.));
#1987 = DIRECTION('',(-1.,1.110223024625E-16,0.));
#1988 = DIRECTION('',(1.110223024625E-16,1.,0.));
#1989 = ADVANCED_FACE('',(#1990),#1996,.F.);
#1990 = FACE_BOUND('',#1991,.F.);
#1991 = EDGE_LOOP('',(#1992,#1993,#1994,#1995));
#1992 = ORIENTED_EDGE('',*,*,#1045,.T.);
#1993 = ORIENTED_EDGE('',*,*,#1110,.T.);
#1994 = ORIENTED_EDGE('',*,*,#975,.F.);
#1995 = ORIENTED_EDGE('',*,*,#1405,.F.);
#1996 = PLANE('',#1997);
#1997 = AXIS2_PLACEMENT_3D('',#1998,#1999,#2000);
#1998 = CARTESIAN_POINT('',(-1.27,1.27,0.));
#1999 = DIRECTION('',(1.,-1.110223024625E-16,0.));
#2000 = DIRECTION('',(-1.110223024625E-16,-1.,0.));
#2001 = ADVANCED_FACE('',(#2002),#2027,.T.);
#2002 = FACE_BOUND('',#2003,.T.);
#2003 = EDGE_LOOP('',(#2004,#2012,#2013,#2021));
#2004 = ORIENTED_EDGE('',*,*,#2005,.F.);
#2005 = EDGE_CURVE('',#1120,#2006,#2008,.T.);
#2006 = VERTEX_POINT('',#2007);
#2007 = CARTESIAN_POINT('',(0.3,-18.08,8.2));
#2008 = LINE('',#2009,#2010);
#2009 = CARTESIAN_POINT('',(0.3,-18.08,8.2));
#2010 = VECTOR('',#2011,1.);
#2011 = DIRECTION('',(-0.57735026919,0.57735026919,-0.57735026919));
#2012 = ORIENTED_EDGE('',*,*,#1119,.T.);
#2013 = ORIENTED_EDGE('',*,*,#2014,.T.);
#2014 = EDGE_CURVE('',#1122,#2015,#2017,.T.);
#2015 = VERTEX_POINT('',#2016);
#2016 = CARTESIAN_POINT('',(0.3,-17.48,8.2));
#2017 = LINE('',#2018,#2019);
#2018 = CARTESIAN_POINT('',(0.3,-17.48,8.2));
#2019 = VECTOR('',#2020,1.);
#2020 = DIRECTION('',(-0.57735026919,-0.57735026919,-0.57735026919));
#2021 = ORIENTED_EDGE('',*,*,#2022,.F.);
#2022 = EDGE_CURVE('',#2006,#2015,#2023,.T.);
#2023 = LINE('',#2024,#2025);
#2024 = CARTESIAN_POINT('',(0.3,-18.38,8.2));
#2025 = VECTOR('',#2026,1.);
#2026 = DIRECTION('',(1.110223024625E-16,1.,0.));
#2027 = PLANE('',#2028);
#2028 = AXIS2_PLACEMENT_3D('',#2029,#2030,#2031);
#2029 = CARTESIAN_POINT('',(0.45,-18.38,8.35));
#2030 = DIRECTION('',(-0.707106781187,7.850462293414E-17,0.707106781187)
  );
#2031 = DIRECTION('',(1.110223024625E-16,1.,2.680278185005E-29));
#2032 = ADVANCED_FACE('',(#2033),#2051,.T.);
#2033 = FACE_BOUND('',#2034,.T.);
#2034 = EDGE_LOOP('',(#2035,#2036,#2037,#2045));
#2035 = ORIENTED_EDGE('',*,*,#2014,.F.);
#2036 = ORIENTED_EDGE('',*,*,#1145,.T.);
#2037 = ORIENTED_EDGE('',*,*,#2038,.T.);
#2038 = EDGE_CURVE('',#1138,#2039,#2041,.T.);
#2039 = VERTEX_POINT('',#2040);
#2040 = CARTESIAN_POINT('',(-0.3,-17.48,8.2));
#2041 = LINE('',#2042,#2043);
#2042 = CARTESIAN_POINT('',(-0.3,-17.48,8.2));
#2043 = VECTOR('',#2044,1.);
#2044 = DIRECTION('',(0.57735026919,-0.57735026919,-0.57735026919));
#2045 = ORIENTED_EDGE('',*,*,#2046,.F.);
#2046 = EDGE_CURVE('',#2015,#2039,#2047,.T.);
#2047 = LINE('',#2048,#2049);
#2048 = CARTESIAN_POINT('',(0.6,-17.48,8.2));
#2049 = VECTOR('',#2050,1.);
#2050 = DIRECTION('',(-1.,1.110223024625E-16,0.));
#2051 = PLANE('',#2052);
#2052 = AXIS2_PLACEMENT_3D('',#2053,#2054,#2055);
#2053 = CARTESIAN_POINT('',(0.6,-17.33,8.35));
#2054 = DIRECTION('',(-7.850462293414E-17,-0.707106781187,0.707106781187
    ));
#2055 = DIRECTION('',(-1.,1.110223024625E-16,2.680278185005E-29));
#2056 = ADVANCED_FACE('',(#2057),#2075,.T.);
#2057 = FACE_BOUND('',#2058,.T.);
#2058 = EDGE_LOOP('',(#2059,#2060,#2061,#2069));
#2059 = ORIENTED_EDGE('',*,*,#2038,.F.);
#2060 = ORIENTED_EDGE('',*,*,#1137,.T.);
#2061 = ORIENTED_EDGE('',*,*,#2062,.T.);
#2062 = EDGE_CURVE('',#1130,#2063,#2065,.T.);
#2063 = VERTEX_POINT('',#2064);
#2064 = CARTESIAN_POINT('',(-0.3,-18.08,8.2));
#2065 = LINE('',#2066,#2067);
#2066 = CARTESIAN_POINT('',(-0.3,-18.08,8.2));
#2067 = VECTOR('',#2068,1.);
#2068 = DIRECTION('',(0.57735026919,0.57735026919,-0.57735026919));
#2069 = ORIENTED_EDGE('',*,*,#2070,.F.);
#2070 = EDGE_CURVE('',#2039,#2063,#2071,.T.);
#2071 = LINE('',#2072,#2073);
#2072 = CARTESIAN_POINT('',(-0.3,-17.18,8.2));
#2073 = VECTOR('',#2074,1.);
#2074 = DIRECTION('',(-1.110223024625E-16,-1.,0.));
#2075 = PLANE('',#2076);
#2076 = AXIS2_PLACEMENT_3D('',#2077,#2078,#2079);
#2077 = CARTESIAN_POINT('',(-0.45,-17.18,8.35));
#2078 = DIRECTION('',(0.707106781187,-7.850462293414E-17,0.707106781187)
  );
#2079 = DIRECTION('',(-1.110223024625E-16,-1.,2.680278185005E-29));
#2080 = ADVANCED_FACE('',(#2081),#2092,.T.);
#2081 = FACE_BOUND('',#2082,.T.);
#2082 = EDGE_LOOP('',(#2083,#2084,#2085,#2086));
#2083 = ORIENTED_EDGE('',*,*,#2062,.F.);
#2084 = ORIENTED_EDGE('',*,*,#1129,.T.);
#2085 = ORIENTED_EDGE('',*,*,#2005,.T.);
#2086 = ORIENTED_EDGE('',*,*,#2087,.F.);
#2087 = EDGE_CURVE('',#2063,#2006,#2088,.T.);
#2088 = LINE('',#2089,#2090);
#2089 = CARTESIAN_POINT('',(-0.6,-18.08,8.2));
#2090 = VECTOR('',#2091,1.);
#2091 = DIRECTION('',(1.,-1.110223024625E-16,0.));
#2092 = PLANE('',#2093);
#2093 = AXIS2_PLACEMENT_3D('',#2094,#2095,#2096);
#2094 = CARTESIAN_POINT('',(-0.6,-18.23,8.35));
#2095 = DIRECTION('',(7.850462293414E-17,0.707106781187,0.707106781187)
  );
#2096 = DIRECTION('',(1.,-1.110223024625E-16,2.680278185005E-29));
#2097 = ADVANCED_FACE('',(#2098),#2123,.T.);
#2098 = FACE_BOUND('',#2099,.T.);
#2099 = EDGE_LOOP('',(#2100,#2108,#2109,#2117));
#2100 = ORIENTED_EDGE('',*,*,#2101,.F.);
#2101 = EDGE_CURVE('',#1154,#2102,#2104,.T.);
#2102 = VERTEX_POINT('',#2103);
#2103 = CARTESIAN_POINT('',(0.3,-15.54,8.2));
#2104 = LINE('',#2105,#2106);
#2105 = CARTESIAN_POINT('',(0.3,-15.54,8.2));
#2106 = VECTOR('',#2107,1.);
#2107 = DIRECTION('',(-0.57735026919,0.57735026919,-0.57735026919));
#2108 = ORIENTED_EDGE('',*,*,#1153,.T.);
#2109 = ORIENTED_EDGE('',*,*,#2110,.T.);
#2110 = EDGE_CURVE('',#1156,#2111,#2113,.T.);
#2111 = VERTEX_POINT('',#2112);
#2112 = CARTESIAN_POINT('',(0.3,-14.94,8.2));
#2113 = LINE('',#2114,#2115);
#2114 = CARTESIAN_POINT('',(0.3,-14.94,8.2));
#2115 = VECTOR('',#2116,1.);
#2116 = DIRECTION('',(-0.57735026919,-0.57735026919,-0.57735026919));
#2117 = ORIENTED_EDGE('',*,*,#2118,.F.);
#2118 = EDGE_CURVE('',#2102,#2111,#2119,.T.);
#2119 = LINE('',#2120,#2121);
#2120 = CARTESIAN_POINT('',(0.3,-15.84,8.2));
#2121 = VECTOR('',#2122,1.);
#2122 = DIRECTION('',(1.110223024625E-16,1.,0.));
#2123 = PLANE('',#2124);
#2124 = AXIS2_PLACEMENT_3D('',#2125,#2126,#2127);
#2125 = CARTESIAN_POINT('',(0.45,-15.84,8.35));
#2126 = DIRECTION('',(-0.707106781187,7.850462293414E-17,0.707106781187)
  );
#2127 = DIRECTION('',(1.110223024625E-16,1.,2.680278185005E-29));
#2128 = ADVANCED_FACE('',(#2129),#2147,.T.);
#2129 = FACE_BOUND('',#2130,.T.);
#2130 = EDGE_LOOP('',(#2131,#2132,#2133,#2141));
#2131 = ORIENTED_EDGE('',*,*,#2110,.F.);
#2132 = ORIENTED_EDGE('',*,*,#1179,.T.);
#2133 = ORIENTED_EDGE('',*,*,#2134,.T.);
#2134 = EDGE_CURVE('',#1172,#2135,#2137,.T.);
#2135 = VERTEX_POINT('',#2136);
#2136 = CARTESIAN_POINT('',(-0.3,-14.94,8.2));
#2137 = LINE('',#2138,#2139);
#2138 = CARTESIAN_POINT('',(-0.3,-14.94,8.2));
#2139 = VECTOR('',#2140,1.);
#2140 = DIRECTION('',(0.57735026919,-0.57735026919,-0.57735026919));
#2141 = ORIENTED_EDGE('',*,*,#2142,.F.);
#2142 = EDGE_CURVE('',#2111,#2135,#2143,.T.);
#2143 = LINE('',#2144,#2145);
#2144 = CARTESIAN_POINT('',(0.6,-14.94,8.2));
#2145 = VECTOR('',#2146,1.);
#2146 = DIRECTION('',(-1.,1.110223024625E-16,0.));
#2147 = PLANE('',#2148);
#2148 = AXIS2_PLACEMENT_3D('',#2149,#2150,#2151);
#2149 = CARTESIAN_POINT('',(0.6,-14.79,8.35));
#2150 = DIRECTION('',(-7.850462293414E-17,-0.707106781187,0.707106781187
    ));
#2151 = DIRECTION('',(-1.,1.110223024625E-16,2.680278185005E-29));
#2152 = ADVANCED_FACE('',(#2153),#2171,.T.);
#2153 = FACE_BOUND('',#2154,.T.);
#2154 = EDGE_LOOP('',(#2155,#2156,#2157,#2165));
#2155 = ORIENTED_EDGE('',*,*,#2134,.F.);
#2156 = ORIENTED_EDGE('',*,*,#1171,.T.);
#2157 = ORIENTED_EDGE('',*,*,#2158,.T.);
#2158 = EDGE_CURVE('',#1164,#2159,#2161,.T.);
#2159 = VERTEX_POINT('',#2160);
#2160 = CARTESIAN_POINT('',(-0.3,-15.54,8.2));
#2161 = LINE('',#2162,#2163);
#2162 = CARTESIAN_POINT('',(-0.3,-15.54,8.2));
#2163 = VECTOR('',#2164,1.);
#2164 = DIRECTION('',(0.57735026919,0.57735026919,-0.57735026919));
#2165 = ORIENTED_EDGE('',*,*,#2166,.F.);
#2166 = EDGE_CURVE('',#2135,#2159,#2167,.T.);
#2167 = LINE('',#2168,#2169);
#2168 = CARTESIAN_POINT('',(-0.3,-14.64,8.2));
#2169 = VECTOR('',#2170,1.);
#2170 = DIRECTION('',(-1.110223024625E-16,-1.,0.));
#2171 = PLANE('',#2172);
#2172 = AXIS2_PLACEMENT_3D('',#2173,#2174,#2175);
#2173 = CARTESIAN_POINT('',(-0.45,-14.64,8.35));
#2174 = DIRECTION('',(0.707106781187,-7.850462293414E-17,0.707106781187)
  );
#2175 = DIRECTION('',(-1.110223024625E-16,-1.,2.680278185005E-29));
#2176 = ADVANCED_FACE('',(#2177),#2188,.T.);
#2177 = FACE_BOUND('',#2178,.T.);
#2178 = EDGE_LOOP('',(#2179,#2180,#2181,#2182));
#2179 = ORIENTED_EDGE('',*,*,#2158,.F.);
#2180 = ORIENTED_EDGE('',*,*,#1163,.T.);
#2181 = ORIENTED_EDGE('',*,*,#2101,.T.);
#2182 = ORIENTED_EDGE('',*,*,#2183,.F.);
#2183 = EDGE_CURVE('',#2159,#2102,#2184,.T.);
#2184 = LINE('',#2185,#2186);
#2185 = CARTESIAN_POINT('',(-0.6,-15.54,8.2));
#2186 = VECTOR('',#2187,1.);
#2187 = DIRECTION('',(1.,-1.110223024625E-16,0.));
#2188 = PLANE('',#2189);
#2189 = AXIS2_PLACEMENT_3D('',#2190,#2191,#2192);
#2190 = CARTESIAN_POINT('',(-0.6,-15.69,8.35));
#2191 = DIRECTION('',(7.850462293414E-17,0.707106781187,0.707106781187)
  );
#2192 = DIRECTION('',(1.,-1.110223024625E-16,2.680278185005E-29));
#2193 = ADVANCED_FACE('',(#2194),#2219,.T.);
#2194 = FACE_BOUND('',#2195,.T.);
#2195 = EDGE_LOOP('',(#2196,#2204,#2205,#2213));
#2196 = ORIENTED_EDGE('',*,*,#2197,.F.);
#2197 = EDGE_CURVE('',#1188,#2198,#2200,.T.);
#2198 = VERTEX_POINT('',#2199);
#2199 = CARTESIAN_POINT('',(0.3,-13.,8.2));
#2200 = LINE('',#2201,#2202);
#2201 = CARTESIAN_POINT('',(0.3,-13.,8.2));
#2202 = VECTOR('',#2203,1.);
#2203 = DIRECTION('',(-0.57735026919,0.57735026919,-0.57735026919));
#2204 = ORIENTED_EDGE('',*,*,#1187,.T.);
#2205 = ORIENTED_EDGE('',*,*,#2206,.T.);
#2206 = EDGE_CURVE('',#1190,#2207,#2209,.T.);
#2207 = VERTEX_POINT('',#2208);
#2208 = CARTESIAN_POINT('',(0.3,-12.4,8.2));
#2209 = LINE('',#2210,#2211);
#2210 = CARTESIAN_POINT('',(0.3,-12.4,8.2));
#2211 = VECTOR('',#2212,1.);
#2212 = DIRECTION('',(-0.57735026919,-0.57735026919,-0.57735026919));
#2213 = ORIENTED_EDGE('',*,*,#2214,.F.);
#2214 = EDGE_CURVE('',#2198,#2207,#2215,.T.);
#2215 = LINE('',#2216,#2217);
#2216 = CARTESIAN_POINT('',(0.3,-13.3,8.2));
#2217 = VECTOR('',#2218,1.);
#2218 = DIRECTION('',(1.110223024625E-16,1.,0.));
#2219 = PLANE('',#2220);
#2220 = AXIS2_PLACEMENT_3D('',#2221,#2222,#2223);
#2221 = CARTESIAN_POINT('',(0.45,-13.3,8.35));
#2222 = DIRECTION('',(-0.707106781187,7.850462293414E-17,0.707106781187)
  );
#2223 = DIRECTION('',(1.110223024625E-16,1.,2.680278185005E-29));
#2224 = ADVANCED_FACE('',(#2225),#2243,.T.);
#2225 = FACE_BOUND('',#2226,.T.);
#2226 = EDGE_LOOP('',(#2227,#2228,#2229,#2237));
#2227 = ORIENTED_EDGE('',*,*,#2206,.F.);
#2228 = ORIENTED_EDGE('',*,*,#1213,.T.);
#2229 = ORIENTED_EDGE('',*,*,#2230,.T.);
#2230 = EDGE_CURVE('',#1206,#2231,#2233,.T.);
#2231 = VERTEX_POINT('',#2232);
#2232 = CARTESIAN_POINT('',(-0.3,-12.4,8.2));
#2233 = LINE('',#2234,#2235);
#2234 = CARTESIAN_POINT('',(-0.3,-12.4,8.2));
#2235 = VECTOR('',#2236,1.);
#2236 = DIRECTION('',(0.57735026919,-0.57735026919,-0.57735026919));
#2237 = ORIENTED_EDGE('',*,*,#2238,.F.);
#2238 = EDGE_CURVE('',#2207,#2231,#2239,.T.);
#2239 = LINE('',#2240,#2241);
#2240 = CARTESIAN_POINT('',(0.6,-12.4,8.2));
#2241 = VECTOR('',#2242,1.);
#2242 = DIRECTION('',(-1.,1.110223024625E-16,0.));
#2243 = PLANE('',#2244);
#2244 = AXIS2_PLACEMENT_3D('',#2245,#2246,#2247);
#2245 = CARTESIAN_POINT('',(0.6,-12.25,8.35));
#2246 = DIRECTION('',(-7.850462293414E-17,-0.707106781187,0.707106781187
    ));
#2247 = DIRECTION('',(-1.,1.110223024625E-16,2.680278185005E-29));
#2248 = ADVANCED_FACE('',(#2249),#2267,.T.);
#2249 = FACE_BOUND('',#2250,.T.);
#2250 = EDGE_LOOP('',(#2251,#2252,#2253,#2261));
#2251 = ORIENTED_EDGE('',*,*,#2230,.F.);
#2252 = ORIENTED_EDGE('',*,*,#1205,.T.);
#2253 = ORIENTED_EDGE('',*,*,#2254,.T.);
#2254 = EDGE_CURVE('',#1198,#2255,#2257,.T.);
#2255 = VERTEX_POINT('',#2256);
#2256 = CARTESIAN_POINT('',(-0.3,-13.,8.2));
#2257 = LINE('',#2258,#2259);
#2258 = CARTESIAN_POINT('',(-0.3,-13.,8.2));
#2259 = VECTOR('',#2260,1.);
#2260 = DIRECTION('',(0.57735026919,0.57735026919,-0.57735026919));
#2261 = ORIENTED_EDGE('',*,*,#2262,.F.);
#2262 = EDGE_CURVE('',#2231,#2255,#2263,.T.);
#2263 = LINE('',#2264,#2265);
#2264 = CARTESIAN_POINT('',(-0.3,-12.1,8.2));
#2265 = VECTOR('',#2266,1.);
#2266 = DIRECTION('',(-1.110223024625E-16,-1.,0.));
#2267 = PLANE('',#2268);
#2268 = AXIS2_PLACEMENT_3D('',#2269,#2270,#2271);
#2269 = CARTESIAN_POINT('',(-0.45,-12.1,8.35));
#2270 = DIRECTION('',(0.707106781187,-7.850462293414E-17,0.707106781187)
  );
#2271 = DIRECTION('',(-1.110223024625E-16,-1.,2.680278185005E-29));
#2272 = ADVANCED_FACE('',(#2273),#2284,.T.);
#2273 = FACE_BOUND('',#2274,.T.);
#2274 = EDGE_LOOP('',(#2275,#2276,#2277,#2278));
#2275 = ORIENTED_EDGE('',*,*,#2254,.F.);
#2276 = ORIENTED_EDGE('',*,*,#1197,.T.);
#2277 = ORIENTED_EDGE('',*,*,#2197,.T.);
#2278 = ORIENTED_EDGE('',*,*,#2279,.F.);
#2279 = EDGE_CURVE('',#2255,#2198,#2280,.T.);
#2280 = LINE('',#2281,#2282);
#2281 = CARTESIAN_POINT('',(-0.6,-13.,8.2));
#2282 = VECTOR('',#2283,1.);
#2283 = DIRECTION('',(1.,-1.110223024625E-16,0.));
#2284 = PLANE('',#2285);
#2285 = AXIS2_PLACEMENT_3D('',#2286,#2287,#2288);
#2286 = CARTESIAN_POINT('',(-0.6,-13.15,8.35));
#2287 = DIRECTION('',(7.850462293414E-17,0.707106781187,0.707106781187)
  );
#2288 = DIRECTION('',(1.,-1.110223024625E-16,2.680278185005E-29));
#2289 = ADVANCED_FACE('',(#2290),#2315,.T.);
#2290 = FACE_BOUND('',#2291,.T.);
#2291 = EDGE_LOOP('',(#2292,#2300,#2301,#2309));
#2292 = ORIENTED_EDGE('',*,*,#2293,.F.);
#2293 = EDGE_CURVE('',#1222,#2294,#2296,.T.);
#2294 = VERTEX_POINT('',#2295);
#2295 = CARTESIAN_POINT('',(0.3,-10.46,8.2));
#2296 = LINE('',#2297,#2298);
#2297 = CARTESIAN_POINT('',(0.3,-10.46,8.2));
#2298 = VECTOR('',#2299,1.);
#2299 = DIRECTION('',(-0.57735026919,0.57735026919,-0.57735026919));
#2300 = ORIENTED_EDGE('',*,*,#1221,.T.);
#2301 = ORIENTED_EDGE('',*,*,#2302,.T.);
#2302 = EDGE_CURVE('',#1224,#2303,#2305,.T.);
#2303 = VERTEX_POINT('',#2304);
#2304 = CARTESIAN_POINT('',(0.3,-9.86,8.2));
#2305 = LINE('',#2306,#2307);
#2306 = CARTESIAN_POINT('',(0.3,-9.86,8.2));
#2307 = VECTOR('',#2308,1.);
#2308 = DIRECTION('',(-0.57735026919,-0.57735026919,-0.57735026919));
#2309 = ORIENTED_EDGE('',*,*,#2310,.F.);
#2310 = EDGE_CURVE('',#2294,#2303,#2311,.T.);
#2311 = LINE('',#2312,#2313);
#2312 = CARTESIAN_POINT('',(0.3,-10.76,8.2));
#2313 = VECTOR('',#2314,1.);
#2314 = DIRECTION('',(1.110223024625E-16,1.,0.));
#2315 = PLANE('',#2316);
#2316 = AXIS2_PLACEMENT_3D('',#2317,#2318,#2319);
#2317 = CARTESIAN_POINT('',(0.45,-10.76,8.35));
#2318 = DIRECTION('',(-0.707106781187,7.850462293414E-17,0.707106781187)
  );
#2319 = DIRECTION('',(1.110223024625E-16,1.,2.680278185005E-29));
#2320 = ADVANCED_FACE('',(#2321),#2339,.T.);
#2321 = FACE_BOUND('',#2322,.T.);
#2322 = EDGE_LOOP('',(#2323,#2324,#2325,#2333));
#2323 = ORIENTED_EDGE('',*,*,#2302,.F.);
#2324 = ORIENTED_EDGE('',*,*,#1247,.T.);
#2325 = ORIENTED_EDGE('',*,*,#2326,.T.);
#2326 = EDGE_CURVE('',#1240,#2327,#2329,.T.);
#2327 = VERTEX_POINT('',#2328);
#2328 = CARTESIAN_POINT('',(-0.3,-9.86,8.2));
#2329 = LINE('',#2330,#2331);
#2330 = CARTESIAN_POINT('',(-0.3,-9.86,8.2));
#2331 = VECTOR('',#2332,1.);
#2332 = DIRECTION('',(0.57735026919,-0.57735026919,-0.57735026919));
#2333 = ORIENTED_EDGE('',*,*,#2334,.F.);
#2334 = EDGE_CURVE('',#2303,#2327,#2335,.T.);
#2335 = LINE('',#2336,#2337);
#2336 = CARTESIAN_POINT('',(0.6,-9.86,8.2));
#2337 = VECTOR('',#2338,1.);
#2338 = DIRECTION('',(-1.,1.110223024625E-16,0.));
#2339 = PLANE('',#2340);
#2340 = AXIS2_PLACEMENT_3D('',#2341,#2342,#2343);
#2341 = CARTESIAN_POINT('',(0.6,-9.71,8.35));
#2342 = DIRECTION('',(-7.850462293414E-17,-0.707106781187,0.707106781187
    ));
#2343 = DIRECTION('',(-1.,1.110223024625E-16,2.680278185005E-29));
#2344 = ADVANCED_FACE('',(#2345),#2363,.T.);
#2345 = FACE_BOUND('',#2346,.T.);
#2346 = EDGE_LOOP('',(#2347,#2348,#2349,#2357));
#2347 = ORIENTED_EDGE('',*,*,#2326,.F.);
#2348 = ORIENTED_EDGE('',*,*,#1239,.T.);
#2349 = ORIENTED_EDGE('',*,*,#2350,.T.);
#2350 = EDGE_CURVE('',#1232,#2351,#2353,.T.);
#2351 = VERTEX_POINT('',#2352);
#2352 = CARTESIAN_POINT('',(-0.3,-10.46,8.2));
#2353 = LINE('',#2354,#2355);
#2354 = CARTESIAN_POINT('',(-0.3,-10.46,8.2));
#2355 = VECTOR('',#2356,1.);
#2356 = DIRECTION('',(0.57735026919,0.57735026919,-0.57735026919));
#2357 = ORIENTED_EDGE('',*,*,#2358,.F.);
#2358 = EDGE_CURVE('',#2327,#2351,#2359,.T.);
#2359 = LINE('',#2360,#2361);
#2360 = CARTESIAN_POINT('',(-0.3,-9.56,8.2));
#2361 = VECTOR('',#2362,1.);
#2362 = DIRECTION('',(-1.110223024625E-16,-1.,0.));
#2363 = PLANE('',#2364);
#2364 = AXIS2_PLACEMENT_3D('',#2365,#2366,#2367);
#2365 = CARTESIAN_POINT('',(-0.45,-9.56,8.35));
#2366 = DIRECTION('',(0.707106781187,-7.850462293414E-17,0.707106781187)
  );
#2367 = DIRECTION('',(-1.110223024625E-16,-1.,2.680278185005E-29));
#2368 = ADVANCED_FACE('',(#2369),#2380,.T.);
#2369 = FACE_BOUND('',#2370,.T.);
#2370 = EDGE_LOOP('',(#2371,#2372,#2373,#2374));
#2371 = ORIENTED_EDGE('',*,*,#2350,.F.);
#2372 = ORIENTED_EDGE('',*,*,#1231,.T.);
#2373 = ORIENTED_EDGE('',*,*,#2293,.T.);
#2374 = ORIENTED_EDGE('',*,*,#2375,.F.);
#2375 = EDGE_CURVE('',#2351,#2294,#2376,.T.);
#2376 = LINE('',#2377,#2378);
#2377 = CARTESIAN_POINT('',(-0.6,-10.46,8.2));
#2378 = VECTOR('',#2379,1.);
#2379 = DIRECTION('',(1.,-1.110223024625E-16,0.));
#2380 = PLANE('',#2381);
#2381 = AXIS2_PLACEMENT_3D('',#2382,#2383,#2384);
#2382 = CARTESIAN_POINT('',(-0.6,-10.61,8.35));
#2383 = DIRECTION('',(7.850462293414E-17,0.707106781187,0.707106781187)
  );
#2384 = DIRECTION('',(1.,-1.110223024625E-16,2.680278185005E-29));
#2385 = ADVANCED_FACE('',(#2386),#2411,.T.);
#2386 = FACE_BOUND('',#2387,.T.);
#2387 = EDGE_LOOP('',(#2388,#2396,#2397,#2405));
#2388 = ORIENTED_EDGE('',*,*,#2389,.F.);
#2389 = EDGE_CURVE('',#1256,#2390,#2392,.T.);
#2390 = VERTEX_POINT('',#2391);
#2391 = CARTESIAN_POINT('',(0.3,-7.92,8.2));
#2392 = LINE('',#2393,#2394);
#2393 = CARTESIAN_POINT('',(0.3,-7.92,8.2));
#2394 = VECTOR('',#2395,1.);
#2395 = DIRECTION('',(-0.57735026919,0.57735026919,-0.57735026919));
#2396 = ORIENTED_EDGE('',*,*,#1255,.T.);
#2397 = ORIENTED_EDGE('',*,*,#2398,.T.);
#2398 = EDGE_CURVE('',#1258,#2399,#2401,.T.);
#2399 = VERTEX_POINT('',#2400);
#2400 = CARTESIAN_POINT('',(0.3,-7.32,8.2));
#2401 = LINE('',#2402,#2403);
#2402 = CARTESIAN_POINT('',(0.3,-7.32,8.2));
#2403 = VECTOR('',#2404,1.);
#2404 = DIRECTION('',(-0.57735026919,-0.57735026919,-0.57735026919));
#2405 = ORIENTED_EDGE('',*,*,#2406,.F.);
#2406 = EDGE_CURVE('',#2390,#2399,#2407,.T.);
#2407 = LINE('',#2408,#2409);
#2408 = CARTESIAN_POINT('',(0.3,-8.22,8.2));
#2409 = VECTOR('',#2410,1.);
#2410 = DIRECTION('',(1.110223024625E-16,1.,0.));
#2411 = PLANE('',#2412);
#2412 = AXIS2_PLACEMENT_3D('',#2413,#2414,#2415);
#2413 = CARTESIAN_POINT('',(0.45,-8.22,8.35));
#2414 = DIRECTION('',(-0.707106781187,7.850462293414E-17,0.707106781187)
  );
#2415 = DIRECTION('',(1.110223024625E-16,1.,2.680278185005E-29));
#2416 = ADVANCED_FACE('',(#2417),#2435,.T.);
#2417 = FACE_BOUND('',#2418,.T.);
#2418 = EDGE_LOOP('',(#2419,#2420,#2421,#2429));
#2419 = ORIENTED_EDGE('',*,*,#2398,.F.);
#2420 = ORIENTED_EDGE('',*,*,#1281,.T.);
#2421 = ORIENTED_EDGE('',*,*,#2422,.T.);
#2422 = EDGE_CURVE('',#1274,#2423,#2425,.T.);
#2423 = VERTEX_POINT('',#2424);
#2424 = CARTESIAN_POINT('',(-0.3,-7.32,8.2));
#2425 = LINE('',#2426,#2427);
#2426 = CARTESIAN_POINT('',(-0.3,-7.32,8.2));
#2427 = VECTOR('',#2428,1.);
#2428 = DIRECTION('',(0.57735026919,-0.57735026919,-0.57735026919));
#2429 = ORIENTED_EDGE('',*,*,#2430,.F.);
#2430 = EDGE_CURVE('',#2399,#2423,#2431,.T.);
#2431 = LINE('',#2432,#2433);
#2432 = CARTESIAN_POINT('',(0.6,-7.32,8.2));
#2433 = VECTOR('',#2434,1.);
#2434 = DIRECTION('',(-1.,1.110223024625E-16,0.));
#2435 = PLANE('',#2436);
#2436 = AXIS2_PLACEMENT_3D('',#2437,#2438,#2439);
#2437 = CARTESIAN_POINT('',(0.6,-7.17,8.35));
#2438 = DIRECTION('',(-7.850462293414E-17,-0.707106781187,0.707106781187
    ));
#2439 = DIRECTION('',(-1.,1.110223024625E-16,2.680278185005E-29));
#2440 = ADVANCED_FACE('',(#2441),#2459,.T.);
#2441 = FACE_BOUND('',#2442,.T.);
#2442 = EDGE_LOOP('',(#2443,#2444,#2445,#2453));
#2443 = ORIENTED_EDGE('',*,*,#2422,.F.);
#2444 = ORIENTED_EDGE('',*,*,#1273,.T.);
#2445 = ORIENTED_EDGE('',*,*,#2446,.T.);
#2446 = EDGE_CURVE('',#1266,#2447,#2449,.T.);
#2447 = VERTEX_POINT('',#2448);
#2448 = CARTESIAN_POINT('',(-0.3,-7.92,8.2));
#2449 = LINE('',#2450,#2451);
#2450 = CARTESIAN_POINT('',(-0.3,-7.92,8.2));
#2451 = VECTOR('',#2452,1.);
#2452 = DIRECTION('',(0.57735026919,0.57735026919,-0.57735026919));
#2453 = ORIENTED_EDGE('',*,*,#2454,.F.);
#2454 = EDGE_CURVE('',#2423,#2447,#2455,.T.);
#2455 = LINE('',#2456,#2457);
#2456 = CARTESIAN_POINT('',(-0.3,-7.02,8.2));
#2457 = VECTOR('',#2458,1.);
#2458 = DIRECTION('',(-1.110223024625E-16,-1.,0.));
#2459 = PLANE('',#2460);
#2460 = AXIS2_PLACEMENT_3D('',#2461,#2462,#2463);
#2461 = CARTESIAN_POINT('',(-0.45,-7.02,8.35));
#2462 = DIRECTION('',(0.707106781187,-7.850462293414E-17,0.707106781187)
  );
#2463 = DIRECTION('',(-1.110223024625E-16,-1.,2.680278185005E-29));
#2464 = ADVANCED_FACE('',(#2465),#2476,.T.);
#2465 = FACE_BOUND('',#2466,.T.);
#2466 = EDGE_LOOP('',(#2467,#2468,#2469,#2470));
#2467 = ORIENTED_EDGE('',*,*,#2446,.F.);
#2468 = ORIENTED_EDGE('',*,*,#1265,.T.);
#2469 = ORIENTED_EDGE('',*,*,#2389,.T.);
#2470 = ORIENTED_EDGE('',*,*,#2471,.F.);
#2471 = EDGE_CURVE('',#2447,#2390,#2472,.T.);
#2472 = LINE('',#2473,#2474);
#2473 = CARTESIAN_POINT('',(-0.6,-7.92,8.2));
#2474 = VECTOR('',#2475,1.);
#2475 = DIRECTION('',(1.,-1.110223024625E-16,0.));
#2476 = PLANE('',#2477);
#2477 = AXIS2_PLACEMENT_3D('',#2478,#2479,#2480);
#2478 = CARTESIAN_POINT('',(-0.6,-8.07,8.35));
#2479 = DIRECTION('',(7.850462293414E-17,0.707106781187,0.707106781187)
  );
#2480 = DIRECTION('',(1.,-1.110223024625E-16,2.680278185005E-29));
#2481 = ADVANCED_FACE('',(#2482),#2507,.T.);
#2482 = FACE_BOUND('',#2483,.T.);
#2483 = EDGE_LOOP('',(#2484,#2492,#2493,#2501));
#2484 = ORIENTED_EDGE('',*,*,#2485,.F.);
#2485 = EDGE_CURVE('',#1290,#2486,#2488,.T.);
#2486 = VERTEX_POINT('',#2487);
#2487 = CARTESIAN_POINT('',(0.3,-5.38,8.2));
#2488 = LINE('',#2489,#2490);
#2489 = CARTESIAN_POINT('',(0.3,-5.38,8.2));
#2490 = VECTOR('',#2491,1.);
#2491 = DIRECTION('',(-0.57735026919,0.57735026919,-0.57735026919));
#2492 = ORIENTED_EDGE('',*,*,#1289,.T.);
#2493 = ORIENTED_EDGE('',*,*,#2494,.T.);
#2494 = EDGE_CURVE('',#1292,#2495,#2497,.T.);
#2495 = VERTEX_POINT('',#2496);
#2496 = CARTESIAN_POINT('',(0.3,-4.78,8.2));
#2497 = LINE('',#2498,#2499);
#2498 = CARTESIAN_POINT('',(0.3,-4.78,8.2));
#2499 = VECTOR('',#2500,1.);
#2500 = DIRECTION('',(-0.57735026919,-0.57735026919,-0.57735026919));
#2501 = ORIENTED_EDGE('',*,*,#2502,.F.);
#2502 = EDGE_CURVE('',#2486,#2495,#2503,.T.);
#2503 = LINE('',#2504,#2505);
#2504 = CARTESIAN_POINT('',(0.3,-5.68,8.2));
#2505 = VECTOR('',#2506,1.);
#2506 = DIRECTION('',(1.110223024625E-16,1.,0.));
#2507 = PLANE('',#2508);
#2508 = AXIS2_PLACEMENT_3D('',#2509,#2510,#2511);
#2509 = CARTESIAN_POINT('',(0.45,-5.68,8.35));
#2510 = DIRECTION('',(-0.707106781187,7.850462293414E-17,0.707106781187)
  );
#2511 = DIRECTION('',(1.110223024625E-16,1.,2.680278185005E-29));
#2512 = ADVANCED_FACE('',(#2513),#2531,.T.);
#2513 = FACE_BOUND('',#2514,.T.);
#2514 = EDGE_LOOP('',(#2515,#2516,#2517,#2525));
#2515 = ORIENTED_EDGE('',*,*,#2494,.F.);
#2516 = ORIENTED_EDGE('',*,*,#1315,.T.);
#2517 = ORIENTED_EDGE('',*,*,#2518,.T.);
#2518 = EDGE_CURVE('',#1308,#2519,#2521,.T.);
#2519 = VERTEX_POINT('',#2520);
#2520 = CARTESIAN_POINT('',(-0.3,-4.78,8.2));
#2521 = LINE('',#2522,#2523);
#2522 = CARTESIAN_POINT('',(-0.3,-4.78,8.2));
#2523 = VECTOR('',#2524,1.);
#2524 = DIRECTION('',(0.57735026919,-0.57735026919,-0.57735026919));
#2525 = ORIENTED_EDGE('',*,*,#2526,.F.);
#2526 = EDGE_CURVE('',#2495,#2519,#2527,.T.);
#2527 = LINE('',#2528,#2529);
#2528 = CARTESIAN_POINT('',(0.6,-4.78,8.2));
#2529 = VECTOR('',#2530,1.);
#2530 = DIRECTION('',(-1.,1.110223024625E-16,0.));
#2531 = PLANE('',#2532);
#2532 = AXIS2_PLACEMENT_3D('',#2533,#2534,#2535);
#2533 = CARTESIAN_POINT('',(0.6,-4.63,8.35));
#2534 = DIRECTION('',(-7.850462293414E-17,-0.707106781187,0.707106781187
    ));
#2535 = DIRECTION('',(-1.,1.110223024625E-16,2.680278185005E-29));
#2536 = ADVANCED_FACE('',(#2537),#2555,.T.);
#2537 = FACE_BOUND('',#2538,.T.);
#2538 = EDGE_LOOP('',(#2539,#2540,#2541,#2549));
#2539 = ORIENTED_EDGE('',*,*,#2518,.F.);
#2540 = ORIENTED_EDGE('',*,*,#1307,.T.);
#2541 = ORIENTED_EDGE('',*,*,#2542,.T.);
#2542 = EDGE_CURVE('',#1300,#2543,#2545,.T.);
#2543 = VERTEX_POINT('',#2544);
#2544 = CARTESIAN_POINT('',(-0.3,-5.38,8.2));
#2545 = LINE('',#2546,#2547);
#2546 = CARTESIAN_POINT('',(-0.3,-5.38,8.2));
#2547 = VECTOR('',#2548,1.);
#2548 = DIRECTION('',(0.57735026919,0.57735026919,-0.57735026919));
#2549 = ORIENTED_EDGE('',*,*,#2550,.F.);
#2550 = EDGE_CURVE('',#2519,#2543,#2551,.T.);
#2551 = LINE('',#2552,#2553);
#2552 = CARTESIAN_POINT('',(-0.3,-4.48,8.2));
#2553 = VECTOR('',#2554,1.);
#2554 = DIRECTION('',(-1.110223024625E-16,-1.,0.));
#2555 = PLANE('',#2556);
#2556 = AXIS2_PLACEMENT_3D('',#2557,#2558,#2559);
#2557 = CARTESIAN_POINT('',(-0.45,-4.48,8.35));
#2558 = DIRECTION('',(0.707106781187,-7.850462293414E-17,0.707106781187)
  );
#2559 = DIRECTION('',(-1.110223024625E-16,-1.,2.680278185005E-29));
#2560 = ADVANCED_FACE('',(#2561),#2572,.T.);
#2561 = FACE_BOUND('',#2562,.T.);
#2562 = EDGE_LOOP('',(#2563,#2564,#2565,#2566));
#2563 = ORIENTED_EDGE('',*,*,#2542,.F.);
#2564 = ORIENTED_EDGE('',*,*,#1299,.T.);
#2565 = ORIENTED_EDGE('',*,*,#2485,.T.);
#2566 = ORIENTED_EDGE('',*,*,#2567,.F.);
#2567 = EDGE_CURVE('',#2543,#2486,#2568,.T.);
#2568 = LINE('',#2569,#2570);
#2569 = CARTESIAN_POINT('',(-0.6,-5.38,8.2));
#2570 = VECTOR('',#2571,1.);
#2571 = DIRECTION('',(1.,-1.110223024625E-16,0.));
#2572 = PLANE('',#2573);
#2573 = AXIS2_PLACEMENT_3D('',#2574,#2575,#2576);
#2574 = CARTESIAN_POINT('',(-0.6,-5.53,8.35));
#2575 = DIRECTION('',(7.850462293414E-17,0.707106781187,0.707106781187)
  );
#2576 = DIRECTION('',(1.,-1.110223024625E-16,2.680278185005E-29));
#2577 = ADVANCED_FACE('',(#2578),#2603,.T.);
#2578 = FACE_BOUND('',#2579,.T.);
#2579 = EDGE_LOOP('',(#2580,#2588,#2589,#2597));
#2580 = ORIENTED_EDGE('',*,*,#2581,.F.);
#2581 = EDGE_CURVE('',#1324,#2582,#2584,.T.);
#2582 = VERTEX_POINT('',#2583);
#2583 = CARTESIAN_POINT('',(0.3,-2.84,8.2));
#2584 = LINE('',#2585,#2586);
#2585 = CARTESIAN_POINT('',(0.3,-2.84,8.2));
#2586 = VECTOR('',#2587,1.);
#2587 = DIRECTION('',(-0.57735026919,0.57735026919,-0.57735026919));
#2588 = ORIENTED_EDGE('',*,*,#1323,.T.);
#2589 = ORIENTED_EDGE('',*,*,#2590,.T.);
#2590 = EDGE_CURVE('',#1326,#2591,#2593,.T.);
#2591 = VERTEX_POINT('',#2592);
#2592 = CARTESIAN_POINT('',(0.3,-2.24,8.2));
#2593 = LINE('',#2594,#2595);
#2594 = CARTESIAN_POINT('',(0.3,-2.24,8.2));
#2595 = VECTOR('',#2596,1.);
#2596 = DIRECTION('',(-0.57735026919,-0.57735026919,-0.57735026919));
#2597 = ORIENTED_EDGE('',*,*,#2598,.F.);
#2598 = EDGE_CURVE('',#2582,#2591,#2599,.T.);
#2599 = LINE('',#2600,#2601);
#2600 = CARTESIAN_POINT('',(0.3,-3.14,8.2));
#2601 = VECTOR('',#2602,1.);
#2602 = DIRECTION('',(1.110223024625E-16,1.,0.));
#2603 = PLANE('',#2604);
#2604 = AXIS2_PLACEMENT_3D('',#2605,#2606,#2607);
#2605 = CARTESIAN_POINT('',(0.45,-3.14,8.35));
#2606 = DIRECTION('',(-0.707106781187,7.850462293414E-17,0.707106781187)
  );
#2607 = DIRECTION('',(1.110223024625E-16,1.,2.680278185005E-29));
#2608 = ADVANCED_FACE('',(#2609),#2627,.T.);
#2609 = FACE_BOUND('',#2610,.T.);
#2610 = EDGE_LOOP('',(#2611,#2612,#2613,#2621));
#2611 = ORIENTED_EDGE('',*,*,#2590,.F.);
#2612 = ORIENTED_EDGE('',*,*,#1349,.T.);
#2613 = ORIENTED_EDGE('',*,*,#2614,.T.);
#2614 = EDGE_CURVE('',#1342,#2615,#2617,.T.);
#2615 = VERTEX_POINT('',#2616);
#2616 = CARTESIAN_POINT('',(-0.3,-2.24,8.2));
#2617 = LINE('',#2618,#2619);
#2618 = CARTESIAN_POINT('',(-0.3,-2.24,8.2));
#2619 = VECTOR('',#2620,1.);
#2620 = DIRECTION('',(0.57735026919,-0.57735026919,-0.57735026919));
#2621 = ORIENTED_EDGE('',*,*,#2622,.F.);
#2622 = EDGE_CURVE('',#2591,#2615,#2623,.T.);
#2623 = LINE('',#2624,#2625);
#2624 = CARTESIAN_POINT('',(0.6,-2.24,8.2));
#2625 = VECTOR('',#2626,1.);
#2626 = DIRECTION('',(-1.,1.110223024625E-16,0.));
#2627 = PLANE('',#2628);
#2628 = AXIS2_PLACEMENT_3D('',#2629,#2630,#2631);
#2629 = CARTESIAN_POINT('',(0.6,-2.09,8.35));
#2630 = DIRECTION('',(-7.850462293414E-17,-0.707106781187,0.707106781187
    ));
#2631 = DIRECTION('',(-1.,1.110223024625E-16,2.680278185005E-29));
#2632 = ADVANCED_FACE('',(#2633),#2651,.T.);
#2633 = FACE_BOUND('',#2634,.T.);
#2634 = EDGE_LOOP('',(#2635,#2636,#2637,#2645));
#2635 = ORIENTED_EDGE('',*,*,#2614,.F.);
#2636 = ORIENTED_EDGE('',*,*,#1341,.T.);
#2637 = ORIENTED_EDGE('',*,*,#2638,.T.);
#2638 = EDGE_CURVE('',#1334,#2639,#2641,.T.);
#2639 = VERTEX_POINT('',#2640);
#2640 = CARTESIAN_POINT('',(-0.3,-2.84,8.2));
#2641 = LINE('',#2642,#2643);
#2642 = CARTESIAN_POINT('',(-0.3,-2.84,8.2));
#2643 = VECTOR('',#2644,1.);
#2644 = DIRECTION('',(0.57735026919,0.57735026919,-0.57735026919));
#2645 = ORIENTED_EDGE('',*,*,#2646,.F.);
#2646 = EDGE_CURVE('',#2615,#2639,#2647,.T.);
#2647 = LINE('',#2648,#2649);
#2648 = CARTESIAN_POINT('',(-0.3,-1.94,8.2));
#2649 = VECTOR('',#2650,1.);
#2650 = DIRECTION('',(-1.110223024625E-16,-1.,0.));
#2651 = PLANE('',#2652);
#2652 = AXIS2_PLACEMENT_3D('',#2653,#2654,#2655);
#2653 = CARTESIAN_POINT('',(-0.45,-1.94,8.35));
#2654 = DIRECTION('',(0.707106781187,-7.850462293414E-17,0.707106781187)
  );
#2655 = DIRECTION('',(-1.110223024625E-16,-1.,2.680278185005E-29));
#2656 = ADVANCED_FACE('',(#2657),#2668,.T.);
#2657 = FACE_BOUND('',#2658,.T.);
#2658 = EDGE_LOOP('',(#2659,#2660,#2661,#2662));
#2659 = ORIENTED_EDGE('',*,*,#2638,.F.);
#2660 = ORIENTED_EDGE('',*,*,#1333,.T.);
#2661 = ORIENTED_EDGE('',*,*,#2581,.T.);
#2662 = ORIENTED_EDGE('',*,*,#2663,.F.);
#2663 = EDGE_CURVE('',#2639,#2582,#2664,.T.);
#2664 = LINE('',#2665,#2666);
#2665 = CARTESIAN_POINT('',(-0.6,-2.84,8.2));
#2666 = VECTOR('',#2667,1.);
#2667 = DIRECTION('',(1.,-1.110223024625E-16,0.));
#2668 = PLANE('',#2669);
#2669 = AXIS2_PLACEMENT_3D('',#2670,#2671,#2672);
#2670 = CARTESIAN_POINT('',(-0.6,-2.99,8.35));
#2671 = DIRECTION('',(7.850462293414E-17,0.707106781187,0.707106781187)
  );
#2672 = DIRECTION('',(1.,-1.110223024625E-16,2.680278185005E-29));
#2673 = ADVANCED_FACE('',(#2674),#2699,.T.);
#2674 = FACE_BOUND('',#2675,.T.);
#2675 = EDGE_LOOP('',(#2676,#2684,#2685,#2693));
#2676 = ORIENTED_EDGE('',*,*,#2677,.F.);
#2677 = EDGE_CURVE('',#1358,#2678,#2680,.T.);
#2678 = VERTEX_POINT('',#2679);
#2679 = CARTESIAN_POINT('',(0.3,-0.3,8.2));
#2680 = LINE('',#2681,#2682);
#2681 = CARTESIAN_POINT('',(0.3,-0.3,8.2));
#2682 = VECTOR('',#2683,1.);
#2683 = DIRECTION('',(-0.57735026919,0.57735026919,-0.57735026919));
#2684 = ORIENTED_EDGE('',*,*,#1357,.T.);
#2685 = ORIENTED_EDGE('',*,*,#2686,.T.);
#2686 = EDGE_CURVE('',#1360,#2687,#2689,.T.);
#2687 = VERTEX_POINT('',#2688);
#2688 = CARTESIAN_POINT('',(0.3,0.3,8.2));
#2689 = LINE('',#2690,#2691);
#2690 = CARTESIAN_POINT('',(0.3,0.3,8.2));
#2691 = VECTOR('',#2692,1.);
#2692 = DIRECTION('',(-0.57735026919,-0.57735026919,-0.57735026919));
#2693 = ORIENTED_EDGE('',*,*,#2694,.F.);
#2694 = EDGE_CURVE('',#2678,#2687,#2695,.T.);
#2695 = LINE('',#2696,#2697);
#2696 = CARTESIAN_POINT('',(0.3,-0.6,8.2));
#2697 = VECTOR('',#2698,1.);
#2698 = DIRECTION('',(1.110223024625E-16,1.,0.));
#2699 = PLANE('',#2700);
#2700 = AXIS2_PLACEMENT_3D('',#2701,#2702,#2703);
#2701 = CARTESIAN_POINT('',(0.45,-0.6,8.35));
#2702 = DIRECTION('',(-0.707106781187,7.850462293414E-17,0.707106781187)
  );
#2703 = DIRECTION('',(1.110223024625E-16,1.,2.680278185005E-29));
#2704 = ADVANCED_FACE('',(#2705),#2723,.T.);
#2705 = FACE_BOUND('',#2706,.T.);
#2706 = EDGE_LOOP('',(#2707,#2708,#2709,#2717));
#2707 = ORIENTED_EDGE('',*,*,#2686,.F.);
#2708 = ORIENTED_EDGE('',*,*,#1383,.T.);
#2709 = ORIENTED_EDGE('',*,*,#2710,.T.);
#2710 = EDGE_CURVE('',#1376,#2711,#2713,.T.);
#2711 = VERTEX_POINT('',#2712);
#2712 = CARTESIAN_POINT('',(-0.3,0.3,8.2));
#2713 = LINE('',#2714,#2715);
#2714 = CARTESIAN_POINT('',(-0.3,0.3,8.2));
#2715 = VECTOR('',#2716,1.);
#2716 = DIRECTION('',(0.57735026919,-0.57735026919,-0.57735026919));
#2717 = ORIENTED_EDGE('',*,*,#2718,.F.);
#2718 = EDGE_CURVE('',#2687,#2711,#2719,.T.);
#2719 = LINE('',#2720,#2721);
#2720 = CARTESIAN_POINT('',(0.6,0.3,8.2));
#2721 = VECTOR('',#2722,1.);
#2722 = DIRECTION('',(-1.,1.110223024625E-16,0.));
#2723 = PLANE('',#2724);
#2724 = AXIS2_PLACEMENT_3D('',#2725,#2726,#2727);
#2725 = CARTESIAN_POINT('',(0.6,0.45,8.35));
#2726 = DIRECTION('',(-7.850462293414E-17,-0.707106781187,0.707106781187
    ));
#2727 = DIRECTION('',(-1.,1.110223024625E-16,2.680278185005E-29));
#2728 = ADVANCED_FACE('',(#2729),#2747,.T.);
#2729 = FACE_BOUND('',#2730,.T.);
#2730 = EDGE_LOOP('',(#2731,#2732,#2733,#2741));
#2731 = ORIENTED_EDGE('',*,*,#2710,.F.);
#2732 = ORIENTED_EDGE('',*,*,#1375,.T.);
#2733 = ORIENTED_EDGE('',*,*,#2734,.T.);
#2734 = EDGE_CURVE('',#1368,#2735,#2737,.T.);
#2735 = VERTEX_POINT('',#2736);
#2736 = CARTESIAN_POINT('',(-0.3,-0.3,8.2));
#2737 = LINE('',#2738,#2739);
#2738 = CARTESIAN_POINT('',(-0.3,-0.3,8.2));
#2739 = VECTOR('',#2740,1.);
#2740 = DIRECTION('',(0.57735026919,0.57735026919,-0.57735026919));
#2741 = ORIENTED_EDGE('',*,*,#2742,.F.);
#2742 = EDGE_CURVE('',#2711,#2735,#2743,.T.);
#2743 = LINE('',#2744,#2745);
#2744 = CARTESIAN_POINT('',(-0.3,0.6,8.2));
#2745 = VECTOR('',#2746,1.);
#2746 = DIRECTION('',(-1.110223024625E-16,-1.,0.));
#2747 = PLANE('',#2748);
#2748 = AXIS2_PLACEMENT_3D('',#2749,#2750,#2751);
#2749 = CARTESIAN_POINT('',(-0.45,0.6,8.35));
#2750 = DIRECTION('',(0.707106781187,-7.850462293414E-17,0.707106781187)
  );
#2751 = DIRECTION('',(-1.110223024625E-16,-1.,2.680278185005E-29));
#2752 = ADVANCED_FACE('',(#2753),#2764,.T.);
#2753 = FACE_BOUND('',#2754,.T.);
#2754 = EDGE_LOOP('',(#2755,#2756,#2757,#2758));
#2755 = ORIENTED_EDGE('',*,*,#2734,.F.);
#2756 = ORIENTED_EDGE('',*,*,#1367,.T.);
#2757 = ORIENTED_EDGE('',*,*,#2677,.T.);
#2758 = ORIENTED_EDGE('',*,*,#2759,.F.);
#2759 = EDGE_CURVE('',#2735,#2678,#2760,.T.);
#2760 = LINE('',#2761,#2762);
#2761 = CARTESIAN_POINT('',(-0.6,-0.3,8.2));
#2762 = VECTOR('',#2763,1.);
#2763 = DIRECTION('',(1.,-1.110223024625E-16,0.));
#2764 = PLANE('',#2765);
#2765 = AXIS2_PLACEMENT_3D('',#2766,#2767,#2768);
#2766 = CARTESIAN_POINT('',(-0.6,-0.45,8.35));
#2767 = DIRECTION('',(7.850462293414E-17,0.707106781187,0.707106781187)
  );
#2768 = DIRECTION('',(1.,-1.110223024625E-16,2.680278185005E-29));
#2769 = ADVANCED_FACE('',(#2770),#2781,.T.);
#2770 = FACE_BOUND('',#2771,.T.);
#2771 = EDGE_LOOP('',(#2772,#2773,#2774,#2780));
#2772 = ORIENTED_EDGE('',*,*,#1447,.F.);
#2773 = ORIENTED_EDGE('',*,*,#1457,.T.);
#2774 = ORIENTED_EDGE('',*,*,#2775,.T.);
#2775 = EDGE_CURVE('',#1458,#1498,#2776,.T.);
#2776 = LINE('',#2777,#2778);
#2777 = CARTESIAN_POINT('',(-0.1,-18.08,0.2));
#2778 = VECTOR('',#2779,1.);
#2779 = DIRECTION('',(1.,-1.110223024625E-16,0.));
#2780 = ORIENTED_EDGE('',*,*,#1505,.T.);
#2781 = PLANE('',#2782);
#2782 = AXIS2_PLACEMENT_3D('',#2783,#2784,#2785);
#2783 = CARTESIAN_POINT('',(-0.1,-18.08,0.2));
#2784 = DIRECTION('',(0.,-0.,-1.));
#2785 = DIRECTION('',(-1.110223024625E-16,-1.,0.));
#2786 = ADVANCED_FACE('',(#2787),#2828,.F.);
#2787 = FACE_BOUND('',#2788,.F.);
#2788 = EDGE_LOOP('',(#2789,#2797,#2798,#2806,#2814,#2822));
#2789 = ORIENTED_EDGE('',*,*,#2790,.T.);
#2790 = EDGE_CURVE('',#2791,#1498,#2793,.T.);
#2791 = VERTEX_POINT('',#2792);
#2792 = CARTESIAN_POINT('',(0.1,-18.08,-2.5));
#2793 = LINE('',#2794,#2795);
#2794 = CARTESIAN_POINT('',(0.1,-18.08,-2.5));
#2795 = VECTOR('',#2796,1.);
#2796 = DIRECTION('',(0.,0.,1.));
#2797 = ORIENTED_EDGE('',*,*,#1497,.F.);
#2798 = ORIENTED_EDGE('',*,*,#2799,.T.);
#2799 = EDGE_CURVE('',#1490,#2800,#2802,.T.);
#2800 = VERTEX_POINT('',#2801);
#2801 = CARTESIAN_POINT('',(0.1,-17.48,-2.5));
#2802 = LINE('',#2803,#2804);
#2803 = CARTESIAN_POINT('',(0.1,-17.48,0.2));
#2804 = VECTOR('',#2805,1.);
#2805 = DIRECTION('',(0.,0.,-1.));
#2806 = ORIENTED_EDGE('',*,*,#2807,.T.);
#2807 = EDGE_CURVE('',#2800,#2808,#2810,.T.);
#2808 = VERTEX_POINT('',#2809);
#2809 = CARTESIAN_POINT('',(0.1,-17.63,-3.1));
#2810 = LINE('',#2811,#2812);
#2811 = CARTESIAN_POINT('',(0.1,-17.48,-2.5));
#2812 = VECTOR('',#2813,1.);
#2813 = DIRECTION('',(-2.692686352073E-17,-0.242535625036,
    -0.970142500145));
#2814 = ORIENTED_EDGE('',*,*,#2815,.T.);
#2815 = EDGE_CURVE('',#2808,#2816,#2818,.T.);
#2816 = VERTEX_POINT('',#2817);
#2817 = CARTESIAN_POINT('',(0.1,-17.93,-3.1));
#2818 = LINE('',#2819,#2820);
#2819 = CARTESIAN_POINT('',(0.1,-17.63,-3.1));
#2820 = VECTOR('',#2821,1.);
#2821 = DIRECTION('',(-1.110223024625E-16,-1.,0.));
#2822 = ORIENTED_EDGE('',*,*,#2823,.T.);
#2823 = EDGE_CURVE('',#2816,#2791,#2824,.T.);
#2824 = LINE('',#2825,#2826);
#2825 = CARTESIAN_POINT('',(0.1,-17.93,-3.1));
#2826 = VECTOR('',#2827,1.);
#2827 = DIRECTION('',(-2.692686352073E-17,-0.242535625036,0.970142500145
    ));
#2828 = PLANE('',#2829);
#2829 = AXIS2_PLACEMENT_3D('',#2830,#2831,#2832);
#2830 = CARTESIAN_POINT('',(0.1,-17.78,3.911477598424));
#2831 = DIRECTION('',(-1.,1.110223024625E-16,0.));
#2832 = DIRECTION('',(0.,0.,1.));
#2833 = ADVANCED_FACE('',(#2834),#2845,.T.);
#2834 = FACE_BOUND('',#2835,.T.);
#2835 = EDGE_LOOP('',(#2836,#2842,#2843,#2844));
#2836 = ORIENTED_EDGE('',*,*,#2837,.F.);
#2837 = EDGE_CURVE('',#1466,#1490,#2838,.T.);
#2838 = LINE('',#2839,#2840);
#2839 = CARTESIAN_POINT('',(-0.1,-17.48,0.2));
#2840 = VECTOR('',#2841,1.);
#2841 = DIRECTION('',(1.,-1.110223024625E-16,0.));
#2842 = ORIENTED_EDGE('',*,*,#1473,.T.);
#2843 = ORIENTED_EDGE('',*,*,#1481,.T.);
#2844 = ORIENTED_EDGE('',*,*,#1489,.T.);
#2845 = PLANE('',#2846);
#2846 = AXIS2_PLACEMENT_3D('',#2847,#2848,#2849);
#2847 = CARTESIAN_POINT('',(-0.1,-18.08,0.2));
#2848 = DIRECTION('',(0.,-0.,-1.));
#2849 = DIRECTION('',(-1.110223024625E-16,-1.,0.));
#2850 = ADVANCED_FACE('',(#2851),#2892,.T.);
#2851 = FACE_BOUND('',#2852,.T.);
#2852 = EDGE_LOOP('',(#2853,#2861,#2862,#2870,#2878,#2886));
#2853 = ORIENTED_EDGE('',*,*,#2854,.T.);
#2854 = EDGE_CURVE('',#2855,#1458,#2857,.T.);
#2855 = VERTEX_POINT('',#2856);
#2856 = CARTESIAN_POINT('',(-0.1,-18.08,-2.5));
#2857 = LINE('',#2858,#2859);
#2858 = CARTESIAN_POINT('',(-0.1,-18.08,-2.5));
#2859 = VECTOR('',#2860,1.);
#2860 = DIRECTION('',(0.,0.,1.));
#2861 = ORIENTED_EDGE('',*,*,#1465,.F.);
#2862 = ORIENTED_EDGE('',*,*,#2863,.T.);
#2863 = EDGE_CURVE('',#1466,#2864,#2866,.T.);
#2864 = VERTEX_POINT('',#2865);
#2865 = CARTESIAN_POINT('',(-0.1,-17.48,-2.5));
#2866 = LINE('',#2867,#2868);
#2867 = CARTESIAN_POINT('',(-0.1,-17.48,0.2));
#2868 = VECTOR('',#2869,1.);
#2869 = DIRECTION('',(0.,0.,-1.));
#2870 = ORIENTED_EDGE('',*,*,#2871,.T.);
#2871 = EDGE_CURVE('',#2864,#2872,#2874,.T.);
#2872 = VERTEX_POINT('',#2873);
#2873 = CARTESIAN_POINT('',(-0.1,-17.63,-3.1));
#2874 = LINE('',#2875,#2876);
#2875 = CARTESIAN_POINT('',(-0.1,-17.48,-2.5));
#2876 = VECTOR('',#2877,1.);
#2877 = DIRECTION('',(-2.692686352073E-17,-0.242535625036,
    -0.970142500145));
#2878 = ORIENTED_EDGE('',*,*,#2879,.F.);
#2879 = EDGE_CURVE('',#2880,#2872,#2882,.T.);
#2880 = VERTEX_POINT('',#2881);
#2881 = CARTESIAN_POINT('',(-0.1,-17.93,-3.1));
#2882 = LINE('',#2883,#2884);
#2883 = CARTESIAN_POINT('',(-0.1,-17.93,-3.1));
#2884 = VECTOR('',#2885,1.);
#2885 = DIRECTION('',(1.110223024625E-16,1.,0.));
#2886 = ORIENTED_EDGE('',*,*,#2887,.T.);
#2887 = EDGE_CURVE('',#2880,#2855,#2888,.T.);
#2888 = LINE('',#2889,#2890);
#2889 = CARTESIAN_POINT('',(-0.1,-17.93,-3.1));
#2890 = VECTOR('',#2891,1.);
#2891 = DIRECTION('',(-2.692686352073E-17,-0.242535625036,0.970142500145
    ));
#2892 = PLANE('',#2893);
#2893 = AXIS2_PLACEMENT_3D('',#2894,#2895,#2896);
#2894 = CARTESIAN_POINT('',(-0.1,-17.78,3.911477598424));
#2895 = DIRECTION('',(-1.,1.110223024625E-16,0.));
#2896 = DIRECTION('',(0.,0.,1.));
#2897 = ADVANCED_FACE('',(#2898),#2909,.T.);
#2898 = FACE_BOUND('',#2899,.T.);
#2899 = EDGE_LOOP('',(#2900,#2901,#2902,#2908));
#2900 = ORIENTED_EDGE('',*,*,#1513,.F.);
#2901 = ORIENTED_EDGE('',*,*,#1523,.T.);
#2902 = ORIENTED_EDGE('',*,*,#2903,.T.);
#2903 = EDGE_CURVE('',#1524,#1564,#2904,.T.);
#2904 = LINE('',#2905,#2906);
#2905 = CARTESIAN_POINT('',(-0.1,-15.54,0.2));
#2906 = VECTOR('',#2907,1.);
#2907 = DIRECTION('',(1.,-1.110223024625E-16,0.));
#2908 = ORIENTED_EDGE('',*,*,#1571,.T.);
#2909 = PLANE('',#2910);
#2910 = AXIS2_PLACEMENT_3D('',#2911,#2912,#2913);
#2911 = CARTESIAN_POINT('',(-0.1,-15.54,0.2));
#2912 = DIRECTION('',(0.,-0.,-1.));
#2913 = DIRECTION('',(-1.110223024625E-16,-1.,0.));
#2914 = ADVANCED_FACE('',(#2915),#2956,.F.);
#2915 = FACE_BOUND('',#2916,.F.);
#2916 = EDGE_LOOP('',(#2917,#2925,#2926,#2934,#2942,#2950));
#2917 = ORIENTED_EDGE('',*,*,#2918,.T.);
#2918 = EDGE_CURVE('',#2919,#1564,#2921,.T.);
#2919 = VERTEX_POINT('',#2920);
#2920 = CARTESIAN_POINT('',(0.1,-15.54,-2.5));
#2921 = LINE('',#2922,#2923);
#2922 = CARTESIAN_POINT('',(0.1,-15.54,-2.5));
#2923 = VECTOR('',#2924,1.);
#2924 = DIRECTION('',(0.,0.,1.));
#2925 = ORIENTED_EDGE('',*,*,#1563,.F.);
#2926 = ORIENTED_EDGE('',*,*,#2927,.T.);
#2927 = EDGE_CURVE('',#1556,#2928,#2930,.T.);
#2928 = VERTEX_POINT('',#2929);
#2929 = CARTESIAN_POINT('',(0.1,-14.94,-2.5));
#2930 = LINE('',#2931,#2932);
#2931 = CARTESIAN_POINT('',(0.1,-14.94,0.2));
#2932 = VECTOR('',#2933,1.);
#2933 = DIRECTION('',(0.,0.,-1.));
#2934 = ORIENTED_EDGE('',*,*,#2935,.T.);
#2935 = EDGE_CURVE('',#2928,#2936,#2938,.T.);
#2936 = VERTEX_POINT('',#2937);
#2937 = CARTESIAN_POINT('',(0.1,-15.09,-3.1));
#2938 = LINE('',#2939,#2940);
#2939 = CARTESIAN_POINT('',(0.1,-14.94,-2.5));
#2940 = VECTOR('',#2941,1.);
#2941 = DIRECTION('',(-2.692686352073E-17,-0.242535625036,
    -0.970142500145));
#2942 = ORIENTED_EDGE('',*,*,#2943,.T.);
#2943 = EDGE_CURVE('',#2936,#2944,#2946,.T.);
#2944 = VERTEX_POINT('',#2945);
#2945 = CARTESIAN_POINT('',(0.1,-15.39,-3.1));
#2946 = LINE('',#2947,#2948);
#2947 = CARTESIAN_POINT('',(0.1,-15.09,-3.1));
#2948 = VECTOR('',#2949,1.);
#2949 = DIRECTION('',(-1.110223024625E-16,-1.,0.));
#2950 = ORIENTED_EDGE('',*,*,#2951,.T.);
#2951 = EDGE_CURVE('',#2944,#2919,#2952,.T.);
#2952 = LINE('',#2953,#2954);
#2953 = CARTESIAN_POINT('',(0.1,-15.39,-3.1));
#2954 = VECTOR('',#2955,1.);
#2955 = DIRECTION('',(-2.692686352073E-17,-0.242535625036,0.970142500145
    ));
#2956 = PLANE('',#2957);
#2957 = AXIS2_PLACEMENT_3D('',#2958,#2959,#2960);
#2958 = CARTESIAN_POINT('',(0.1,-15.24,3.911477598424));
#2959 = DIRECTION('',(-1.,1.110223024625E-16,0.));
#2960 = DIRECTION('',(0.,0.,1.));
#2961 = ADVANCED_FACE('',(#2962),#2973,.T.);
#2962 = FACE_BOUND('',#2963,.T.);
#2963 = EDGE_LOOP('',(#2964,#2970,#2971,#2972));
#2964 = ORIENTED_EDGE('',*,*,#2965,.F.);
#2965 = EDGE_CURVE('',#1532,#1556,#2966,.T.);
#2966 = LINE('',#2967,#2968);
#2967 = CARTESIAN_POINT('',(-0.1,-14.94,0.2));
#2968 = VECTOR('',#2969,1.);
#2969 = DIRECTION('',(1.,-1.110223024625E-16,0.));
#2970 = ORIENTED_EDGE('',*,*,#1539,.T.);
#2971 = ORIENTED_EDGE('',*,*,#1547,.T.);
#2972 = ORIENTED_EDGE('',*,*,#1555,.T.);
#2973 = PLANE('',#2974);
#2974 = AXIS2_PLACEMENT_3D('',#2975,#2976,#2977);
#2975 = CARTESIAN_POINT('',(-0.1,-15.54,0.2));
#2976 = DIRECTION('',(0.,-0.,-1.));
#2977 = DIRECTION('',(-1.110223024625E-16,-1.,0.));
#2978 = ADVANCED_FACE('',(#2979),#3020,.T.);
#2979 = FACE_BOUND('',#2980,.T.);
#2980 = EDGE_LOOP('',(#2981,#2989,#2990,#2998,#3006,#3014));
#2981 = ORIENTED_EDGE('',*,*,#2982,.T.);
#2982 = EDGE_CURVE('',#2983,#1524,#2985,.T.);
#2983 = VERTEX_POINT('',#2984);
#2984 = CARTESIAN_POINT('',(-0.1,-15.54,-2.5));
#2985 = LINE('',#2986,#2987);
#2986 = CARTESIAN_POINT('',(-0.1,-15.54,-2.5));
#2987 = VECTOR('',#2988,1.);
#2988 = DIRECTION('',(0.,0.,1.));
#2989 = ORIENTED_EDGE('',*,*,#1531,.F.);
#2990 = ORIENTED_EDGE('',*,*,#2991,.T.);
#2991 = EDGE_CURVE('',#1532,#2992,#2994,.T.);
#2992 = VERTEX_POINT('',#2993);
#2993 = CARTESIAN_POINT('',(-0.1,-14.94,-2.5));
#2994 = LINE('',#2995,#2996);
#2995 = CARTESIAN_POINT('',(-0.1,-14.94,0.2));
#2996 = VECTOR('',#2997,1.);
#2997 = DIRECTION('',(0.,0.,-1.));
#2998 = ORIENTED_EDGE('',*,*,#2999,.T.);
#2999 = EDGE_CURVE('',#2992,#3000,#3002,.T.);
#3000 = VERTEX_POINT('',#3001);
#3001 = CARTESIAN_POINT('',(-0.1,-15.09,-3.1));
#3002 = LINE('',#3003,#3004);
#3003 = CARTESIAN_POINT('',(-0.1,-14.94,-2.5));
#3004 = VECTOR('',#3005,1.);
#3005 = DIRECTION('',(-2.692686352073E-17,-0.242535625036,
    -0.970142500145));
#3006 = ORIENTED_EDGE('',*,*,#3007,.F.);
#3007 = EDGE_CURVE('',#3008,#3000,#3010,.T.);
#3008 = VERTEX_POINT('',#3009);
#3009 = CARTESIAN_POINT('',(-0.1,-15.39,-3.1));
#3010 = LINE('',#3011,#3012);
#3011 = CARTESIAN_POINT('',(-0.1,-15.39,-3.1));
#3012 = VECTOR('',#3013,1.);
#3013 = DIRECTION('',(1.110223024625E-16,1.,0.));
#3014 = ORIENTED_EDGE('',*,*,#3015,.T.);
#3015 = EDGE_CURVE('',#3008,#2983,#3016,.T.);
#3016 = LINE('',#3017,#3018);
#3017 = CARTESIAN_POINT('',(-0.1,-15.39,-3.1));
#3018 = VECTOR('',#3019,1.);
#3019 = DIRECTION('',(-2.692686352073E-17,-0.242535625036,0.970142500145
    ));
#3020 = PLANE('',#3021);
#3021 = AXIS2_PLACEMENT_3D('',#3022,#3023,#3024);
#3022 = CARTESIAN_POINT('',(-0.1,-15.24,3.911477598424));
#3023 = DIRECTION('',(-1.,1.110223024625E-16,0.));
#3024 = DIRECTION('',(0.,0.,1.));
#3025 = ADVANCED_FACE('',(#3026),#3037,.T.);
#3026 = FACE_BOUND('',#3027,.T.);
#3027 = EDGE_LOOP('',(#3028,#3029,#3030,#3036));
#3028 = ORIENTED_EDGE('',*,*,#1579,.F.);
#3029 = ORIENTED_EDGE('',*,*,#1589,.T.);
#3030 = ORIENTED_EDGE('',*,*,#3031,.T.);
#3031 = EDGE_CURVE('',#1590,#1630,#3032,.T.);
#3032 = LINE('',#3033,#3034);
#3033 = CARTESIAN_POINT('',(-0.1,-13.,0.2));
#3034 = VECTOR('',#3035,1.);
#3035 = DIRECTION('',(1.,-1.110223024625E-16,0.));
#3036 = ORIENTED_EDGE('',*,*,#1637,.T.);
#3037 = PLANE('',#3038);
#3038 = AXIS2_PLACEMENT_3D('',#3039,#3040,#3041);
#3039 = CARTESIAN_POINT('',(-0.1,-13.,0.2));
#3040 = DIRECTION('',(0.,-0.,-1.));
#3041 = DIRECTION('',(-1.110223024625E-16,-1.,0.));
#3042 = ADVANCED_FACE('',(#3043),#3084,.F.);
#3043 = FACE_BOUND('',#3044,.F.);
#3044 = EDGE_LOOP('',(#3045,#3053,#3054,#3062,#3070,#3078));
#3045 = ORIENTED_EDGE('',*,*,#3046,.T.);
#3046 = EDGE_CURVE('',#3047,#1630,#3049,.T.);
#3047 = VERTEX_POINT('',#3048);
#3048 = CARTESIAN_POINT('',(0.1,-13.,-2.5));
#3049 = LINE('',#3050,#3051);
#3050 = CARTESIAN_POINT('',(0.1,-13.,-2.5));
#3051 = VECTOR('',#3052,1.);
#3052 = DIRECTION('',(0.,0.,1.));
#3053 = ORIENTED_EDGE('',*,*,#1629,.F.);
#3054 = ORIENTED_EDGE('',*,*,#3055,.T.);
#3055 = EDGE_CURVE('',#1622,#3056,#3058,.T.);
#3056 = VERTEX_POINT('',#3057);
#3057 = CARTESIAN_POINT('',(0.1,-12.4,-2.5));
#3058 = LINE('',#3059,#3060);
#3059 = CARTESIAN_POINT('',(0.1,-12.4,0.2));
#3060 = VECTOR('',#3061,1.);
#3061 = DIRECTION('',(0.,0.,-1.));
#3062 = ORIENTED_EDGE('',*,*,#3063,.T.);
#3063 = EDGE_CURVE('',#3056,#3064,#3066,.T.);
#3064 = VERTEX_POINT('',#3065);
#3065 = CARTESIAN_POINT('',(0.1,-12.55,-3.1));
#3066 = LINE('',#3067,#3068);
#3067 = CARTESIAN_POINT('',(0.1,-12.4,-2.5));
#3068 = VECTOR('',#3069,1.);
#3069 = DIRECTION('',(-2.692686352073E-17,-0.242535625036,
    -0.970142500145));
#3070 = ORIENTED_EDGE('',*,*,#3071,.T.);
#3071 = EDGE_CURVE('',#3064,#3072,#3074,.T.);
#3072 = VERTEX_POINT('',#3073);
#3073 = CARTESIAN_POINT('',(0.1,-12.85,-3.1));
#3074 = LINE('',#3075,#3076);
#3075 = CARTESIAN_POINT('',(0.1,-12.55,-3.1));
#3076 = VECTOR('',#3077,1.);
#3077 = DIRECTION('',(-1.110223024625E-16,-1.,0.));
#3078 = ORIENTED_EDGE('',*,*,#3079,.T.);
#3079 = EDGE_CURVE('',#3072,#3047,#3080,.T.);
#3080 = LINE('',#3081,#3082);
#3081 = CARTESIAN_POINT('',(0.1,-12.85,-3.1));
#3082 = VECTOR('',#3083,1.);
#3083 = DIRECTION('',(-2.692686352073E-17,-0.242535625036,0.970142500145
    ));
#3084 = PLANE('',#3085);
#3085 = AXIS2_PLACEMENT_3D('',#3086,#3087,#3088);
#3086 = CARTESIAN_POINT('',(0.1,-12.7,3.911477598424));
#3087 = DIRECTION('',(-1.,1.110223024625E-16,0.));
#3088 = DIRECTION('',(0.,0.,1.));
#3089 = ADVANCED_FACE('',(#3090),#3101,.T.);
#3090 = FACE_BOUND('',#3091,.T.);
#3091 = EDGE_LOOP('',(#3092,#3098,#3099,#3100));
#3092 = ORIENTED_EDGE('',*,*,#3093,.F.);
#3093 = EDGE_CURVE('',#1598,#1622,#3094,.T.);
#3094 = LINE('',#3095,#3096);
#3095 = CARTESIAN_POINT('',(-0.1,-12.4,0.2));
#3096 = VECTOR('',#3097,1.);
#3097 = DIRECTION('',(1.,-1.110223024625E-16,0.));
#3098 = ORIENTED_EDGE('',*,*,#1605,.T.);
#3099 = ORIENTED_EDGE('',*,*,#1613,.T.);
#3100 = ORIENTED_EDGE('',*,*,#1621,.T.);
#3101 = PLANE('',#3102);
#3102 = AXIS2_PLACEMENT_3D('',#3103,#3104,#3105);
#3103 = CARTESIAN_POINT('',(-0.1,-13.,0.2));
#3104 = DIRECTION('',(0.,-0.,-1.));
#3105 = DIRECTION('',(-1.110223024625E-16,-1.,0.));
#3106 = ADVANCED_FACE('',(#3107),#3148,.T.);
#3107 = FACE_BOUND('',#3108,.T.);
#3108 = EDGE_LOOP('',(#3109,#3117,#3118,#3126,#3134,#3142));
#3109 = ORIENTED_EDGE('',*,*,#3110,.T.);
#3110 = EDGE_CURVE('',#3111,#1590,#3113,.T.);
#3111 = VERTEX_POINT('',#3112);
#3112 = CARTESIAN_POINT('',(-0.1,-13.,-2.5));
#3113 = LINE('',#3114,#3115);
#3114 = CARTESIAN_POINT('',(-0.1,-13.,-2.5));
#3115 = VECTOR('',#3116,1.);
#3116 = DIRECTION('',(0.,0.,1.));
#3117 = ORIENTED_EDGE('',*,*,#1597,.F.);
#3118 = ORIENTED_EDGE('',*,*,#3119,.T.);
#3119 = EDGE_CURVE('',#1598,#3120,#3122,.T.);
#3120 = VERTEX_POINT('',#3121);
#3121 = CARTESIAN_POINT('',(-0.1,-12.4,-2.5));
#3122 = LINE('',#3123,#3124);
#3123 = CARTESIAN_POINT('',(-0.1,-12.4,0.2));
#3124 = VECTOR('',#3125,1.);
#3125 = DIRECTION('',(0.,0.,-1.));
#3126 = ORIENTED_EDGE('',*,*,#3127,.T.);
#3127 = EDGE_CURVE('',#3120,#3128,#3130,.T.);
#3128 = VERTEX_POINT('',#3129);
#3129 = CARTESIAN_POINT('',(-0.1,-12.55,-3.1));
#3130 = LINE('',#3131,#3132);
#3131 = CARTESIAN_POINT('',(-0.1,-12.4,-2.5));
#3132 = VECTOR('',#3133,1.);
#3133 = DIRECTION('',(-2.692686352073E-17,-0.242535625036,
    -0.970142500145));
#3134 = ORIENTED_EDGE('',*,*,#3135,.F.);
#3135 = EDGE_CURVE('',#3136,#3128,#3138,.T.);
#3136 = VERTEX_POINT('',#3137);
#3137 = CARTESIAN_POINT('',(-0.1,-12.85,-3.1));
#3138 = LINE('',#3139,#3140);
#3139 = CARTESIAN_POINT('',(-0.1,-12.85,-3.1));
#3140 = VECTOR('',#3141,1.);
#3141 = DIRECTION('',(1.110223024625E-16,1.,0.));
#3142 = ORIENTED_EDGE('',*,*,#3143,.T.);
#3143 = EDGE_CURVE('',#3136,#3111,#3144,.T.);
#3144 = LINE('',#3145,#3146);
#3145 = CARTESIAN_POINT('',(-0.1,-12.85,-3.1));
#3146 = VECTOR('',#3147,1.);
#3147 = DIRECTION('',(-2.692686352073E-17,-0.242535625036,0.970142500145
    ));
#3148 = PLANE('',#3149);
#3149 = AXIS2_PLACEMENT_3D('',#3150,#3151,#3152);
#3150 = CARTESIAN_POINT('',(-0.1,-12.7,3.911477598424));
#3151 = DIRECTION('',(-1.,1.110223024625E-16,0.));
#3152 = DIRECTION('',(0.,0.,1.));
#3153 = ADVANCED_FACE('',(#3154),#3165,.T.);
#3154 = FACE_BOUND('',#3155,.T.);
#3155 = EDGE_LOOP('',(#3156,#3157,#3158,#3164));
#3156 = ORIENTED_EDGE('',*,*,#1645,.F.);
#3157 = ORIENTED_EDGE('',*,*,#1655,.T.);
#3158 = ORIENTED_EDGE('',*,*,#3159,.T.);
#3159 = EDGE_CURVE('',#1656,#1696,#3160,.T.);
#3160 = LINE('',#3161,#3162);
#3161 = CARTESIAN_POINT('',(-0.1,-10.46,0.2));
#3162 = VECTOR('',#3163,1.);
#3163 = DIRECTION('',(1.,-1.110223024625E-16,0.));
#3164 = ORIENTED_EDGE('',*,*,#1703,.T.);
#3165 = PLANE('',#3166);
#3166 = AXIS2_PLACEMENT_3D('',#3167,#3168,#3169);
#3167 = CARTESIAN_POINT('',(-0.1,-10.46,0.2));
#3168 = DIRECTION('',(0.,-0.,-1.));
#3169 = DIRECTION('',(-1.110223024625E-16,-1.,0.));
#3170 = ADVANCED_FACE('',(#3171),#3212,.F.);
#3171 = FACE_BOUND('',#3172,.F.);
#3172 = EDGE_LOOP('',(#3173,#3181,#3182,#3190,#3198,#3206));
#3173 = ORIENTED_EDGE('',*,*,#3174,.T.);
#3174 = EDGE_CURVE('',#3175,#1696,#3177,.T.);
#3175 = VERTEX_POINT('',#3176);
#3176 = CARTESIAN_POINT('',(0.1,-10.46,-2.5));
#3177 = LINE('',#3178,#3179);
#3178 = CARTESIAN_POINT('',(0.1,-10.46,-2.5));
#3179 = VECTOR('',#3180,1.);
#3180 = DIRECTION('',(0.,0.,1.));
#3181 = ORIENTED_EDGE('',*,*,#1695,.F.);
#3182 = ORIENTED_EDGE('',*,*,#3183,.T.);
#3183 = EDGE_CURVE('',#1688,#3184,#3186,.T.);
#3184 = VERTEX_POINT('',#3185);
#3185 = CARTESIAN_POINT('',(0.1,-9.86,-2.5));
#3186 = LINE('',#3187,#3188);
#3187 = CARTESIAN_POINT('',(0.1,-9.86,0.2));
#3188 = VECTOR('',#3189,1.);
#3189 = DIRECTION('',(0.,0.,-1.));
#3190 = ORIENTED_EDGE('',*,*,#3191,.T.);
#3191 = EDGE_CURVE('',#3184,#3192,#3194,.T.);
#3192 = VERTEX_POINT('',#3193);
#3193 = CARTESIAN_POINT('',(0.1,-10.01,-3.1));
#3194 = LINE('',#3195,#3196);
#3195 = CARTESIAN_POINT('',(0.1,-9.86,-2.5));
#3196 = VECTOR('',#3197,1.);
#3197 = DIRECTION('',(-2.692686352073E-17,-0.242535625036,
    -0.970142500145));
#3198 = ORIENTED_EDGE('',*,*,#3199,.T.);
#3199 = EDGE_CURVE('',#3192,#3200,#3202,.T.);
#3200 = VERTEX_POINT('',#3201);
#3201 = CARTESIAN_POINT('',(0.1,-10.31,-3.1));
#3202 = LINE('',#3203,#3204);
#3203 = CARTESIAN_POINT('',(0.1,-10.01,-3.1));
#3204 = VECTOR('',#3205,1.);
#3205 = DIRECTION('',(-1.110223024625E-16,-1.,0.));
#3206 = ORIENTED_EDGE('',*,*,#3207,.T.);
#3207 = EDGE_CURVE('',#3200,#3175,#3208,.T.);
#3208 = LINE('',#3209,#3210);
#3209 = CARTESIAN_POINT('',(0.1,-10.31,-3.1));
#3210 = VECTOR('',#3211,1.);
#3211 = DIRECTION('',(-2.692686352073E-17,-0.242535625036,0.970142500145
    ));
#3212 = PLANE('',#3213);
#3213 = AXIS2_PLACEMENT_3D('',#3214,#3215,#3216);
#3214 = CARTESIAN_POINT('',(0.1,-10.16,3.911477598424));
#3215 = DIRECTION('',(-1.,1.110223024625E-16,0.));
#3216 = DIRECTION('',(0.,0.,1.));
#3217 = ADVANCED_FACE('',(#3218),#3229,.T.);
#3218 = FACE_BOUND('',#3219,.T.);
#3219 = EDGE_LOOP('',(#3220,#3226,#3227,#3228));
#3220 = ORIENTED_EDGE('',*,*,#3221,.F.);
#3221 = EDGE_CURVE('',#1664,#1688,#3222,.T.);
#3222 = LINE('',#3223,#3224);
#3223 = CARTESIAN_POINT('',(-0.1,-9.86,0.2));
#3224 = VECTOR('',#3225,1.);
#3225 = DIRECTION('',(1.,-1.110223024625E-16,0.));
#3226 = ORIENTED_EDGE('',*,*,#1671,.T.);
#3227 = ORIENTED_EDGE('',*,*,#1679,.T.);
#3228 = ORIENTED_EDGE('',*,*,#1687,.T.);
#3229 = PLANE('',#3230);
#3230 = AXIS2_PLACEMENT_3D('',#3231,#3232,#3233);
#3231 = CARTESIAN_POINT('',(-0.1,-10.46,0.2));
#3232 = DIRECTION('',(0.,-0.,-1.));
#3233 = DIRECTION('',(-1.110223024625E-16,-1.,0.));
#3234 = ADVANCED_FACE('',(#3235),#3276,.T.);
#3235 = FACE_BOUND('',#3236,.T.);
#3236 = EDGE_LOOP('',(#3237,#3245,#3246,#3254,#3262,#3270));
#3237 = ORIENTED_EDGE('',*,*,#3238,.T.);
#3238 = EDGE_CURVE('',#3239,#1656,#3241,.T.);
#3239 = VERTEX_POINT('',#3240);
#3240 = CARTESIAN_POINT('',(-0.1,-10.46,-2.5));
#3241 = LINE('',#3242,#3243);
#3242 = CARTESIAN_POINT('',(-0.1,-10.46,-2.5));
#3243 = VECTOR('',#3244,1.);
#3244 = DIRECTION('',(0.,0.,1.));
#3245 = ORIENTED_EDGE('',*,*,#1663,.F.);
#3246 = ORIENTED_EDGE('',*,*,#3247,.T.);
#3247 = EDGE_CURVE('',#1664,#3248,#3250,.T.);
#3248 = VERTEX_POINT('',#3249);
#3249 = CARTESIAN_POINT('',(-0.1,-9.86,-2.5));
#3250 = LINE('',#3251,#3252);
#3251 = CARTESIAN_POINT('',(-0.1,-9.86,0.2));
#3252 = VECTOR('',#3253,1.);
#3253 = DIRECTION('',(0.,0.,-1.));
#3254 = ORIENTED_EDGE('',*,*,#3255,.T.);
#3255 = EDGE_CURVE('',#3248,#3256,#3258,.T.);
#3256 = VERTEX_POINT('',#3257);
#3257 = CARTESIAN_POINT('',(-0.1,-10.01,-3.1));
#3258 = LINE('',#3259,#3260);
#3259 = CARTESIAN_POINT('',(-0.1,-9.86,-2.5));
#3260 = VECTOR('',#3261,1.);
#3261 = DIRECTION('',(-2.692686352073E-17,-0.242535625036,
    -0.970142500145));
#3262 = ORIENTED_EDGE('',*,*,#3263,.F.);
#3263 = EDGE_CURVE('',#3264,#3256,#3266,.T.);
#3264 = VERTEX_POINT('',#3265);
#3265 = CARTESIAN_POINT('',(-0.1,-10.31,-3.1));
#3266 = LINE('',#3267,#3268);
#3267 = CARTESIAN_POINT('',(-0.1,-10.31,-3.1));
#3268 = VECTOR('',#3269,1.);
#3269 = DIRECTION('',(1.110223024625E-16,1.,0.));
#3270 = ORIENTED_EDGE('',*,*,#3271,.T.);
#3271 = EDGE_CURVE('',#3264,#3239,#3272,.T.);
#3272 = LINE('',#3273,#3274);
#3273 = CARTESIAN_POINT('',(-0.1,-10.31,-3.1));
#3274 = VECTOR('',#3275,1.);
#3275 = DIRECTION('',(-2.692686352073E-17,-0.242535625036,0.970142500145
    ));
#3276 = PLANE('',#3277);
#3277 = AXIS2_PLACEMENT_3D('',#3278,#3279,#3280);
#3278 = CARTESIAN_POINT('',(-0.1,-10.16,3.911477598424));
#3279 = DIRECTION('',(-1.,1.110223024625E-16,0.));
#3280 = DIRECTION('',(0.,0.,1.));
#3281 = ADVANCED_FACE('',(#3282),#3293,.T.);
#3282 = FACE_BOUND('',#3283,.T.);
#3283 = EDGE_LOOP('',(#3284,#3285,#3286,#3292));
#3284 = ORIENTED_EDGE('',*,*,#1711,.F.);
#3285 = ORIENTED_EDGE('',*,*,#1721,.T.);
#3286 = ORIENTED_EDGE('',*,*,#3287,.T.);
#3287 = EDGE_CURVE('',#1722,#1762,#3288,.T.);
#3288 = LINE('',#3289,#3290);
#3289 = CARTESIAN_POINT('',(-0.1,-7.92,0.2));
#3290 = VECTOR('',#3291,1.);
#3291 = DIRECTION('',(1.,-1.110223024625E-16,0.));
#3292 = ORIENTED_EDGE('',*,*,#1769,.T.);
#3293 = PLANE('',#3294);
#3294 = AXIS2_PLACEMENT_3D('',#3295,#3296,#3297);
#3295 = CARTESIAN_POINT('',(-0.1,-7.92,0.2));
#3296 = DIRECTION('',(0.,-0.,-1.));
#3297 = DIRECTION('',(-1.110223024625E-16,-1.,0.));
#3298 = ADVANCED_FACE('',(#3299),#3340,.F.);
#3299 = FACE_BOUND('',#3300,.F.);
#3300 = EDGE_LOOP('',(#3301,#3309,#3310,#3318,#3326,#3334));
#3301 = ORIENTED_EDGE('',*,*,#3302,.T.);
#3302 = EDGE_CURVE('',#3303,#1762,#3305,.T.);
#3303 = VERTEX_POINT('',#3304);
#3304 = CARTESIAN_POINT('',(0.1,-7.92,-2.5));
#3305 = LINE('',#3306,#3307);
#3306 = CARTESIAN_POINT('',(0.1,-7.92,-2.5));
#3307 = VECTOR('',#3308,1.);
#3308 = DIRECTION('',(0.,0.,1.));
#3309 = ORIENTED_EDGE('',*,*,#1761,.F.);
#3310 = ORIENTED_EDGE('',*,*,#3311,.T.);
#3311 = EDGE_CURVE('',#1754,#3312,#3314,.T.);
#3312 = VERTEX_POINT('',#3313);
#3313 = CARTESIAN_POINT('',(0.1,-7.32,-2.5));
#3314 = LINE('',#3315,#3316);
#3315 = CARTESIAN_POINT('',(0.1,-7.32,0.2));
#3316 = VECTOR('',#3317,1.);
#3317 = DIRECTION('',(0.,0.,-1.));
#3318 = ORIENTED_EDGE('',*,*,#3319,.T.);
#3319 = EDGE_CURVE('',#3312,#3320,#3322,.T.);
#3320 = VERTEX_POINT('',#3321);
#3321 = CARTESIAN_POINT('',(0.1,-7.47,-3.1));
#3322 = LINE('',#3323,#3324);
#3323 = CARTESIAN_POINT('',(0.1,-7.32,-2.5));
#3324 = VECTOR('',#3325,1.);
#3325 = DIRECTION('',(-2.692686352073E-17,-0.242535625036,
    -0.970142500145));
#3326 = ORIENTED_EDGE('',*,*,#3327,.T.);
#3327 = EDGE_CURVE('',#3320,#3328,#3330,.T.);
#3328 = VERTEX_POINT('',#3329);
#3329 = CARTESIAN_POINT('',(0.1,-7.77,-3.1));
#3330 = LINE('',#3331,#3332);
#3331 = CARTESIAN_POINT('',(0.1,-7.47,-3.1));
#3332 = VECTOR('',#3333,1.);
#3333 = DIRECTION('',(-1.110223024625E-16,-1.,0.));
#3334 = ORIENTED_EDGE('',*,*,#3335,.T.);
#3335 = EDGE_CURVE('',#3328,#3303,#3336,.T.);
#3336 = LINE('',#3337,#3338);
#3337 = CARTESIAN_POINT('',(0.1,-7.77,-3.1));
#3338 = VECTOR('',#3339,1.);
#3339 = DIRECTION('',(-2.692686352073E-17,-0.242535625036,0.970142500145
    ));
#3340 = PLANE('',#3341);
#3341 = AXIS2_PLACEMENT_3D('',#3342,#3343,#3344);
#3342 = CARTESIAN_POINT('',(0.1,-7.62,3.911477598424));
#3343 = DIRECTION('',(-1.,1.110223024625E-16,0.));
#3344 = DIRECTION('',(0.,0.,1.));
#3345 = ADVANCED_FACE('',(#3346),#3357,.T.);
#3346 = FACE_BOUND('',#3347,.T.);
#3347 = EDGE_LOOP('',(#3348,#3354,#3355,#3356));
#3348 = ORIENTED_EDGE('',*,*,#3349,.F.);
#3349 = EDGE_CURVE('',#1730,#1754,#3350,.T.);
#3350 = LINE('',#3351,#3352);
#3351 = CARTESIAN_POINT('',(-0.1,-7.32,0.2));
#3352 = VECTOR('',#3353,1.);
#3353 = DIRECTION('',(1.,-1.110223024625E-16,0.));
#3354 = ORIENTED_EDGE('',*,*,#1737,.T.);
#3355 = ORIENTED_EDGE('',*,*,#1745,.T.);
#3356 = ORIENTED_EDGE('',*,*,#1753,.T.);
#3357 = PLANE('',#3358);
#3358 = AXIS2_PLACEMENT_3D('',#3359,#3360,#3361);
#3359 = CARTESIAN_POINT('',(-0.1,-7.92,0.2));
#3360 = DIRECTION('',(0.,-0.,-1.));
#3361 = DIRECTION('',(-1.110223024625E-16,-1.,0.));
#3362 = ADVANCED_FACE('',(#3363),#3404,.T.);
#3363 = FACE_BOUND('',#3364,.T.);
#3364 = EDGE_LOOP('',(#3365,#3373,#3374,#3382,#3390,#3398));
#3365 = ORIENTED_EDGE('',*,*,#3366,.T.);
#3366 = EDGE_CURVE('',#3367,#1722,#3369,.T.);
#3367 = VERTEX_POINT('',#3368);
#3368 = CARTESIAN_POINT('',(-0.1,-7.92,-2.5));
#3369 = LINE('',#3370,#3371);
#3370 = CARTESIAN_POINT('',(-0.1,-7.92,-2.5));
#3371 = VECTOR('',#3372,1.);
#3372 = DIRECTION('',(0.,0.,1.));
#3373 = ORIENTED_EDGE('',*,*,#1729,.F.);
#3374 = ORIENTED_EDGE('',*,*,#3375,.T.);
#3375 = EDGE_CURVE('',#1730,#3376,#3378,.T.);
#3376 = VERTEX_POINT('',#3377);
#3377 = CARTESIAN_POINT('',(-0.1,-7.32,-2.5));
#3378 = LINE('',#3379,#3380);
#3379 = CARTESIAN_POINT('',(-0.1,-7.32,0.2));
#3380 = VECTOR('',#3381,1.);
#3381 = DIRECTION('',(0.,0.,-1.));
#3382 = ORIENTED_EDGE('',*,*,#3383,.T.);
#3383 = EDGE_CURVE('',#3376,#3384,#3386,.T.);
#3384 = VERTEX_POINT('',#3385);
#3385 = CARTESIAN_POINT('',(-0.1,-7.47,-3.1));
#3386 = LINE('',#3387,#3388);
#3387 = CARTESIAN_POINT('',(-0.1,-7.32,-2.5));
#3388 = VECTOR('',#3389,1.);
#3389 = DIRECTION('',(-2.692686352073E-17,-0.242535625036,
    -0.970142500145));
#3390 = ORIENTED_EDGE('',*,*,#3391,.F.);
#3391 = EDGE_CURVE('',#3392,#3384,#3394,.T.);
#3392 = VERTEX_POINT('',#3393);
#3393 = CARTESIAN_POINT('',(-0.1,-7.77,-3.1));
#3394 = LINE('',#3395,#3396);
#3395 = CARTESIAN_POINT('',(-0.1,-7.77,-3.1));
#3396 = VECTOR('',#3397,1.);
#3397 = DIRECTION('',(1.110223024625E-16,1.,0.));
#3398 = ORIENTED_EDGE('',*,*,#3399,.T.);
#3399 = EDGE_CURVE('',#3392,#3367,#3400,.T.);
#3400 = LINE('',#3401,#3402);
#3401 = CARTESIAN_POINT('',(-0.1,-7.77,-3.1));
#3402 = VECTOR('',#3403,1.);
#3403 = DIRECTION('',(-2.692686352073E-17,-0.242535625036,0.970142500145
    ));
#3404 = PLANE('',#3405);
#3405 = AXIS2_PLACEMENT_3D('',#3406,#3407,#3408);
#3406 = CARTESIAN_POINT('',(-0.1,-7.62,3.911477598424));
#3407 = DIRECTION('',(-1.,1.110223024625E-16,0.));
#3408 = DIRECTION('',(0.,0.,1.));
#3409 = ADVANCED_FACE('',(#3410),#3421,.T.);
#3410 = FACE_BOUND('',#3411,.T.);
#3411 = EDGE_LOOP('',(#3412,#3413,#3414,#3420));
#3412 = ORIENTED_EDGE('',*,*,#1777,.F.);
#3413 = ORIENTED_EDGE('',*,*,#1787,.T.);
#3414 = ORIENTED_EDGE('',*,*,#3415,.T.);
#3415 = EDGE_CURVE('',#1788,#1828,#3416,.T.);
#3416 = LINE('',#3417,#3418);
#3417 = CARTESIAN_POINT('',(-0.1,-5.38,0.2));
#3418 = VECTOR('',#3419,1.);
#3419 = DIRECTION('',(1.,-1.110223024625E-16,0.));
#3420 = ORIENTED_EDGE('',*,*,#1835,.T.);
#3421 = PLANE('',#3422);
#3422 = AXIS2_PLACEMENT_3D('',#3423,#3424,#3425);
#3423 = CARTESIAN_POINT('',(-0.1,-5.38,0.2));
#3424 = DIRECTION('',(0.,-0.,-1.));
#3425 = DIRECTION('',(-1.110223024625E-16,-1.,0.));
#3426 = ADVANCED_FACE('',(#3427),#3468,.F.);
#3427 = FACE_BOUND('',#3428,.F.);
#3428 = EDGE_LOOP('',(#3429,#3437,#3438,#3446,#3454,#3462));
#3429 = ORIENTED_EDGE('',*,*,#3430,.T.);
#3430 = EDGE_CURVE('',#3431,#1828,#3433,.T.);
#3431 = VERTEX_POINT('',#3432);
#3432 = CARTESIAN_POINT('',(0.1,-5.38,-2.5));
#3433 = LINE('',#3434,#3435);
#3434 = CARTESIAN_POINT('',(0.1,-5.38,-2.5));
#3435 = VECTOR('',#3436,1.);
#3436 = DIRECTION('',(0.,0.,1.));
#3437 = ORIENTED_EDGE('',*,*,#1827,.F.);
#3438 = ORIENTED_EDGE('',*,*,#3439,.T.);
#3439 = EDGE_CURVE('',#1820,#3440,#3442,.T.);
#3440 = VERTEX_POINT('',#3441);
#3441 = CARTESIAN_POINT('',(0.1,-4.78,-2.5));
#3442 = LINE('',#3443,#3444);
#3443 = CARTESIAN_POINT('',(0.1,-4.78,0.2));
#3444 = VECTOR('',#3445,1.);
#3445 = DIRECTION('',(0.,0.,-1.));
#3446 = ORIENTED_EDGE('',*,*,#3447,.T.);
#3447 = EDGE_CURVE('',#3440,#3448,#3450,.T.);
#3448 = VERTEX_POINT('',#3449);
#3449 = CARTESIAN_POINT('',(0.1,-4.93,-3.1));
#3450 = LINE('',#3451,#3452);
#3451 = CARTESIAN_POINT('',(0.1,-4.78,-2.5));
#3452 = VECTOR('',#3453,1.);
#3453 = DIRECTION('',(-2.692686352073E-17,-0.242535625036,
    -0.970142500145));
#3454 = ORIENTED_EDGE('',*,*,#3455,.T.);
#3455 = EDGE_CURVE('',#3448,#3456,#3458,.T.);
#3456 = VERTEX_POINT('',#3457);
#3457 = CARTESIAN_POINT('',(0.1,-5.23,-3.1));
#3458 = LINE('',#3459,#3460);
#3459 = CARTESIAN_POINT('',(0.1,-4.93,-3.1));
#3460 = VECTOR('',#3461,1.);
#3461 = DIRECTION('',(-1.110223024625E-16,-1.,0.));
#3462 = ORIENTED_EDGE('',*,*,#3463,.T.);
#3463 = EDGE_CURVE('',#3456,#3431,#3464,.T.);
#3464 = LINE('',#3465,#3466);
#3465 = CARTESIAN_POINT('',(0.1,-5.23,-3.1));
#3466 = VECTOR('',#3467,1.);
#3467 = DIRECTION('',(-2.692686352073E-17,-0.242535625036,0.970142500145
    ));
#3468 = PLANE('',#3469);
#3469 = AXIS2_PLACEMENT_3D('',#3470,#3471,#3472);
#3470 = CARTESIAN_POINT('',(0.1,-5.08,3.911477598424));
#3471 = DIRECTION('',(-1.,1.110223024625E-16,0.));
#3472 = DIRECTION('',(0.,0.,1.));
#3473 = ADVANCED_FACE('',(#3474),#3485,.T.);
#3474 = FACE_BOUND('',#3475,.T.);
#3475 = EDGE_LOOP('',(#3476,#3482,#3483,#3484));
#3476 = ORIENTED_EDGE('',*,*,#3477,.F.);
#3477 = EDGE_CURVE('',#1796,#1820,#3478,.T.);
#3478 = LINE('',#3479,#3480);
#3479 = CARTESIAN_POINT('',(-0.1,-4.78,0.2));
#3480 = VECTOR('',#3481,1.);
#3481 = DIRECTION('',(1.,-1.110223024625E-16,0.));
#3482 = ORIENTED_EDGE('',*,*,#1803,.T.);
#3483 = ORIENTED_EDGE('',*,*,#1811,.T.);
#3484 = ORIENTED_EDGE('',*,*,#1819,.T.);
#3485 = PLANE('',#3486);
#3486 = AXIS2_PLACEMENT_3D('',#3487,#3488,#3489);
#3487 = CARTESIAN_POINT('',(-0.1,-5.38,0.2));
#3488 = DIRECTION('',(0.,-0.,-1.));
#3489 = DIRECTION('',(-1.110223024625E-16,-1.,0.));
#3490 = ADVANCED_FACE('',(#3491),#3532,.T.);
#3491 = FACE_BOUND('',#3492,.T.);
#3492 = EDGE_LOOP('',(#3493,#3501,#3502,#3510,#3518,#3526));
#3493 = ORIENTED_EDGE('',*,*,#3494,.T.);
#3494 = EDGE_CURVE('',#3495,#1788,#3497,.T.);
#3495 = VERTEX_POINT('',#3496);
#3496 = CARTESIAN_POINT('',(-0.1,-5.38,-2.5));
#3497 = LINE('',#3498,#3499);
#3498 = CARTESIAN_POINT('',(-0.1,-5.38,-2.5));
#3499 = VECTOR('',#3500,1.);
#3500 = DIRECTION('',(0.,0.,1.));
#3501 = ORIENTED_EDGE('',*,*,#1795,.F.);
#3502 = ORIENTED_EDGE('',*,*,#3503,.T.);
#3503 = EDGE_CURVE('',#1796,#3504,#3506,.T.);
#3504 = VERTEX_POINT('',#3505);
#3505 = CARTESIAN_POINT('',(-0.1,-4.78,-2.5));
#3506 = LINE('',#3507,#3508);
#3507 = CARTESIAN_POINT('',(-0.1,-4.78,0.2));
#3508 = VECTOR('',#3509,1.);
#3509 = DIRECTION('',(0.,0.,-1.));
#3510 = ORIENTED_EDGE('',*,*,#3511,.T.);
#3511 = EDGE_CURVE('',#3504,#3512,#3514,.T.);
#3512 = VERTEX_POINT('',#3513);
#3513 = CARTESIAN_POINT('',(-0.1,-4.93,-3.1));
#3514 = LINE('',#3515,#3516);
#3515 = CARTESIAN_POINT('',(-0.1,-4.78,-2.5));
#3516 = VECTOR('',#3517,1.);
#3517 = DIRECTION('',(-2.692686352073E-17,-0.242535625036,
    -0.970142500145));
#3518 = ORIENTED_EDGE('',*,*,#3519,.F.);
#3519 = EDGE_CURVE('',#3520,#3512,#3522,.T.);
#3520 = VERTEX_POINT('',#3521);
#3521 = CARTESIAN_POINT('',(-0.1,-5.23,-3.1));
#3522 = LINE('',#3523,#3524);
#3523 = CARTESIAN_POINT('',(-0.1,-5.23,-3.1));
#3524 = VECTOR('',#3525,1.);
#3525 = DIRECTION('',(1.110223024625E-16,1.,0.));
#3526 = ORIENTED_EDGE('',*,*,#3527,.T.);
#3527 = EDGE_CURVE('',#3520,#3495,#3528,.T.);
#3528 = LINE('',#3529,#3530);
#3529 = CARTESIAN_POINT('',(-0.1,-5.23,-3.1));
#3530 = VECTOR('',#3531,1.);
#3531 = DIRECTION('',(-2.692686352073E-17,-0.242535625036,0.970142500145
    ));
#3532 = PLANE('',#3533);
#3533 = AXIS2_PLACEMENT_3D('',#3534,#3535,#3536);
#3534 = CARTESIAN_POINT('',(-0.1,-5.08,3.911477598424));
#3535 = DIRECTION('',(-1.,1.110223024625E-16,0.));
#3536 = DIRECTION('',(0.,0.,1.));
#3537 = ADVANCED_FACE('',(#3538),#3549,.T.);
#3538 = FACE_BOUND('',#3539,.T.);
#3539 = EDGE_LOOP('',(#3540,#3541,#3542,#3548));
#3540 = ORIENTED_EDGE('',*,*,#1843,.F.);
#3541 = ORIENTED_EDGE('',*,*,#1853,.T.);
#3542 = ORIENTED_EDGE('',*,*,#3543,.T.);
#3543 = EDGE_CURVE('',#1854,#1894,#3544,.T.);
#3544 = LINE('',#3545,#3546);
#3545 = CARTESIAN_POINT('',(-0.1,-2.84,0.2));
#3546 = VECTOR('',#3547,1.);
#3547 = DIRECTION('',(1.,-1.110223024625E-16,0.));
#3548 = ORIENTED_EDGE('',*,*,#1901,.T.);
#3549 = PLANE('',#3550);
#3550 = AXIS2_PLACEMENT_3D('',#3551,#3552,#3553);
#3551 = CARTESIAN_POINT('',(-0.1,-2.84,0.2));
#3552 = DIRECTION('',(0.,-0.,-1.));
#3553 = DIRECTION('',(-1.110223024625E-16,-1.,0.));
#3554 = ADVANCED_FACE('',(#3555),#3596,.F.);
#3555 = FACE_BOUND('',#3556,.F.);
#3556 = EDGE_LOOP('',(#3557,#3565,#3566,#3574,#3582,#3590));
#3557 = ORIENTED_EDGE('',*,*,#3558,.T.);
#3558 = EDGE_CURVE('',#3559,#1894,#3561,.T.);
#3559 = VERTEX_POINT('',#3560);
#3560 = CARTESIAN_POINT('',(0.1,-2.84,-2.5));
#3561 = LINE('',#3562,#3563);
#3562 = CARTESIAN_POINT('',(0.1,-2.84,-2.5));
#3563 = VECTOR('',#3564,1.);
#3564 = DIRECTION('',(0.,0.,1.));
#3565 = ORIENTED_EDGE('',*,*,#1893,.F.);
#3566 = ORIENTED_EDGE('',*,*,#3567,.T.);
#3567 = EDGE_CURVE('',#1886,#3568,#3570,.T.);
#3568 = VERTEX_POINT('',#3569);
#3569 = CARTESIAN_POINT('',(0.1,-2.24,-2.5));
#3570 = LINE('',#3571,#3572);
#3571 = CARTESIAN_POINT('',(0.1,-2.24,0.2));
#3572 = VECTOR('',#3573,1.);
#3573 = DIRECTION('',(0.,0.,-1.));
#3574 = ORIENTED_EDGE('',*,*,#3575,.T.);
#3575 = EDGE_CURVE('',#3568,#3576,#3578,.T.);
#3576 = VERTEX_POINT('',#3577);
#3577 = CARTESIAN_POINT('',(0.1,-2.39,-3.1));
#3578 = LINE('',#3579,#3580);
#3579 = CARTESIAN_POINT('',(0.1,-2.24,-2.5));
#3580 = VECTOR('',#3581,1.);
#3581 = DIRECTION('',(-2.692686352073E-17,-0.242535625036,
    -0.970142500145));
#3582 = ORIENTED_EDGE('',*,*,#3583,.T.);
#3583 = EDGE_CURVE('',#3576,#3584,#3586,.T.);
#3584 = VERTEX_POINT('',#3585);
#3585 = CARTESIAN_POINT('',(0.1,-2.69,-3.1));
#3586 = LINE('',#3587,#3588);
#3587 = CARTESIAN_POINT('',(0.1,-2.39,-3.1));
#3588 = VECTOR('',#3589,1.);
#3589 = DIRECTION('',(-1.110223024625E-16,-1.,0.));
#3590 = ORIENTED_EDGE('',*,*,#3591,.T.);
#3591 = EDGE_CURVE('',#3584,#3559,#3592,.T.);
#3592 = LINE('',#3593,#3594);
#3593 = CARTESIAN_POINT('',(0.1,-2.69,-3.1));
#3594 = VECTOR('',#3595,1.);
#3595 = DIRECTION('',(-2.692686352073E-17,-0.242535625036,0.970142500145
    ));
#3596 = PLANE('',#3597);
#3597 = AXIS2_PLACEMENT_3D('',#3598,#3599,#3600);
#3598 = CARTESIAN_POINT('',(0.1,-2.54,3.911477598424));
#3599 = DIRECTION('',(-1.,1.110223024625E-16,0.));
#3600 = DIRECTION('',(0.,0.,1.));
#3601 = ADVANCED_FACE('',(#3602),#3613,.T.);
#3602 = FACE_BOUND('',#3603,.T.);
#3603 = EDGE_LOOP('',(#3604,#3610,#3611,#3612));
#3604 = ORIENTED_EDGE('',*,*,#3605,.F.);
#3605 = EDGE_CURVE('',#1862,#1886,#3606,.T.);
#3606 = LINE('',#3607,#3608);
#3607 = CARTESIAN_POINT('',(-0.1,-2.24,0.2));
#3608 = VECTOR('',#3609,1.);
#3609 = DIRECTION('',(1.,-1.110223024625E-16,0.));
#3610 = ORIENTED_EDGE('',*,*,#1869,.T.);
#3611 = ORIENTED_EDGE('',*,*,#1877,.T.);
#3612 = ORIENTED_EDGE('',*,*,#1885,.T.);
#3613 = PLANE('',#3614);
#3614 = AXIS2_PLACEMENT_3D('',#3615,#3616,#3617);
#3615 = CARTESIAN_POINT('',(-0.1,-2.84,0.2));
#3616 = DIRECTION('',(0.,-0.,-1.));
#3617 = DIRECTION('',(-1.110223024625E-16,-1.,0.));
#3618 = ADVANCED_FACE('',(#3619),#3660,.T.);
#3619 = FACE_BOUND('',#3620,.T.);
#3620 = EDGE_LOOP('',(#3621,#3629,#3630,#3638,#3646,#3654));
#3621 = ORIENTED_EDGE('',*,*,#3622,.T.);
#3622 = EDGE_CURVE('',#3623,#1854,#3625,.T.);
#3623 = VERTEX_POINT('',#3624);
#3624 = CARTESIAN_POINT('',(-0.1,-2.84,-2.5));
#3625 = LINE('',#3626,#3627);
#3626 = CARTESIAN_POINT('',(-0.1,-2.84,-2.5));
#3627 = VECTOR('',#3628,1.);
#3628 = DIRECTION('',(0.,0.,1.));
#3629 = ORIENTED_EDGE('',*,*,#1861,.F.);
#3630 = ORIENTED_EDGE('',*,*,#3631,.T.);
#3631 = EDGE_CURVE('',#1862,#3632,#3634,.T.);
#3632 = VERTEX_POINT('',#3633);
#3633 = CARTESIAN_POINT('',(-0.1,-2.24,-2.5));
#3634 = LINE('',#3635,#3636);
#3635 = CARTESIAN_POINT('',(-0.1,-2.24,0.2));
#3636 = VECTOR('',#3637,1.);
#3637 = DIRECTION('',(0.,0.,-1.));
#3638 = ORIENTED_EDGE('',*,*,#3639,.T.);
#3639 = EDGE_CURVE('',#3632,#3640,#3642,.T.);
#3640 = VERTEX_POINT('',#3641);
#3641 = CARTESIAN_POINT('',(-0.1,-2.39,-3.1));
#3642 = LINE('',#3643,#3644);
#3643 = CARTESIAN_POINT('',(-0.1,-2.24,-2.5));
#3644 = VECTOR('',#3645,1.);
#3645 = DIRECTION('',(-2.692686352073E-17,-0.242535625036,
    -0.970142500145));
#3646 = ORIENTED_EDGE('',*,*,#3647,.F.);
#3647 = EDGE_CURVE('',#3648,#3640,#3650,.T.);
#3648 = VERTEX_POINT('',#3649);
#3649 = CARTESIAN_POINT('',(-0.1,-2.69,-3.1));
#3650 = LINE('',#3651,#3652);
#3651 = CARTESIAN_POINT('',(-0.1,-2.69,-3.1));
#3652 = VECTOR('',#3653,1.);
#3653 = DIRECTION('',(1.110223024625E-16,1.,0.));
#3654 = ORIENTED_EDGE('',*,*,#3655,.T.);
#3655 = EDGE_CURVE('',#3648,#3623,#3656,.T.);
#3656 = LINE('',#3657,#3658);
#3657 = CARTESIAN_POINT('',(-0.1,-2.69,-3.1));
#3658 = VECTOR('',#3659,1.);
#3659 = DIRECTION('',(-2.692686352073E-17,-0.242535625036,0.970142500145
    ));
#3660 = PLANE('',#3661);
#3661 = AXIS2_PLACEMENT_3D('',#3662,#3663,#3664);
#3662 = CARTESIAN_POINT('',(-0.1,-2.54,3.911477598424));
#3663 = DIRECTION('',(-1.,1.110223024625E-16,0.));
#3664 = DIRECTION('',(0.,0.,1.));
#3665 = ADVANCED_FACE('',(#3666),#3677,.T.);
#3666 = FACE_BOUND('',#3667,.T.);
#3667 = EDGE_LOOP('',(#3668,#3669,#3670,#3676));
#3668 = ORIENTED_EDGE('',*,*,#1909,.F.);
#3669 = ORIENTED_EDGE('',*,*,#1919,.T.);
#3670 = ORIENTED_EDGE('',*,*,#3671,.T.);
#3671 = EDGE_CURVE('',#1920,#1960,#3672,.T.);
#3672 = LINE('',#3673,#3674);
#3673 = CARTESIAN_POINT('',(-0.1,-0.3,0.2));
#3674 = VECTOR('',#3675,1.);
#3675 = DIRECTION('',(1.,-1.110223024625E-16,0.));
#3676 = ORIENTED_EDGE('',*,*,#1967,.T.);
#3677 = PLANE('',#3678);
#3678 = AXIS2_PLACEMENT_3D('',#3679,#3680,#3681);
#3679 = CARTESIAN_POINT('',(-0.1,-0.3,0.2));
#3680 = DIRECTION('',(0.,-0.,-1.));
#3681 = DIRECTION('',(-1.110223024625E-16,-1.,0.));
#3682 = ADVANCED_FACE('',(#3683),#3724,.F.);
#3683 = FACE_BOUND('',#3684,.F.);
#3684 = EDGE_LOOP('',(#3685,#3693,#3694,#3702,#3710,#3718));
#3685 = ORIENTED_EDGE('',*,*,#3686,.T.);
#3686 = EDGE_CURVE('',#3687,#1960,#3689,.T.);
#3687 = VERTEX_POINT('',#3688);
#3688 = CARTESIAN_POINT('',(0.1,-0.3,-2.5));
#3689 = LINE('',#3690,#3691);
#3690 = CARTESIAN_POINT('',(0.1,-0.3,-2.5));
#3691 = VECTOR('',#3692,1.);
#3692 = DIRECTION('',(0.,0.,1.));
#3693 = ORIENTED_EDGE('',*,*,#1959,.F.);
#3694 = ORIENTED_EDGE('',*,*,#3695,.T.);
#3695 = EDGE_CURVE('',#1952,#3696,#3698,.T.);
#3696 = VERTEX_POINT('',#3697);
#3697 = CARTESIAN_POINT('',(0.1,0.3,-2.5));
#3698 = LINE('',#3699,#3700);
#3699 = CARTESIAN_POINT('',(0.1,0.3,0.2));
#3700 = VECTOR('',#3701,1.);
#3701 = DIRECTION('',(0.,0.,-1.));
#3702 = ORIENTED_EDGE('',*,*,#3703,.T.);
#3703 = EDGE_CURVE('',#3696,#3704,#3706,.T.);
#3704 = VERTEX_POINT('',#3705);
#3705 = CARTESIAN_POINT('',(0.1,0.15,-3.1));
#3706 = LINE('',#3707,#3708);
#3707 = CARTESIAN_POINT('',(0.1,0.3,-2.5));
#3708 = VECTOR('',#3709,1.);
#3709 = DIRECTION('',(-2.692686352073E-17,-0.242535625036,
    -0.970142500145));
#3710 = ORIENTED_EDGE('',*,*,#3711,.T.);
#3711 = EDGE_CURVE('',#3704,#3712,#3714,.T.);
#3712 = VERTEX_POINT('',#3713);
#3713 = CARTESIAN_POINT('',(0.1,-0.15,-3.1));
#3714 = LINE('',#3715,#3716);
#3715 = CARTESIAN_POINT('',(0.1,0.15,-3.1));
#3716 = VECTOR('',#3717,1.);
#3717 = DIRECTION('',(-1.110223024625E-16,-1.,0.));
#3718 = ORIENTED_EDGE('',*,*,#3719,.T.);
#3719 = EDGE_CURVE('',#3712,#3687,#3720,.T.);
#3720 = LINE('',#3721,#3722);
#3721 = CARTESIAN_POINT('',(0.1,-0.15,-3.1));
#3722 = VECTOR('',#3723,1.);
#3723 = DIRECTION('',(-2.692686352073E-17,-0.242535625036,0.970142500145
    ));
#3724 = PLANE('',#3725);
#3725 = AXIS2_PLACEMENT_3D('',#3726,#3727,#3728);
#3726 = CARTESIAN_POINT('',(0.1,-1.110223024625E-17,3.911477598424));
#3727 = DIRECTION('',(-1.,1.110223024625E-16,0.));
#3728 = DIRECTION('',(0.,0.,1.));
#3729 = ADVANCED_FACE('',(#3730),#3741,.T.);
#3730 = FACE_BOUND('',#3731,.T.);
#3731 = EDGE_LOOP('',(#3732,#3738,#3739,#3740));
#3732 = ORIENTED_EDGE('',*,*,#3733,.F.);
#3733 = EDGE_CURVE('',#1928,#1952,#3734,.T.);
#3734 = LINE('',#3735,#3736);
#3735 = CARTESIAN_POINT('',(-0.1,0.3,0.2));
#3736 = VECTOR('',#3737,1.);
#3737 = DIRECTION('',(1.,-1.110223024625E-16,0.));
#3738 = ORIENTED_EDGE('',*,*,#1935,.T.);
#3739 = ORIENTED_EDGE('',*,*,#1943,.T.);
#3740 = ORIENTED_EDGE('',*,*,#1951,.T.);
#3741 = PLANE('',#3742);
#3742 = AXIS2_PLACEMENT_3D('',#3743,#3744,#3745);
#3743 = CARTESIAN_POINT('',(-0.1,-0.3,0.2));
#3744 = DIRECTION('',(0.,-0.,-1.));
#3745 = DIRECTION('',(-1.110223024625E-16,-1.,0.));
#3746 = ADVANCED_FACE('',(#3747),#3788,.T.);
#3747 = FACE_BOUND('',#3748,.T.);
#3748 = EDGE_LOOP('',(#3749,#3757,#3758,#3766,#3774,#3782));
#3749 = ORIENTED_EDGE('',*,*,#3750,.T.);
#3750 = EDGE_CURVE('',#3751,#1920,#3753,.T.);
#3751 = VERTEX_POINT('',#3752);
#3752 = CARTESIAN_POINT('',(-0.1,-0.3,-2.5));
#3753 = LINE('',#3754,#3755);
#3754 = CARTESIAN_POINT('',(-0.1,-0.3,-2.5));
#3755 = VECTOR('',#3756,1.);
#3756 = DIRECTION('',(0.,0.,1.));
#3757 = ORIENTED_EDGE('',*,*,#1927,.F.);
#3758 = ORIENTED_EDGE('',*,*,#3759,.T.);
#3759 = EDGE_CURVE('',#1928,#3760,#3762,.T.);
#3760 = VERTEX_POINT('',#3761);
#3761 = CARTESIAN_POINT('',(-0.1,0.3,-2.5));
#3762 = LINE('',#3763,#3764);
#3763 = CARTESIAN_POINT('',(-0.1,0.3,0.2));
#3764 = VECTOR('',#3765,1.);
#3765 = DIRECTION('',(0.,0.,-1.));
#3766 = ORIENTED_EDGE('',*,*,#3767,.T.);
#3767 = EDGE_CURVE('',#3760,#3768,#3770,.T.);
#3768 = VERTEX_POINT('',#3769);
#3769 = CARTESIAN_POINT('',(-0.1,0.15,-3.1));
#3770 = LINE('',#3771,#3772);
#3771 = CARTESIAN_POINT('',(-0.1,0.3,-2.5));
#3772 = VECTOR('',#3773,1.);
#3773 = DIRECTION('',(-2.692686352073E-17,-0.242535625036,
    -0.970142500145));
#3774 = ORIENTED_EDGE('',*,*,#3775,.F.);
#3775 = EDGE_CURVE('',#3776,#3768,#3778,.T.);
#3776 = VERTEX_POINT('',#3777);
#3777 = CARTESIAN_POINT('',(-0.1,-0.15,-3.1));
#3778 = LINE('',#3779,#3780);
#3779 = CARTESIAN_POINT('',(-0.1,-0.15,-3.1));
#3780 = VECTOR('',#3781,1.);
#3781 = DIRECTION('',(1.110223024625E-16,1.,0.));
#3782 = ORIENTED_EDGE('',*,*,#3783,.T.);
#3783 = EDGE_CURVE('',#3776,#3751,#3784,.T.);
#3784 = LINE('',#3785,#3786);
#3785 = CARTESIAN_POINT('',(-0.1,-0.15,-3.1));
#3786 = VECTOR('',#3787,1.);
#3787 = DIRECTION('',(-2.692686352073E-17,-0.242535625036,0.970142500145
    ));
#3788 = PLANE('',#3789);
#3789 = AXIS2_PLACEMENT_3D('',#3790,#3791,#3792);
#3790 = CARTESIAN_POINT('',(-0.1,1.110223024625E-17,3.911477598424));
#3791 = DIRECTION('',(-1.,1.110223024625E-16,0.));
#3792 = DIRECTION('',(0.,0.,1.));
#3793 = ADVANCED_FACE('',(#3794),#3819,.F.);
#3794 = FACE_BOUND('',#3795,.F.);
#3795 = EDGE_LOOP('',(#3796,#3804,#3812,#3818));
#3796 = ORIENTED_EDGE('',*,*,#3797,.T.);
#3797 = EDGE_CURVE('',#2006,#3798,#3800,.T.);
#3798 = VERTEX_POINT('',#3799);
#3799 = CARTESIAN_POINT('',(0.3,-18.08,0.9));
#3800 = LINE('',#3801,#3802);
#3801 = CARTESIAN_POINT('',(0.3,-18.08,8.2));
#3802 = VECTOR('',#3803,1.);
#3803 = DIRECTION('',(0.,-0.,-1.));
#3804 = ORIENTED_EDGE('',*,*,#3805,.T.);
#3805 = EDGE_CURVE('',#3798,#3806,#3808,.T.);
#3806 = VERTEX_POINT('',#3807);
#3807 = CARTESIAN_POINT('',(0.3,-17.48,0.9));
#3808 = LINE('',#3809,#3810);
#3809 = CARTESIAN_POINT('',(0.3,-18.08,0.9));
#3810 = VECTOR('',#3811,1.);
#3811 = DIRECTION('',(1.110223024625E-16,1.,0.));
#3812 = ORIENTED_EDGE('',*,*,#3813,.F.);
#3813 = EDGE_CURVE('',#2015,#3806,#3814,.T.);
#3814 = LINE('',#3815,#3816);
#3815 = CARTESIAN_POINT('',(0.3,-17.48,8.2));
#3816 = VECTOR('',#3817,1.);
#3817 = DIRECTION('',(0.,-0.,-1.));
#3818 = ORIENTED_EDGE('',*,*,#2022,.F.);
#3819 = PLANE('',#3820);
#3820 = AXIS2_PLACEMENT_3D('',#3821,#3822,#3823);
#3821 = CARTESIAN_POINT('',(0.3,-18.08,8.2));
#3822 = DIRECTION('',(1.,-1.110223024625E-16,0.));
#3823 = DIRECTION('',(1.110223024625E-16,1.,0.));
#3824 = ADVANCED_FACE('',(#3825),#3875,.F.);
#3825 = FACE_BOUND('',#3826,.F.);
#3826 = EDGE_LOOP('',(#3827,#3828,#3829,#3837,#3845,#3853,#3861,#3869));
#3827 = ORIENTED_EDGE('',*,*,#2046,.F.);
#3828 = ORIENTED_EDGE('',*,*,#3813,.T.);
#3829 = ORIENTED_EDGE('',*,*,#3830,.T.);
#3830 = EDGE_CURVE('',#3806,#3831,#3833,.T.);
#3831 = VERTEX_POINT('',#3832);
#3832 = CARTESIAN_POINT('',(0.1,-17.48,0.9));
#3833 = LINE('',#3834,#3835);
#3834 = CARTESIAN_POINT('',(0.3,-17.48,0.9));
#3835 = VECTOR('',#3836,1.);
#3836 = DIRECTION('',(-1.,1.110223024625E-16,0.));
#3837 = ORIENTED_EDGE('',*,*,#3838,.T.);
#3838 = EDGE_CURVE('',#3831,#3839,#3841,.T.);
#3839 = VERTEX_POINT('',#3840);
#3840 = CARTESIAN_POINT('',(0.1,-17.48,7.4));
#3841 = LINE('',#3842,#3843);
#3842 = CARTESIAN_POINT('',(0.1,-17.48,6.055738799212));
#3843 = VECTOR('',#3844,1.);
#3844 = DIRECTION('',(0.,-0.,1.));
#3845 = ORIENTED_EDGE('',*,*,#3846,.F.);
#3846 = EDGE_CURVE('',#3847,#3839,#3849,.T.);
#3847 = VERTEX_POINT('',#3848);
#3848 = CARTESIAN_POINT('',(-0.1,-17.48,7.4));
#3849 = LINE('',#3850,#3851);
#3850 = CARTESIAN_POINT('',(-0.1,-17.48,7.4));
#3851 = VECTOR('',#3852,1.);
#3852 = DIRECTION('',(1.,-1.110223024625E-16,0.));
#3853 = ORIENTED_EDGE('',*,*,#3854,.F.);
#3854 = EDGE_CURVE('',#3855,#3847,#3857,.T.);
#3855 = VERTEX_POINT('',#3856);
#3856 = CARTESIAN_POINT('',(-0.1,-17.48,0.9));
#3857 = LINE('',#3858,#3859);
#3858 = CARTESIAN_POINT('',(-0.1,-17.48,6.055738799212));
#3859 = VECTOR('',#3860,1.);
#3860 = DIRECTION('',(0.,-0.,1.));
#3861 = ORIENTED_EDGE('',*,*,#3862,.T.);
#3862 = EDGE_CURVE('',#3855,#3863,#3865,.T.);
#3863 = VERTEX_POINT('',#3864);
#3864 = CARTESIAN_POINT('',(-0.3,-17.48,0.9));
#3865 = LINE('',#3866,#3867);
#3866 = CARTESIAN_POINT('',(0.3,-17.48,0.9));
#3867 = VECTOR('',#3868,1.);
#3868 = DIRECTION('',(-1.,1.110223024625E-16,0.));
#3869 = ORIENTED_EDGE('',*,*,#3870,.F.);
#3870 = EDGE_CURVE('',#2039,#3863,#3871,.T.);
#3871 = LINE('',#3872,#3873);
#3872 = CARTESIAN_POINT('',(-0.3,-17.48,8.2));
#3873 = VECTOR('',#3874,1.);
#3874 = DIRECTION('',(0.,-0.,-1.));
#3875 = PLANE('',#3876);
#3876 = AXIS2_PLACEMENT_3D('',#3877,#3878,#3879);
#3877 = CARTESIAN_POINT('',(0.3,-17.48,8.2));
#3878 = DIRECTION('',(1.110223024625E-16,1.,0.));
#3879 = DIRECTION('',(-1.,1.110223024625E-16,0.));
#3880 = ADVANCED_FACE('',(#3881),#3899,.F.);
#3881 = FACE_BOUND('',#3882,.F.);
#3882 = EDGE_LOOP('',(#3883,#3884,#3892,#3898));
#3883 = ORIENTED_EDGE('',*,*,#3870,.T.);
#3884 = ORIENTED_EDGE('',*,*,#3885,.T.);
#3885 = EDGE_CURVE('',#3863,#3886,#3888,.T.);
#3886 = VERTEX_POINT('',#3887);
#3887 = CARTESIAN_POINT('',(-0.3,-18.08,0.9));
#3888 = LINE('',#3889,#3890);
#3889 = CARTESIAN_POINT('',(-0.3,-17.48,0.9));
#3890 = VECTOR('',#3891,1.);
#3891 = DIRECTION('',(-1.110223024625E-16,-1.,0.));
#3892 = ORIENTED_EDGE('',*,*,#3893,.F.);
#3893 = EDGE_CURVE('',#2063,#3886,#3894,.T.);
#3894 = LINE('',#3895,#3896);
#3895 = CARTESIAN_POINT('',(-0.3,-18.08,8.2));
#3896 = VECTOR('',#3897,1.);
#3897 = DIRECTION('',(0.,-0.,-1.));
#3898 = ORIENTED_EDGE('',*,*,#2070,.F.);
#3899 = PLANE('',#3900);
#3900 = AXIS2_PLACEMENT_3D('',#3901,#3902,#3903);
#3901 = CARTESIAN_POINT('',(-0.3,-17.48,8.2));
#3902 = DIRECTION('',(-1.,1.110223024625E-16,0.));
#3903 = DIRECTION('',(-1.110223024625E-16,-1.,0.));
#3904 = ADVANCED_FACE('',(#3905),#3948,.F.);
#3905 = FACE_BOUND('',#3906,.F.);
#3906 = EDGE_LOOP('',(#3907,#3908,#3909,#3917,#3925,#3933,#3941,#3947));
#3907 = ORIENTED_EDGE('',*,*,#2087,.F.);
#3908 = ORIENTED_EDGE('',*,*,#3893,.T.);
#3909 = ORIENTED_EDGE('',*,*,#3910,.T.);
#3910 = EDGE_CURVE('',#3886,#3911,#3913,.T.);
#3911 = VERTEX_POINT('',#3912);
#3912 = CARTESIAN_POINT('',(-0.1,-18.08,0.9));
#3913 = LINE('',#3914,#3915);
#3914 = CARTESIAN_POINT('',(-0.3,-18.08,0.9));
#3915 = VECTOR('',#3916,1.);
#3916 = DIRECTION('',(1.,-1.110223024625E-16,0.));
#3917 = ORIENTED_EDGE('',*,*,#3918,.F.);
#3918 = EDGE_CURVE('',#3919,#3911,#3921,.T.);
#3919 = VERTEX_POINT('',#3920);
#3920 = CARTESIAN_POINT('',(-0.1,-18.08,7.4));
#3921 = LINE('',#3922,#3923);
#3922 = CARTESIAN_POINT('',(-0.1,-18.08,6.055738799212));
#3923 = VECTOR('',#3924,1.);
#3924 = DIRECTION('',(-0.,0.,-1.));
#3925 = ORIENTED_EDGE('',*,*,#3926,.T.);
#3926 = EDGE_CURVE('',#3919,#3927,#3929,.T.);
#3927 = VERTEX_POINT('',#3928);
#3928 = CARTESIAN_POINT('',(0.1,-18.08,7.4));
#3929 = LINE('',#3930,#3931);
#3930 = CARTESIAN_POINT('',(-0.1,-18.08,7.4));
#3931 = VECTOR('',#3932,1.);
#3932 = DIRECTION('',(1.,-1.110223024625E-16,0.));
#3933 = ORIENTED_EDGE('',*,*,#3934,.T.);
#3934 = EDGE_CURVE('',#3927,#3935,#3937,.T.);
#3935 = VERTEX_POINT('',#3936);
#3936 = CARTESIAN_POINT('',(0.1,-18.08,0.9));
#3937 = LINE('',#3938,#3939);
#3938 = CARTESIAN_POINT('',(0.1,-18.08,6.055738799212));
#3939 = VECTOR('',#3940,1.);
#3940 = DIRECTION('',(-0.,0.,-1.));
#3941 = ORIENTED_EDGE('',*,*,#3942,.T.);
#3942 = EDGE_CURVE('',#3935,#3798,#3943,.T.);
#3943 = LINE('',#3944,#3945);
#3944 = CARTESIAN_POINT('',(-0.3,-18.08,0.9));
#3945 = VECTOR('',#3946,1.);
#3946 = DIRECTION('',(1.,-1.110223024625E-16,0.));
#3947 = ORIENTED_EDGE('',*,*,#3797,.F.);
#3948 = PLANE('',#3949);
#3949 = AXIS2_PLACEMENT_3D('',#3950,#3951,#3952);
#3950 = CARTESIAN_POINT('',(-0.3,-18.08,8.2));
#3951 = DIRECTION('',(-1.110223024625E-16,-1.,0.));
#3952 = DIRECTION('',(1.,-1.110223024625E-16,0.));
#3953 = ADVANCED_FACE('',(#3954),#3979,.F.);
#3954 = FACE_BOUND('',#3955,.F.);
#3955 = EDGE_LOOP('',(#3956,#3964,#3972,#3978));
#3956 = ORIENTED_EDGE('',*,*,#3957,.T.);
#3957 = EDGE_CURVE('',#2102,#3958,#3960,.T.);
#3958 = VERTEX_POINT('',#3959);
#3959 = CARTESIAN_POINT('',(0.3,-15.54,0.9));
#3960 = LINE('',#3961,#3962);
#3961 = CARTESIAN_POINT('',(0.3,-15.54,8.2));
#3962 = VECTOR('',#3963,1.);
#3963 = DIRECTION('',(0.,-0.,-1.));
#3964 = ORIENTED_EDGE('',*,*,#3965,.T.);
#3965 = EDGE_CURVE('',#3958,#3966,#3968,.T.);
#3966 = VERTEX_POINT('',#3967);
#3967 = CARTESIAN_POINT('',(0.3,-14.94,0.9));
#3968 = LINE('',#3969,#3970);
#3969 = CARTESIAN_POINT('',(0.3,-15.54,0.9));
#3970 = VECTOR('',#3971,1.);
#3971 = DIRECTION('',(1.110223024625E-16,1.,0.));
#3972 = ORIENTED_EDGE('',*,*,#3973,.F.);
#3973 = EDGE_CURVE('',#2111,#3966,#3974,.T.);
#3974 = LINE('',#3975,#3976);
#3975 = CARTESIAN_POINT('',(0.3,-14.94,8.2));
#3976 = VECTOR('',#3977,1.);
#3977 = DIRECTION('',(0.,-0.,-1.));
#3978 = ORIENTED_EDGE('',*,*,#2118,.F.);
#3979 = PLANE('',#3980);
#3980 = AXIS2_PLACEMENT_3D('',#3981,#3982,#3983);
#3981 = CARTESIAN_POINT('',(0.3,-15.54,8.2));
#3982 = DIRECTION('',(1.,-1.110223024625E-16,0.));
#3983 = DIRECTION('',(1.110223024625E-16,1.,0.));
#3984 = ADVANCED_FACE('',(#3985),#4035,.F.);
#3985 = FACE_BOUND('',#3986,.F.);
#3986 = EDGE_LOOP('',(#3987,#3988,#3989,#3997,#4005,#4013,#4021,#4029));
#3987 = ORIENTED_EDGE('',*,*,#2142,.F.);
#3988 = ORIENTED_EDGE('',*,*,#3973,.T.);
#3989 = ORIENTED_EDGE('',*,*,#3990,.T.);
#3990 = EDGE_CURVE('',#3966,#3991,#3993,.T.);
#3991 = VERTEX_POINT('',#3992);
#3992 = CARTESIAN_POINT('',(0.1,-14.94,0.9));
#3993 = LINE('',#3994,#3995);
#3994 = CARTESIAN_POINT('',(0.3,-14.94,0.9));
#3995 = VECTOR('',#3996,1.);
#3996 = DIRECTION('',(-1.,1.110223024625E-16,0.));
#3997 = ORIENTED_EDGE('',*,*,#3998,.T.);
#3998 = EDGE_CURVE('',#3991,#3999,#4001,.T.);
#3999 = VERTEX_POINT('',#4000);
#4000 = CARTESIAN_POINT('',(0.1,-14.94,7.4));
#4001 = LINE('',#4002,#4003);
#4002 = CARTESIAN_POINT('',(0.1,-14.94,6.055738799212));
#4003 = VECTOR('',#4004,1.);
#4004 = DIRECTION('',(0.,-0.,1.));
#4005 = ORIENTED_EDGE('',*,*,#4006,.F.);
#4006 = EDGE_CURVE('',#4007,#3999,#4009,.T.);
#4007 = VERTEX_POINT('',#4008);
#4008 = CARTESIAN_POINT('',(-0.1,-14.94,7.4));
#4009 = LINE('',#4010,#4011);
#4010 = CARTESIAN_POINT('',(-0.1,-14.94,7.4));
#4011 = VECTOR('',#4012,1.);
#4012 = DIRECTION('',(1.,-1.110223024625E-16,0.));
#4013 = ORIENTED_EDGE('',*,*,#4014,.F.);
#4014 = EDGE_CURVE('',#4015,#4007,#4017,.T.);
#4015 = VERTEX_POINT('',#4016);
#4016 = CARTESIAN_POINT('',(-0.1,-14.94,0.9));
#4017 = LINE('',#4018,#4019);
#4018 = CARTESIAN_POINT('',(-0.1,-14.94,6.055738799212));
#4019 = VECTOR('',#4020,1.);
#4020 = DIRECTION('',(0.,-0.,1.));
#4021 = ORIENTED_EDGE('',*,*,#4022,.T.);
#4022 = EDGE_CURVE('',#4015,#4023,#4025,.T.);
#4023 = VERTEX_POINT('',#4024);
#4024 = CARTESIAN_POINT('',(-0.3,-14.94,0.9));
#4025 = LINE('',#4026,#4027);
#4026 = CARTESIAN_POINT('',(0.3,-14.94,0.9));
#4027 = VECTOR('',#4028,1.);
#4028 = DIRECTION('',(-1.,1.110223024625E-16,0.));
#4029 = ORIENTED_EDGE('',*,*,#4030,.F.);
#4030 = EDGE_CURVE('',#2135,#4023,#4031,.T.);
#4031 = LINE('',#4032,#4033);
#4032 = CARTESIAN_POINT('',(-0.3,-14.94,8.2));
#4033 = VECTOR('',#4034,1.);
#4034 = DIRECTION('',(0.,-0.,-1.));
#4035 = PLANE('',#4036);
#4036 = AXIS2_PLACEMENT_3D('',#4037,#4038,#4039);
#4037 = CARTESIAN_POINT('',(0.3,-14.94,8.2));
#4038 = DIRECTION('',(1.110223024625E-16,1.,0.));
#4039 = DIRECTION('',(-1.,1.110223024625E-16,0.));
#4040 = ADVANCED_FACE('',(#4041),#4059,.F.);
#4041 = FACE_BOUND('',#4042,.F.);
#4042 = EDGE_LOOP('',(#4043,#4044,#4052,#4058));
#4043 = ORIENTED_EDGE('',*,*,#4030,.T.);
#4044 = ORIENTED_EDGE('',*,*,#4045,.T.);
#4045 = EDGE_CURVE('',#4023,#4046,#4048,.T.);
#4046 = VERTEX_POINT('',#4047);
#4047 = CARTESIAN_POINT('',(-0.3,-15.54,0.9));
#4048 = LINE('',#4049,#4050);
#4049 = CARTESIAN_POINT('',(-0.3,-14.94,0.9));
#4050 = VECTOR('',#4051,1.);
#4051 = DIRECTION('',(-1.110223024625E-16,-1.,0.));
#4052 = ORIENTED_EDGE('',*,*,#4053,.F.);
#4053 = EDGE_CURVE('',#2159,#4046,#4054,.T.);
#4054 = LINE('',#4055,#4056);
#4055 = CARTESIAN_POINT('',(-0.3,-15.54,8.2));
#4056 = VECTOR('',#4057,1.);
#4057 = DIRECTION('',(0.,-0.,-1.));
#4058 = ORIENTED_EDGE('',*,*,#2166,.F.);
#4059 = PLANE('',#4060);
#4060 = AXIS2_PLACEMENT_3D('',#4061,#4062,#4063);
#4061 = CARTESIAN_POINT('',(-0.3,-14.94,8.2));
#4062 = DIRECTION('',(-1.,1.110223024625E-16,0.));
#4063 = DIRECTION('',(-1.110223024625E-16,-1.,0.));
#4064 = ADVANCED_FACE('',(#4065),#4108,.F.);
#4065 = FACE_BOUND('',#4066,.F.);
#4066 = EDGE_LOOP('',(#4067,#4068,#4069,#4077,#4085,#4093,#4101,#4107));
#4067 = ORIENTED_EDGE('',*,*,#2183,.F.);
#4068 = ORIENTED_EDGE('',*,*,#4053,.T.);
#4069 = ORIENTED_EDGE('',*,*,#4070,.T.);
#4070 = EDGE_CURVE('',#4046,#4071,#4073,.T.);
#4071 = VERTEX_POINT('',#4072);
#4072 = CARTESIAN_POINT('',(-0.1,-15.54,0.9));
#4073 = LINE('',#4074,#4075);
#4074 = CARTESIAN_POINT('',(-0.3,-15.54,0.9));
#4075 = VECTOR('',#4076,1.);
#4076 = DIRECTION('',(1.,-1.110223024625E-16,0.));
#4077 = ORIENTED_EDGE('',*,*,#4078,.F.);
#4078 = EDGE_CURVE('',#4079,#4071,#4081,.T.);
#4079 = VERTEX_POINT('',#4080);
#4080 = CARTESIAN_POINT('',(-0.1,-15.54,7.4));
#4081 = LINE('',#4082,#4083);
#4082 = CARTESIAN_POINT('',(-0.1,-15.54,6.055738799212));
#4083 = VECTOR('',#4084,1.);
#4084 = DIRECTION('',(-0.,0.,-1.));
#4085 = ORIENTED_EDGE('',*,*,#4086,.T.);
#4086 = EDGE_CURVE('',#4079,#4087,#4089,.T.);
#4087 = VERTEX_POINT('',#4088);
#4088 = CARTESIAN_POINT('',(0.1,-15.54,7.4));
#4089 = LINE('',#4090,#4091);
#4090 = CARTESIAN_POINT('',(-0.1,-15.54,7.4));
#4091 = VECTOR('',#4092,1.);
#4092 = DIRECTION('',(1.,-1.110223024625E-16,0.));
#4093 = ORIENTED_EDGE('',*,*,#4094,.T.);
#4094 = EDGE_CURVE('',#4087,#4095,#4097,.T.);
#4095 = VERTEX_POINT('',#4096);
#4096 = CARTESIAN_POINT('',(0.1,-15.54,0.9));
#4097 = LINE('',#4098,#4099);
#4098 = CARTESIAN_POINT('',(0.1,-15.54,6.055738799212));
#4099 = VECTOR('',#4100,1.);
#4100 = DIRECTION('',(-0.,0.,-1.));
#4101 = ORIENTED_EDGE('',*,*,#4102,.T.);
#4102 = EDGE_CURVE('',#4095,#3958,#4103,.T.);
#4103 = LINE('',#4104,#4105);
#4104 = CARTESIAN_POINT('',(-0.3,-15.54,0.9));
#4105 = VECTOR('',#4106,1.);
#4106 = DIRECTION('',(1.,-1.110223024625E-16,0.));
#4107 = ORIENTED_EDGE('',*,*,#3957,.F.);
#4108 = PLANE('',#4109);
#4109 = AXIS2_PLACEMENT_3D('',#4110,#4111,#4112);
#4110 = CARTESIAN_POINT('',(-0.3,-15.54,8.2));
#4111 = DIRECTION('',(-1.110223024625E-16,-1.,0.));
#4112 = DIRECTION('',(1.,-1.110223024625E-16,0.));
#4113 = ADVANCED_FACE('',(#4114),#4139,.F.);
#4114 = FACE_BOUND('',#4115,.F.);
#4115 = EDGE_LOOP('',(#4116,#4124,#4132,#4138));
#4116 = ORIENTED_EDGE('',*,*,#4117,.T.);
#4117 = EDGE_CURVE('',#2198,#4118,#4120,.T.);
#4118 = VERTEX_POINT('',#4119);
#4119 = CARTESIAN_POINT('',(0.3,-13.,0.9));
#4120 = LINE('',#4121,#4122);
#4121 = CARTESIAN_POINT('',(0.3,-13.,8.2));
#4122 = VECTOR('',#4123,1.);
#4123 = DIRECTION('',(0.,-0.,-1.));
#4124 = ORIENTED_EDGE('',*,*,#4125,.T.);
#4125 = EDGE_CURVE('',#4118,#4126,#4128,.T.);
#4126 = VERTEX_POINT('',#4127);
#4127 = CARTESIAN_POINT('',(0.3,-12.4,0.9));
#4128 = LINE('',#4129,#4130);
#4129 = CARTESIAN_POINT('',(0.3,-13.,0.9));
#4130 = VECTOR('',#4131,1.);
#4131 = DIRECTION('',(1.110223024625E-16,1.,0.));
#4132 = ORIENTED_EDGE('',*,*,#4133,.F.);
#4133 = EDGE_CURVE('',#2207,#4126,#4134,.T.);
#4134 = LINE('',#4135,#4136);
#4135 = CARTESIAN_POINT('',(0.3,-12.4,8.2));
#4136 = VECTOR('',#4137,1.);
#4137 = DIRECTION('',(0.,-0.,-1.));
#4138 = ORIENTED_EDGE('',*,*,#2214,.F.);
#4139 = PLANE('',#4140);
#4140 = AXIS2_PLACEMENT_3D('',#4141,#4142,#4143);
#4141 = CARTESIAN_POINT('',(0.3,-13.,8.2));
#4142 = DIRECTION('',(1.,-1.110223024625E-16,0.));
#4143 = DIRECTION('',(1.110223024625E-16,1.,0.));
#4144 = ADVANCED_FACE('',(#4145),#4195,.F.);
#4145 = FACE_BOUND('',#4146,.F.);
#4146 = EDGE_LOOP('',(#4147,#4148,#4149,#4157,#4165,#4173,#4181,#4189));
#4147 = ORIENTED_EDGE('',*,*,#2238,.F.);
#4148 = ORIENTED_EDGE('',*,*,#4133,.T.);
#4149 = ORIENTED_EDGE('',*,*,#4150,.T.);
#4150 = EDGE_CURVE('',#4126,#4151,#4153,.T.);
#4151 = VERTEX_POINT('',#4152);
#4152 = CARTESIAN_POINT('',(0.1,-12.4,0.9));
#4153 = LINE('',#4154,#4155);
#4154 = CARTESIAN_POINT('',(0.3,-12.4,0.9));
#4155 = VECTOR('',#4156,1.);
#4156 = DIRECTION('',(-1.,1.110223024625E-16,0.));
#4157 = ORIENTED_EDGE('',*,*,#4158,.T.);
#4158 = EDGE_CURVE('',#4151,#4159,#4161,.T.);
#4159 = VERTEX_POINT('',#4160);
#4160 = CARTESIAN_POINT('',(0.1,-12.4,7.4));
#4161 = LINE('',#4162,#4163);
#4162 = CARTESIAN_POINT('',(0.1,-12.4,6.055738799212));
#4163 = VECTOR('',#4164,1.);
#4164 = DIRECTION('',(0.,-0.,1.));
#4165 = ORIENTED_EDGE('',*,*,#4166,.F.);
#4166 = EDGE_CURVE('',#4167,#4159,#4169,.T.);
#4167 = VERTEX_POINT('',#4168);
#4168 = CARTESIAN_POINT('',(-0.1,-12.4,7.4));
#4169 = LINE('',#4170,#4171);
#4170 = CARTESIAN_POINT('',(-0.1,-12.4,7.4));
#4171 = VECTOR('',#4172,1.);
#4172 = DIRECTION('',(1.,-1.110223024625E-16,0.));
#4173 = ORIENTED_EDGE('',*,*,#4174,.F.);
#4174 = EDGE_CURVE('',#4175,#4167,#4177,.T.);
#4175 = VERTEX_POINT('',#4176);
#4176 = CARTESIAN_POINT('',(-0.1,-12.4,0.9));
#4177 = LINE('',#4178,#4179);
#4178 = CARTESIAN_POINT('',(-0.1,-12.4,6.055738799212));
#4179 = VECTOR('',#4180,1.);
#4180 = DIRECTION('',(0.,-0.,1.));
#4181 = ORIENTED_EDGE('',*,*,#4182,.T.);
#4182 = EDGE_CURVE('',#4175,#4183,#4185,.T.);
#4183 = VERTEX_POINT('',#4184);
#4184 = CARTESIAN_POINT('',(-0.3,-12.4,0.9));
#4185 = LINE('',#4186,#4187);
#4186 = CARTESIAN_POINT('',(0.3,-12.4,0.9));
#4187 = VECTOR('',#4188,1.);
#4188 = DIRECTION('',(-1.,1.110223024625E-16,0.));
#4189 = ORIENTED_EDGE('',*,*,#4190,.F.);
#4190 = EDGE_CURVE('',#2231,#4183,#4191,.T.);
#4191 = LINE('',#4192,#4193);
#4192 = CARTESIAN_POINT('',(-0.3,-12.4,8.2));
#4193 = VECTOR('',#4194,1.);
#4194 = DIRECTION('',(0.,-0.,-1.));
#4195 = PLANE('',#4196);
#4196 = AXIS2_PLACEMENT_3D('',#4197,#4198,#4199);
#4197 = CARTESIAN_POINT('',(0.3,-12.4,8.2));
#4198 = DIRECTION('',(1.110223024625E-16,1.,0.));
#4199 = DIRECTION('',(-1.,1.110223024625E-16,0.));
#4200 = ADVANCED_FACE('',(#4201),#4219,.F.);
#4201 = FACE_BOUND('',#4202,.F.);
#4202 = EDGE_LOOP('',(#4203,#4204,#4212,#4218));
#4203 = ORIENTED_EDGE('',*,*,#4190,.T.);
#4204 = ORIENTED_EDGE('',*,*,#4205,.T.);
#4205 = EDGE_CURVE('',#4183,#4206,#4208,.T.);
#4206 = VERTEX_POINT('',#4207);
#4207 = CARTESIAN_POINT('',(-0.3,-13.,0.9));
#4208 = LINE('',#4209,#4210);
#4209 = CARTESIAN_POINT('',(-0.3,-12.4,0.9));
#4210 = VECTOR('',#4211,1.);
#4211 = DIRECTION('',(-1.110223024625E-16,-1.,0.));
#4212 = ORIENTED_EDGE('',*,*,#4213,.F.);
#4213 = EDGE_CURVE('',#2255,#4206,#4214,.T.);
#4214 = LINE('',#4215,#4216);
#4215 = CARTESIAN_POINT('',(-0.3,-13.,8.2));
#4216 = VECTOR('',#4217,1.);
#4217 = DIRECTION('',(0.,-0.,-1.));
#4218 = ORIENTED_EDGE('',*,*,#2262,.F.);
#4219 = PLANE('',#4220);
#4220 = AXIS2_PLACEMENT_3D('',#4221,#4222,#4223);
#4221 = CARTESIAN_POINT('',(-0.3,-12.4,8.2));
#4222 = DIRECTION('',(-1.,1.110223024625E-16,0.));
#4223 = DIRECTION('',(-1.110223024625E-16,-1.,0.));
#4224 = ADVANCED_FACE('',(#4225),#4268,.F.);
#4225 = FACE_BOUND('',#4226,.F.);
#4226 = EDGE_LOOP('',(#4227,#4228,#4229,#4237,#4245,#4253,#4261,#4267));
#4227 = ORIENTED_EDGE('',*,*,#2279,.F.);
#4228 = ORIENTED_EDGE('',*,*,#4213,.T.);
#4229 = ORIENTED_EDGE('',*,*,#4230,.T.);
#4230 = EDGE_CURVE('',#4206,#4231,#4233,.T.);
#4231 = VERTEX_POINT('',#4232);
#4232 = CARTESIAN_POINT('',(-0.1,-13.,0.9));
#4233 = LINE('',#4234,#4235);
#4234 = CARTESIAN_POINT('',(-0.3,-13.,0.9));
#4235 = VECTOR('',#4236,1.);
#4236 = DIRECTION('',(1.,-1.110223024625E-16,0.));
#4237 = ORIENTED_EDGE('',*,*,#4238,.F.);
#4238 = EDGE_CURVE('',#4239,#4231,#4241,.T.);
#4239 = VERTEX_POINT('',#4240);
#4240 = CARTESIAN_POINT('',(-0.1,-13.,7.4));
#4241 = LINE('',#4242,#4243);
#4242 = CARTESIAN_POINT('',(-0.1,-13.,6.055738799212));
#4243 = VECTOR('',#4244,1.);
#4244 = DIRECTION('',(-0.,0.,-1.));
#4245 = ORIENTED_EDGE('',*,*,#4246,.T.);
#4246 = EDGE_CURVE('',#4239,#4247,#4249,.T.);
#4247 = VERTEX_POINT('',#4248);
#4248 = CARTESIAN_POINT('',(0.1,-13.,7.4));
#4249 = LINE('',#4250,#4251);
#4250 = CARTESIAN_POINT('',(-0.1,-13.,7.4));
#4251 = VECTOR('',#4252,1.);
#4252 = DIRECTION('',(1.,-1.110223024625E-16,0.));
#4253 = ORIENTED_EDGE('',*,*,#4254,.T.);
#4254 = EDGE_CURVE('',#4247,#4255,#4257,.T.);
#4255 = VERTEX_POINT('',#4256);
#4256 = CARTESIAN_POINT('',(0.1,-13.,0.9));
#4257 = LINE('',#4258,#4259);
#4258 = CARTESIAN_POINT('',(0.1,-13.,6.055738799212));
#4259 = VECTOR('',#4260,1.);
#4260 = DIRECTION('',(-0.,0.,-1.));
#4261 = ORIENTED_EDGE('',*,*,#4262,.T.);
#4262 = EDGE_CURVE('',#4255,#4118,#4263,.T.);
#4263 = LINE('',#4264,#4265);
#4264 = CARTESIAN_POINT('',(-0.3,-13.,0.9));
#4265 = VECTOR('',#4266,1.);
#4266 = DIRECTION('',(1.,-1.110223024625E-16,0.));
#4267 = ORIENTED_EDGE('',*,*,#4117,.F.);
#4268 = PLANE('',#4269);
#4269 = AXIS2_PLACEMENT_3D('',#4270,#4271,#4272);
#4270 = CARTESIAN_POINT('',(-0.3,-13.,8.2));
#4271 = DIRECTION('',(-1.110223024625E-16,-1.,0.));
#4272 = DIRECTION('',(1.,-1.110223024625E-16,0.));
#4273 = ADVANCED_FACE('',(#4274),#4299,.F.);
#4274 = FACE_BOUND('',#4275,.F.);
#4275 = EDGE_LOOP('',(#4276,#4284,#4292,#4298));
#4276 = ORIENTED_EDGE('',*,*,#4277,.T.);
#4277 = EDGE_CURVE('',#2294,#4278,#4280,.T.);
#4278 = VERTEX_POINT('',#4279);
#4279 = CARTESIAN_POINT('',(0.3,-10.46,0.9));
#4280 = LINE('',#4281,#4282);
#4281 = CARTESIAN_POINT('',(0.3,-10.46,8.2));
#4282 = VECTOR('',#4283,1.);
#4283 = DIRECTION('',(0.,-0.,-1.));
#4284 = ORIENTED_EDGE('',*,*,#4285,.T.);
#4285 = EDGE_CURVE('',#4278,#4286,#4288,.T.);
#4286 = VERTEX_POINT('',#4287);
#4287 = CARTESIAN_POINT('',(0.3,-9.86,0.9));
#4288 = LINE('',#4289,#4290);
#4289 = CARTESIAN_POINT('',(0.3,-10.46,0.9));
#4290 = VECTOR('',#4291,1.);
#4291 = DIRECTION('',(1.110223024625E-16,1.,0.));
#4292 = ORIENTED_EDGE('',*,*,#4293,.F.);
#4293 = EDGE_CURVE('',#2303,#4286,#4294,.T.);
#4294 = LINE('',#4295,#4296);
#4295 = CARTESIAN_POINT('',(0.3,-9.86,8.2));
#4296 = VECTOR('',#4297,1.);
#4297 = DIRECTION('',(0.,-0.,-1.));
#4298 = ORIENTED_EDGE('',*,*,#2310,.F.);
#4299 = PLANE('',#4300);
#4300 = AXIS2_PLACEMENT_3D('',#4301,#4302,#4303);
#4301 = CARTESIAN_POINT('',(0.3,-10.46,8.2));
#4302 = DIRECTION('',(1.,-1.110223024625E-16,0.));
#4303 = DIRECTION('',(1.110223024625E-16,1.,0.));
#4304 = ADVANCED_FACE('',(#4305),#4355,.F.);
#4305 = FACE_BOUND('',#4306,.F.);
#4306 = EDGE_LOOP('',(#4307,#4308,#4309,#4317,#4325,#4333,#4341,#4349));
#4307 = ORIENTED_EDGE('',*,*,#2334,.F.);
#4308 = ORIENTED_EDGE('',*,*,#4293,.T.);
#4309 = ORIENTED_EDGE('',*,*,#4310,.T.);
#4310 = EDGE_CURVE('',#4286,#4311,#4313,.T.);
#4311 = VERTEX_POINT('',#4312);
#4312 = CARTESIAN_POINT('',(0.1,-9.86,0.9));
#4313 = LINE('',#4314,#4315);
#4314 = CARTESIAN_POINT('',(0.3,-9.86,0.9));
#4315 = VECTOR('',#4316,1.);
#4316 = DIRECTION('',(-1.,1.110223024625E-16,0.));
#4317 = ORIENTED_EDGE('',*,*,#4318,.T.);
#4318 = EDGE_CURVE('',#4311,#4319,#4321,.T.);
#4319 = VERTEX_POINT('',#4320);
#4320 = CARTESIAN_POINT('',(0.1,-9.86,7.4));
#4321 = LINE('',#4322,#4323);
#4322 = CARTESIAN_POINT('',(0.1,-9.86,6.055738799212));
#4323 = VECTOR('',#4324,1.);
#4324 = DIRECTION('',(0.,-0.,1.));
#4325 = ORIENTED_EDGE('',*,*,#4326,.F.);
#4326 = EDGE_CURVE('',#4327,#4319,#4329,.T.);
#4327 = VERTEX_POINT('',#4328);
#4328 = CARTESIAN_POINT('',(-0.1,-9.86,7.4));
#4329 = LINE('',#4330,#4331);
#4330 = CARTESIAN_POINT('',(-0.1,-9.86,7.4));
#4331 = VECTOR('',#4332,1.);
#4332 = DIRECTION('',(1.,-1.110223024625E-16,0.));
#4333 = ORIENTED_EDGE('',*,*,#4334,.F.);
#4334 = EDGE_CURVE('',#4335,#4327,#4337,.T.);
#4335 = VERTEX_POINT('',#4336);
#4336 = CARTESIAN_POINT('',(-0.1,-9.86,0.9));
#4337 = LINE('',#4338,#4339);
#4338 = CARTESIAN_POINT('',(-0.1,-9.86,6.055738799212));
#4339 = VECTOR('',#4340,1.);
#4340 = DIRECTION('',(0.,-0.,1.));
#4341 = ORIENTED_EDGE('',*,*,#4342,.T.);
#4342 = EDGE_CURVE('',#4335,#4343,#4345,.T.);
#4343 = VERTEX_POINT('',#4344);
#4344 = CARTESIAN_POINT('',(-0.3,-9.86,0.9));
#4345 = LINE('',#4346,#4347);
#4346 = CARTESIAN_POINT('',(0.3,-9.86,0.9));
#4347 = VECTOR('',#4348,1.);
#4348 = DIRECTION('',(-1.,1.110223024625E-16,0.));
#4349 = ORIENTED_EDGE('',*,*,#4350,.F.);
#4350 = EDGE_CURVE('',#2327,#4343,#4351,.T.);
#4351 = LINE('',#4352,#4353);
#4352 = CARTESIAN_POINT('',(-0.3,-9.86,8.2));
#4353 = VECTOR('',#4354,1.);
#4354 = DIRECTION('',(0.,-0.,-1.));
#4355 = PLANE('',#4356);
#4356 = AXIS2_PLACEMENT_3D('',#4357,#4358,#4359);
#4357 = CARTESIAN_POINT('',(0.3,-9.86,8.2));
#4358 = DIRECTION('',(1.110223024625E-16,1.,0.));
#4359 = DIRECTION('',(-1.,1.110223024625E-16,0.));
#4360 = ADVANCED_FACE('',(#4361),#4379,.F.);
#4361 = FACE_BOUND('',#4362,.F.);
#4362 = EDGE_LOOP('',(#4363,#4364,#4372,#4378));
#4363 = ORIENTED_EDGE('',*,*,#4350,.T.);
#4364 = ORIENTED_EDGE('',*,*,#4365,.T.);
#4365 = EDGE_CURVE('',#4343,#4366,#4368,.T.);
#4366 = VERTEX_POINT('',#4367);
#4367 = CARTESIAN_POINT('',(-0.3,-10.46,0.9));
#4368 = LINE('',#4369,#4370);
#4369 = CARTESIAN_POINT('',(-0.3,-9.86,0.9));
#4370 = VECTOR('',#4371,1.);
#4371 = DIRECTION('',(-1.110223024625E-16,-1.,0.));
#4372 = ORIENTED_EDGE('',*,*,#4373,.F.);
#4373 = EDGE_CURVE('',#2351,#4366,#4374,.T.);
#4374 = LINE('',#4375,#4376);
#4375 = CARTESIAN_POINT('',(-0.3,-10.46,8.2));
#4376 = VECTOR('',#4377,1.);
#4377 = DIRECTION('',(0.,-0.,-1.));
#4378 = ORIENTED_EDGE('',*,*,#2358,.F.);
#4379 = PLANE('',#4380);
#4380 = AXIS2_PLACEMENT_3D('',#4381,#4382,#4383);
#4381 = CARTESIAN_POINT('',(-0.3,-9.86,8.2));
#4382 = DIRECTION('',(-1.,1.110223024625E-16,0.));
#4383 = DIRECTION('',(-1.110223024625E-16,-1.,0.));
#4384 = ADVANCED_FACE('',(#4385),#4428,.F.);
#4385 = FACE_BOUND('',#4386,.F.);
#4386 = EDGE_LOOP('',(#4387,#4388,#4389,#4397,#4405,#4413,#4421,#4427));
#4387 = ORIENTED_EDGE('',*,*,#2375,.F.);
#4388 = ORIENTED_EDGE('',*,*,#4373,.T.);
#4389 = ORIENTED_EDGE('',*,*,#4390,.T.);
#4390 = EDGE_CURVE('',#4366,#4391,#4393,.T.);
#4391 = VERTEX_POINT('',#4392);
#4392 = CARTESIAN_POINT('',(-0.1,-10.46,0.9));
#4393 = LINE('',#4394,#4395);
#4394 = CARTESIAN_POINT('',(-0.3,-10.46,0.9));
#4395 = VECTOR('',#4396,1.);
#4396 = DIRECTION('',(1.,-1.110223024625E-16,0.));
#4397 = ORIENTED_EDGE('',*,*,#4398,.F.);
#4398 = EDGE_CURVE('',#4399,#4391,#4401,.T.);
#4399 = VERTEX_POINT('',#4400);
#4400 = CARTESIAN_POINT('',(-0.1,-10.46,7.4));
#4401 = LINE('',#4402,#4403);
#4402 = CARTESIAN_POINT('',(-0.1,-10.46,6.055738799212));
#4403 = VECTOR('',#4404,1.);
#4404 = DIRECTION('',(-0.,0.,-1.));
#4405 = ORIENTED_EDGE('',*,*,#4406,.T.);
#4406 = EDGE_CURVE('',#4399,#4407,#4409,.T.);
#4407 = VERTEX_POINT('',#4408);
#4408 = CARTESIAN_POINT('',(0.1,-10.46,7.4));
#4409 = LINE('',#4410,#4411);
#4410 = CARTESIAN_POINT('',(-0.1,-10.46,7.4));
#4411 = VECTOR('',#4412,1.);
#4412 = DIRECTION('',(1.,-1.110223024625E-16,0.));
#4413 = ORIENTED_EDGE('',*,*,#4414,.T.);
#4414 = EDGE_CURVE('',#4407,#4415,#4417,.T.);
#4415 = VERTEX_POINT('',#4416);
#4416 = CARTESIAN_POINT('',(0.1,-10.46,0.9));
#4417 = LINE('',#4418,#4419);
#4418 = CARTESIAN_POINT('',(0.1,-10.46,6.055738799212));
#4419 = VECTOR('',#4420,1.);
#4420 = DIRECTION('',(-0.,0.,-1.));
#4421 = ORIENTED_EDGE('',*,*,#4422,.T.);
#4422 = EDGE_CURVE('',#4415,#4278,#4423,.T.);
#4423 = LINE('',#4424,#4425);
#4424 = CARTESIAN_POINT('',(-0.3,-10.46,0.9));
#4425 = VECTOR('',#4426,1.);
#4426 = DIRECTION('',(1.,-1.110223024625E-16,0.));
#4427 = ORIENTED_EDGE('',*,*,#4277,.F.);
#4428 = PLANE('',#4429);
#4429 = AXIS2_PLACEMENT_3D('',#4430,#4431,#4432);
#4430 = CARTESIAN_POINT('',(-0.3,-10.46,8.2));
#4431 = DIRECTION('',(-1.110223024625E-16,-1.,0.));
#4432 = DIRECTION('',(1.,-1.110223024625E-16,0.));
#4433 = ADVANCED_FACE('',(#4434),#4459,.F.);
#4434 = FACE_BOUND('',#4435,.F.);
#4435 = EDGE_LOOP('',(#4436,#4444,#4452,#4458));
#4436 = ORIENTED_EDGE('',*,*,#4437,.T.);
#4437 = EDGE_CURVE('',#2390,#4438,#4440,.T.);
#4438 = VERTEX_POINT('',#4439);
#4439 = CARTESIAN_POINT('',(0.3,-7.92,0.9));
#4440 = LINE('',#4441,#4442);
#4441 = CARTESIAN_POINT('',(0.3,-7.92,8.2));
#4442 = VECTOR('',#4443,1.);
#4443 = DIRECTION('',(0.,-0.,-1.));
#4444 = ORIENTED_EDGE('',*,*,#4445,.T.);
#4445 = EDGE_CURVE('',#4438,#4446,#4448,.T.);
#4446 = VERTEX_POINT('',#4447);
#4447 = CARTESIAN_POINT('',(0.3,-7.32,0.9));
#4448 = LINE('',#4449,#4450);
#4449 = CARTESIAN_POINT('',(0.3,-7.92,0.9));
#4450 = VECTOR('',#4451,1.);
#4451 = DIRECTION('',(1.110223024625E-16,1.,0.));
#4452 = ORIENTED_EDGE('',*,*,#4453,.F.);
#4453 = EDGE_CURVE('',#2399,#4446,#4454,.T.);
#4454 = LINE('',#4455,#4456);
#4455 = CARTESIAN_POINT('',(0.3,-7.32,8.2));
#4456 = VECTOR('',#4457,1.);
#4457 = DIRECTION('',(0.,-0.,-1.));
#4458 = ORIENTED_EDGE('',*,*,#2406,.F.);
#4459 = PLANE('',#4460);
#4460 = AXIS2_PLACEMENT_3D('',#4461,#4462,#4463);
#4461 = CARTESIAN_POINT('',(0.3,-7.92,8.2));
#4462 = DIRECTION('',(1.,-1.110223024625E-16,0.));
#4463 = DIRECTION('',(1.110223024625E-16,1.,0.));
#4464 = ADVANCED_FACE('',(#4465),#4515,.F.);
#4465 = FACE_BOUND('',#4466,.F.);
#4466 = EDGE_LOOP('',(#4467,#4468,#4469,#4477,#4485,#4493,#4501,#4509));
#4467 = ORIENTED_EDGE('',*,*,#2430,.F.);
#4468 = ORIENTED_EDGE('',*,*,#4453,.T.);
#4469 = ORIENTED_EDGE('',*,*,#4470,.T.);
#4470 = EDGE_CURVE('',#4446,#4471,#4473,.T.);
#4471 = VERTEX_POINT('',#4472);
#4472 = CARTESIAN_POINT('',(0.1,-7.32,0.9));
#4473 = LINE('',#4474,#4475);
#4474 = CARTESIAN_POINT('',(0.3,-7.32,0.9));
#4475 = VECTOR('',#4476,1.);
#4476 = DIRECTION('',(-1.,1.110223024625E-16,0.));
#4477 = ORIENTED_EDGE('',*,*,#4478,.T.);
#4478 = EDGE_CURVE('',#4471,#4479,#4481,.T.);
#4479 = VERTEX_POINT('',#4480);
#4480 = CARTESIAN_POINT('',(0.1,-7.32,7.4));
#4481 = LINE('',#4482,#4483);
#4482 = CARTESIAN_POINT('',(0.1,-7.32,6.055738799212));
#4483 = VECTOR('',#4484,1.);
#4484 = DIRECTION('',(0.,-0.,1.));
#4485 = ORIENTED_EDGE('',*,*,#4486,.F.);
#4486 = EDGE_CURVE('',#4487,#4479,#4489,.T.);
#4487 = VERTEX_POINT('',#4488);
#4488 = CARTESIAN_POINT('',(-0.1,-7.32,7.4));
#4489 = LINE('',#4490,#4491);
#4490 = CARTESIAN_POINT('',(-0.1,-7.32,7.4));
#4491 = VECTOR('',#4492,1.);
#4492 = DIRECTION('',(1.,-1.110223024625E-16,0.));
#4493 = ORIENTED_EDGE('',*,*,#4494,.F.);
#4494 = EDGE_CURVE('',#4495,#4487,#4497,.T.);
#4495 = VERTEX_POINT('',#4496);
#4496 = CARTESIAN_POINT('',(-0.1,-7.32,0.9));
#4497 = LINE('',#4498,#4499);
#4498 = CARTESIAN_POINT('',(-0.1,-7.32,6.055738799212));
#4499 = VECTOR('',#4500,1.);
#4500 = DIRECTION('',(0.,-0.,1.));
#4501 = ORIENTED_EDGE('',*,*,#4502,.T.);
#4502 = EDGE_CURVE('',#4495,#4503,#4505,.T.);
#4503 = VERTEX_POINT('',#4504);
#4504 = CARTESIAN_POINT('',(-0.3,-7.32,0.9));
#4505 = LINE('',#4506,#4507);
#4506 = CARTESIAN_POINT('',(0.3,-7.32,0.9));
#4507 = VECTOR('',#4508,1.);
#4508 = DIRECTION('',(-1.,1.110223024625E-16,0.));
#4509 = ORIENTED_EDGE('',*,*,#4510,.F.);
#4510 = EDGE_CURVE('',#2423,#4503,#4511,.T.);
#4511 = LINE('',#4512,#4513);
#4512 = CARTESIAN_POINT('',(-0.3,-7.32,8.2));
#4513 = VECTOR('',#4514,1.);
#4514 = DIRECTION('',(0.,-0.,-1.));
#4515 = PLANE('',#4516);
#4516 = AXIS2_PLACEMENT_3D('',#4517,#4518,#4519);
#4517 = CARTESIAN_POINT('',(0.3,-7.32,8.2));
#4518 = DIRECTION('',(1.110223024625E-16,1.,0.));
#4519 = DIRECTION('',(-1.,1.110223024625E-16,0.));
#4520 = ADVANCED_FACE('',(#4521),#4539,.F.);
#4521 = FACE_BOUND('',#4522,.F.);
#4522 = EDGE_LOOP('',(#4523,#4524,#4532,#4538));
#4523 = ORIENTED_EDGE('',*,*,#4510,.T.);
#4524 = ORIENTED_EDGE('',*,*,#4525,.T.);
#4525 = EDGE_CURVE('',#4503,#4526,#4528,.T.);
#4526 = VERTEX_POINT('',#4527);
#4527 = CARTESIAN_POINT('',(-0.3,-7.92,0.9));
#4528 = LINE('',#4529,#4530);
#4529 = CARTESIAN_POINT('',(-0.3,-7.32,0.9));
#4530 = VECTOR('',#4531,1.);
#4531 = DIRECTION('',(-1.110223024625E-16,-1.,0.));
#4532 = ORIENTED_EDGE('',*,*,#4533,.F.);
#4533 = EDGE_CURVE('',#2447,#4526,#4534,.T.);
#4534 = LINE('',#4535,#4536);
#4535 = CARTESIAN_POINT('',(-0.3,-7.92,8.2));
#4536 = VECTOR('',#4537,1.);
#4537 = DIRECTION('',(0.,-0.,-1.));
#4538 = ORIENTED_EDGE('',*,*,#2454,.F.);
#4539 = PLANE('',#4540);
#4540 = AXIS2_PLACEMENT_3D('',#4541,#4542,#4543);
#4541 = CARTESIAN_POINT('',(-0.3,-7.32,8.2));
#4542 = DIRECTION('',(-1.,1.110223024625E-16,0.));
#4543 = DIRECTION('',(-1.110223024625E-16,-1.,0.));
#4544 = ADVANCED_FACE('',(#4545),#4588,.F.);
#4545 = FACE_BOUND('',#4546,.F.);
#4546 = EDGE_LOOP('',(#4547,#4548,#4549,#4557,#4565,#4573,#4581,#4587));
#4547 = ORIENTED_EDGE('',*,*,#2471,.F.);
#4548 = ORIENTED_EDGE('',*,*,#4533,.T.);
#4549 = ORIENTED_EDGE('',*,*,#4550,.T.);
#4550 = EDGE_CURVE('',#4526,#4551,#4553,.T.);
#4551 = VERTEX_POINT('',#4552);
#4552 = CARTESIAN_POINT('',(-0.1,-7.92,0.9));
#4553 = LINE('',#4554,#4555);
#4554 = CARTESIAN_POINT('',(-0.3,-7.92,0.9));
#4555 = VECTOR('',#4556,1.);
#4556 = DIRECTION('',(1.,-1.110223024625E-16,0.));
#4557 = ORIENTED_EDGE('',*,*,#4558,.F.);
#4558 = EDGE_CURVE('',#4559,#4551,#4561,.T.);
#4559 = VERTEX_POINT('',#4560);
#4560 = CARTESIAN_POINT('',(-0.1,-7.92,7.4));
#4561 = LINE('',#4562,#4563);
#4562 = CARTESIAN_POINT('',(-0.1,-7.92,6.055738799212));
#4563 = VECTOR('',#4564,1.);
#4564 = DIRECTION('',(-0.,0.,-1.));
#4565 = ORIENTED_EDGE('',*,*,#4566,.T.);
#4566 = EDGE_CURVE('',#4559,#4567,#4569,.T.);
#4567 = VERTEX_POINT('',#4568);
#4568 = CARTESIAN_POINT('',(0.1,-7.92,7.4));
#4569 = LINE('',#4570,#4571);
#4570 = CARTESIAN_POINT('',(-0.1,-7.92,7.4));
#4571 = VECTOR('',#4572,1.);
#4572 = DIRECTION('',(1.,-1.110223024625E-16,0.));
#4573 = ORIENTED_EDGE('',*,*,#4574,.T.);
#4574 = EDGE_CURVE('',#4567,#4575,#4577,.T.);
#4575 = VERTEX_POINT('',#4576);
#4576 = CARTESIAN_POINT('',(0.1,-7.92,0.9));
#4577 = LINE('',#4578,#4579);
#4578 = CARTESIAN_POINT('',(0.1,-7.92,6.055738799212));
#4579 = VECTOR('',#4580,1.);
#4580 = DIRECTION('',(-0.,0.,-1.));
#4581 = ORIENTED_EDGE('',*,*,#4582,.T.);
#4582 = EDGE_CURVE('',#4575,#4438,#4583,.T.);
#4583 = LINE('',#4584,#4585);
#4584 = CARTESIAN_POINT('',(-0.3,-7.92,0.9));
#4585 = VECTOR('',#4586,1.);
#4586 = DIRECTION('',(1.,-1.110223024625E-16,0.));
#4587 = ORIENTED_EDGE('',*,*,#4437,.F.);
#4588 = PLANE('',#4589);
#4589 = AXIS2_PLACEMENT_3D('',#4590,#4591,#4592);
#4590 = CARTESIAN_POINT('',(-0.3,-7.92,8.2));
#4591 = DIRECTION('',(-1.110223024625E-16,-1.,0.));
#4592 = DIRECTION('',(1.,-1.110223024625E-16,0.));
#4593 = ADVANCED_FACE('',(#4594),#4619,.F.);
#4594 = FACE_BOUND('',#4595,.F.);
#4595 = EDGE_LOOP('',(#4596,#4604,#4612,#4618));
#4596 = ORIENTED_EDGE('',*,*,#4597,.T.);
#4597 = EDGE_CURVE('',#2486,#4598,#4600,.T.);
#4598 = VERTEX_POINT('',#4599);
#4599 = CARTESIAN_POINT('',(0.3,-5.38,0.9));
#4600 = LINE('',#4601,#4602);
#4601 = CARTESIAN_POINT('',(0.3,-5.38,8.2));
#4602 = VECTOR('',#4603,1.);
#4603 = DIRECTION('',(0.,-0.,-1.));
#4604 = ORIENTED_EDGE('',*,*,#4605,.T.);
#4605 = EDGE_CURVE('',#4598,#4606,#4608,.T.);
#4606 = VERTEX_POINT('',#4607);
#4607 = CARTESIAN_POINT('',(0.3,-4.78,0.9));
#4608 = LINE('',#4609,#4610);
#4609 = CARTESIAN_POINT('',(0.3,-5.38,0.9));
#4610 = VECTOR('',#4611,1.);
#4611 = DIRECTION('',(1.110223024625E-16,1.,0.));
#4612 = ORIENTED_EDGE('',*,*,#4613,.F.);
#4613 = EDGE_CURVE('',#2495,#4606,#4614,.T.);
#4614 = LINE('',#4615,#4616);
#4615 = CARTESIAN_POINT('',(0.3,-4.78,8.2));
#4616 = VECTOR('',#4617,1.);
#4617 = DIRECTION('',(0.,-0.,-1.));
#4618 = ORIENTED_EDGE('',*,*,#2502,.F.);
#4619 = PLANE('',#4620);
#4620 = AXIS2_PLACEMENT_3D('',#4621,#4622,#4623);
#4621 = CARTESIAN_POINT('',(0.3,-5.38,8.2));
#4622 = DIRECTION('',(1.,-1.110223024625E-16,0.));
#4623 = DIRECTION('',(1.110223024625E-16,1.,0.));
#4624 = ADVANCED_FACE('',(#4625),#4675,.F.);
#4625 = FACE_BOUND('',#4626,.F.);
#4626 = EDGE_LOOP('',(#4627,#4628,#4629,#4637,#4645,#4653,#4661,#4669));
#4627 = ORIENTED_EDGE('',*,*,#2526,.F.);
#4628 = ORIENTED_EDGE('',*,*,#4613,.T.);
#4629 = ORIENTED_EDGE('',*,*,#4630,.T.);
#4630 = EDGE_CURVE('',#4606,#4631,#4633,.T.);
#4631 = VERTEX_POINT('',#4632);
#4632 = CARTESIAN_POINT('',(0.1,-4.78,0.9));
#4633 = LINE('',#4634,#4635);
#4634 = CARTESIAN_POINT('',(0.3,-4.78,0.9));
#4635 = VECTOR('',#4636,1.);
#4636 = DIRECTION('',(-1.,1.110223024625E-16,0.));
#4637 = ORIENTED_EDGE('',*,*,#4638,.T.);
#4638 = EDGE_CURVE('',#4631,#4639,#4641,.T.);
#4639 = VERTEX_POINT('',#4640);
#4640 = CARTESIAN_POINT('',(0.1,-4.78,7.4));
#4641 = LINE('',#4642,#4643);
#4642 = CARTESIAN_POINT('',(0.1,-4.78,6.055738799212));
#4643 = VECTOR('',#4644,1.);
#4644 = DIRECTION('',(0.,-0.,1.));
#4645 = ORIENTED_EDGE('',*,*,#4646,.F.);
#4646 = EDGE_CURVE('',#4647,#4639,#4649,.T.);
#4647 = VERTEX_POINT('',#4648);
#4648 = CARTESIAN_POINT('',(-0.1,-4.78,7.4));
#4649 = LINE('',#4650,#4651);
#4650 = CARTESIAN_POINT('',(-0.1,-4.78,7.4));
#4651 = VECTOR('',#4652,1.);
#4652 = DIRECTION('',(1.,-1.110223024625E-16,0.));
#4653 = ORIENTED_EDGE('',*,*,#4654,.F.);
#4654 = EDGE_CURVE('',#4655,#4647,#4657,.T.);
#4655 = VERTEX_POINT('',#4656);
#4656 = CARTESIAN_POINT('',(-0.1,-4.78,0.9));
#4657 = LINE('',#4658,#4659);
#4658 = CARTESIAN_POINT('',(-0.1,-4.78,6.055738799212));
#4659 = VECTOR('',#4660,1.);
#4660 = DIRECTION('',(0.,-0.,1.));
#4661 = ORIENTED_EDGE('',*,*,#4662,.T.);
#4662 = EDGE_CURVE('',#4655,#4663,#4665,.T.);
#4663 = VERTEX_POINT('',#4664);
#4664 = CARTESIAN_POINT('',(-0.3,-4.78,0.9));
#4665 = LINE('',#4666,#4667);
#4666 = CARTESIAN_POINT('',(0.3,-4.78,0.9));
#4667 = VECTOR('',#4668,1.);
#4668 = DIRECTION('',(-1.,1.110223024625E-16,0.));
#4669 = ORIENTED_EDGE('',*,*,#4670,.F.);
#4670 = EDGE_CURVE('',#2519,#4663,#4671,.T.);
#4671 = LINE('',#4672,#4673);
#4672 = CARTESIAN_POINT('',(-0.3,-4.78,8.2));
#4673 = VECTOR('',#4674,1.);
#4674 = DIRECTION('',(0.,-0.,-1.));
#4675 = PLANE('',#4676);
#4676 = AXIS2_PLACEMENT_3D('',#4677,#4678,#4679);
#4677 = CARTESIAN_POINT('',(0.3,-4.78,8.2));
#4678 = DIRECTION('',(1.110223024625E-16,1.,0.));
#4679 = DIRECTION('',(-1.,1.110223024625E-16,0.));
#4680 = ADVANCED_FACE('',(#4681),#4699,.F.);
#4681 = FACE_BOUND('',#4682,.F.);
#4682 = EDGE_LOOP('',(#4683,#4684,#4692,#4698));
#4683 = ORIENTED_EDGE('',*,*,#4670,.T.);
#4684 = ORIENTED_EDGE('',*,*,#4685,.T.);
#4685 = EDGE_CURVE('',#4663,#4686,#4688,.T.);
#4686 = VERTEX_POINT('',#4687);
#4687 = CARTESIAN_POINT('',(-0.3,-5.38,0.9));
#4688 = LINE('',#4689,#4690);
#4689 = CARTESIAN_POINT('',(-0.3,-4.78,0.9));
#4690 = VECTOR('',#4691,1.);
#4691 = DIRECTION('',(-1.110223024625E-16,-1.,0.));
#4692 = ORIENTED_EDGE('',*,*,#4693,.F.);
#4693 = EDGE_CURVE('',#2543,#4686,#4694,.T.);
#4694 = LINE('',#4695,#4696);
#4695 = CARTESIAN_POINT('',(-0.3,-5.38,8.2));
#4696 = VECTOR('',#4697,1.);
#4697 = DIRECTION('',(0.,-0.,-1.));
#4698 = ORIENTED_EDGE('',*,*,#2550,.F.);
#4699 = PLANE('',#4700);
#4700 = AXIS2_PLACEMENT_3D('',#4701,#4702,#4703);
#4701 = CARTESIAN_POINT('',(-0.3,-4.78,8.2));
#4702 = DIRECTION('',(-1.,1.110223024625E-16,0.));
#4703 = DIRECTION('',(-1.110223024625E-16,-1.,0.));
#4704 = ADVANCED_FACE('',(#4705),#4748,.F.);
#4705 = FACE_BOUND('',#4706,.F.);
#4706 = EDGE_LOOP('',(#4707,#4708,#4709,#4717,#4725,#4733,#4741,#4747));
#4707 = ORIENTED_EDGE('',*,*,#2567,.F.);
#4708 = ORIENTED_EDGE('',*,*,#4693,.T.);
#4709 = ORIENTED_EDGE('',*,*,#4710,.T.);
#4710 = EDGE_CURVE('',#4686,#4711,#4713,.T.);
#4711 = VERTEX_POINT('',#4712);
#4712 = CARTESIAN_POINT('',(-0.1,-5.38,0.9));
#4713 = LINE('',#4714,#4715);
#4714 = CARTESIAN_POINT('',(-0.3,-5.38,0.9));
#4715 = VECTOR('',#4716,1.);
#4716 = DIRECTION('',(1.,-1.110223024625E-16,0.));
#4717 = ORIENTED_EDGE('',*,*,#4718,.F.);
#4718 = EDGE_CURVE('',#4719,#4711,#4721,.T.);
#4719 = VERTEX_POINT('',#4720);
#4720 = CARTESIAN_POINT('',(-0.1,-5.38,7.4));
#4721 = LINE('',#4722,#4723);
#4722 = CARTESIAN_POINT('',(-0.1,-5.38,6.055738799212));
#4723 = VECTOR('',#4724,1.);
#4724 = DIRECTION('',(-0.,0.,-1.));
#4725 = ORIENTED_EDGE('',*,*,#4726,.T.);
#4726 = EDGE_CURVE('',#4719,#4727,#4729,.T.);
#4727 = VERTEX_POINT('',#4728);
#4728 = CARTESIAN_POINT('',(0.1,-5.38,7.4));
#4729 = LINE('',#4730,#4731);
#4730 = CARTESIAN_POINT('',(-0.1,-5.38,7.4));
#4731 = VECTOR('',#4732,1.);
#4732 = DIRECTION('',(1.,-1.110223024625E-16,0.));
#4733 = ORIENTED_EDGE('',*,*,#4734,.T.);
#4734 = EDGE_CURVE('',#4727,#4735,#4737,.T.);
#4735 = VERTEX_POINT('',#4736);
#4736 = CARTESIAN_POINT('',(0.1,-5.38,0.9));
#4737 = LINE('',#4738,#4739);
#4738 = CARTESIAN_POINT('',(0.1,-5.38,6.055738799212));
#4739 = VECTOR('',#4740,1.);
#4740 = DIRECTION('',(-0.,0.,-1.));
#4741 = ORIENTED_EDGE('',*,*,#4742,.T.);
#4742 = EDGE_CURVE('',#4735,#4598,#4743,.T.);
#4743 = LINE('',#4744,#4745);
#4744 = CARTESIAN_POINT('',(-0.3,-5.38,0.9));
#4745 = VECTOR('',#4746,1.);
#4746 = DIRECTION('',(1.,-1.110223024625E-16,0.));
#4747 = ORIENTED_EDGE('',*,*,#4597,.F.);
#4748 = PLANE('',#4749);
#4749 = AXIS2_PLACEMENT_3D('',#4750,#4751,#4752);
#4750 = CARTESIAN_POINT('',(-0.3,-5.38,8.2));
#4751 = DIRECTION('',(-1.110223024625E-16,-1.,0.));
#4752 = DIRECTION('',(1.,-1.110223024625E-16,0.));
#4753 = ADVANCED_FACE('',(#4754),#4779,.F.);
#4754 = FACE_BOUND('',#4755,.F.);
#4755 = EDGE_LOOP('',(#4756,#4764,#4772,#4778));
#4756 = ORIENTED_EDGE('',*,*,#4757,.T.);
#4757 = EDGE_CURVE('',#2582,#4758,#4760,.T.);
#4758 = VERTEX_POINT('',#4759);
#4759 = CARTESIAN_POINT('',(0.3,-2.84,0.9));
#4760 = LINE('',#4761,#4762);
#4761 = CARTESIAN_POINT('',(0.3,-2.84,8.2));
#4762 = VECTOR('',#4763,1.);
#4763 = DIRECTION('',(0.,-0.,-1.));
#4764 = ORIENTED_EDGE('',*,*,#4765,.T.);
#4765 = EDGE_CURVE('',#4758,#4766,#4768,.T.);
#4766 = VERTEX_POINT('',#4767);
#4767 = CARTESIAN_POINT('',(0.3,-2.24,0.9));
#4768 = LINE('',#4769,#4770);
#4769 = CARTESIAN_POINT('',(0.3,-2.84,0.9));
#4770 = VECTOR('',#4771,1.);
#4771 = DIRECTION('',(1.110223024625E-16,1.,0.));
#4772 = ORIENTED_EDGE('',*,*,#4773,.F.);
#4773 = EDGE_CURVE('',#2591,#4766,#4774,.T.);
#4774 = LINE('',#4775,#4776);
#4775 = CARTESIAN_POINT('',(0.3,-2.24,8.2));
#4776 = VECTOR('',#4777,1.);
#4777 = DIRECTION('',(0.,-0.,-1.));
#4778 = ORIENTED_EDGE('',*,*,#2598,.F.);
#4779 = PLANE('',#4780);
#4780 = AXIS2_PLACEMENT_3D('',#4781,#4782,#4783);
#4781 = CARTESIAN_POINT('',(0.3,-2.84,8.2));
#4782 = DIRECTION('',(1.,-1.110223024625E-16,0.));
#4783 = DIRECTION('',(1.110223024625E-16,1.,0.));
#4784 = ADVANCED_FACE('',(#4785),#4835,.F.);
#4785 = FACE_BOUND('',#4786,.F.);
#4786 = EDGE_LOOP('',(#4787,#4788,#4789,#4797,#4805,#4813,#4821,#4829));
#4787 = ORIENTED_EDGE('',*,*,#2622,.F.);
#4788 = ORIENTED_EDGE('',*,*,#4773,.T.);
#4789 = ORIENTED_EDGE('',*,*,#4790,.T.);
#4790 = EDGE_CURVE('',#4766,#4791,#4793,.T.);
#4791 = VERTEX_POINT('',#4792);
#4792 = CARTESIAN_POINT('',(0.1,-2.24,0.9));
#4793 = LINE('',#4794,#4795);
#4794 = CARTESIAN_POINT('',(0.3,-2.24,0.9));
#4795 = VECTOR('',#4796,1.);
#4796 = DIRECTION('',(-1.,1.110223024625E-16,0.));
#4797 = ORIENTED_EDGE('',*,*,#4798,.T.);
#4798 = EDGE_CURVE('',#4791,#4799,#4801,.T.);
#4799 = VERTEX_POINT('',#4800);
#4800 = CARTESIAN_POINT('',(0.1,-2.24,7.4));
#4801 = LINE('',#4802,#4803);
#4802 = CARTESIAN_POINT('',(0.1,-2.24,6.055738799212));
#4803 = VECTOR('',#4804,1.);
#4804 = DIRECTION('',(0.,-0.,1.));
#4805 = ORIENTED_EDGE('',*,*,#4806,.F.);
#4806 = EDGE_CURVE('',#4807,#4799,#4809,.T.);
#4807 = VERTEX_POINT('',#4808);
#4808 = CARTESIAN_POINT('',(-0.1,-2.24,7.4));
#4809 = LINE('',#4810,#4811);
#4810 = CARTESIAN_POINT('',(-0.1,-2.24,7.4));
#4811 = VECTOR('',#4812,1.);
#4812 = DIRECTION('',(1.,-1.110223024625E-16,0.));
#4813 = ORIENTED_EDGE('',*,*,#4814,.F.);
#4814 = EDGE_CURVE('',#4815,#4807,#4817,.T.);
#4815 = VERTEX_POINT('',#4816);
#4816 = CARTESIAN_POINT('',(-0.1,-2.24,0.9));
#4817 = LINE('',#4818,#4819);
#4818 = CARTESIAN_POINT('',(-0.1,-2.24,6.055738799212));
#4819 = VECTOR('',#4820,1.);
#4820 = DIRECTION('',(0.,-0.,1.));
#4821 = ORIENTED_EDGE('',*,*,#4822,.T.);
#4822 = EDGE_CURVE('',#4815,#4823,#4825,.T.);
#4823 = VERTEX_POINT('',#4824);
#4824 = CARTESIAN_POINT('',(-0.3,-2.24,0.9));
#4825 = LINE('',#4826,#4827);
#4826 = CARTESIAN_POINT('',(0.3,-2.24,0.9));
#4827 = VECTOR('',#4828,1.);
#4828 = DIRECTION('',(-1.,1.110223024625E-16,0.));
#4829 = ORIENTED_EDGE('',*,*,#4830,.F.);
#4830 = EDGE_CURVE('',#2615,#4823,#4831,.T.);
#4831 = LINE('',#4832,#4833);
#4832 = CARTESIAN_POINT('',(-0.3,-2.24,8.2));
#4833 = VECTOR('',#4834,1.);
#4834 = DIRECTION('',(0.,-0.,-1.));
#4835 = PLANE('',#4836);
#4836 = AXIS2_PLACEMENT_3D('',#4837,#4838,#4839);
#4837 = CARTESIAN_POINT('',(0.3,-2.24,8.2));
#4838 = DIRECTION('',(1.110223024625E-16,1.,0.));
#4839 = DIRECTION('',(-1.,1.110223024625E-16,0.));
#4840 = ADVANCED_FACE('',(#4841),#4859,.F.);
#4841 = FACE_BOUND('',#4842,.F.);
#4842 = EDGE_LOOP('',(#4843,#4844,#4852,#4858));
#4843 = ORIENTED_EDGE('',*,*,#4830,.T.);
#4844 = ORIENTED_EDGE('',*,*,#4845,.T.);
#4845 = EDGE_CURVE('',#4823,#4846,#4848,.T.);
#4846 = VERTEX_POINT('',#4847);
#4847 = CARTESIAN_POINT('',(-0.3,-2.84,0.9));
#4848 = LINE('',#4849,#4850);
#4849 = CARTESIAN_POINT('',(-0.3,-2.24,0.9));
#4850 = VECTOR('',#4851,1.);
#4851 = DIRECTION('',(-1.110223024625E-16,-1.,0.));
#4852 = ORIENTED_EDGE('',*,*,#4853,.F.);
#4853 = EDGE_CURVE('',#2639,#4846,#4854,.T.);
#4854 = LINE('',#4855,#4856);
#4855 = CARTESIAN_POINT('',(-0.3,-2.84,8.2));
#4856 = VECTOR('',#4857,1.);
#4857 = DIRECTION('',(0.,-0.,-1.));
#4858 = ORIENTED_EDGE('',*,*,#2646,.F.);
#4859 = PLANE('',#4860);
#4860 = AXIS2_PLACEMENT_3D('',#4861,#4862,#4863);
#4861 = CARTESIAN_POINT('',(-0.3,-2.24,8.2));
#4862 = DIRECTION('',(-1.,1.110223024625E-16,0.));
#4863 = DIRECTION('',(-1.110223024625E-16,-1.,0.));
#4864 = ADVANCED_FACE('',(#4865),#4908,.F.);
#4865 = FACE_BOUND('',#4866,.F.);
#4866 = EDGE_LOOP('',(#4867,#4868,#4869,#4877,#4885,#4893,#4901,#4907));
#4867 = ORIENTED_EDGE('',*,*,#2663,.F.);
#4868 = ORIENTED_EDGE('',*,*,#4853,.T.);
#4869 = ORIENTED_EDGE('',*,*,#4870,.T.);
#4870 = EDGE_CURVE('',#4846,#4871,#4873,.T.);
#4871 = VERTEX_POINT('',#4872);
#4872 = CARTESIAN_POINT('',(-0.1,-2.84,0.9));
#4873 = LINE('',#4874,#4875);
#4874 = CARTESIAN_POINT('',(-0.3,-2.84,0.9));
#4875 = VECTOR('',#4876,1.);
#4876 = DIRECTION('',(1.,-1.110223024625E-16,0.));
#4877 = ORIENTED_EDGE('',*,*,#4878,.F.);
#4878 = EDGE_CURVE('',#4879,#4871,#4881,.T.);
#4879 = VERTEX_POINT('',#4880);
#4880 = CARTESIAN_POINT('',(-0.1,-2.84,7.4));
#4881 = LINE('',#4882,#4883);
#4882 = CARTESIAN_POINT('',(-0.1,-2.84,6.055738799212));
#4883 = VECTOR('',#4884,1.);
#4884 = DIRECTION('',(-0.,0.,-1.));
#4885 = ORIENTED_EDGE('',*,*,#4886,.T.);
#4886 = EDGE_CURVE('',#4879,#4887,#4889,.T.);
#4887 = VERTEX_POINT('',#4888);
#4888 = CARTESIAN_POINT('',(0.1,-2.84,7.4));
#4889 = LINE('',#4890,#4891);
#4890 = CARTESIAN_POINT('',(-0.1,-2.84,7.4));
#4891 = VECTOR('',#4892,1.);
#4892 = DIRECTION('',(1.,-1.110223024625E-16,0.));
#4893 = ORIENTED_EDGE('',*,*,#4894,.T.);
#4894 = EDGE_CURVE('',#4887,#4895,#4897,.T.);
#4895 = VERTEX_POINT('',#4896);
#4896 = CARTESIAN_POINT('',(0.1,-2.84,0.9));
#4897 = LINE('',#4898,#4899);
#4898 = CARTESIAN_POINT('',(0.1,-2.84,6.055738799212));
#4899 = VECTOR('',#4900,1.);
#4900 = DIRECTION('',(-0.,0.,-1.));
#4901 = ORIENTED_EDGE('',*,*,#4902,.T.);
#4902 = EDGE_CURVE('',#4895,#4758,#4903,.T.);
#4903 = LINE('',#4904,#4905);
#4904 = CARTESIAN_POINT('',(-0.3,-2.84,0.9));
#4905 = VECTOR('',#4906,1.);
#4906 = DIRECTION('',(1.,-1.110223024625E-16,0.));
#4907 = ORIENTED_EDGE('',*,*,#4757,.F.);
#4908 = PLANE('',#4909);
#4909 = AXIS2_PLACEMENT_3D('',#4910,#4911,#4912);
#4910 = CARTESIAN_POINT('',(-0.3,-2.84,8.2));
#4911 = DIRECTION('',(-1.110223024625E-16,-1.,0.));
#4912 = DIRECTION('',(1.,-1.110223024625E-16,0.));
#4913 = ADVANCED_FACE('',(#4914),#4939,.F.);
#4914 = FACE_BOUND('',#4915,.F.);
#4915 = EDGE_LOOP('',(#4916,#4924,#4932,#4938));
#4916 = ORIENTED_EDGE('',*,*,#4917,.T.);
#4917 = EDGE_CURVE('',#2678,#4918,#4920,.T.);
#4918 = VERTEX_POINT('',#4919);
#4919 = CARTESIAN_POINT('',(0.3,-0.3,0.9));
#4920 = LINE('',#4921,#4922);
#4921 = CARTESIAN_POINT('',(0.3,-0.3,8.2));
#4922 = VECTOR('',#4923,1.);
#4923 = DIRECTION('',(0.,-0.,-1.));
#4924 = ORIENTED_EDGE('',*,*,#4925,.T.);
#4925 = EDGE_CURVE('',#4918,#4926,#4928,.T.);
#4926 = VERTEX_POINT('',#4927);
#4927 = CARTESIAN_POINT('',(0.3,0.3,0.9));
#4928 = LINE('',#4929,#4930);
#4929 = CARTESIAN_POINT('',(0.3,-0.3,0.9));
#4930 = VECTOR('',#4931,1.);
#4931 = DIRECTION('',(1.110223024625E-16,1.,0.));
#4932 = ORIENTED_EDGE('',*,*,#4933,.F.);
#4933 = EDGE_CURVE('',#2687,#4926,#4934,.T.);
#4934 = LINE('',#4935,#4936);
#4935 = CARTESIAN_POINT('',(0.3,0.3,8.2));
#4936 = VECTOR('',#4937,1.);
#4937 = DIRECTION('',(0.,-0.,-1.));
#4938 = ORIENTED_EDGE('',*,*,#2694,.F.);
#4939 = PLANE('',#4940);
#4940 = AXIS2_PLACEMENT_3D('',#4941,#4942,#4943);
#4941 = CARTESIAN_POINT('',(0.3,-0.3,8.2));
#4942 = DIRECTION('',(1.,-1.110223024625E-16,0.));
#4943 = DIRECTION('',(1.110223024625E-16,1.,0.));
#4944 = ADVANCED_FACE('',(#4945),#4995,.F.);
#4945 = FACE_BOUND('',#4946,.F.);
#4946 = EDGE_LOOP('',(#4947,#4948,#4949,#4957,#4965,#4973,#4981,#4989));
#4947 = ORIENTED_EDGE('',*,*,#2718,.F.);
#4948 = ORIENTED_EDGE('',*,*,#4933,.T.);
#4949 = ORIENTED_EDGE('',*,*,#4950,.T.);
#4950 = EDGE_CURVE('',#4926,#4951,#4953,.T.);
#4951 = VERTEX_POINT('',#4952);
#4952 = CARTESIAN_POINT('',(0.1,0.3,0.9));
#4953 = LINE('',#4954,#4955);
#4954 = CARTESIAN_POINT('',(0.3,0.3,0.9));
#4955 = VECTOR('',#4956,1.);
#4956 = DIRECTION('',(-1.,1.110223024625E-16,0.));
#4957 = ORIENTED_EDGE('',*,*,#4958,.T.);
#4958 = EDGE_CURVE('',#4951,#4959,#4961,.T.);
#4959 = VERTEX_POINT('',#4960);
#4960 = CARTESIAN_POINT('',(0.1,0.3,7.4));
#4961 = LINE('',#4962,#4963);
#4962 = CARTESIAN_POINT('',(0.1,0.3,6.055738799212));
#4963 = VECTOR('',#4964,1.);
#4964 = DIRECTION('',(0.,-0.,1.));
#4965 = ORIENTED_EDGE('',*,*,#4966,.F.);
#4966 = EDGE_CURVE('',#4967,#4959,#4969,.T.);
#4967 = VERTEX_POINT('',#4968);
#4968 = CARTESIAN_POINT('',(-0.1,0.3,7.4));
#4969 = LINE('',#4970,#4971);
#4970 = CARTESIAN_POINT('',(-0.1,0.3,7.4));
#4971 = VECTOR('',#4972,1.);
#4972 = DIRECTION('',(1.,-1.110223024625E-16,0.));
#4973 = ORIENTED_EDGE('',*,*,#4974,.F.);
#4974 = EDGE_CURVE('',#4975,#4967,#4977,.T.);
#4975 = VERTEX_POINT('',#4976);
#4976 = CARTESIAN_POINT('',(-0.1,0.3,0.9));
#4977 = LINE('',#4978,#4979);
#4978 = CARTESIAN_POINT('',(-0.1,0.3,6.055738799212));
#4979 = VECTOR('',#4980,1.);
#4980 = DIRECTION('',(0.,-0.,1.));
#4981 = ORIENTED_EDGE('',*,*,#4982,.T.);
#4982 = EDGE_CURVE('',#4975,#4983,#4985,.T.);
#4983 = VERTEX_POINT('',#4984);
#4984 = CARTESIAN_POINT('',(-0.3,0.3,0.9));
#4985 = LINE('',#4986,#4987);
#4986 = CARTESIAN_POINT('',(0.3,0.3,0.9));
#4987 = VECTOR('',#4988,1.);
#4988 = DIRECTION('',(-1.,1.110223024625E-16,0.));
#4989 = ORIENTED_EDGE('',*,*,#4990,.F.);
#4990 = EDGE_CURVE('',#2711,#4983,#4991,.T.);
#4991 = LINE('',#4992,#4993);
#4992 = CARTESIAN_POINT('',(-0.3,0.3,8.2));
#4993 = VECTOR('',#4994,1.);
#4994 = DIRECTION('',(0.,-0.,-1.));
#4995 = PLANE('',#4996);
#4996 = AXIS2_PLACEMENT_3D('',#4997,#4998,#4999);
#4997 = CARTESIAN_POINT('',(0.3,0.3,8.2));
#4998 = DIRECTION('',(1.110223024625E-16,1.,0.));
#4999 = DIRECTION('',(-1.,1.110223024625E-16,0.));
#5000 = ADVANCED_FACE('',(#5001),#5019,.F.);
#5001 = FACE_BOUND('',#5002,.F.);
#5002 = EDGE_LOOP('',(#5003,#5004,#5012,#5018));
#5003 = ORIENTED_EDGE('',*,*,#4990,.T.);
#5004 = ORIENTED_EDGE('',*,*,#5005,.T.);
#5005 = EDGE_CURVE('',#4983,#5006,#5008,.T.);
#5006 = VERTEX_POINT('',#5007);
#5007 = CARTESIAN_POINT('',(-0.3,-0.3,0.9));
#5008 = LINE('',#5009,#5010);
#5009 = CARTESIAN_POINT('',(-0.3,0.3,0.9));
#5010 = VECTOR('',#5011,1.);
#5011 = DIRECTION('',(-1.110223024625E-16,-1.,0.));
#5012 = ORIENTED_EDGE('',*,*,#5013,.F.);
#5013 = EDGE_CURVE('',#2735,#5006,#5014,.T.);
#5014 = LINE('',#5015,#5016);
#5015 = CARTESIAN_POINT('',(-0.3,-0.3,8.2));
#5016 = VECTOR('',#5017,1.);
#5017 = DIRECTION('',(0.,-0.,-1.));
#5018 = ORIENTED_EDGE('',*,*,#2742,.F.);
#5019 = PLANE('',#5020);
#5020 = AXIS2_PLACEMENT_3D('',#5021,#5022,#5023);
#5021 = CARTESIAN_POINT('',(-0.3,0.3,8.2));
#5022 = DIRECTION('',(-1.,1.110223024625E-16,0.));
#5023 = DIRECTION('',(-1.110223024625E-16,-1.,0.));
#5024 = ADVANCED_FACE('',(#5025),#5068,.F.);
#5025 = FACE_BOUND('',#5026,.F.);
#5026 = EDGE_LOOP('',(#5027,#5028,#5029,#5037,#5045,#5053,#5061,#5067));
#5027 = ORIENTED_EDGE('',*,*,#2759,.F.);
#5028 = ORIENTED_EDGE('',*,*,#5013,.T.);
#5029 = ORIENTED_EDGE('',*,*,#5030,.T.);
#5030 = EDGE_CURVE('',#5006,#5031,#5033,.T.);
#5031 = VERTEX_POINT('',#5032);
#5032 = CARTESIAN_POINT('',(-0.1,-0.3,0.9));
#5033 = LINE('',#5034,#5035);
#5034 = CARTESIAN_POINT('',(-0.3,-0.3,0.9));
#5035 = VECTOR('',#5036,1.);
#5036 = DIRECTION('',(1.,-1.110223024625E-16,0.));
#5037 = ORIENTED_EDGE('',*,*,#5038,.F.);
#5038 = EDGE_CURVE('',#5039,#5031,#5041,.T.);
#5039 = VERTEX_POINT('',#5040);
#5040 = CARTESIAN_POINT('',(-0.1,-0.3,7.4));
#5041 = LINE('',#5042,#5043);
#5042 = CARTESIAN_POINT('',(-0.1,-0.3,6.055738799212));
#5043 = VECTOR('',#5044,1.);
#5044 = DIRECTION('',(-0.,0.,-1.));
#5045 = ORIENTED_EDGE('',*,*,#5046,.T.);
#5046 = EDGE_CURVE('',#5039,#5047,#5049,.T.);
#5047 = VERTEX_POINT('',#5048);
#5048 = CARTESIAN_POINT('',(0.1,-0.3,7.4));
#5049 = LINE('',#5050,#5051);
#5050 = CARTESIAN_POINT('',(-0.1,-0.3,7.4));
#5051 = VECTOR('',#5052,1.);
#5052 = DIRECTION('',(1.,-1.110223024625E-16,0.));
#5053 = ORIENTED_EDGE('',*,*,#5054,.T.);
#5054 = EDGE_CURVE('',#5047,#5055,#5057,.T.);
#5055 = VERTEX_POINT('',#5056);
#5056 = CARTESIAN_POINT('',(0.1,-0.3,0.9));
#5057 = LINE('',#5058,#5059);
#5058 = CARTESIAN_POINT('',(0.1,-0.3,6.055738799212));
#5059 = VECTOR('',#5060,1.);
#5060 = DIRECTION('',(-0.,0.,-1.));
#5061 = ORIENTED_EDGE('',*,*,#5062,.T.);
#5062 = EDGE_CURVE('',#5055,#4918,#5063,.T.);
#5063 = LINE('',#5064,#5065);
#5064 = CARTESIAN_POINT('',(-0.3,-0.3,0.9));
#5065 = VECTOR('',#5066,1.);
#5066 = DIRECTION('',(1.,-1.110223024625E-16,0.));
#5067 = ORIENTED_EDGE('',*,*,#4917,.F.);
#5068 = PLANE('',#5069);
#5069 = AXIS2_PLACEMENT_3D('',#5070,#5071,#5072);
#5070 = CARTESIAN_POINT('',(-0.3,-0.3,8.2));
#5071 = DIRECTION('',(-1.110223024625E-16,-1.,0.));
#5072 = DIRECTION('',(1.,-1.110223024625E-16,0.));
#5073 = ADVANCED_FACE('',(#5074),#5085,.T.);
#5074 = FACE_BOUND('',#5075,.T.);
#5075 = EDGE_LOOP('',(#5076,#5082,#5083,#5084));
#5076 = ORIENTED_EDGE('',*,*,#5077,.T.);
#5077 = EDGE_CURVE('',#2855,#2791,#5078,.T.);
#5078 = LINE('',#5079,#5080);
#5079 = CARTESIAN_POINT('',(-0.1,-18.08,-2.5));
#5080 = VECTOR('',#5081,1.);
#5081 = DIRECTION('',(1.,-1.110223024625E-16,0.));
#5082 = ORIENTED_EDGE('',*,*,#2790,.T.);
#5083 = ORIENTED_EDGE('',*,*,#2775,.F.);
#5084 = ORIENTED_EDGE('',*,*,#2854,.F.);
#5085 = PLANE('',#5086);
#5086 = AXIS2_PLACEMENT_3D('',#5087,#5088,#5089);
#5087 = CARTESIAN_POINT('',(-0.1,-18.08,-2.5));
#5088 = DIRECTION('',(-1.110223024625E-16,-1.,0.));
#5089 = DIRECTION('',(0.,0.,1.));
#5090 = ADVANCED_FACE('',(#5091),#5102,.T.);
#5091 = FACE_BOUND('',#5092,.T.);
#5092 = EDGE_LOOP('',(#5093,#5099,#5100,#5101));
#5093 = ORIENTED_EDGE('',*,*,#5094,.T.);
#5094 = EDGE_CURVE('',#2880,#2816,#5095,.T.);
#5095 = LINE('',#5096,#5097);
#5096 = CARTESIAN_POINT('',(-0.1,-17.93,-3.1));
#5097 = VECTOR('',#5098,1.);
#5098 = DIRECTION('',(1.,-1.110223024625E-16,0.));
#5099 = ORIENTED_EDGE('',*,*,#2823,.T.);
#5100 = ORIENTED_EDGE('',*,*,#5077,.F.);
#5101 = ORIENTED_EDGE('',*,*,#2887,.F.);
#5102 = PLANE('',#5103);
#5103 = AXIS2_PLACEMENT_3D('',#5104,#5105,#5106);
#5104 = CARTESIAN_POINT('',(-0.1,-17.93,-3.1));
#5105 = DIRECTION('',(-1.077074540829E-16,-0.970142500145,
    -0.242535625036));
#5106 = DIRECTION('',(-2.692686352073E-17,-0.242535625036,0.970142500145
    ));
#5107 = ADVANCED_FACE('',(#5108),#5119,.T.);
#5108 = FACE_BOUND('',#5109,.T.);
#5109 = EDGE_LOOP('',(#5110,#5116,#5117,#5118));
#5110 = ORIENTED_EDGE('',*,*,#5111,.T.);
#5111 = EDGE_CURVE('',#2872,#2808,#5112,.T.);
#5112 = LINE('',#5113,#5114);
#5113 = CARTESIAN_POINT('',(-0.1,-17.63,-3.1));
#5114 = VECTOR('',#5115,1.);
#5115 = DIRECTION('',(1.,-1.110223024625E-16,0.));
#5116 = ORIENTED_EDGE('',*,*,#2815,.T.);
#5117 = ORIENTED_EDGE('',*,*,#5094,.F.);
#5118 = ORIENTED_EDGE('',*,*,#2879,.T.);
#5119 = PLANE('',#5120);
#5120 = AXIS2_PLACEMENT_3D('',#5121,#5122,#5123);
#5121 = CARTESIAN_POINT('',(-0.1,-17.63,-3.1));
#5122 = DIRECTION('',(0.,-0.,-1.));
#5123 = DIRECTION('',(-1.110223024625E-16,-1.,0.));
#5124 = ADVANCED_FACE('',(#5125),#5136,.T.);
#5125 = FACE_BOUND('',#5126,.T.);
#5126 = EDGE_LOOP('',(#5127,#5133,#5134,#5135));
#5127 = ORIENTED_EDGE('',*,*,#5128,.T.);
#5128 = EDGE_CURVE('',#2864,#2800,#5129,.T.);
#5129 = LINE('',#5130,#5131);
#5130 = CARTESIAN_POINT('',(-0.1,-17.48,-2.5));
#5131 = VECTOR('',#5132,1.);
#5132 = DIRECTION('',(1.,-1.110223024625E-16,0.));
#5133 = ORIENTED_EDGE('',*,*,#2807,.T.);
#5134 = ORIENTED_EDGE('',*,*,#5111,.F.);
#5135 = ORIENTED_EDGE('',*,*,#2871,.F.);
#5136 = PLANE('',#5137);
#5137 = AXIS2_PLACEMENT_3D('',#5138,#5139,#5140);
#5138 = CARTESIAN_POINT('',(-0.1,-17.48,-2.5));
#5139 = DIRECTION('',(1.077074540829E-16,0.970142500145,-0.242535625036)
  );
#5140 = DIRECTION('',(-2.692686352073E-17,-0.242535625036,
    -0.970142500145));
#5141 = ADVANCED_FACE('',(#5142),#5148,.T.);
#5142 = FACE_BOUND('',#5143,.T.);
#5143 = EDGE_LOOP('',(#5144,#5145,#5146,#5147));
#5144 = ORIENTED_EDGE('',*,*,#2837,.T.);
#5145 = ORIENTED_EDGE('',*,*,#2799,.T.);
#5146 = ORIENTED_EDGE('',*,*,#5128,.F.);
#5147 = ORIENTED_EDGE('',*,*,#2863,.F.);
#5148 = PLANE('',#5149);
#5149 = AXIS2_PLACEMENT_3D('',#5150,#5151,#5152);
#5150 = CARTESIAN_POINT('',(-0.1,-17.48,0.2));
#5151 = DIRECTION('',(1.110223024625E-16,1.,0.));
#5152 = DIRECTION('',(0.,0.,-1.));
#5153 = ADVANCED_FACE('',(#5154),#5165,.T.);
#5154 = FACE_BOUND('',#5155,.T.);
#5155 = EDGE_LOOP('',(#5156,#5162,#5163,#5164));
#5156 = ORIENTED_EDGE('',*,*,#5157,.T.);
#5157 = EDGE_CURVE('',#2983,#2919,#5158,.T.);
#5158 = LINE('',#5159,#5160);
#5159 = CARTESIAN_POINT('',(-0.1,-15.54,-2.5));
#5160 = VECTOR('',#5161,1.);
#5161 = DIRECTION('',(1.,-1.110223024625E-16,0.));
#5162 = ORIENTED_EDGE('',*,*,#2918,.T.);
#5163 = ORIENTED_EDGE('',*,*,#2903,.F.);
#5164 = ORIENTED_EDGE('',*,*,#2982,.F.);
#5165 = PLANE('',#5166);
#5166 = AXIS2_PLACEMENT_3D('',#5167,#5168,#5169);
#5167 = CARTESIAN_POINT('',(-0.1,-15.54,-2.5));
#5168 = DIRECTION('',(-1.110223024625E-16,-1.,0.));
#5169 = DIRECTION('',(0.,0.,1.));
#5170 = ADVANCED_FACE('',(#5171),#5182,.T.);
#5171 = FACE_BOUND('',#5172,.T.);
#5172 = EDGE_LOOP('',(#5173,#5179,#5180,#5181));
#5173 = ORIENTED_EDGE('',*,*,#5174,.T.);
#5174 = EDGE_CURVE('',#3008,#2944,#5175,.T.);
#5175 = LINE('',#5176,#5177);
#5176 = CARTESIAN_POINT('',(-0.1,-15.39,-3.1));
#5177 = VECTOR('',#5178,1.);
#5178 = DIRECTION('',(1.,-1.110223024625E-16,0.));
#5179 = ORIENTED_EDGE('',*,*,#2951,.T.);
#5180 = ORIENTED_EDGE('',*,*,#5157,.F.);
#5181 = ORIENTED_EDGE('',*,*,#3015,.F.);
#5182 = PLANE('',#5183);
#5183 = AXIS2_PLACEMENT_3D('',#5184,#5185,#5186);
#5184 = CARTESIAN_POINT('',(-0.1,-15.39,-3.1));
#5185 = DIRECTION('',(-1.077074540829E-16,-0.970142500145,
    -0.242535625036));
#5186 = DIRECTION('',(-2.692686352073E-17,-0.242535625036,0.970142500145
    ));
#5187 = ADVANCED_FACE('',(#5188),#5199,.T.);
#5188 = FACE_BOUND('',#5189,.T.);
#5189 = EDGE_LOOP('',(#5190,#5196,#5197,#5198));
#5190 = ORIENTED_EDGE('',*,*,#5191,.T.);
#5191 = EDGE_CURVE('',#3000,#2936,#5192,.T.);
#5192 = LINE('',#5193,#5194);
#5193 = CARTESIAN_POINT('',(-0.1,-15.09,-3.1));
#5194 = VECTOR('',#5195,1.);
#5195 = DIRECTION('',(1.,-1.110223024625E-16,0.));
#5196 = ORIENTED_EDGE('',*,*,#2943,.T.);
#5197 = ORIENTED_EDGE('',*,*,#5174,.F.);
#5198 = ORIENTED_EDGE('',*,*,#3007,.T.);
#5199 = PLANE('',#5200);
#5200 = AXIS2_PLACEMENT_3D('',#5201,#5202,#5203);
#5201 = CARTESIAN_POINT('',(-0.1,-15.09,-3.1));
#5202 = DIRECTION('',(0.,-0.,-1.));
#5203 = DIRECTION('',(-1.110223024625E-16,-1.,0.));
#5204 = ADVANCED_FACE('',(#5205),#5216,.T.);
#5205 = FACE_BOUND('',#5206,.T.);
#5206 = EDGE_LOOP('',(#5207,#5213,#5214,#5215));
#5207 = ORIENTED_EDGE('',*,*,#5208,.T.);
#5208 = EDGE_CURVE('',#2992,#2928,#5209,.T.);
#5209 = LINE('',#5210,#5211);
#5210 = CARTESIAN_POINT('',(-0.1,-14.94,-2.5));
#5211 = VECTOR('',#5212,1.);
#5212 = DIRECTION('',(1.,-1.110223024625E-16,0.));
#5213 = ORIENTED_EDGE('',*,*,#2935,.T.);
#5214 = ORIENTED_EDGE('',*,*,#5191,.F.);
#5215 = ORIENTED_EDGE('',*,*,#2999,.F.);
#5216 = PLANE('',#5217);
#5217 = AXIS2_PLACEMENT_3D('',#5218,#5219,#5220);
#5218 = CARTESIAN_POINT('',(-0.1,-14.94,-2.5));
#5219 = DIRECTION('',(1.077074540829E-16,0.970142500145,-0.242535625036)
  );
#5220 = DIRECTION('',(-2.692686352073E-17,-0.242535625036,
    -0.970142500145));
#5221 = ADVANCED_FACE('',(#5222),#5228,.T.);
#5222 = FACE_BOUND('',#5223,.T.);
#5223 = EDGE_LOOP('',(#5224,#5225,#5226,#5227));
#5224 = ORIENTED_EDGE('',*,*,#2965,.T.);
#5225 = ORIENTED_EDGE('',*,*,#2927,.T.);
#5226 = ORIENTED_EDGE('',*,*,#5208,.F.);
#5227 = ORIENTED_EDGE('',*,*,#2991,.F.);
#5228 = PLANE('',#5229);
#5229 = AXIS2_PLACEMENT_3D('',#5230,#5231,#5232);
#5230 = CARTESIAN_POINT('',(-0.1,-14.94,0.2));
#5231 = DIRECTION('',(1.110223024625E-16,1.,0.));
#5232 = DIRECTION('',(0.,0.,-1.));
#5233 = ADVANCED_FACE('',(#5234),#5245,.T.);
#5234 = FACE_BOUND('',#5235,.T.);
#5235 = EDGE_LOOP('',(#5236,#5242,#5243,#5244));
#5236 = ORIENTED_EDGE('',*,*,#5237,.T.);
#5237 = EDGE_CURVE('',#3111,#3047,#5238,.T.);
#5238 = LINE('',#5239,#5240);
#5239 = CARTESIAN_POINT('',(-0.1,-13.,-2.5));
#5240 = VECTOR('',#5241,1.);
#5241 = DIRECTION('',(1.,-1.110223024625E-16,0.));
#5242 = ORIENTED_EDGE('',*,*,#3046,.T.);
#5243 = ORIENTED_EDGE('',*,*,#3031,.F.);
#5244 = ORIENTED_EDGE('',*,*,#3110,.F.);
#5245 = PLANE('',#5246);
#5246 = AXIS2_PLACEMENT_3D('',#5247,#5248,#5249);
#5247 = CARTESIAN_POINT('',(-0.1,-13.,-2.5));
#5248 = DIRECTION('',(-1.110223024625E-16,-1.,0.));
#5249 = DIRECTION('',(0.,0.,1.));
#5250 = ADVANCED_FACE('',(#5251),#5262,.T.);
#5251 = FACE_BOUND('',#5252,.T.);
#5252 = EDGE_LOOP('',(#5253,#5259,#5260,#5261));
#5253 = ORIENTED_EDGE('',*,*,#5254,.T.);
#5254 = EDGE_CURVE('',#3136,#3072,#5255,.T.);
#5255 = LINE('',#5256,#5257);
#5256 = CARTESIAN_POINT('',(-0.1,-12.85,-3.1));
#5257 = VECTOR('',#5258,1.);
#5258 = DIRECTION('',(1.,-1.110223024625E-16,0.));
#5259 = ORIENTED_EDGE('',*,*,#3079,.T.);
#5260 = ORIENTED_EDGE('',*,*,#5237,.F.);
#5261 = ORIENTED_EDGE('',*,*,#3143,.F.);
#5262 = PLANE('',#5263);
#5263 = AXIS2_PLACEMENT_3D('',#5264,#5265,#5266);
#5264 = CARTESIAN_POINT('',(-0.1,-12.85,-3.1));
#5265 = DIRECTION('',(-1.077074540829E-16,-0.970142500145,
    -0.242535625036));
#5266 = DIRECTION('',(-2.692686352073E-17,-0.242535625036,0.970142500145
    ));
#5267 = ADVANCED_FACE('',(#5268),#5279,.T.);
#5268 = FACE_BOUND('',#5269,.T.);
#5269 = EDGE_LOOP('',(#5270,#5276,#5277,#5278));
#5270 = ORIENTED_EDGE('',*,*,#5271,.T.);
#5271 = EDGE_CURVE('',#3128,#3064,#5272,.T.);
#5272 = LINE('',#5273,#5274);
#5273 = CARTESIAN_POINT('',(-0.1,-12.55,-3.1));
#5274 = VECTOR('',#5275,1.);
#5275 = DIRECTION('',(1.,-1.110223024625E-16,0.));
#5276 = ORIENTED_EDGE('',*,*,#3071,.T.);
#5277 = ORIENTED_EDGE('',*,*,#5254,.F.);
#5278 = ORIENTED_EDGE('',*,*,#3135,.T.);
#5279 = PLANE('',#5280);
#5280 = AXIS2_PLACEMENT_3D('',#5281,#5282,#5283);
#5281 = CARTESIAN_POINT('',(-0.1,-12.55,-3.1));
#5282 = DIRECTION('',(0.,-0.,-1.));
#5283 = DIRECTION('',(-1.110223024625E-16,-1.,0.));
#5284 = ADVANCED_FACE('',(#5285),#5296,.T.);
#5285 = FACE_BOUND('',#5286,.T.);
#5286 = EDGE_LOOP('',(#5287,#5293,#5294,#5295));
#5287 = ORIENTED_EDGE('',*,*,#5288,.T.);
#5288 = EDGE_CURVE('',#3120,#3056,#5289,.T.);
#5289 = LINE('',#5290,#5291);
#5290 = CARTESIAN_POINT('',(-0.1,-12.4,-2.5));
#5291 = VECTOR('',#5292,1.);
#5292 = DIRECTION('',(1.,-1.110223024625E-16,0.));
#5293 = ORIENTED_EDGE('',*,*,#3063,.T.);
#5294 = ORIENTED_EDGE('',*,*,#5271,.F.);
#5295 = ORIENTED_EDGE('',*,*,#3127,.F.);
#5296 = PLANE('',#5297);
#5297 = AXIS2_PLACEMENT_3D('',#5298,#5299,#5300);
#5298 = CARTESIAN_POINT('',(-0.1,-12.4,-2.5));
#5299 = DIRECTION('',(1.077074540829E-16,0.970142500145,-0.242535625036)
  );
#5300 = DIRECTION('',(-2.692686352073E-17,-0.242535625036,
    -0.970142500145));
#5301 = ADVANCED_FACE('',(#5302),#5308,.T.);
#5302 = FACE_BOUND('',#5303,.T.);
#5303 = EDGE_LOOP('',(#5304,#5305,#5306,#5307));
#5304 = ORIENTED_EDGE('',*,*,#3093,.T.);
#5305 = ORIENTED_EDGE('',*,*,#3055,.T.);
#5306 = ORIENTED_EDGE('',*,*,#5288,.F.);
#5307 = ORIENTED_EDGE('',*,*,#3119,.F.);
#5308 = PLANE('',#5309);
#5309 = AXIS2_PLACEMENT_3D('',#5310,#5311,#5312);
#5310 = CARTESIAN_POINT('',(-0.1,-12.4,0.2));
#5311 = DIRECTION('',(1.110223024625E-16,1.,0.));
#5312 = DIRECTION('',(0.,0.,-1.));
#5313 = ADVANCED_FACE('',(#5314),#5325,.T.);
#5314 = FACE_BOUND('',#5315,.T.);
#5315 = EDGE_LOOP('',(#5316,#5322,#5323,#5324));
#5316 = ORIENTED_EDGE('',*,*,#5317,.T.);
#5317 = EDGE_CURVE('',#3239,#3175,#5318,.T.);
#5318 = LINE('',#5319,#5320);
#5319 = CARTESIAN_POINT('',(-0.1,-10.46,-2.5));
#5320 = VECTOR('',#5321,1.);
#5321 = DIRECTION('',(1.,-1.110223024625E-16,0.));
#5322 = ORIENTED_EDGE('',*,*,#3174,.T.);
#5323 = ORIENTED_EDGE('',*,*,#3159,.F.);
#5324 = ORIENTED_EDGE('',*,*,#3238,.F.);
#5325 = PLANE('',#5326);
#5326 = AXIS2_PLACEMENT_3D('',#5327,#5328,#5329);
#5327 = CARTESIAN_POINT('',(-0.1,-10.46,-2.5));
#5328 = DIRECTION('',(-1.110223024625E-16,-1.,0.));
#5329 = DIRECTION('',(0.,0.,1.));
#5330 = ADVANCED_FACE('',(#5331),#5342,.T.);
#5331 = FACE_BOUND('',#5332,.T.);
#5332 = EDGE_LOOP('',(#5333,#5339,#5340,#5341));
#5333 = ORIENTED_EDGE('',*,*,#5334,.T.);
#5334 = EDGE_CURVE('',#3264,#3200,#5335,.T.);
#5335 = LINE('',#5336,#5337);
#5336 = CARTESIAN_POINT('',(-0.1,-10.31,-3.1));
#5337 = VECTOR('',#5338,1.);
#5338 = DIRECTION('',(1.,-1.110223024625E-16,0.));
#5339 = ORIENTED_EDGE('',*,*,#3207,.T.);
#5340 = ORIENTED_EDGE('',*,*,#5317,.F.);
#5341 = ORIENTED_EDGE('',*,*,#3271,.F.);
#5342 = PLANE('',#5343);
#5343 = AXIS2_PLACEMENT_3D('',#5344,#5345,#5346);
#5344 = CARTESIAN_POINT('',(-0.1,-10.31,-3.1));
#5345 = DIRECTION('',(-1.077074540829E-16,-0.970142500145,
    -0.242535625036));
#5346 = DIRECTION('',(-2.692686352073E-17,-0.242535625036,0.970142500145
    ));
#5347 = ADVANCED_FACE('',(#5348),#5359,.T.);
#5348 = FACE_BOUND('',#5349,.T.);
#5349 = EDGE_LOOP('',(#5350,#5356,#5357,#5358));
#5350 = ORIENTED_EDGE('',*,*,#5351,.T.);
#5351 = EDGE_CURVE('',#3256,#3192,#5352,.T.);
#5352 = LINE('',#5353,#5354);
#5353 = CARTESIAN_POINT('',(-0.1,-10.01,-3.1));
#5354 = VECTOR('',#5355,1.);
#5355 = DIRECTION('',(1.,-1.110223024625E-16,0.));
#5356 = ORIENTED_EDGE('',*,*,#3199,.T.);
#5357 = ORIENTED_EDGE('',*,*,#5334,.F.);
#5358 = ORIENTED_EDGE('',*,*,#3263,.T.);
#5359 = PLANE('',#5360);
#5360 = AXIS2_PLACEMENT_3D('',#5361,#5362,#5363);
#5361 = CARTESIAN_POINT('',(-0.1,-10.01,-3.1));
#5362 = DIRECTION('',(0.,-0.,-1.));
#5363 = DIRECTION('',(-1.110223024625E-16,-1.,0.));
#5364 = ADVANCED_FACE('',(#5365),#5376,.T.);
#5365 = FACE_BOUND('',#5366,.T.);
#5366 = EDGE_LOOP('',(#5367,#5373,#5374,#5375));
#5367 = ORIENTED_EDGE('',*,*,#5368,.T.);
#5368 = EDGE_CURVE('',#3248,#3184,#5369,.T.);
#5369 = LINE('',#5370,#5371);
#5370 = CARTESIAN_POINT('',(-0.1,-9.86,-2.5));
#5371 = VECTOR('',#5372,1.);
#5372 = DIRECTION('',(1.,-1.110223024625E-16,0.));
#5373 = ORIENTED_EDGE('',*,*,#3191,.T.);
#5374 = ORIENTED_EDGE('',*,*,#5351,.F.);
#5375 = ORIENTED_EDGE('',*,*,#3255,.F.);
#5376 = PLANE('',#5377);
#5377 = AXIS2_PLACEMENT_3D('',#5378,#5379,#5380);
#5378 = CARTESIAN_POINT('',(-0.1,-9.86,-2.5));
#5379 = DIRECTION('',(1.077074540829E-16,0.970142500145,-0.242535625036)
  );
#5380 = DIRECTION('',(-2.692686352073E-17,-0.242535625036,
    -0.970142500145));
#5381 = ADVANCED_FACE('',(#5382),#5388,.T.);
#5382 = FACE_BOUND('',#5383,.T.);
#5383 = EDGE_LOOP('',(#5384,#5385,#5386,#5387));
#5384 = ORIENTED_EDGE('',*,*,#3221,.T.);
#5385 = ORIENTED_EDGE('',*,*,#3183,.T.);
#5386 = ORIENTED_EDGE('',*,*,#5368,.F.);
#5387 = ORIENTED_EDGE('',*,*,#3247,.F.);
#5388 = PLANE('',#5389);
#5389 = AXIS2_PLACEMENT_3D('',#5390,#5391,#5392);
#5390 = CARTESIAN_POINT('',(-0.1,-9.86,0.2));
#5391 = DIRECTION('',(1.110223024625E-16,1.,0.));
#5392 = DIRECTION('',(0.,0.,-1.));
#5393 = ADVANCED_FACE('',(#5394),#5405,.T.);
#5394 = FACE_BOUND('',#5395,.T.);
#5395 = EDGE_LOOP('',(#5396,#5402,#5403,#5404));
#5396 = ORIENTED_EDGE('',*,*,#5397,.T.);
#5397 = EDGE_CURVE('',#3367,#3303,#5398,.T.);
#5398 = LINE('',#5399,#5400);
#5399 = CARTESIAN_POINT('',(-0.1,-7.92,-2.5));
#5400 = VECTOR('',#5401,1.);
#5401 = DIRECTION('',(1.,-1.110223024625E-16,0.));
#5402 = ORIENTED_EDGE('',*,*,#3302,.T.);
#5403 = ORIENTED_EDGE('',*,*,#3287,.F.);
#5404 = ORIENTED_EDGE('',*,*,#3366,.F.);
#5405 = PLANE('',#5406);
#5406 = AXIS2_PLACEMENT_3D('',#5407,#5408,#5409);
#5407 = CARTESIAN_POINT('',(-0.1,-7.92,-2.5));
#5408 = DIRECTION('',(-1.110223024625E-16,-1.,0.));
#5409 = DIRECTION('',(0.,0.,1.));
#5410 = ADVANCED_FACE('',(#5411),#5422,.T.);
#5411 = FACE_BOUND('',#5412,.T.);
#5412 = EDGE_LOOP('',(#5413,#5419,#5420,#5421));
#5413 = ORIENTED_EDGE('',*,*,#5414,.T.);
#5414 = EDGE_CURVE('',#3392,#3328,#5415,.T.);
#5415 = LINE('',#5416,#5417);
#5416 = CARTESIAN_POINT('',(-0.1,-7.77,-3.1));
#5417 = VECTOR('',#5418,1.);
#5418 = DIRECTION('',(1.,-1.110223024625E-16,0.));
#5419 = ORIENTED_EDGE('',*,*,#3335,.T.);
#5420 = ORIENTED_EDGE('',*,*,#5397,.F.);
#5421 = ORIENTED_EDGE('',*,*,#3399,.F.);
#5422 = PLANE('',#5423);
#5423 = AXIS2_PLACEMENT_3D('',#5424,#5425,#5426);
#5424 = CARTESIAN_POINT('',(-0.1,-7.77,-3.1));
#5425 = DIRECTION('',(-1.077074540829E-16,-0.970142500145,
    -0.242535625036));
#5426 = DIRECTION('',(-2.692686352073E-17,-0.242535625036,0.970142500145
    ));
#5427 = ADVANCED_FACE('',(#5428),#5439,.T.);
#5428 = FACE_BOUND('',#5429,.T.);
#5429 = EDGE_LOOP('',(#5430,#5436,#5437,#5438));
#5430 = ORIENTED_EDGE('',*,*,#5431,.T.);
#5431 = EDGE_CURVE('',#3384,#3320,#5432,.T.);
#5432 = LINE('',#5433,#5434);
#5433 = CARTESIAN_POINT('',(-0.1,-7.47,-3.1));
#5434 = VECTOR('',#5435,1.);
#5435 = DIRECTION('',(1.,-1.110223024625E-16,0.));
#5436 = ORIENTED_EDGE('',*,*,#3327,.T.);
#5437 = ORIENTED_EDGE('',*,*,#5414,.F.);
#5438 = ORIENTED_EDGE('',*,*,#3391,.T.);
#5439 = PLANE('',#5440);
#5440 = AXIS2_PLACEMENT_3D('',#5441,#5442,#5443);
#5441 = CARTESIAN_POINT('',(-0.1,-7.47,-3.1));
#5442 = DIRECTION('',(0.,-0.,-1.));
#5443 = DIRECTION('',(-1.110223024625E-16,-1.,0.));
#5444 = ADVANCED_FACE('',(#5445),#5456,.T.);
#5445 = FACE_BOUND('',#5446,.T.);
#5446 = EDGE_LOOP('',(#5447,#5453,#5454,#5455));
#5447 = ORIENTED_EDGE('',*,*,#5448,.T.);
#5448 = EDGE_CURVE('',#3376,#3312,#5449,.T.);
#5449 = LINE('',#5450,#5451);
#5450 = CARTESIAN_POINT('',(-0.1,-7.32,-2.5));
#5451 = VECTOR('',#5452,1.);
#5452 = DIRECTION('',(1.,-1.110223024625E-16,0.));
#5453 = ORIENTED_EDGE('',*,*,#3319,.T.);
#5454 = ORIENTED_EDGE('',*,*,#5431,.F.);
#5455 = ORIENTED_EDGE('',*,*,#3383,.F.);
#5456 = PLANE('',#5457);
#5457 = AXIS2_PLACEMENT_3D('',#5458,#5459,#5460);
#5458 = CARTESIAN_POINT('',(-0.1,-7.32,-2.5));
#5459 = DIRECTION('',(1.077074540829E-16,0.970142500145,-0.242535625036)
  );
#5460 = DIRECTION('',(-2.692686352073E-17,-0.242535625036,
    -0.970142500145));
#5461 = ADVANCED_FACE('',(#5462),#5468,.T.);
#5462 = FACE_BOUND('',#5463,.T.);
#5463 = EDGE_LOOP('',(#5464,#5465,#5466,#5467));
#5464 = ORIENTED_EDGE('',*,*,#3349,.T.);
#5465 = ORIENTED_EDGE('',*,*,#3311,.T.);
#5466 = ORIENTED_EDGE('',*,*,#5448,.F.);
#5467 = ORIENTED_EDGE('',*,*,#3375,.F.);
#5468 = PLANE('',#5469);
#5469 = AXIS2_PLACEMENT_3D('',#5470,#5471,#5472);
#5470 = CARTESIAN_POINT('',(-0.1,-7.32,0.2));
#5471 = DIRECTION('',(1.110223024625E-16,1.,0.));
#5472 = DIRECTION('',(0.,0.,-1.));
#5473 = ADVANCED_FACE('',(#5474),#5485,.T.);
#5474 = FACE_BOUND('',#5475,.T.);
#5475 = EDGE_LOOP('',(#5476,#5482,#5483,#5484));
#5476 = ORIENTED_EDGE('',*,*,#5477,.T.);
#5477 = EDGE_CURVE('',#3495,#3431,#5478,.T.);
#5478 = LINE('',#5479,#5480);
#5479 = CARTESIAN_POINT('',(-0.1,-5.38,-2.5));
#5480 = VECTOR('',#5481,1.);
#5481 = DIRECTION('',(1.,-1.110223024625E-16,0.));
#5482 = ORIENTED_EDGE('',*,*,#3430,.T.);
#5483 = ORIENTED_EDGE('',*,*,#3415,.F.);
#5484 = ORIENTED_EDGE('',*,*,#3494,.F.);
#5485 = PLANE('',#5486);
#5486 = AXIS2_PLACEMENT_3D('',#5487,#5488,#5489);
#5487 = CARTESIAN_POINT('',(-0.1,-5.38,-2.5));
#5488 = DIRECTION('',(-1.110223024625E-16,-1.,0.));
#5489 = DIRECTION('',(0.,0.,1.));
#5490 = ADVANCED_FACE('',(#5491),#5502,.T.);
#5491 = FACE_BOUND('',#5492,.T.);
#5492 = EDGE_LOOP('',(#5493,#5499,#5500,#5501));
#5493 = ORIENTED_EDGE('',*,*,#5494,.T.);
#5494 = EDGE_CURVE('',#3520,#3456,#5495,.T.);
#5495 = LINE('',#5496,#5497);
#5496 = CARTESIAN_POINT('',(-0.1,-5.23,-3.1));
#5497 = VECTOR('',#5498,1.);
#5498 = DIRECTION('',(1.,-1.110223024625E-16,0.));
#5499 = ORIENTED_EDGE('',*,*,#3463,.T.);
#5500 = ORIENTED_EDGE('',*,*,#5477,.F.);
#5501 = ORIENTED_EDGE('',*,*,#3527,.F.);
#5502 = PLANE('',#5503);
#5503 = AXIS2_PLACEMENT_3D('',#5504,#5505,#5506);
#5504 = CARTESIAN_POINT('',(-0.1,-5.23,-3.1));
#5505 = DIRECTION('',(-1.077074540829E-16,-0.970142500145,
    -0.242535625036));
#5506 = DIRECTION('',(-2.692686352073E-17,-0.242535625036,0.970142500145
    ));
#5507 = ADVANCED_FACE('',(#5508),#5519,.T.);
#5508 = FACE_BOUND('',#5509,.T.);
#5509 = EDGE_LOOP('',(#5510,#5516,#5517,#5518));
#5510 = ORIENTED_EDGE('',*,*,#5511,.T.);
#5511 = EDGE_CURVE('',#3512,#3448,#5512,.T.);
#5512 = LINE('',#5513,#5514);
#5513 = CARTESIAN_POINT('',(-0.1,-4.93,-3.1));
#5514 = VECTOR('',#5515,1.);
#5515 = DIRECTION('',(1.,-1.110223024625E-16,0.));
#5516 = ORIENTED_EDGE('',*,*,#3455,.T.);
#5517 = ORIENTED_EDGE('',*,*,#5494,.F.);
#5518 = ORIENTED_EDGE('',*,*,#3519,.T.);
#5519 = PLANE('',#5520);
#5520 = AXIS2_PLACEMENT_3D('',#5521,#5522,#5523);
#5521 = CARTESIAN_POINT('',(-0.1,-4.93,-3.1));
#5522 = DIRECTION('',(0.,-0.,-1.));
#5523 = DIRECTION('',(-1.110223024625E-16,-1.,0.));
#5524 = ADVANCED_FACE('',(#5525),#5536,.T.);
#5525 = FACE_BOUND('',#5526,.T.);
#5526 = EDGE_LOOP('',(#5527,#5533,#5534,#5535));
#5527 = ORIENTED_EDGE('',*,*,#5528,.T.);
#5528 = EDGE_CURVE('',#3504,#3440,#5529,.T.);
#5529 = LINE('',#5530,#5531);
#5530 = CARTESIAN_POINT('',(-0.1,-4.78,-2.5));
#5531 = VECTOR('',#5532,1.);
#5532 = DIRECTION('',(1.,-1.110223024625E-16,0.));
#5533 = ORIENTED_EDGE('',*,*,#3447,.T.);
#5534 = ORIENTED_EDGE('',*,*,#5511,.F.);
#5535 = ORIENTED_EDGE('',*,*,#3511,.F.);
#5536 = PLANE('',#5537);
#5537 = AXIS2_PLACEMENT_3D('',#5538,#5539,#5540);
#5538 = CARTESIAN_POINT('',(-0.1,-4.78,-2.5));
#5539 = DIRECTION('',(1.077074540829E-16,0.970142500145,-0.242535625036)
  );
#5540 = DIRECTION('',(-2.692686352073E-17,-0.242535625036,
    -0.970142500145));
#5541 = ADVANCED_FACE('',(#5542),#5548,.T.);
#5542 = FACE_BOUND('',#5543,.T.);
#5543 = EDGE_LOOP('',(#5544,#5545,#5546,#5547));
#5544 = ORIENTED_EDGE('',*,*,#3477,.T.);
#5545 = ORIENTED_EDGE('',*,*,#3439,.T.);
#5546 = ORIENTED_EDGE('',*,*,#5528,.F.);
#5547 = ORIENTED_EDGE('',*,*,#3503,.F.);
#5548 = PLANE('',#5549);
#5549 = AXIS2_PLACEMENT_3D('',#5550,#5551,#5552);
#5550 = CARTESIAN_POINT('',(-0.1,-4.78,0.2));
#5551 = DIRECTION('',(1.110223024625E-16,1.,0.));
#5552 = DIRECTION('',(0.,0.,-1.));
#5553 = ADVANCED_FACE('',(#5554),#5565,.T.);
#5554 = FACE_BOUND('',#5555,.T.);
#5555 = EDGE_LOOP('',(#5556,#5562,#5563,#5564));
#5556 = ORIENTED_EDGE('',*,*,#5557,.T.);
#5557 = EDGE_CURVE('',#3623,#3559,#5558,.T.);
#5558 = LINE('',#5559,#5560);
#5559 = CARTESIAN_POINT('',(-0.1,-2.84,-2.5));
#5560 = VECTOR('',#5561,1.);
#5561 = DIRECTION('',(1.,-1.110223024625E-16,0.));
#5562 = ORIENTED_EDGE('',*,*,#3558,.T.);
#5563 = ORIENTED_EDGE('',*,*,#3543,.F.);
#5564 = ORIENTED_EDGE('',*,*,#3622,.F.);
#5565 = PLANE('',#5566);
#5566 = AXIS2_PLACEMENT_3D('',#5567,#5568,#5569);
#5567 = CARTESIAN_POINT('',(-0.1,-2.84,-2.5));
#5568 = DIRECTION('',(-1.110223024625E-16,-1.,0.));
#5569 = DIRECTION('',(0.,0.,1.));
#5570 = ADVANCED_FACE('',(#5571),#5582,.T.);
#5571 = FACE_BOUND('',#5572,.T.);
#5572 = EDGE_LOOP('',(#5573,#5579,#5580,#5581));
#5573 = ORIENTED_EDGE('',*,*,#5574,.T.);
#5574 = EDGE_CURVE('',#3648,#3584,#5575,.T.);
#5575 = LINE('',#5576,#5577);
#5576 = CARTESIAN_POINT('',(-0.1,-2.69,-3.1));
#5577 = VECTOR('',#5578,1.);
#5578 = DIRECTION('',(1.,-1.110223024625E-16,0.));
#5579 = ORIENTED_EDGE('',*,*,#3591,.T.);
#5580 = ORIENTED_EDGE('',*,*,#5557,.F.);
#5581 = ORIENTED_EDGE('',*,*,#3655,.F.);
#5582 = PLANE('',#5583);
#5583 = AXIS2_PLACEMENT_3D('',#5584,#5585,#5586);
#5584 = CARTESIAN_POINT('',(-0.1,-2.69,-3.1));
#5585 = DIRECTION('',(-1.077074540829E-16,-0.970142500145,
    -0.242535625036));
#5586 = DIRECTION('',(-2.692686352073E-17,-0.242535625036,0.970142500145
    ));
#5587 = ADVANCED_FACE('',(#5588),#5599,.T.);
#5588 = FACE_BOUND('',#5589,.T.);
#5589 = EDGE_LOOP('',(#5590,#5596,#5597,#5598));
#5590 = ORIENTED_EDGE('',*,*,#5591,.T.);
#5591 = EDGE_CURVE('',#3640,#3576,#5592,.T.);
#5592 = LINE('',#5593,#5594);
#5593 = CARTESIAN_POINT('',(-0.1,-2.39,-3.1));
#5594 = VECTOR('',#5595,1.);
#5595 = DIRECTION('',(1.,-1.110223024625E-16,0.));
#5596 = ORIENTED_EDGE('',*,*,#3583,.T.);
#5597 = ORIENTED_EDGE('',*,*,#5574,.F.);
#5598 = ORIENTED_EDGE('',*,*,#3647,.T.);
#5599 = PLANE('',#5600);
#5600 = AXIS2_PLACEMENT_3D('',#5601,#5602,#5603);
#5601 = CARTESIAN_POINT('',(-0.1,-2.39,-3.1));
#5602 = DIRECTION('',(0.,-0.,-1.));
#5603 = DIRECTION('',(-1.110223024625E-16,-1.,0.));
#5604 = ADVANCED_FACE('',(#5605),#5616,.T.);
#5605 = FACE_BOUND('',#5606,.T.);
#5606 = EDGE_LOOP('',(#5607,#5613,#5614,#5615));
#5607 = ORIENTED_EDGE('',*,*,#5608,.T.);
#5608 = EDGE_CURVE('',#3632,#3568,#5609,.T.);
#5609 = LINE('',#5610,#5611);
#5610 = CARTESIAN_POINT('',(-0.1,-2.24,-2.5));
#5611 = VECTOR('',#5612,1.);
#5612 = DIRECTION('',(1.,-1.110223024625E-16,0.));
#5613 = ORIENTED_EDGE('',*,*,#3575,.T.);
#5614 = ORIENTED_EDGE('',*,*,#5591,.F.);
#5615 = ORIENTED_EDGE('',*,*,#3639,.F.);
#5616 = PLANE('',#5617);
#5617 = AXIS2_PLACEMENT_3D('',#5618,#5619,#5620);
#5618 = CARTESIAN_POINT('',(-0.1,-2.24,-2.5));
#5619 = DIRECTION('',(1.077074540829E-16,0.970142500145,-0.242535625036)
  );
#5620 = DIRECTION('',(-2.692686352073E-17,-0.242535625036,
    -0.970142500145));
#5621 = ADVANCED_FACE('',(#5622),#5628,.T.);
#5622 = FACE_BOUND('',#5623,.T.);
#5623 = EDGE_LOOP('',(#5624,#5625,#5626,#5627));
#5624 = ORIENTED_EDGE('',*,*,#3605,.T.);
#5625 = ORIENTED_EDGE('',*,*,#3567,.T.);
#5626 = ORIENTED_EDGE('',*,*,#5608,.F.);
#5627 = ORIENTED_EDGE('',*,*,#3631,.F.);
#5628 = PLANE('',#5629);
#5629 = AXIS2_PLACEMENT_3D('',#5630,#5631,#5632);
#5630 = CARTESIAN_POINT('',(-0.1,-2.24,0.2));
#5631 = DIRECTION('',(1.110223024625E-16,1.,0.));
#5632 = DIRECTION('',(0.,0.,-1.));
#5633 = ADVANCED_FACE('',(#5634),#5645,.T.);
#5634 = FACE_BOUND('',#5635,.T.);
#5635 = EDGE_LOOP('',(#5636,#5642,#5643,#5644));
#5636 = ORIENTED_EDGE('',*,*,#5637,.T.);
#5637 = EDGE_CURVE('',#3751,#3687,#5638,.T.);
#5638 = LINE('',#5639,#5640);
#5639 = CARTESIAN_POINT('',(-0.1,-0.3,-2.5));
#5640 = VECTOR('',#5641,1.);
#5641 = DIRECTION('',(1.,-1.110223024625E-16,0.));
#5642 = ORIENTED_EDGE('',*,*,#3686,.T.);
#5643 = ORIENTED_EDGE('',*,*,#3671,.F.);
#5644 = ORIENTED_EDGE('',*,*,#3750,.F.);
#5645 = PLANE('',#5646);
#5646 = AXIS2_PLACEMENT_3D('',#5647,#5648,#5649);
#5647 = CARTESIAN_POINT('',(-0.1,-0.3,-2.5));
#5648 = DIRECTION('',(-1.110223024625E-16,-1.,0.));
#5649 = DIRECTION('',(0.,0.,1.));
#5650 = ADVANCED_FACE('',(#5651),#5662,.T.);
#5651 = FACE_BOUND('',#5652,.T.);
#5652 = EDGE_LOOP('',(#5653,#5659,#5660,#5661));
#5653 = ORIENTED_EDGE('',*,*,#5654,.T.);
#5654 = EDGE_CURVE('',#3776,#3712,#5655,.T.);
#5655 = LINE('',#5656,#5657);
#5656 = CARTESIAN_POINT('',(-0.1,-0.15,-3.1));
#5657 = VECTOR('',#5658,1.);
#5658 = DIRECTION('',(1.,-1.110223024625E-16,0.));
#5659 = ORIENTED_EDGE('',*,*,#3719,.T.);
#5660 = ORIENTED_EDGE('',*,*,#5637,.F.);
#5661 = ORIENTED_EDGE('',*,*,#3783,.F.);
#5662 = PLANE('',#5663);
#5663 = AXIS2_PLACEMENT_3D('',#5664,#5665,#5666);
#5664 = CARTESIAN_POINT('',(-0.1,-0.15,-3.1));
#5665 = DIRECTION('',(-1.077074540829E-16,-0.970142500145,
    -0.242535625036));
#5666 = DIRECTION('',(-2.692686352073E-17,-0.242535625036,0.970142500145
    ));
#5667 = ADVANCED_FACE('',(#5668),#5679,.T.);
#5668 = FACE_BOUND('',#5669,.T.);
#5669 = EDGE_LOOP('',(#5670,#5676,#5677,#5678));
#5670 = ORIENTED_EDGE('',*,*,#5671,.T.);
#5671 = EDGE_CURVE('',#3768,#3704,#5672,.T.);
#5672 = LINE('',#5673,#5674);
#5673 = CARTESIAN_POINT('',(-0.1,0.15,-3.1));
#5674 = VECTOR('',#5675,1.);
#5675 = DIRECTION('',(1.,-1.110223024625E-16,0.));
#5676 = ORIENTED_EDGE('',*,*,#3711,.T.);
#5677 = ORIENTED_EDGE('',*,*,#5654,.F.);
#5678 = ORIENTED_EDGE('',*,*,#3775,.T.);
#5679 = PLANE('',#5680);
#5680 = AXIS2_PLACEMENT_3D('',#5681,#5682,#5683);
#5681 = CARTESIAN_POINT('',(-0.1,0.15,-3.1));
#5682 = DIRECTION('',(0.,-0.,-1.));
#5683 = DIRECTION('',(-1.110223024625E-16,-1.,0.));
#5684 = ADVANCED_FACE('',(#5685),#5696,.T.);
#5685 = FACE_BOUND('',#5686,.T.);
#5686 = EDGE_LOOP('',(#5687,#5693,#5694,#5695));
#5687 = ORIENTED_EDGE('',*,*,#5688,.T.);
#5688 = EDGE_CURVE('',#3760,#3696,#5689,.T.);
#5689 = LINE('',#5690,#5691);
#5690 = CARTESIAN_POINT('',(-0.1,0.3,-2.5));
#5691 = VECTOR('',#5692,1.);
#5692 = DIRECTION('',(1.,-1.110223024625E-16,0.));
#5693 = ORIENTED_EDGE('',*,*,#3703,.T.);
#5694 = ORIENTED_EDGE('',*,*,#5671,.F.);
#5695 = ORIENTED_EDGE('',*,*,#3767,.F.);
#5696 = PLANE('',#5697);
#5697 = AXIS2_PLACEMENT_3D('',#5698,#5699,#5700);
#5698 = CARTESIAN_POINT('',(-0.1,0.3,-2.5));
#5699 = DIRECTION('',(1.077074540829E-16,0.970142500145,-0.242535625036)
  );
#5700 = DIRECTION('',(-2.692686352073E-17,-0.242535625036,
    -0.970142500145));
#5701 = ADVANCED_FACE('',(#5702),#5708,.T.);
#5702 = FACE_BOUND('',#5703,.T.);
#5703 = EDGE_LOOP('',(#5704,#5705,#5706,#5707));
#5704 = ORIENTED_EDGE('',*,*,#3733,.T.);
#5705 = ORIENTED_EDGE('',*,*,#3695,.T.);
#5706 = ORIENTED_EDGE('',*,*,#5688,.F.);
#5707 = ORIENTED_EDGE('',*,*,#3759,.F.);
#5708 = PLANE('',#5709);
#5709 = AXIS2_PLACEMENT_3D('',#5710,#5711,#5712);
#5710 = CARTESIAN_POINT('',(-0.1,0.3,0.2));
#5711 = DIRECTION('',(1.110223024625E-16,1.,0.));
#5712 = DIRECTION('',(0.,0.,-1.));
#5713 = ADVANCED_FACE('',(#5714),#5725,.T.);
#5714 = FACE_BOUND('',#5715,.T.);
#5715 = EDGE_LOOP('',(#5716,#5717,#5718,#5719));
#5716 = ORIENTED_EDGE('',*,*,#3942,.T.);
#5717 = ORIENTED_EDGE('',*,*,#3805,.T.);
#5718 = ORIENTED_EDGE('',*,*,#3830,.T.);
#5719 = ORIENTED_EDGE('',*,*,#5720,.T.);
#5720 = EDGE_CURVE('',#3831,#3935,#5721,.T.);
#5721 = LINE('',#5722,#5723);
#5722 = CARTESIAN_POINT('',(0.1,-17.78,0.9));
#5723 = VECTOR('',#5724,1.);
#5724 = DIRECTION('',(-1.110223024625E-16,-1.,0.));
#5725 = PLANE('',#5726);
#5726 = AXIS2_PLACEMENT_3D('',#5727,#5728,#5729);
#5727 = CARTESIAN_POINT('',(-2.067651605486E-15,-17.78,0.9));
#5728 = DIRECTION('',(0.,0.,1.));
#5729 = DIRECTION('',(1.110223024625E-16,1.,-0.));
#5730 = ADVANCED_FACE('',(#5731),#5742,.T.);
#5731 = FACE_BOUND('',#5732,.T.);
#5732 = EDGE_LOOP('',(#5733,#5734,#5740,#5741));
#5733 = ORIENTED_EDGE('',*,*,#3910,.T.);
#5734 = ORIENTED_EDGE('',*,*,#5735,.F.);
#5735 = EDGE_CURVE('',#3855,#3911,#5736,.T.);
#5736 = LINE('',#5737,#5738);
#5737 = CARTESIAN_POINT('',(-0.1,-17.78,0.9));
#5738 = VECTOR('',#5739,1.);
#5739 = DIRECTION('',(-1.110223024625E-16,-1.,0.));
#5740 = ORIENTED_EDGE('',*,*,#3862,.T.);
#5741 = ORIENTED_EDGE('',*,*,#3885,.T.);
#5742 = PLANE('',#5743);
#5743 = AXIS2_PLACEMENT_3D('',#5744,#5745,#5746);
#5744 = CARTESIAN_POINT('',(-2.067651605486E-15,-17.78,0.9));
#5745 = DIRECTION('',(0.,0.,1.));
#5746 = DIRECTION('',(1.110223024625E-16,1.,-0.));
#5747 = ADVANCED_FACE('',(#5748),#5791,.T.);
#5748 = FACE_BOUND('',#5749,.T.);
#5749 = EDGE_LOOP('',(#5750,#5751,#5759,#5767,#5775,#5783,#5789,#5790));
#5750 = ORIENTED_EDGE('',*,*,#3918,.F.);
#5751 = ORIENTED_EDGE('',*,*,#5752,.T.);
#5752 = EDGE_CURVE('',#3919,#5753,#5755,.T.);
#5753 = VERTEX_POINT('',#5754);
#5754 = CARTESIAN_POINT('',(-0.1,-18.03,7.35));
#5755 = LINE('',#5756,#5757);
#5756 = CARTESIAN_POINT('',(-0.1,-18.08,7.4));
#5757 = VECTOR('',#5758,1.);
#5758 = DIRECTION('',(7.850462293414E-17,0.707106781187,-0.707106781187)
  );
#5759 = ORIENTED_EDGE('',*,*,#5760,.T.);
#5760 = EDGE_CURVE('',#5753,#5761,#5763,.T.);
#5761 = VERTEX_POINT('',#5762);
#5762 = CARTESIAN_POINT('',(-0.1,-18.03,1.25));
#5763 = LINE('',#5764,#5765);
#5764 = CARTESIAN_POINT('',(-0.1,-18.03,7.35));
#5765 = VECTOR('',#5766,1.);
#5766 = DIRECTION('',(0.,0.,-1.));
#5767 = ORIENTED_EDGE('',*,*,#5768,.T.);
#5768 = EDGE_CURVE('',#5761,#5769,#5771,.T.);
#5769 = VERTEX_POINT('',#5770);
#5770 = CARTESIAN_POINT('',(-0.1,-17.53,1.25));
#5771 = LINE('',#5772,#5773);
#5772 = CARTESIAN_POINT('',(-0.1,-18.03,1.25));
#5773 = VECTOR('',#5774,1.);
#5774 = DIRECTION('',(1.110223024625E-16,1.,0.));
#5775 = ORIENTED_EDGE('',*,*,#5776,.T.);
#5776 = EDGE_CURVE('',#5769,#5777,#5779,.T.);
#5777 = VERTEX_POINT('',#5778);
#5778 = CARTESIAN_POINT('',(-0.1,-17.53,7.35));
#5779 = LINE('',#5780,#5781);
#5780 = CARTESIAN_POINT('',(-0.1,-17.53,1.25));
#5781 = VECTOR('',#5782,1.);
#5782 = DIRECTION('',(0.,0.,1.));
#5783 = ORIENTED_EDGE('',*,*,#5784,.T.);
#5784 = EDGE_CURVE('',#5777,#3847,#5785,.T.);
#5785 = LINE('',#5786,#5787);
#5786 = CARTESIAN_POINT('',(-0.1,-17.53,7.35));
#5787 = VECTOR('',#5788,1.);
#5788 = DIRECTION('',(7.850462293414E-17,0.707106781187,0.707106781187)
  );
#5789 = ORIENTED_EDGE('',*,*,#3854,.F.);
#5790 = ORIENTED_EDGE('',*,*,#5735,.T.);
#5791 = PLANE('',#5792);
#5792 = AXIS2_PLACEMENT_3D('',#5793,#5794,#5795);
#5793 = CARTESIAN_POINT('',(-0.1,-17.78,3.911477598424));
#5794 = DIRECTION('',(-1.,1.110223024625E-16,0.));
#5795 = DIRECTION('',(0.,0.,1.));
#5796 = ADVANCED_FACE('',(#5797),#5815,.T.);
#5797 = FACE_BOUND('',#5798,.T.);
#5798 = EDGE_LOOP('',(#5799,#5807,#5813,#5814));
#5799 = ORIENTED_EDGE('',*,*,#5800,.T.);
#5800 = EDGE_CURVE('',#5777,#5801,#5803,.T.);
#5801 = VERTEX_POINT('',#5802);
#5802 = CARTESIAN_POINT('',(0.1,-17.53,7.35));
#5803 = LINE('',#5804,#5805);
#5804 = CARTESIAN_POINT('',(-0.1,-17.53,7.35));
#5805 = VECTOR('',#5806,1.);
#5806 = DIRECTION('',(1.,-1.110223024625E-16,0.));
#5807 = ORIENTED_EDGE('',*,*,#5808,.T.);
#5808 = EDGE_CURVE('',#5801,#3839,#5809,.T.);
#5809 = LINE('',#5810,#5811);
#5810 = CARTESIAN_POINT('',(0.1,-17.53,7.35));
#5811 = VECTOR('',#5812,1.);
#5812 = DIRECTION('',(7.850462293414E-17,0.707106781187,0.707106781187)
  );
#5813 = ORIENTED_EDGE('',*,*,#3846,.F.);
#5814 = ORIENTED_EDGE('',*,*,#5784,.F.);
#5815 = PLANE('',#5816);
#5816 = AXIS2_PLACEMENT_3D('',#5817,#5818,#5819);
#5817 = CARTESIAN_POINT('',(-0.1,-17.53,7.35));
#5818 = DIRECTION('',(-7.850462293414E-17,-0.707106781187,0.707106781187
    ));
#5819 = DIRECTION('',(7.850462293414E-17,0.707106781187,0.707106781187)
  );
#5820 = ADVANCED_FACE('',(#5821),#5857,.F.);
#5821 = FACE_BOUND('',#5822,.F.);
#5822 = EDGE_LOOP('',(#5823,#5824,#5832,#5840,#5848,#5854,#5855,#5856));
#5823 = ORIENTED_EDGE('',*,*,#3934,.F.);
#5824 = ORIENTED_EDGE('',*,*,#5825,.T.);
#5825 = EDGE_CURVE('',#3927,#5826,#5828,.T.);
#5826 = VERTEX_POINT('',#5827);
#5827 = CARTESIAN_POINT('',(0.1,-18.03,7.35));
#5828 = LINE('',#5829,#5830);
#5829 = CARTESIAN_POINT('',(0.1,-18.08,7.4));
#5830 = VECTOR('',#5831,1.);
#5831 = DIRECTION('',(7.850462293414E-17,0.707106781187,-0.707106781187)
  );
#5832 = ORIENTED_EDGE('',*,*,#5833,.T.);
#5833 = EDGE_CURVE('',#5826,#5834,#5836,.T.);
#5834 = VERTEX_POINT('',#5835);
#5835 = CARTESIAN_POINT('',(0.1,-18.03,1.25));
#5836 = LINE('',#5837,#5838);
#5837 = CARTESIAN_POINT('',(0.1,-18.03,7.35));
#5838 = VECTOR('',#5839,1.);
#5839 = DIRECTION('',(0.,0.,-1.));
#5840 = ORIENTED_EDGE('',*,*,#5841,.T.);
#5841 = EDGE_CURVE('',#5834,#5842,#5844,.T.);
#5842 = VERTEX_POINT('',#5843);
#5843 = CARTESIAN_POINT('',(0.1,-17.53,1.25));
#5844 = LINE('',#5845,#5846);
#5845 = CARTESIAN_POINT('',(0.1,-18.03,1.25));
#5846 = VECTOR('',#5847,1.);
#5847 = DIRECTION('',(1.110223024625E-16,1.,0.));
#5848 = ORIENTED_EDGE('',*,*,#5849,.T.);
#5849 = EDGE_CURVE('',#5842,#5801,#5850,.T.);
#5850 = LINE('',#5851,#5852);
#5851 = CARTESIAN_POINT('',(0.1,-17.53,1.25));
#5852 = VECTOR('',#5853,1.);
#5853 = DIRECTION('',(0.,0.,1.));
#5854 = ORIENTED_EDGE('',*,*,#5808,.T.);
#5855 = ORIENTED_EDGE('',*,*,#3838,.F.);
#5856 = ORIENTED_EDGE('',*,*,#5720,.T.);
#5857 = PLANE('',#5858);
#5858 = AXIS2_PLACEMENT_3D('',#5859,#5860,#5861);
#5859 = CARTESIAN_POINT('',(0.1,-17.78,3.911477598424));
#5860 = DIRECTION('',(-1.,1.110223024625E-16,0.));
#5861 = DIRECTION('',(0.,0.,1.));
#5862 = ADVANCED_FACE('',(#5863),#5874,.T.);
#5863 = FACE_BOUND('',#5864,.T.);
#5864 = EDGE_LOOP('',(#5865,#5866,#5867,#5873));
#5865 = ORIENTED_EDGE('',*,*,#3926,.T.);
#5866 = ORIENTED_EDGE('',*,*,#5825,.T.);
#5867 = ORIENTED_EDGE('',*,*,#5868,.F.);
#5868 = EDGE_CURVE('',#5753,#5826,#5869,.T.);
#5869 = LINE('',#5870,#5871);
#5870 = CARTESIAN_POINT('',(-0.1,-18.03,7.35));
#5871 = VECTOR('',#5872,1.);
#5872 = DIRECTION('',(1.,-1.110223024625E-16,0.));
#5873 = ORIENTED_EDGE('',*,*,#5752,.F.);
#5874 = PLANE('',#5875);
#5875 = AXIS2_PLACEMENT_3D('',#5876,#5877,#5878);
#5876 = CARTESIAN_POINT('',(-0.1,-18.08,7.4));
#5877 = DIRECTION('',(7.850462293414E-17,0.707106781187,0.707106781187)
  );
#5878 = DIRECTION('',(7.850462293414E-17,0.707106781187,-0.707106781187)
  );
#5879 = ADVANCED_FACE('',(#5880),#5891,.T.);
#5880 = FACE_BOUND('',#5881,.T.);
#5881 = EDGE_LOOP('',(#5882,#5883,#5884,#5885));
#5882 = ORIENTED_EDGE('',*,*,#4102,.T.);
#5883 = ORIENTED_EDGE('',*,*,#3965,.T.);
#5884 = ORIENTED_EDGE('',*,*,#3990,.T.);
#5885 = ORIENTED_EDGE('',*,*,#5886,.T.);
#5886 = EDGE_CURVE('',#3991,#4095,#5887,.T.);
#5887 = LINE('',#5888,#5889);
#5888 = CARTESIAN_POINT('',(0.1,-15.24,0.9));
#5889 = VECTOR('',#5890,1.);
#5890 = DIRECTION('',(-1.110223024625E-16,-1.,0.));
#5891 = PLANE('',#5892);
#5892 = AXIS2_PLACEMENT_3D('',#5893,#5894,#5895);
#5893 = CARTESIAN_POINT('',(-1.785654957231E-15,-15.24,0.9));
#5894 = DIRECTION('',(0.,0.,1.));
#5895 = DIRECTION('',(1.110223024625E-16,1.,-0.));
#5896 = ADVANCED_FACE('',(#5897),#5908,.T.);
#5897 = FACE_BOUND('',#5898,.T.);
#5898 = EDGE_LOOP('',(#5899,#5900,#5906,#5907));
#5899 = ORIENTED_EDGE('',*,*,#4070,.T.);
#5900 = ORIENTED_EDGE('',*,*,#5901,.F.);
#5901 = EDGE_CURVE('',#4015,#4071,#5902,.T.);
#5902 = LINE('',#5903,#5904);
#5903 = CARTESIAN_POINT('',(-0.1,-15.24,0.9));
#5904 = VECTOR('',#5905,1.);
#5905 = DIRECTION('',(-1.110223024625E-16,-1.,0.));
#5906 = ORIENTED_EDGE('',*,*,#4022,.T.);
#5907 = ORIENTED_EDGE('',*,*,#4045,.T.);
#5908 = PLANE('',#5909);
#5909 = AXIS2_PLACEMENT_3D('',#5910,#5911,#5912);
#5910 = CARTESIAN_POINT('',(-1.785654957231E-15,-15.24,0.9));
#5911 = DIRECTION('',(0.,0.,1.));
#5912 = DIRECTION('',(1.110223024625E-16,1.,-0.));
#5913 = ADVANCED_FACE('',(#5914),#5957,.T.);
#5914 = FACE_BOUND('',#5915,.T.);
#5915 = EDGE_LOOP('',(#5916,#5917,#5925,#5933,#5941,#5949,#5955,#5956));
#5916 = ORIENTED_EDGE('',*,*,#4078,.F.);
#5917 = ORIENTED_EDGE('',*,*,#5918,.T.);
#5918 = EDGE_CURVE('',#4079,#5919,#5921,.T.);
#5919 = VERTEX_POINT('',#5920);
#5920 = CARTESIAN_POINT('',(-0.1,-15.49,7.35));
#5921 = LINE('',#5922,#5923);
#5922 = CARTESIAN_POINT('',(-0.1,-15.54,7.4));
#5923 = VECTOR('',#5924,1.);
#5924 = DIRECTION('',(7.850462293414E-17,0.707106781187,-0.707106781187)
  );
#5925 = ORIENTED_EDGE('',*,*,#5926,.T.);
#5926 = EDGE_CURVE('',#5919,#5927,#5929,.T.);
#5927 = VERTEX_POINT('',#5928);
#5928 = CARTESIAN_POINT('',(-0.1,-15.49,1.25));
#5929 = LINE('',#5930,#5931);
#5930 = CARTESIAN_POINT('',(-0.1,-15.49,7.35));
#5931 = VECTOR('',#5932,1.);
#5932 = DIRECTION('',(0.,0.,-1.));
#5933 = ORIENTED_EDGE('',*,*,#5934,.T.);
#5934 = EDGE_CURVE('',#5927,#5935,#5937,.T.);
#5935 = VERTEX_POINT('',#5936);
#5936 = CARTESIAN_POINT('',(-0.1,-14.99,1.25));
#5937 = LINE('',#5938,#5939);
#5938 = CARTESIAN_POINT('',(-0.1,-15.49,1.25));
#5939 = VECTOR('',#5940,1.);
#5940 = DIRECTION('',(1.110223024625E-16,1.,0.));
#5941 = ORIENTED_EDGE('',*,*,#5942,.T.);
#5942 = EDGE_CURVE('',#5935,#5943,#5945,.T.);
#5943 = VERTEX_POINT('',#5944);
#5944 = CARTESIAN_POINT('',(-0.1,-14.99,7.35));
#5945 = LINE('',#5946,#5947);
#5946 = CARTESIAN_POINT('',(-0.1,-14.99,1.25));
#5947 = VECTOR('',#5948,1.);
#5948 = DIRECTION('',(0.,0.,1.));
#5949 = ORIENTED_EDGE('',*,*,#5950,.T.);
#5950 = EDGE_CURVE('',#5943,#4007,#5951,.T.);
#5951 = LINE('',#5952,#5953);
#5952 = CARTESIAN_POINT('',(-0.1,-14.99,7.35));
#5953 = VECTOR('',#5954,1.);
#5954 = DIRECTION('',(7.850462293414E-17,0.707106781187,0.707106781187)
  );
#5955 = ORIENTED_EDGE('',*,*,#4014,.F.);
#5956 = ORIENTED_EDGE('',*,*,#5901,.T.);
#5957 = PLANE('',#5958);
#5958 = AXIS2_PLACEMENT_3D('',#5959,#5960,#5961);
#5959 = CARTESIAN_POINT('',(-0.1,-15.24,3.911477598424));
#5960 = DIRECTION('',(-1.,1.110223024625E-16,0.));
#5961 = DIRECTION('',(0.,0.,1.));
#5962 = ADVANCED_FACE('',(#5963),#5981,.T.);
#5963 = FACE_BOUND('',#5964,.T.);
#5964 = EDGE_LOOP('',(#5965,#5973,#5979,#5980));
#5965 = ORIENTED_EDGE('',*,*,#5966,.T.);
#5966 = EDGE_CURVE('',#5943,#5967,#5969,.T.);
#5967 = VERTEX_POINT('',#5968);
#5968 = CARTESIAN_POINT('',(0.1,-14.99,7.35));
#5969 = LINE('',#5970,#5971);
#5970 = CARTESIAN_POINT('',(-0.1,-14.99,7.35));
#5971 = VECTOR('',#5972,1.);
#5972 = DIRECTION('',(1.,-1.110223024625E-16,0.));
#5973 = ORIENTED_EDGE('',*,*,#5974,.T.);
#5974 = EDGE_CURVE('',#5967,#3999,#5975,.T.);
#5975 = LINE('',#5976,#5977);
#5976 = CARTESIAN_POINT('',(0.1,-14.99,7.35));
#5977 = VECTOR('',#5978,1.);
#5978 = DIRECTION('',(7.850462293414E-17,0.707106781187,0.707106781187)
  );
#5979 = ORIENTED_EDGE('',*,*,#4006,.F.);
#5980 = ORIENTED_EDGE('',*,*,#5950,.F.);
#5981 = PLANE('',#5982);
#5982 = AXIS2_PLACEMENT_3D('',#5983,#5984,#5985);
#5983 = CARTESIAN_POINT('',(-0.1,-14.99,7.35));
#5984 = DIRECTION('',(-7.850462293414E-17,-0.707106781187,0.707106781187
    ));
#5985 = DIRECTION('',(7.850462293414E-17,0.707106781187,0.707106781187)
  );
#5986 = ADVANCED_FACE('',(#5987),#6023,.F.);
#5987 = FACE_BOUND('',#5988,.F.);
#5988 = EDGE_LOOP('',(#5989,#5990,#5998,#6006,#6014,#6020,#6021,#6022));
#5989 = ORIENTED_EDGE('',*,*,#4094,.F.);
#5990 = ORIENTED_EDGE('',*,*,#5991,.T.);
#5991 = EDGE_CURVE('',#4087,#5992,#5994,.T.);
#5992 = VERTEX_POINT('',#5993);
#5993 = CARTESIAN_POINT('',(0.1,-15.49,7.35));
#5994 = LINE('',#5995,#5996);
#5995 = CARTESIAN_POINT('',(0.1,-15.54,7.4));
#5996 = VECTOR('',#5997,1.);
#5997 = DIRECTION('',(7.850462293414E-17,0.707106781187,-0.707106781187)
  );
#5998 = ORIENTED_EDGE('',*,*,#5999,.T.);
#5999 = EDGE_CURVE('',#5992,#6000,#6002,.T.);
#6000 = VERTEX_POINT('',#6001);
#6001 = CARTESIAN_POINT('',(0.1,-15.49,1.25));
#6002 = LINE('',#6003,#6004);
#6003 = CARTESIAN_POINT('',(0.1,-15.49,7.35));
#6004 = VECTOR('',#6005,1.);
#6005 = DIRECTION('',(0.,0.,-1.));
#6006 = ORIENTED_EDGE('',*,*,#6007,.T.);
#6007 = EDGE_CURVE('',#6000,#6008,#6010,.T.);
#6008 = VERTEX_POINT('',#6009);
#6009 = CARTESIAN_POINT('',(0.1,-14.99,1.25));
#6010 = LINE('',#6011,#6012);
#6011 = CARTESIAN_POINT('',(0.1,-15.49,1.25));
#6012 = VECTOR('',#6013,1.);
#6013 = DIRECTION('',(1.110223024625E-16,1.,0.));
#6014 = ORIENTED_EDGE('',*,*,#6015,.T.);
#6015 = EDGE_CURVE('',#6008,#5967,#6016,.T.);
#6016 = LINE('',#6017,#6018);
#6017 = CARTESIAN_POINT('',(0.1,-14.99,1.25));
#6018 = VECTOR('',#6019,1.);
#6019 = DIRECTION('',(0.,0.,1.));
#6020 = ORIENTED_EDGE('',*,*,#5974,.T.);
#6021 = ORIENTED_EDGE('',*,*,#3998,.F.);
#6022 = ORIENTED_EDGE('',*,*,#5886,.T.);
#6023 = PLANE('',#6024);
#6024 = AXIS2_PLACEMENT_3D('',#6025,#6026,#6027);
#6025 = CARTESIAN_POINT('',(0.1,-15.24,3.911477598424));
#6026 = DIRECTION('',(-1.,1.110223024625E-16,0.));
#6027 = DIRECTION('',(0.,0.,1.));
#6028 = ADVANCED_FACE('',(#6029),#6040,.T.);
#6029 = FACE_BOUND('',#6030,.T.);
#6030 = EDGE_LOOP('',(#6031,#6032,#6033,#6039));
#6031 = ORIENTED_EDGE('',*,*,#4086,.T.);
#6032 = ORIENTED_EDGE('',*,*,#5991,.T.);
#6033 = ORIENTED_EDGE('',*,*,#6034,.F.);
#6034 = EDGE_CURVE('',#5919,#5992,#6035,.T.);
#6035 = LINE('',#6036,#6037);
#6036 = CARTESIAN_POINT('',(-0.1,-15.49,7.35));
#6037 = VECTOR('',#6038,1.);
#6038 = DIRECTION('',(1.,-1.110223024625E-16,0.));
#6039 = ORIENTED_EDGE('',*,*,#5918,.F.);
#6040 = PLANE('',#6041);
#6041 = AXIS2_PLACEMENT_3D('',#6042,#6043,#6044);
#6042 = CARTESIAN_POINT('',(-0.1,-15.54,7.4));
#6043 = DIRECTION('',(7.850462293414E-17,0.707106781187,0.707106781187)
  );
#6044 = DIRECTION('',(7.850462293414E-17,0.707106781187,-0.707106781187)
  );
#6045 = ADVANCED_FACE('',(#6046),#6057,.T.);
#6046 = FACE_BOUND('',#6047,.T.);
#6047 = EDGE_LOOP('',(#6048,#6049,#6050,#6051));
#6048 = ORIENTED_EDGE('',*,*,#4262,.T.);
#6049 = ORIENTED_EDGE('',*,*,#4125,.T.);
#6050 = ORIENTED_EDGE('',*,*,#4150,.T.);
#6051 = ORIENTED_EDGE('',*,*,#6052,.T.);
#6052 = EDGE_CURVE('',#4151,#4255,#6053,.T.);
#6053 = LINE('',#6054,#6055);
#6054 = CARTESIAN_POINT('',(0.1,-12.7,0.9));
#6055 = VECTOR('',#6056,1.);
#6056 = DIRECTION('',(-1.110223024625E-16,-1.,0.));
#6057 = PLANE('',#6058);
#6058 = AXIS2_PLACEMENT_3D('',#6059,#6060,#6061);
#6059 = CARTESIAN_POINT('',(-1.503658308977E-15,-12.7,0.9));
#6060 = DIRECTION('',(0.,0.,1.));
#6061 = DIRECTION('',(1.110223024625E-16,1.,-0.));
#6062 = ADVANCED_FACE('',(#6063),#6074,.T.);
#6063 = FACE_BOUND('',#6064,.T.);
#6064 = EDGE_LOOP('',(#6065,#6066,#6072,#6073));
#6065 = ORIENTED_EDGE('',*,*,#4230,.T.);
#6066 = ORIENTED_EDGE('',*,*,#6067,.F.);
#6067 = EDGE_CURVE('',#4175,#4231,#6068,.T.);
#6068 = LINE('',#6069,#6070);
#6069 = CARTESIAN_POINT('',(-0.1,-12.7,0.9));
#6070 = VECTOR('',#6071,1.);
#6071 = DIRECTION('',(-1.110223024625E-16,-1.,0.));
#6072 = ORIENTED_EDGE('',*,*,#4182,.T.);
#6073 = ORIENTED_EDGE('',*,*,#4205,.T.);
#6074 = PLANE('',#6075);
#6075 = AXIS2_PLACEMENT_3D('',#6076,#6077,#6078);
#6076 = CARTESIAN_POINT('',(-1.503658308977E-15,-12.7,0.9));
#6077 = DIRECTION('',(0.,0.,1.));
#6078 = DIRECTION('',(1.110223024625E-16,1.,-0.));
#6079 = ADVANCED_FACE('',(#6080),#6123,.T.);
#6080 = FACE_BOUND('',#6081,.T.);
#6081 = EDGE_LOOP('',(#6082,#6083,#6091,#6099,#6107,#6115,#6121,#6122));
#6082 = ORIENTED_EDGE('',*,*,#4238,.F.);
#6083 = ORIENTED_EDGE('',*,*,#6084,.T.);
#6084 = EDGE_CURVE('',#4239,#6085,#6087,.T.);
#6085 = VERTEX_POINT('',#6086);
#6086 = CARTESIAN_POINT('',(-0.1,-12.95,7.35));
#6087 = LINE('',#6088,#6089);
#6088 = CARTESIAN_POINT('',(-0.1,-13.,7.4));
#6089 = VECTOR('',#6090,1.);
#6090 = DIRECTION('',(7.850462293414E-17,0.707106781187,-0.707106781187)
  );
#6091 = ORIENTED_EDGE('',*,*,#6092,.T.);
#6092 = EDGE_CURVE('',#6085,#6093,#6095,.T.);
#6093 = VERTEX_POINT('',#6094);
#6094 = CARTESIAN_POINT('',(-0.1,-12.95,1.25));
#6095 = LINE('',#6096,#6097);
#6096 = CARTESIAN_POINT('',(-0.1,-12.95,7.35));
#6097 = VECTOR('',#6098,1.);
#6098 = DIRECTION('',(0.,0.,-1.));
#6099 = ORIENTED_EDGE('',*,*,#6100,.T.);
#6100 = EDGE_CURVE('',#6093,#6101,#6103,.T.);
#6101 = VERTEX_POINT('',#6102);
#6102 = CARTESIAN_POINT('',(-0.1,-12.45,1.25));
#6103 = LINE('',#6104,#6105);
#6104 = CARTESIAN_POINT('',(-0.1,-12.95,1.25));
#6105 = VECTOR('',#6106,1.);
#6106 = DIRECTION('',(1.110223024625E-16,1.,0.));
#6107 = ORIENTED_EDGE('',*,*,#6108,.T.);
#6108 = EDGE_CURVE('',#6101,#6109,#6111,.T.);
#6109 = VERTEX_POINT('',#6110);
#6110 = CARTESIAN_POINT('',(-0.1,-12.45,7.35));
#6111 = LINE('',#6112,#6113);
#6112 = CARTESIAN_POINT('',(-0.1,-12.45,1.25));
#6113 = VECTOR('',#6114,1.);
#6114 = DIRECTION('',(0.,0.,1.));
#6115 = ORIENTED_EDGE('',*,*,#6116,.T.);
#6116 = EDGE_CURVE('',#6109,#4167,#6117,.T.);
#6117 = LINE('',#6118,#6119);
#6118 = CARTESIAN_POINT('',(-0.1,-12.45,7.35));
#6119 = VECTOR('',#6120,1.);
#6120 = DIRECTION('',(7.850462293414E-17,0.707106781187,0.707106781187)
  );
#6121 = ORIENTED_EDGE('',*,*,#4174,.F.);
#6122 = ORIENTED_EDGE('',*,*,#6067,.T.);
#6123 = PLANE('',#6124);
#6124 = AXIS2_PLACEMENT_3D('',#6125,#6126,#6127);
#6125 = CARTESIAN_POINT('',(-0.1,-12.7,3.911477598424));
#6126 = DIRECTION('',(-1.,1.110223024625E-16,0.));
#6127 = DIRECTION('',(0.,0.,1.));
#6128 = ADVANCED_FACE('',(#6129),#6147,.T.);
#6129 = FACE_BOUND('',#6130,.T.);
#6130 = EDGE_LOOP('',(#6131,#6139,#6145,#6146));
#6131 = ORIENTED_EDGE('',*,*,#6132,.T.);
#6132 = EDGE_CURVE('',#6109,#6133,#6135,.T.);
#6133 = VERTEX_POINT('',#6134);
#6134 = CARTESIAN_POINT('',(0.1,-12.45,7.35));
#6135 = LINE('',#6136,#6137);
#6136 = CARTESIAN_POINT('',(-0.1,-12.45,7.35));
#6137 = VECTOR('',#6138,1.);
#6138 = DIRECTION('',(1.,-1.110223024625E-16,0.));
#6139 = ORIENTED_EDGE('',*,*,#6140,.T.);
#6140 = EDGE_CURVE('',#6133,#4159,#6141,.T.);
#6141 = LINE('',#6142,#6143);
#6142 = CARTESIAN_POINT('',(0.1,-12.45,7.35));
#6143 = VECTOR('',#6144,1.);
#6144 = DIRECTION('',(7.850462293414E-17,0.707106781187,0.707106781187)
  );
#6145 = ORIENTED_EDGE('',*,*,#4166,.F.);
#6146 = ORIENTED_EDGE('',*,*,#6116,.F.);
#6147 = PLANE('',#6148);
#6148 = AXIS2_PLACEMENT_3D('',#6149,#6150,#6151);
#6149 = CARTESIAN_POINT('',(-0.1,-12.45,7.35));
#6150 = DIRECTION('',(-7.850462293414E-17,-0.707106781187,0.707106781187
    ));
#6151 = DIRECTION('',(7.850462293414E-17,0.707106781187,0.707106781187)
  );
#6152 = ADVANCED_FACE('',(#6153),#6189,.F.);
#6153 = FACE_BOUND('',#6154,.F.);
#6154 = EDGE_LOOP('',(#6155,#6156,#6164,#6172,#6180,#6186,#6187,#6188));
#6155 = ORIENTED_EDGE('',*,*,#4254,.F.);
#6156 = ORIENTED_EDGE('',*,*,#6157,.T.);
#6157 = EDGE_CURVE('',#4247,#6158,#6160,.T.);
#6158 = VERTEX_POINT('',#6159);
#6159 = CARTESIAN_POINT('',(0.1,-12.95,7.35));
#6160 = LINE('',#6161,#6162);
#6161 = CARTESIAN_POINT('',(0.1,-13.,7.4));
#6162 = VECTOR('',#6163,1.);
#6163 = DIRECTION('',(7.850462293414E-17,0.707106781187,-0.707106781187)
  );
#6164 = ORIENTED_EDGE('',*,*,#6165,.T.);
#6165 = EDGE_CURVE('',#6158,#6166,#6168,.T.);
#6166 = VERTEX_POINT('',#6167);
#6167 = CARTESIAN_POINT('',(0.1,-12.95,1.25));
#6168 = LINE('',#6169,#6170);
#6169 = CARTESIAN_POINT('',(0.1,-12.95,7.35));
#6170 = VECTOR('',#6171,1.);
#6171 = DIRECTION('',(0.,0.,-1.));
#6172 = ORIENTED_EDGE('',*,*,#6173,.T.);
#6173 = EDGE_CURVE('',#6166,#6174,#6176,.T.);
#6174 = VERTEX_POINT('',#6175);
#6175 = CARTESIAN_POINT('',(0.1,-12.45,1.25));
#6176 = LINE('',#6177,#6178);
#6177 = CARTESIAN_POINT('',(0.1,-12.95,1.25));
#6178 = VECTOR('',#6179,1.);
#6179 = DIRECTION('',(1.110223024625E-16,1.,0.));
#6180 = ORIENTED_EDGE('',*,*,#6181,.T.);
#6181 = EDGE_CURVE('',#6174,#6133,#6182,.T.);
#6182 = LINE('',#6183,#6184);
#6183 = CARTESIAN_POINT('',(0.1,-12.45,1.25));
#6184 = VECTOR('',#6185,1.);
#6185 = DIRECTION('',(0.,0.,1.));
#6186 = ORIENTED_EDGE('',*,*,#6140,.T.);
#6187 = ORIENTED_EDGE('',*,*,#4158,.F.);
#6188 = ORIENTED_EDGE('',*,*,#6052,.T.);
#6189 = PLANE('',#6190);
#6190 = AXIS2_PLACEMENT_3D('',#6191,#6192,#6193);
#6191 = CARTESIAN_POINT('',(0.1,-12.7,3.911477598424));
#6192 = DIRECTION('',(-1.,1.110223024625E-16,0.));
#6193 = DIRECTION('',(0.,0.,1.));
#6194 = ADVANCED_FACE('',(#6195),#6206,.T.);
#6195 = FACE_BOUND('',#6196,.T.);
#6196 = EDGE_LOOP('',(#6197,#6198,#6199,#6205));
#6197 = ORIENTED_EDGE('',*,*,#4246,.T.);
#6198 = ORIENTED_EDGE('',*,*,#6157,.T.);
#6199 = ORIENTED_EDGE('',*,*,#6200,.F.);
#6200 = EDGE_CURVE('',#6085,#6158,#6201,.T.);
#6201 = LINE('',#6202,#6203);
#6202 = CARTESIAN_POINT('',(-0.1,-12.95,7.35));
#6203 = VECTOR('',#6204,1.);
#6204 = DIRECTION('',(1.,-1.110223024625E-16,0.));
#6205 = ORIENTED_EDGE('',*,*,#6084,.F.);
#6206 = PLANE('',#6207);
#6207 = AXIS2_PLACEMENT_3D('',#6208,#6209,#6210);
#6208 = CARTESIAN_POINT('',(-0.1,-13.,7.4));
#6209 = DIRECTION('',(7.850462293414E-17,0.707106781187,0.707106781187)
  );
#6210 = DIRECTION('',(7.850462293414E-17,0.707106781187,-0.707106781187)
  );
#6211 = ADVANCED_FACE('',(#6212),#6223,.T.);
#6212 = FACE_BOUND('',#6213,.T.);
#6213 = EDGE_LOOP('',(#6214,#6215,#6216,#6217));
#6214 = ORIENTED_EDGE('',*,*,#4422,.T.);
#6215 = ORIENTED_EDGE('',*,*,#4285,.T.);
#6216 = ORIENTED_EDGE('',*,*,#4310,.T.);
#6217 = ORIENTED_EDGE('',*,*,#6218,.T.);
#6218 = EDGE_CURVE('',#4311,#4415,#6219,.T.);
#6219 = LINE('',#6220,#6221);
#6220 = CARTESIAN_POINT('',(0.1,-10.16,0.9));
#6221 = VECTOR('',#6222,1.);
#6222 = DIRECTION('',(-1.110223024625E-16,-1.,0.));
#6223 = PLANE('',#6224);
#6224 = AXIS2_PLACEMENT_3D('',#6225,#6226,#6227);
#6225 = CARTESIAN_POINT('',(-1.221661660722E-15,-10.16,0.9));
#6226 = DIRECTION('',(0.,0.,1.));
#6227 = DIRECTION('',(1.110223024625E-16,1.,-0.));
#6228 = ADVANCED_FACE('',(#6229),#6240,.T.);
#6229 = FACE_BOUND('',#6230,.T.);
#6230 = EDGE_LOOP('',(#6231,#6232,#6238,#6239));
#6231 = ORIENTED_EDGE('',*,*,#4390,.T.);
#6232 = ORIENTED_EDGE('',*,*,#6233,.F.);
#6233 = EDGE_CURVE('',#4335,#4391,#6234,.T.);
#6234 = LINE('',#6235,#6236);
#6235 = CARTESIAN_POINT('',(-0.1,-10.16,0.9));
#6236 = VECTOR('',#6237,1.);
#6237 = DIRECTION('',(-1.110223024625E-16,-1.,0.));
#6238 = ORIENTED_EDGE('',*,*,#4342,.T.);
#6239 = ORIENTED_EDGE('',*,*,#4365,.T.);
#6240 = PLANE('',#6241);
#6241 = AXIS2_PLACEMENT_3D('',#6242,#6243,#6244);
#6242 = CARTESIAN_POINT('',(-1.221661660722E-15,-10.16,0.9));
#6243 = DIRECTION('',(0.,0.,1.));
#6244 = DIRECTION('',(1.110223024625E-16,1.,-0.));
#6245 = ADVANCED_FACE('',(#6246),#6289,.T.);
#6246 = FACE_BOUND('',#6247,.T.);
#6247 = EDGE_LOOP('',(#6248,#6249,#6257,#6265,#6273,#6281,#6287,#6288));
#6248 = ORIENTED_EDGE('',*,*,#4398,.F.);
#6249 = ORIENTED_EDGE('',*,*,#6250,.T.);
#6250 = EDGE_CURVE('',#4399,#6251,#6253,.T.);
#6251 = VERTEX_POINT('',#6252);
#6252 = CARTESIAN_POINT('',(-0.1,-10.41,7.35));
#6253 = LINE('',#6254,#6255);
#6254 = CARTESIAN_POINT('',(-0.1,-10.46,7.4));
#6255 = VECTOR('',#6256,1.);
#6256 = DIRECTION('',(7.850462293414E-17,0.707106781187,-0.707106781187)
  );
#6257 = ORIENTED_EDGE('',*,*,#6258,.T.);
#6258 = EDGE_CURVE('',#6251,#6259,#6261,.T.);
#6259 = VERTEX_POINT('',#6260);
#6260 = CARTESIAN_POINT('',(-0.1,-10.41,1.25));
#6261 = LINE('',#6262,#6263);
#6262 = CARTESIAN_POINT('',(-0.1,-10.41,7.35));
#6263 = VECTOR('',#6264,1.);
#6264 = DIRECTION('',(0.,0.,-1.));
#6265 = ORIENTED_EDGE('',*,*,#6266,.T.);
#6266 = EDGE_CURVE('',#6259,#6267,#6269,.T.);
#6267 = VERTEX_POINT('',#6268);
#6268 = CARTESIAN_POINT('',(-0.1,-9.91,1.25));
#6269 = LINE('',#6270,#6271);
#6270 = CARTESIAN_POINT('',(-0.1,-10.41,1.25));
#6271 = VECTOR('',#6272,1.);
#6272 = DIRECTION('',(1.110223024625E-16,1.,0.));
#6273 = ORIENTED_EDGE('',*,*,#6274,.T.);
#6274 = EDGE_CURVE('',#6267,#6275,#6277,.T.);
#6275 = VERTEX_POINT('',#6276);
#6276 = CARTESIAN_POINT('',(-0.1,-9.91,7.35));
#6277 = LINE('',#6278,#6279);
#6278 = CARTESIAN_POINT('',(-0.1,-9.91,1.25));
#6279 = VECTOR('',#6280,1.);
#6280 = DIRECTION('',(0.,0.,1.));
#6281 = ORIENTED_EDGE('',*,*,#6282,.T.);
#6282 = EDGE_CURVE('',#6275,#4327,#6283,.T.);
#6283 = LINE('',#6284,#6285);
#6284 = CARTESIAN_POINT('',(-0.1,-9.91,7.35));
#6285 = VECTOR('',#6286,1.);
#6286 = DIRECTION('',(7.850462293414E-17,0.707106781187,0.707106781187)
  );
#6287 = ORIENTED_EDGE('',*,*,#4334,.F.);
#6288 = ORIENTED_EDGE('',*,*,#6233,.T.);
#6289 = PLANE('',#6290);
#6290 = AXIS2_PLACEMENT_3D('',#6291,#6292,#6293);
#6291 = CARTESIAN_POINT('',(-0.1,-10.16,3.911477598424));
#6292 = DIRECTION('',(-1.,1.110223024625E-16,0.));
#6293 = DIRECTION('',(0.,0.,1.));
#6294 = ADVANCED_FACE('',(#6295),#6313,.T.);
#6295 = FACE_BOUND('',#6296,.T.);
#6296 = EDGE_LOOP('',(#6297,#6305,#6311,#6312));
#6297 = ORIENTED_EDGE('',*,*,#6298,.T.);
#6298 = EDGE_CURVE('',#6275,#6299,#6301,.T.);
#6299 = VERTEX_POINT('',#6300);
#6300 = CARTESIAN_POINT('',(0.1,-9.91,7.35));
#6301 = LINE('',#6302,#6303);
#6302 = CARTESIAN_POINT('',(-0.1,-9.91,7.35));
#6303 = VECTOR('',#6304,1.);
#6304 = DIRECTION('',(1.,-1.110223024625E-16,0.));
#6305 = ORIENTED_EDGE('',*,*,#6306,.T.);
#6306 = EDGE_CURVE('',#6299,#4319,#6307,.T.);
#6307 = LINE('',#6308,#6309);
#6308 = CARTESIAN_POINT('',(0.1,-9.91,7.35));
#6309 = VECTOR('',#6310,1.);
#6310 = DIRECTION('',(7.850462293414E-17,0.707106781187,0.707106781187)
  );
#6311 = ORIENTED_EDGE('',*,*,#4326,.F.);
#6312 = ORIENTED_EDGE('',*,*,#6282,.F.);
#6313 = PLANE('',#6314);
#6314 = AXIS2_PLACEMENT_3D('',#6315,#6316,#6317);
#6315 = CARTESIAN_POINT('',(-0.1,-9.91,7.35));
#6316 = DIRECTION('',(-7.850462293414E-17,-0.707106781187,0.707106781187
    ));
#6317 = DIRECTION('',(7.850462293414E-17,0.707106781187,0.707106781187)
  );
#6318 = ADVANCED_FACE('',(#6319),#6355,.F.);
#6319 = FACE_BOUND('',#6320,.F.);
#6320 = EDGE_LOOP('',(#6321,#6322,#6330,#6338,#6346,#6352,#6353,#6354));
#6321 = ORIENTED_EDGE('',*,*,#4414,.F.);
#6322 = ORIENTED_EDGE('',*,*,#6323,.T.);
#6323 = EDGE_CURVE('',#4407,#6324,#6326,.T.);
#6324 = VERTEX_POINT('',#6325);
#6325 = CARTESIAN_POINT('',(0.1,-10.41,7.35));
#6326 = LINE('',#6327,#6328);
#6327 = CARTESIAN_POINT('',(0.1,-10.46,7.4));
#6328 = VECTOR('',#6329,1.);
#6329 = DIRECTION('',(7.850462293414E-17,0.707106781187,-0.707106781187)
  );
#6330 = ORIENTED_EDGE('',*,*,#6331,.T.);
#6331 = EDGE_CURVE('',#6324,#6332,#6334,.T.);
#6332 = VERTEX_POINT('',#6333);
#6333 = CARTESIAN_POINT('',(0.1,-10.41,1.25));
#6334 = LINE('',#6335,#6336);
#6335 = CARTESIAN_POINT('',(0.1,-10.41,7.35));
#6336 = VECTOR('',#6337,1.);
#6337 = DIRECTION('',(0.,0.,-1.));
#6338 = ORIENTED_EDGE('',*,*,#6339,.T.);
#6339 = EDGE_CURVE('',#6332,#6340,#6342,.T.);
#6340 = VERTEX_POINT('',#6341);
#6341 = CARTESIAN_POINT('',(0.1,-9.91,1.25));
#6342 = LINE('',#6343,#6344);
#6343 = CARTESIAN_POINT('',(0.1,-10.41,1.25));
#6344 = VECTOR('',#6345,1.);
#6345 = DIRECTION('',(1.110223024625E-16,1.,0.));
#6346 = ORIENTED_EDGE('',*,*,#6347,.T.);
#6347 = EDGE_CURVE('',#6340,#6299,#6348,.T.);
#6348 = LINE('',#6349,#6350);
#6349 = CARTESIAN_POINT('',(0.1,-9.91,1.25));
#6350 = VECTOR('',#6351,1.);
#6351 = DIRECTION('',(0.,0.,1.));
#6352 = ORIENTED_EDGE('',*,*,#6306,.T.);
#6353 = ORIENTED_EDGE('',*,*,#4318,.F.);
#6354 = ORIENTED_EDGE('',*,*,#6218,.T.);
#6355 = PLANE('',#6356);
#6356 = AXIS2_PLACEMENT_3D('',#6357,#6358,#6359);
#6357 = CARTESIAN_POINT('',(0.1,-10.16,3.911477598424));
#6358 = DIRECTION('',(-1.,1.110223024625E-16,0.));
#6359 = DIRECTION('',(0.,0.,1.));
#6360 = ADVANCED_FACE('',(#6361),#6372,.T.);
#6361 = FACE_BOUND('',#6362,.T.);
#6362 = EDGE_LOOP('',(#6363,#6364,#6365,#6371));
#6363 = ORIENTED_EDGE('',*,*,#4406,.T.);
#6364 = ORIENTED_EDGE('',*,*,#6323,.T.);
#6365 = ORIENTED_EDGE('',*,*,#6366,.F.);
#6366 = EDGE_CURVE('',#6251,#6324,#6367,.T.);
#6367 = LINE('',#6368,#6369);
#6368 = CARTESIAN_POINT('',(-0.1,-10.41,7.35));
#6369 = VECTOR('',#6370,1.);
#6370 = DIRECTION('',(1.,-1.110223024625E-16,0.));
#6371 = ORIENTED_EDGE('',*,*,#6250,.F.);
#6372 = PLANE('',#6373);
#6373 = AXIS2_PLACEMENT_3D('',#6374,#6375,#6376);
#6374 = CARTESIAN_POINT('',(-0.1,-10.46,7.4));
#6375 = DIRECTION('',(7.850462293414E-17,0.707106781187,0.707106781187)
  );
#6376 = DIRECTION('',(7.850462293414E-17,0.707106781187,-0.707106781187)
  );
#6377 = ADVANCED_FACE('',(#6378),#6389,.T.);
#6378 = FACE_BOUND('',#6379,.T.);
#6379 = EDGE_LOOP('',(#6380,#6381,#6382,#6383));
#6380 = ORIENTED_EDGE('',*,*,#4582,.T.);
#6381 = ORIENTED_EDGE('',*,*,#4445,.T.);
#6382 = ORIENTED_EDGE('',*,*,#4470,.T.);
#6383 = ORIENTED_EDGE('',*,*,#6384,.T.);
#6384 = EDGE_CURVE('',#4471,#4575,#6385,.T.);
#6385 = LINE('',#6386,#6387);
#6386 = CARTESIAN_POINT('',(0.1,-7.62,0.9));
#6387 = VECTOR('',#6388,1.);
#6388 = DIRECTION('',(-1.110223024625E-16,-1.,0.));
#6389 = PLANE('',#6390);
#6390 = AXIS2_PLACEMENT_3D('',#6391,#6392,#6393);
#6391 = CARTESIAN_POINT('',(-9.396650124671E-16,-7.62,0.9));
#6392 = DIRECTION('',(0.,0.,1.));
#6393 = DIRECTION('',(1.110223024625E-16,1.,-0.));
#6394 = ADVANCED_FACE('',(#6395),#6406,.T.);
#6395 = FACE_BOUND('',#6396,.T.);
#6396 = EDGE_LOOP('',(#6397,#6398,#6404,#6405));
#6397 = ORIENTED_EDGE('',*,*,#4550,.T.);
#6398 = ORIENTED_EDGE('',*,*,#6399,.F.);
#6399 = EDGE_CURVE('',#4495,#4551,#6400,.T.);
#6400 = LINE('',#6401,#6402);
#6401 = CARTESIAN_POINT('',(-0.1,-7.62,0.9));
#6402 = VECTOR('',#6403,1.);
#6403 = DIRECTION('',(-1.110223024625E-16,-1.,0.));
#6404 = ORIENTED_EDGE('',*,*,#4502,.T.);
#6405 = ORIENTED_EDGE('',*,*,#4525,.T.);
#6406 = PLANE('',#6407);
#6407 = AXIS2_PLACEMENT_3D('',#6408,#6409,#6410);
#6408 = CARTESIAN_POINT('',(-9.396650124671E-16,-7.62,0.9));
#6409 = DIRECTION('',(0.,0.,1.));
#6410 = DIRECTION('',(1.110223024625E-16,1.,-0.));
#6411 = ADVANCED_FACE('',(#6412),#6455,.T.);
#6412 = FACE_BOUND('',#6413,.T.);
#6413 = EDGE_LOOP('',(#6414,#6415,#6423,#6431,#6439,#6447,#6453,#6454));
#6414 = ORIENTED_EDGE('',*,*,#4558,.F.);
#6415 = ORIENTED_EDGE('',*,*,#6416,.T.);
#6416 = EDGE_CURVE('',#4559,#6417,#6419,.T.);
#6417 = VERTEX_POINT('',#6418);
#6418 = CARTESIAN_POINT('',(-0.1,-7.87,7.35));
#6419 = LINE('',#6420,#6421);
#6420 = CARTESIAN_POINT('',(-0.1,-7.92,7.4));
#6421 = VECTOR('',#6422,1.);
#6422 = DIRECTION('',(7.850462293414E-17,0.707106781187,-0.707106781187)
  );
#6423 = ORIENTED_EDGE('',*,*,#6424,.T.);
#6424 = EDGE_CURVE('',#6417,#6425,#6427,.T.);
#6425 = VERTEX_POINT('',#6426);
#6426 = CARTESIAN_POINT('',(-0.1,-7.87,1.25));
#6427 = LINE('',#6428,#6429);
#6428 = CARTESIAN_POINT('',(-0.1,-7.87,7.35));
#6429 = VECTOR('',#6430,1.);
#6430 = DIRECTION('',(0.,0.,-1.));
#6431 = ORIENTED_EDGE('',*,*,#6432,.T.);
#6432 = EDGE_CURVE('',#6425,#6433,#6435,.T.);
#6433 = VERTEX_POINT('',#6434);
#6434 = CARTESIAN_POINT('',(-0.1,-7.37,1.25));
#6435 = LINE('',#6436,#6437);
#6436 = CARTESIAN_POINT('',(-0.1,-7.87,1.25));
#6437 = VECTOR('',#6438,1.);
#6438 = DIRECTION('',(1.110223024625E-16,1.,0.));
#6439 = ORIENTED_EDGE('',*,*,#6440,.T.);
#6440 = EDGE_CURVE('',#6433,#6441,#6443,.T.);
#6441 = VERTEX_POINT('',#6442);
#6442 = CARTESIAN_POINT('',(-0.1,-7.37,7.35));
#6443 = LINE('',#6444,#6445);
#6444 = CARTESIAN_POINT('',(-0.1,-7.37,1.25));
#6445 = VECTOR('',#6446,1.);
#6446 = DIRECTION('',(0.,0.,1.));
#6447 = ORIENTED_EDGE('',*,*,#6448,.T.);
#6448 = EDGE_CURVE('',#6441,#4487,#6449,.T.);
#6449 = LINE('',#6450,#6451);
#6450 = CARTESIAN_POINT('',(-0.1,-7.37,7.35));
#6451 = VECTOR('',#6452,1.);
#6452 = DIRECTION('',(7.850462293414E-17,0.707106781187,0.707106781187)
  );
#6453 = ORIENTED_EDGE('',*,*,#4494,.F.);
#6454 = ORIENTED_EDGE('',*,*,#6399,.T.);
#6455 = PLANE('',#6456);
#6456 = AXIS2_PLACEMENT_3D('',#6457,#6458,#6459);
#6457 = CARTESIAN_POINT('',(-0.1,-7.62,3.911477598424));
#6458 = DIRECTION('',(-1.,1.110223024625E-16,0.));
#6459 = DIRECTION('',(0.,0.,1.));
#6460 = ADVANCED_FACE('',(#6461),#6479,.T.);
#6461 = FACE_BOUND('',#6462,.T.);
#6462 = EDGE_LOOP('',(#6463,#6471,#6477,#6478));
#6463 = ORIENTED_EDGE('',*,*,#6464,.T.);
#6464 = EDGE_CURVE('',#6441,#6465,#6467,.T.);
#6465 = VERTEX_POINT('',#6466);
#6466 = CARTESIAN_POINT('',(0.1,-7.37,7.35));
#6467 = LINE('',#6468,#6469);
#6468 = CARTESIAN_POINT('',(-0.1,-7.37,7.35));
#6469 = VECTOR('',#6470,1.);
#6470 = DIRECTION('',(1.,-1.110223024625E-16,0.));
#6471 = ORIENTED_EDGE('',*,*,#6472,.T.);
#6472 = EDGE_CURVE('',#6465,#4479,#6473,.T.);
#6473 = LINE('',#6474,#6475);
#6474 = CARTESIAN_POINT('',(0.1,-7.37,7.35));
#6475 = VECTOR('',#6476,1.);
#6476 = DIRECTION('',(7.850462293414E-17,0.707106781187,0.707106781187)
  );
#6477 = ORIENTED_EDGE('',*,*,#4486,.F.);
#6478 = ORIENTED_EDGE('',*,*,#6448,.F.);
#6479 = PLANE('',#6480);
#6480 = AXIS2_PLACEMENT_3D('',#6481,#6482,#6483);
#6481 = CARTESIAN_POINT('',(-0.1,-7.37,7.35));
#6482 = DIRECTION('',(-7.850462293414E-17,-0.707106781187,0.707106781187
    ));
#6483 = DIRECTION('',(7.850462293414E-17,0.707106781187,0.707106781187)
  );
#6484 = ADVANCED_FACE('',(#6485),#6521,.F.);
#6485 = FACE_BOUND('',#6486,.F.);
#6486 = EDGE_LOOP('',(#6487,#6488,#6496,#6504,#6512,#6518,#6519,#6520));
#6487 = ORIENTED_EDGE('',*,*,#4574,.F.);
#6488 = ORIENTED_EDGE('',*,*,#6489,.T.);
#6489 = EDGE_CURVE('',#4567,#6490,#6492,.T.);
#6490 = VERTEX_POINT('',#6491);
#6491 = CARTESIAN_POINT('',(0.1,-7.87,7.35));
#6492 = LINE('',#6493,#6494);
#6493 = CARTESIAN_POINT('',(0.1,-7.92,7.4));
#6494 = VECTOR('',#6495,1.);
#6495 = DIRECTION('',(7.850462293414E-17,0.707106781187,-0.707106781187)
  );
#6496 = ORIENTED_EDGE('',*,*,#6497,.T.);
#6497 = EDGE_CURVE('',#6490,#6498,#6500,.T.);
#6498 = VERTEX_POINT('',#6499);
#6499 = CARTESIAN_POINT('',(0.1,-7.87,1.25));
#6500 = LINE('',#6501,#6502);
#6501 = CARTESIAN_POINT('',(0.1,-7.87,7.35));
#6502 = VECTOR('',#6503,1.);
#6503 = DIRECTION('',(0.,0.,-1.));
#6504 = ORIENTED_EDGE('',*,*,#6505,.T.);
#6505 = EDGE_CURVE('',#6498,#6506,#6508,.T.);
#6506 = VERTEX_POINT('',#6507);
#6507 = CARTESIAN_POINT('',(0.1,-7.37,1.25));
#6508 = LINE('',#6509,#6510);
#6509 = CARTESIAN_POINT('',(0.1,-7.87,1.25));
#6510 = VECTOR('',#6511,1.);
#6511 = DIRECTION('',(1.110223024625E-16,1.,0.));
#6512 = ORIENTED_EDGE('',*,*,#6513,.T.);
#6513 = EDGE_CURVE('',#6506,#6465,#6514,.T.);
#6514 = LINE('',#6515,#6516);
#6515 = CARTESIAN_POINT('',(0.1,-7.37,1.25));
#6516 = VECTOR('',#6517,1.);
#6517 = DIRECTION('',(0.,0.,1.));
#6518 = ORIENTED_EDGE('',*,*,#6472,.T.);
#6519 = ORIENTED_EDGE('',*,*,#4478,.F.);
#6520 = ORIENTED_EDGE('',*,*,#6384,.T.);
#6521 = PLANE('',#6522);
#6522 = AXIS2_PLACEMENT_3D('',#6523,#6524,#6525);
#6523 = CARTESIAN_POINT('',(0.1,-7.62,3.911477598424));
#6524 = DIRECTION('',(-1.,1.110223024625E-16,0.));
#6525 = DIRECTION('',(0.,0.,1.));
#6526 = ADVANCED_FACE('',(#6527),#6538,.T.);
#6527 = FACE_BOUND('',#6528,.T.);
#6528 = EDGE_LOOP('',(#6529,#6530,#6531,#6537));
#6529 = ORIENTED_EDGE('',*,*,#4566,.T.);
#6530 = ORIENTED_EDGE('',*,*,#6489,.T.);
#6531 = ORIENTED_EDGE('',*,*,#6532,.F.);
#6532 = EDGE_CURVE('',#6417,#6490,#6533,.T.);
#6533 = LINE('',#6534,#6535);
#6534 = CARTESIAN_POINT('',(-0.1,-7.87,7.35));
#6535 = VECTOR('',#6536,1.);
#6536 = DIRECTION('',(1.,-1.110223024625E-16,0.));
#6537 = ORIENTED_EDGE('',*,*,#6416,.F.);
#6538 = PLANE('',#6539);
#6539 = AXIS2_PLACEMENT_3D('',#6540,#6541,#6542);
#6540 = CARTESIAN_POINT('',(-0.1,-7.92,7.4));
#6541 = DIRECTION('',(7.850462293414E-17,0.707106781187,0.707106781187)
  );
#6542 = DIRECTION('',(7.850462293414E-17,0.707106781187,-0.707106781187)
  );
#6543 = ADVANCED_FACE('',(#6544),#6555,.T.);
#6544 = FACE_BOUND('',#6545,.T.);
#6545 = EDGE_LOOP('',(#6546,#6547,#6548,#6549));
#6546 = ORIENTED_EDGE('',*,*,#4742,.T.);
#6547 = ORIENTED_EDGE('',*,*,#4605,.T.);
#6548 = ORIENTED_EDGE('',*,*,#4630,.T.);
#6549 = ORIENTED_EDGE('',*,*,#6550,.T.);
#6550 = EDGE_CURVE('',#4631,#4735,#6551,.T.);
#6551 = LINE('',#6552,#6553);
#6552 = CARTESIAN_POINT('',(0.1,-5.08,0.9));
#6553 = VECTOR('',#6554,1.);
#6554 = DIRECTION('',(-1.110223024625E-16,-1.,0.));
#6555 = PLANE('',#6556);
#6556 = AXIS2_PLACEMENT_3D('',#6557,#6558,#6559);
#6557 = CARTESIAN_POINT('',(-6.576683642123E-16,-5.08,0.9));
#6558 = DIRECTION('',(0.,0.,1.));
#6559 = DIRECTION('',(1.110223024625E-16,1.,-0.));
#6560 = ADVANCED_FACE('',(#6561),#6572,.T.);
#6561 = FACE_BOUND('',#6562,.T.);
#6562 = EDGE_LOOP('',(#6563,#6564,#6570,#6571));
#6563 = ORIENTED_EDGE('',*,*,#4710,.T.);
#6564 = ORIENTED_EDGE('',*,*,#6565,.F.);
#6565 = EDGE_CURVE('',#4655,#4711,#6566,.T.);
#6566 = LINE('',#6567,#6568);
#6567 = CARTESIAN_POINT('',(-0.1,-5.08,0.9));
#6568 = VECTOR('',#6569,1.);
#6569 = DIRECTION('',(-1.110223024625E-16,-1.,0.));
#6570 = ORIENTED_EDGE('',*,*,#4662,.T.);
#6571 = ORIENTED_EDGE('',*,*,#4685,.T.);
#6572 = PLANE('',#6573);
#6573 = AXIS2_PLACEMENT_3D('',#6574,#6575,#6576);
#6574 = CARTESIAN_POINT('',(-6.576683642123E-16,-5.08,0.9));
#6575 = DIRECTION('',(0.,0.,1.));
#6576 = DIRECTION('',(1.110223024625E-16,1.,-0.));
#6577 = ADVANCED_FACE('',(#6578),#6621,.T.);
#6578 = FACE_BOUND('',#6579,.T.);
#6579 = EDGE_LOOP('',(#6580,#6581,#6589,#6597,#6605,#6613,#6619,#6620));
#6580 = ORIENTED_EDGE('',*,*,#4718,.F.);
#6581 = ORIENTED_EDGE('',*,*,#6582,.T.);
#6582 = EDGE_CURVE('',#4719,#6583,#6585,.T.);
#6583 = VERTEX_POINT('',#6584);
#6584 = CARTESIAN_POINT('',(-0.1,-5.33,7.35));
#6585 = LINE('',#6586,#6587);
#6586 = CARTESIAN_POINT('',(-0.1,-5.38,7.4));
#6587 = VECTOR('',#6588,1.);
#6588 = DIRECTION('',(7.850462293414E-17,0.707106781187,-0.707106781187)
  );
#6589 = ORIENTED_EDGE('',*,*,#6590,.T.);
#6590 = EDGE_CURVE('',#6583,#6591,#6593,.T.);
#6591 = VERTEX_POINT('',#6592);
#6592 = CARTESIAN_POINT('',(-0.1,-5.33,1.25));
#6593 = LINE('',#6594,#6595);
#6594 = CARTESIAN_POINT('',(-0.1,-5.33,7.35));
#6595 = VECTOR('',#6596,1.);
#6596 = DIRECTION('',(0.,0.,-1.));
#6597 = ORIENTED_EDGE('',*,*,#6598,.T.);
#6598 = EDGE_CURVE('',#6591,#6599,#6601,.T.);
#6599 = VERTEX_POINT('',#6600);
#6600 = CARTESIAN_POINT('',(-0.1,-4.83,1.25));
#6601 = LINE('',#6602,#6603);
#6602 = CARTESIAN_POINT('',(-0.1,-5.33,1.25));
#6603 = VECTOR('',#6604,1.);
#6604 = DIRECTION('',(1.110223024625E-16,1.,0.));
#6605 = ORIENTED_EDGE('',*,*,#6606,.T.);
#6606 = EDGE_CURVE('',#6599,#6607,#6609,.T.);
#6607 = VERTEX_POINT('',#6608);
#6608 = CARTESIAN_POINT('',(-0.1,-4.83,7.35));
#6609 = LINE('',#6610,#6611);
#6610 = CARTESIAN_POINT('',(-0.1,-4.83,1.25));
#6611 = VECTOR('',#6612,1.);
#6612 = DIRECTION('',(0.,0.,1.));
#6613 = ORIENTED_EDGE('',*,*,#6614,.T.);
#6614 = EDGE_CURVE('',#6607,#4647,#6615,.T.);
#6615 = LINE('',#6616,#6617);
#6616 = CARTESIAN_POINT('',(-0.1,-4.83,7.35));
#6617 = VECTOR('',#6618,1.);
#6618 = DIRECTION('',(7.850462293414E-17,0.707106781187,0.707106781187)
  );
#6619 = ORIENTED_EDGE('',*,*,#4654,.F.);
#6620 = ORIENTED_EDGE('',*,*,#6565,.T.);
#6621 = PLANE('',#6622);
#6622 = AXIS2_PLACEMENT_3D('',#6623,#6624,#6625);
#6623 = CARTESIAN_POINT('',(-0.1,-5.08,3.911477598424));
#6624 = DIRECTION('',(-1.,1.110223024625E-16,0.));
#6625 = DIRECTION('',(0.,0.,1.));
#6626 = ADVANCED_FACE('',(#6627),#6645,.T.);
#6627 = FACE_BOUND('',#6628,.T.);
#6628 = EDGE_LOOP('',(#6629,#6637,#6643,#6644));
#6629 = ORIENTED_EDGE('',*,*,#6630,.T.);
#6630 = EDGE_CURVE('',#6607,#6631,#6633,.T.);
#6631 = VERTEX_POINT('',#6632);
#6632 = CARTESIAN_POINT('',(0.1,-4.83,7.35));
#6633 = LINE('',#6634,#6635);
#6634 = CARTESIAN_POINT('',(-0.1,-4.83,7.35));
#6635 = VECTOR('',#6636,1.);
#6636 = DIRECTION('',(1.,-1.110223024625E-16,0.));
#6637 = ORIENTED_EDGE('',*,*,#6638,.T.);
#6638 = EDGE_CURVE('',#6631,#4639,#6639,.T.);
#6639 = LINE('',#6640,#6641);
#6640 = CARTESIAN_POINT('',(0.1,-4.83,7.35));
#6641 = VECTOR('',#6642,1.);
#6642 = DIRECTION('',(7.850462293414E-17,0.707106781187,0.707106781187)
  );
#6643 = ORIENTED_EDGE('',*,*,#4646,.F.);
#6644 = ORIENTED_EDGE('',*,*,#6614,.F.);
#6645 = PLANE('',#6646);
#6646 = AXIS2_PLACEMENT_3D('',#6647,#6648,#6649);
#6647 = CARTESIAN_POINT('',(-0.1,-4.83,7.35));
#6648 = DIRECTION('',(-7.850462293414E-17,-0.707106781187,0.707106781187
    ));
#6649 = DIRECTION('',(7.850462293414E-17,0.707106781187,0.707106781187)
  );
#6650 = ADVANCED_FACE('',(#6651),#6687,.F.);
#6651 = FACE_BOUND('',#6652,.F.);
#6652 = EDGE_LOOP('',(#6653,#6654,#6662,#6670,#6678,#6684,#6685,#6686));
#6653 = ORIENTED_EDGE('',*,*,#4734,.F.);
#6654 = ORIENTED_EDGE('',*,*,#6655,.T.);
#6655 = EDGE_CURVE('',#4727,#6656,#6658,.T.);
#6656 = VERTEX_POINT('',#6657);
#6657 = CARTESIAN_POINT('',(0.1,-5.33,7.35));
#6658 = LINE('',#6659,#6660);
#6659 = CARTESIAN_POINT('',(0.1,-5.38,7.4));
#6660 = VECTOR('',#6661,1.);
#6661 = DIRECTION('',(7.850462293414E-17,0.707106781187,-0.707106781187)
  );
#6662 = ORIENTED_EDGE('',*,*,#6663,.T.);
#6663 = EDGE_CURVE('',#6656,#6664,#6666,.T.);
#6664 = VERTEX_POINT('',#6665);
#6665 = CARTESIAN_POINT('',(0.1,-5.33,1.25));
#6666 = LINE('',#6667,#6668);
#6667 = CARTESIAN_POINT('',(0.1,-5.33,7.35));
#6668 = VECTOR('',#6669,1.);
#6669 = DIRECTION('',(0.,0.,-1.));
#6670 = ORIENTED_EDGE('',*,*,#6671,.T.);
#6671 = EDGE_CURVE('',#6664,#6672,#6674,.T.);
#6672 = VERTEX_POINT('',#6673);
#6673 = CARTESIAN_POINT('',(0.1,-4.83,1.25));
#6674 = LINE('',#6675,#6676);
#6675 = CARTESIAN_POINT('',(0.1,-5.33,1.25));
#6676 = VECTOR('',#6677,1.);
#6677 = DIRECTION('',(1.110223024625E-16,1.,0.));
#6678 = ORIENTED_EDGE('',*,*,#6679,.T.);
#6679 = EDGE_CURVE('',#6672,#6631,#6680,.T.);
#6680 = LINE('',#6681,#6682);
#6681 = CARTESIAN_POINT('',(0.1,-4.83,1.25));
#6682 = VECTOR('',#6683,1.);
#6683 = DIRECTION('',(0.,0.,1.));
#6684 = ORIENTED_EDGE('',*,*,#6638,.T.);
#6685 = ORIENTED_EDGE('',*,*,#4638,.F.);
#6686 = ORIENTED_EDGE('',*,*,#6550,.T.);
#6687 = PLANE('',#6688);
#6688 = AXIS2_PLACEMENT_3D('',#6689,#6690,#6691);
#6689 = CARTESIAN_POINT('',(0.1,-5.08,3.911477598424));
#6690 = DIRECTION('',(-1.,1.110223024625E-16,0.));
#6691 = DIRECTION('',(0.,0.,1.));
#6692 = ADVANCED_FACE('',(#6693),#6704,.T.);
#6693 = FACE_BOUND('',#6694,.T.);
#6694 = EDGE_LOOP('',(#6695,#6696,#6697,#6703));
#6695 = ORIENTED_EDGE('',*,*,#4726,.T.);
#6696 = ORIENTED_EDGE('',*,*,#6655,.T.);
#6697 = ORIENTED_EDGE('',*,*,#6698,.F.);
#6698 = EDGE_CURVE('',#6583,#6656,#6699,.T.);
#6699 = LINE('',#6700,#6701);
#6700 = CARTESIAN_POINT('',(-0.1,-5.33,7.35));
#6701 = VECTOR('',#6702,1.);
#6702 = DIRECTION('',(1.,-1.110223024625E-16,0.));
#6703 = ORIENTED_EDGE('',*,*,#6582,.F.);
#6704 = PLANE('',#6705);
#6705 = AXIS2_PLACEMENT_3D('',#6706,#6707,#6708);
#6706 = CARTESIAN_POINT('',(-0.1,-5.38,7.4));
#6707 = DIRECTION('',(7.850462293414E-17,0.707106781187,0.707106781187)
  );
#6708 = DIRECTION('',(7.850462293414E-17,0.707106781187,-0.707106781187)
  );
#6709 = ADVANCED_FACE('',(#6710),#6721,.T.);
#6710 = FACE_BOUND('',#6711,.T.);
#6711 = EDGE_LOOP('',(#6712,#6713,#6714,#6715));
#6712 = ORIENTED_EDGE('',*,*,#4902,.T.);
#6713 = ORIENTED_EDGE('',*,*,#4765,.T.);
#6714 = ORIENTED_EDGE('',*,*,#4790,.T.);
#6715 = ORIENTED_EDGE('',*,*,#6716,.T.);
#6716 = EDGE_CURVE('',#4791,#4895,#6717,.T.);
#6717 = LINE('',#6718,#6719);
#6718 = CARTESIAN_POINT('',(0.1,-2.54,0.9));
#6719 = VECTOR('',#6720,1.);
#6720 = DIRECTION('',(-1.110223024625E-16,-1.,0.));
#6721 = PLANE('',#6722);
#6722 = AXIS2_PLACEMENT_3D('',#6723,#6724,#6725);
#6723 = CARTESIAN_POINT('',(-3.756717159575E-16,-2.54,0.9));
#6724 = DIRECTION('',(0.,0.,1.));
#6725 = DIRECTION('',(1.110223024625E-16,1.,-0.));
#6726 = ADVANCED_FACE('',(#6727),#6738,.T.);
#6727 = FACE_BOUND('',#6728,.T.);
#6728 = EDGE_LOOP('',(#6729,#6730,#6736,#6737));
#6729 = ORIENTED_EDGE('',*,*,#4870,.T.);
#6730 = ORIENTED_EDGE('',*,*,#6731,.F.);
#6731 = EDGE_CURVE('',#4815,#4871,#6732,.T.);
#6732 = LINE('',#6733,#6734);
#6733 = CARTESIAN_POINT('',(-0.1,-2.54,0.9));
#6734 = VECTOR('',#6735,1.);
#6735 = DIRECTION('',(-1.110223024625E-16,-1.,0.));
#6736 = ORIENTED_EDGE('',*,*,#4822,.T.);
#6737 = ORIENTED_EDGE('',*,*,#4845,.T.);
#6738 = PLANE('',#6739);
#6739 = AXIS2_PLACEMENT_3D('',#6740,#6741,#6742);
#6740 = CARTESIAN_POINT('',(-3.756717159575E-16,-2.54,0.9));
#6741 = DIRECTION('',(0.,0.,1.));
#6742 = DIRECTION('',(1.110223024625E-16,1.,-0.));
#6743 = ADVANCED_FACE('',(#6744),#6787,.T.);
#6744 = FACE_BOUND('',#6745,.T.);
#6745 = EDGE_LOOP('',(#6746,#6747,#6755,#6763,#6771,#6779,#6785,#6786));
#6746 = ORIENTED_EDGE('',*,*,#4878,.F.);
#6747 = ORIENTED_EDGE('',*,*,#6748,.T.);
#6748 = EDGE_CURVE('',#4879,#6749,#6751,.T.);
#6749 = VERTEX_POINT('',#6750);
#6750 = CARTESIAN_POINT('',(-0.1,-2.79,7.35));
#6751 = LINE('',#6752,#6753);
#6752 = CARTESIAN_POINT('',(-0.1,-2.84,7.4));
#6753 = VECTOR('',#6754,1.);
#6754 = DIRECTION('',(7.850462293414E-17,0.707106781187,-0.707106781187)
  );
#6755 = ORIENTED_EDGE('',*,*,#6756,.T.);
#6756 = EDGE_CURVE('',#6749,#6757,#6759,.T.);
#6757 = VERTEX_POINT('',#6758);
#6758 = CARTESIAN_POINT('',(-0.1,-2.79,1.25));
#6759 = LINE('',#6760,#6761);
#6760 = CARTESIAN_POINT('',(-0.1,-2.79,7.35));
#6761 = VECTOR('',#6762,1.);
#6762 = DIRECTION('',(0.,0.,-1.));
#6763 = ORIENTED_EDGE('',*,*,#6764,.T.);
#6764 = EDGE_CURVE('',#6757,#6765,#6767,.T.);
#6765 = VERTEX_POINT('',#6766);
#6766 = CARTESIAN_POINT('',(-0.1,-2.29,1.25));
#6767 = LINE('',#6768,#6769);
#6768 = CARTESIAN_POINT('',(-0.1,-2.79,1.25));
#6769 = VECTOR('',#6770,1.);
#6770 = DIRECTION('',(1.110223024625E-16,1.,0.));
#6771 = ORIENTED_EDGE('',*,*,#6772,.T.);
#6772 = EDGE_CURVE('',#6765,#6773,#6775,.T.);
#6773 = VERTEX_POINT('',#6774);
#6774 = CARTESIAN_POINT('',(-0.1,-2.29,7.35));
#6775 = LINE('',#6776,#6777);
#6776 = CARTESIAN_POINT('',(-0.1,-2.29,1.25));
#6777 = VECTOR('',#6778,1.);
#6778 = DIRECTION('',(0.,0.,1.));
#6779 = ORIENTED_EDGE('',*,*,#6780,.T.);
#6780 = EDGE_CURVE('',#6773,#4807,#6781,.T.);
#6781 = LINE('',#6782,#6783);
#6782 = CARTESIAN_POINT('',(-0.1,-2.29,7.35));
#6783 = VECTOR('',#6784,1.);
#6784 = DIRECTION('',(7.850462293414E-17,0.707106781187,0.707106781187)
  );
#6785 = ORIENTED_EDGE('',*,*,#4814,.F.);
#6786 = ORIENTED_EDGE('',*,*,#6731,.T.);
#6787 = PLANE('',#6788);
#6788 = AXIS2_PLACEMENT_3D('',#6789,#6790,#6791);
#6789 = CARTESIAN_POINT('',(-0.1,-2.54,3.911477598424));
#6790 = DIRECTION('',(-1.,1.110223024625E-16,0.));
#6791 = DIRECTION('',(0.,0.,1.));
#6792 = ADVANCED_FACE('',(#6793),#6811,.T.);
#6793 = FACE_BOUND('',#6794,.T.);
#6794 = EDGE_LOOP('',(#6795,#6803,#6809,#6810));
#6795 = ORIENTED_EDGE('',*,*,#6796,.T.);
#6796 = EDGE_CURVE('',#6773,#6797,#6799,.T.);
#6797 = VERTEX_POINT('',#6798);
#6798 = CARTESIAN_POINT('',(0.1,-2.29,7.35));
#6799 = LINE('',#6800,#6801);
#6800 = CARTESIAN_POINT('',(-0.1,-2.29,7.35));
#6801 = VECTOR('',#6802,1.);
#6802 = DIRECTION('',(1.,-1.110223024625E-16,0.));
#6803 = ORIENTED_EDGE('',*,*,#6804,.T.);
#6804 = EDGE_CURVE('',#6797,#4799,#6805,.T.);
#6805 = LINE('',#6806,#6807);
#6806 = CARTESIAN_POINT('',(0.1,-2.29,7.35));
#6807 = VECTOR('',#6808,1.);
#6808 = DIRECTION('',(7.850462293414E-17,0.707106781187,0.707106781187)
  );
#6809 = ORIENTED_EDGE('',*,*,#4806,.F.);
#6810 = ORIENTED_EDGE('',*,*,#6780,.F.);
#6811 = PLANE('',#6812);
#6812 = AXIS2_PLACEMENT_3D('',#6813,#6814,#6815);
#6813 = CARTESIAN_POINT('',(-0.1,-2.29,7.35));
#6814 = DIRECTION('',(-7.850462293414E-17,-0.707106781187,0.707106781187
    ));
#6815 = DIRECTION('',(7.850462293414E-17,0.707106781187,0.707106781187)
  );
#6816 = ADVANCED_FACE('',(#6817),#6853,.F.);
#6817 = FACE_BOUND('',#6818,.F.);
#6818 = EDGE_LOOP('',(#6819,#6820,#6828,#6836,#6844,#6850,#6851,#6852));
#6819 = ORIENTED_EDGE('',*,*,#4894,.F.);
#6820 = ORIENTED_EDGE('',*,*,#6821,.T.);
#6821 = EDGE_CURVE('',#4887,#6822,#6824,.T.);
#6822 = VERTEX_POINT('',#6823);
#6823 = CARTESIAN_POINT('',(0.1,-2.79,7.35));
#6824 = LINE('',#6825,#6826);
#6825 = CARTESIAN_POINT('',(0.1,-2.84,7.4));
#6826 = VECTOR('',#6827,1.);
#6827 = DIRECTION('',(7.850462293414E-17,0.707106781187,-0.707106781187)
  );
#6828 = ORIENTED_EDGE('',*,*,#6829,.T.);
#6829 = EDGE_CURVE('',#6822,#6830,#6832,.T.);
#6830 = VERTEX_POINT('',#6831);
#6831 = CARTESIAN_POINT('',(0.1,-2.79,1.25));
#6832 = LINE('',#6833,#6834);
#6833 = CARTESIAN_POINT('',(0.1,-2.79,7.35));
#6834 = VECTOR('',#6835,1.);
#6835 = DIRECTION('',(0.,0.,-1.));
#6836 = ORIENTED_EDGE('',*,*,#6837,.T.);
#6837 = EDGE_CURVE('',#6830,#6838,#6840,.T.);
#6838 = VERTEX_POINT('',#6839);
#6839 = CARTESIAN_POINT('',(0.1,-2.29,1.25));
#6840 = LINE('',#6841,#6842);
#6841 = CARTESIAN_POINT('',(0.1,-2.79,1.25));
#6842 = VECTOR('',#6843,1.);
#6843 = DIRECTION('',(1.110223024625E-16,1.,0.));
#6844 = ORIENTED_EDGE('',*,*,#6845,.T.);
#6845 = EDGE_CURVE('',#6838,#6797,#6846,.T.);
#6846 = LINE('',#6847,#6848);
#6847 = CARTESIAN_POINT('',(0.1,-2.29,1.25));
#6848 = VECTOR('',#6849,1.);
#6849 = DIRECTION('',(0.,0.,1.));
#6850 = ORIENTED_EDGE('',*,*,#6804,.T.);
#6851 = ORIENTED_EDGE('',*,*,#4798,.F.);
#6852 = ORIENTED_EDGE('',*,*,#6716,.T.);
#6853 = PLANE('',#6854);
#6854 = AXIS2_PLACEMENT_3D('',#6855,#6856,#6857);
#6855 = CARTESIAN_POINT('',(0.1,-2.54,3.911477598424));
#6856 = DIRECTION('',(-1.,1.110223024625E-16,0.));
#6857 = DIRECTION('',(0.,0.,1.));
#6858 = ADVANCED_FACE('',(#6859),#6870,.T.);
#6859 = FACE_BOUND('',#6860,.T.);
#6860 = EDGE_LOOP('',(#6861,#6862,#6863,#6869));
#6861 = ORIENTED_EDGE('',*,*,#4886,.T.);
#6862 = ORIENTED_EDGE('',*,*,#6821,.T.);
#6863 = ORIENTED_EDGE('',*,*,#6864,.F.);
#6864 = EDGE_CURVE('',#6749,#6822,#6865,.T.);
#6865 = LINE('',#6866,#6867);
#6866 = CARTESIAN_POINT('',(-0.1,-2.79,7.35));
#6867 = VECTOR('',#6868,1.);
#6868 = DIRECTION('',(1.,-1.110223024625E-16,0.));
#6869 = ORIENTED_EDGE('',*,*,#6748,.F.);
#6870 = PLANE('',#6871);
#6871 = AXIS2_PLACEMENT_3D('',#6872,#6873,#6874);
#6872 = CARTESIAN_POINT('',(-0.1,-2.84,7.4));
#6873 = DIRECTION('',(7.850462293414E-17,0.707106781187,0.707106781187)
  );
#6874 = DIRECTION('',(7.850462293414E-17,0.707106781187,-0.707106781187)
  );
#6875 = ADVANCED_FACE('',(#6876),#6887,.T.);
#6876 = FACE_BOUND('',#6877,.T.);
#6877 = EDGE_LOOP('',(#6878,#6879,#6880,#6881));
#6878 = ORIENTED_EDGE('',*,*,#5062,.T.);
#6879 = ORIENTED_EDGE('',*,*,#4925,.T.);
#6880 = ORIENTED_EDGE('',*,*,#4950,.T.);
#6881 = ORIENTED_EDGE('',*,*,#6882,.T.);
#6882 = EDGE_CURVE('',#4951,#5055,#6883,.T.);
#6883 = LINE('',#6884,#6885);
#6884 = CARTESIAN_POINT('',(0.1,8.770761894539E-16,0.9));
#6885 = VECTOR('',#6886,1.);
#6886 = DIRECTION('',(-1.110223024625E-16,-1.,0.));
#6887 = PLANE('',#6888);
#6888 = AXIS2_PLACEMENT_3D('',#6889,#6890,#6891);
#6889 = CARTESIAN_POINT('',(-9.367506770275E-17,1.7763568394E-15,0.9));
#6890 = DIRECTION('',(0.,0.,1.));
#6891 = DIRECTION('',(1.110223024625E-16,1.,-0.));
#6892 = ADVANCED_FACE('',(#6893),#6904,.T.);
#6893 = FACE_BOUND('',#6894,.T.);
#6894 = EDGE_LOOP('',(#6895,#6896,#6902,#6903));
#6895 = ORIENTED_EDGE('',*,*,#5030,.T.);
#6896 = ORIENTED_EDGE('',*,*,#6897,.F.);
#6897 = EDGE_CURVE('',#4975,#5031,#6898,.T.);
#6898 = LINE('',#6899,#6900);
#6899 = CARTESIAN_POINT('',(-0.1,8.992806499464E-16,0.9));
#6900 = VECTOR('',#6901,1.);
#6901 = DIRECTION('',(-1.110223024625E-16,-1.,0.));
#6902 = ORIENTED_EDGE('',*,*,#4982,.T.);
#6903 = ORIENTED_EDGE('',*,*,#5005,.T.);
#6904 = PLANE('',#6905);
#6905 = AXIS2_PLACEMENT_3D('',#6906,#6907,#6908);
#6906 = CARTESIAN_POINT('',(-9.367506770275E-17,1.7763568394E-15,0.9));
#6907 = DIRECTION('',(0.,0.,1.));
#6908 = DIRECTION('',(1.110223024625E-16,1.,-0.));
#6909 = ADVANCED_FACE('',(#6910),#6953,.T.);
#6910 = FACE_BOUND('',#6911,.T.);
#6911 = EDGE_LOOP('',(#6912,#6913,#6921,#6929,#6937,#6945,#6951,#6952));
#6912 = ORIENTED_EDGE('',*,*,#5038,.F.);
#6913 = ORIENTED_EDGE('',*,*,#6914,.T.);
#6914 = EDGE_CURVE('',#5039,#6915,#6917,.T.);
#6915 = VERTEX_POINT('',#6916);
#6916 = CARTESIAN_POINT('',(-0.1,-0.25,7.35));
#6917 = LINE('',#6918,#6919);
#6918 = CARTESIAN_POINT('',(-0.1,-0.3,7.4));
#6919 = VECTOR('',#6920,1.);
#6920 = DIRECTION('',(7.850462293414E-17,0.707106781187,-0.707106781187)
  );
#6921 = ORIENTED_EDGE('',*,*,#6922,.T.);
#6922 = EDGE_CURVE('',#6915,#6923,#6925,.T.);
#6923 = VERTEX_POINT('',#6924);
#6924 = CARTESIAN_POINT('',(-0.1,-0.25,1.25));
#6925 = LINE('',#6926,#6927);
#6926 = CARTESIAN_POINT('',(-0.1,-0.25,7.35));
#6927 = VECTOR('',#6928,1.);
#6928 = DIRECTION('',(0.,0.,-1.));
#6929 = ORIENTED_EDGE('',*,*,#6930,.T.);
#6930 = EDGE_CURVE('',#6923,#6931,#6933,.T.);
#6931 = VERTEX_POINT('',#6932);
#6932 = CARTESIAN_POINT('',(-0.1,0.25,1.25));
#6933 = LINE('',#6934,#6935);
#6934 = CARTESIAN_POINT('',(-0.1,-0.25,1.25));
#6935 = VECTOR('',#6936,1.);
#6936 = DIRECTION('',(1.110223024625E-16,1.,0.));
#6937 = ORIENTED_EDGE('',*,*,#6938,.T.);
#6938 = EDGE_CURVE('',#6931,#6939,#6941,.T.);
#6939 = VERTEX_POINT('',#6940);
#6940 = CARTESIAN_POINT('',(-0.1,0.25,7.35));
#6941 = LINE('',#6942,#6943);
#6942 = CARTESIAN_POINT('',(-0.1,0.25,1.25));
#6943 = VECTOR('',#6944,1.);
#6944 = DIRECTION('',(0.,0.,1.));
#6945 = ORIENTED_EDGE('',*,*,#6946,.T.);
#6946 = EDGE_CURVE('',#6939,#4967,#6947,.T.);
#6947 = LINE('',#6948,#6949);
#6948 = CARTESIAN_POINT('',(-0.1,0.25,7.35));
#6949 = VECTOR('',#6950,1.);
#6950 = DIRECTION('',(7.850462293414E-17,0.707106781187,0.707106781187)
  );
#6951 = ORIENTED_EDGE('',*,*,#4974,.F.);
#6952 = ORIENTED_EDGE('',*,*,#6897,.T.);
#6953 = PLANE('',#6954);
#6954 = AXIS2_PLACEMENT_3D('',#6955,#6956,#6957);
#6955 = CARTESIAN_POINT('',(-0.1,1.110223024625E-17,3.911477598424));
#6956 = DIRECTION('',(-1.,1.110223024625E-16,0.));
#6957 = DIRECTION('',(0.,0.,1.));
#6958 = ADVANCED_FACE('',(#6959),#6977,.T.);
#6959 = FACE_BOUND('',#6960,.T.);
#6960 = EDGE_LOOP('',(#6961,#6969,#6975,#6976));
#6961 = ORIENTED_EDGE('',*,*,#6962,.T.);
#6962 = EDGE_CURVE('',#6939,#6963,#6965,.T.);
#6963 = VERTEX_POINT('',#6964);
#6964 = CARTESIAN_POINT('',(0.1,0.25,7.35));
#6965 = LINE('',#6966,#6967);
#6966 = CARTESIAN_POINT('',(-0.1,0.25,7.35));
#6967 = VECTOR('',#6968,1.);
#6968 = DIRECTION('',(1.,-1.110223024625E-16,0.));
#6969 = ORIENTED_EDGE('',*,*,#6970,.T.);
#6970 = EDGE_CURVE('',#6963,#4959,#6971,.T.);
#6971 = LINE('',#6972,#6973);
#6972 = CARTESIAN_POINT('',(0.1,0.25,7.35));
#6973 = VECTOR('',#6974,1.);
#6974 = DIRECTION('',(7.850462293414E-17,0.707106781187,0.707106781187)
  );
#6975 = ORIENTED_EDGE('',*,*,#4966,.F.);
#6976 = ORIENTED_EDGE('',*,*,#6946,.F.);
#6977 = PLANE('',#6978);
#6978 = AXIS2_PLACEMENT_3D('',#6979,#6980,#6981);
#6979 = CARTESIAN_POINT('',(-0.1,0.25,7.35));
#6980 = DIRECTION('',(-7.850462293414E-17,-0.707106781187,0.707106781187
    ));
#6981 = DIRECTION('',(7.850462293414E-17,0.707106781187,0.707106781187)
  );
#6982 = ADVANCED_FACE('',(#6983),#7019,.F.);
#6983 = FACE_BOUND('',#6984,.F.);
#6984 = EDGE_LOOP('',(#6985,#6986,#6994,#7002,#7010,#7016,#7017,#7018));
#6985 = ORIENTED_EDGE('',*,*,#5054,.F.);
#6986 = ORIENTED_EDGE('',*,*,#6987,.T.);
#6987 = EDGE_CURVE('',#5047,#6988,#6990,.T.);
#6988 = VERTEX_POINT('',#6989);
#6989 = CARTESIAN_POINT('',(0.1,-0.25,7.35));
#6990 = LINE('',#6991,#6992);
#6991 = CARTESIAN_POINT('',(0.1,-0.3,7.4));
#6992 = VECTOR('',#6993,1.);
#6993 = DIRECTION('',(7.850462293414E-17,0.707106781187,-0.707106781187)
  );
#6994 = ORIENTED_EDGE('',*,*,#6995,.T.);
#6995 = EDGE_CURVE('',#6988,#6996,#6998,.T.);
#6996 = VERTEX_POINT('',#6997);
#6997 = CARTESIAN_POINT('',(0.1,-0.25,1.25));
#6998 = LINE('',#6999,#7000);
#6999 = CARTESIAN_POINT('',(0.1,-0.25,7.35));
#7000 = VECTOR('',#7001,1.);
#7001 = DIRECTION('',(0.,0.,-1.));
#7002 = ORIENTED_EDGE('',*,*,#7003,.T.);
#7003 = EDGE_CURVE('',#6996,#7004,#7006,.T.);
#7004 = VERTEX_POINT('',#7005);
#7005 = CARTESIAN_POINT('',(0.1,0.25,1.25));
#7006 = LINE('',#7007,#7008);
#7007 = CARTESIAN_POINT('',(0.1,-0.25,1.25));
#7008 = VECTOR('',#7009,1.);
#7009 = DIRECTION('',(1.110223024625E-16,1.,0.));
#7010 = ORIENTED_EDGE('',*,*,#7011,.T.);
#7011 = EDGE_CURVE('',#7004,#6963,#7012,.T.);
#7012 = LINE('',#7013,#7014);
#7013 = CARTESIAN_POINT('',(0.1,0.25,1.25));
#7014 = VECTOR('',#7015,1.);
#7015 = DIRECTION('',(0.,0.,1.));
#7016 = ORIENTED_EDGE('',*,*,#6970,.T.);
#7017 = ORIENTED_EDGE('',*,*,#4958,.F.);
#7018 = ORIENTED_EDGE('',*,*,#6882,.T.);
#7019 = PLANE('',#7020);
#7020 = AXIS2_PLACEMENT_3D('',#7021,#7022,#7023);
#7021 = CARTESIAN_POINT('',(0.1,-1.110223024625E-17,3.911477598424));
#7022 = DIRECTION('',(-1.,1.110223024625E-16,0.));
#7023 = DIRECTION('',(0.,0.,1.));
#7024 = ADVANCED_FACE('',(#7025),#7036,.T.);
#7025 = FACE_BOUND('',#7026,.T.);
#7026 = EDGE_LOOP('',(#7027,#7028,#7029,#7035));
#7027 = ORIENTED_EDGE('',*,*,#5046,.T.);
#7028 = ORIENTED_EDGE('',*,*,#6987,.T.);
#7029 = ORIENTED_EDGE('',*,*,#7030,.F.);
#7030 = EDGE_CURVE('',#6915,#6988,#7031,.T.);
#7031 = LINE('',#7032,#7033);
#7032 = CARTESIAN_POINT('',(-0.1,-0.25,7.35));
#7033 = VECTOR('',#7034,1.);
#7034 = DIRECTION('',(1.,-1.110223024625E-16,0.));
#7035 = ORIENTED_EDGE('',*,*,#6914,.F.);
#7036 = PLANE('',#7037);
#7037 = AXIS2_PLACEMENT_3D('',#7038,#7039,#7040);
#7038 = CARTESIAN_POINT('',(-0.1,-0.3,7.4));
#7039 = DIRECTION('',(7.850462293414E-17,0.707106781187,0.707106781187)
  );
#7040 = DIRECTION('',(7.850462293414E-17,0.707106781187,-0.707106781187)
  );
#7041 = ADVANCED_FACE('',(#7042),#7053,.T.);
#7042 = FACE_BOUND('',#7043,.T.);
#7043 = EDGE_LOOP('',(#7044,#7050,#7051,#7052));
#7044 = ORIENTED_EDGE('',*,*,#7045,.T.);
#7045 = EDGE_CURVE('',#5769,#5842,#7046,.T.);
#7046 = LINE('',#7047,#7048);
#7047 = CARTESIAN_POINT('',(-0.1,-17.53,1.25));
#7048 = VECTOR('',#7049,1.);
#7049 = DIRECTION('',(1.,-1.110223024625E-16,0.));
#7050 = ORIENTED_EDGE('',*,*,#5849,.T.);
#7051 = ORIENTED_EDGE('',*,*,#5800,.F.);
#7052 = ORIENTED_EDGE('',*,*,#5776,.F.);
#7053 = PLANE('',#7054);
#7054 = AXIS2_PLACEMENT_3D('',#7055,#7056,#7057);
#7055 = CARTESIAN_POINT('',(-0.1,-17.53,1.25));
#7056 = DIRECTION('',(-1.110223024625E-16,-1.,0.));
#7057 = DIRECTION('',(0.,0.,1.));
#7058 = ADVANCED_FACE('',(#7059),#7070,.T.);
#7059 = FACE_BOUND('',#7060,.T.);
#7060 = EDGE_LOOP('',(#7061,#7067,#7068,#7069));
#7061 = ORIENTED_EDGE('',*,*,#7062,.T.);
#7062 = EDGE_CURVE('',#5761,#5834,#7063,.T.);
#7063 = LINE('',#7064,#7065);
#7064 = CARTESIAN_POINT('',(-0.1,-18.03,1.25));
#7065 = VECTOR('',#7066,1.);
#7066 = DIRECTION('',(1.,-1.110223024625E-16,0.));
#7067 = ORIENTED_EDGE('',*,*,#5841,.T.);
#7068 = ORIENTED_EDGE('',*,*,#7045,.F.);
#7069 = ORIENTED_EDGE('',*,*,#5768,.F.);
#7070 = PLANE('',#7071);
#7071 = AXIS2_PLACEMENT_3D('',#7072,#7073,#7074);
#7072 = CARTESIAN_POINT('',(-0.1,-18.03,1.25));
#7073 = DIRECTION('',(0.,0.,1.));
#7074 = DIRECTION('',(1.110223024625E-16,1.,-0.));
#7075 = ADVANCED_FACE('',(#7076),#7082,.T.);
#7076 = FACE_BOUND('',#7077,.T.);
#7077 = EDGE_LOOP('',(#7078,#7079,#7080,#7081));
#7078 = ORIENTED_EDGE('',*,*,#5868,.T.);
#7079 = ORIENTED_EDGE('',*,*,#5833,.T.);
#7080 = ORIENTED_EDGE('',*,*,#7062,.F.);
#7081 = ORIENTED_EDGE('',*,*,#5760,.F.);
#7082 = PLANE('',#7083);
#7083 = AXIS2_PLACEMENT_3D('',#7084,#7085,#7086);
#7084 = CARTESIAN_POINT('',(-0.1,-18.03,7.35));
#7085 = DIRECTION('',(1.110223024625E-16,1.,0.));
#7086 = DIRECTION('',(0.,0.,-1.));
#7087 = ADVANCED_FACE('',(#7088),#7099,.T.);
#7088 = FACE_BOUND('',#7089,.T.);
#7089 = EDGE_LOOP('',(#7090,#7096,#7097,#7098));
#7090 = ORIENTED_EDGE('',*,*,#7091,.T.);
#7091 = EDGE_CURVE('',#5935,#6008,#7092,.T.);
#7092 = LINE('',#7093,#7094);
#7093 = CARTESIAN_POINT('',(-0.1,-14.99,1.25));
#7094 = VECTOR('',#7095,1.);
#7095 = DIRECTION('',(1.,-1.110223024625E-16,0.));
#7096 = ORIENTED_EDGE('',*,*,#6015,.T.);
#7097 = ORIENTED_EDGE('',*,*,#5966,.F.);
#7098 = ORIENTED_EDGE('',*,*,#5942,.F.);
#7099 = PLANE('',#7100);
#7100 = AXIS2_PLACEMENT_3D('',#7101,#7102,#7103);
#7101 = CARTESIAN_POINT('',(-0.1,-14.99,1.25));
#7102 = DIRECTION('',(-1.110223024625E-16,-1.,0.));
#7103 = DIRECTION('',(0.,0.,1.));
#7104 = ADVANCED_FACE('',(#7105),#7116,.T.);
#7105 = FACE_BOUND('',#7106,.T.);
#7106 = EDGE_LOOP('',(#7107,#7113,#7114,#7115));
#7107 = ORIENTED_EDGE('',*,*,#7108,.T.);
#7108 = EDGE_CURVE('',#5927,#6000,#7109,.T.);
#7109 = LINE('',#7110,#7111);
#7110 = CARTESIAN_POINT('',(-0.1,-15.49,1.25));
#7111 = VECTOR('',#7112,1.);
#7112 = DIRECTION('',(1.,-1.110223024625E-16,0.));
#7113 = ORIENTED_EDGE('',*,*,#6007,.T.);
#7114 = ORIENTED_EDGE('',*,*,#7091,.F.);
#7115 = ORIENTED_EDGE('',*,*,#5934,.F.);
#7116 = PLANE('',#7117);
#7117 = AXIS2_PLACEMENT_3D('',#7118,#7119,#7120);
#7118 = CARTESIAN_POINT('',(-0.1,-15.49,1.25));
#7119 = DIRECTION('',(0.,0.,1.));
#7120 = DIRECTION('',(1.110223024625E-16,1.,-0.));
#7121 = ADVANCED_FACE('',(#7122),#7128,.T.);
#7122 = FACE_BOUND('',#7123,.T.);
#7123 = EDGE_LOOP('',(#7124,#7125,#7126,#7127));
#7124 = ORIENTED_EDGE('',*,*,#6034,.T.);
#7125 = ORIENTED_EDGE('',*,*,#5999,.T.);
#7126 = ORIENTED_EDGE('',*,*,#7108,.F.);
#7127 = ORIENTED_EDGE('',*,*,#5926,.F.);
#7128 = PLANE('',#7129);
#7129 = AXIS2_PLACEMENT_3D('',#7130,#7131,#7132);
#7130 = CARTESIAN_POINT('',(-0.1,-15.49,7.35));
#7131 = DIRECTION('',(1.110223024625E-16,1.,0.));
#7132 = DIRECTION('',(0.,0.,-1.));
#7133 = ADVANCED_FACE('',(#7134),#7145,.T.);
#7134 = FACE_BOUND('',#7135,.T.);
#7135 = EDGE_LOOP('',(#7136,#7142,#7143,#7144));
#7136 = ORIENTED_EDGE('',*,*,#7137,.T.);
#7137 = EDGE_CURVE('',#6101,#6174,#7138,.T.);
#7138 = LINE('',#7139,#7140);
#7139 = CARTESIAN_POINT('',(-0.1,-12.45,1.25));
#7140 = VECTOR('',#7141,1.);
#7141 = DIRECTION('',(1.,-1.110223024625E-16,0.));
#7142 = ORIENTED_EDGE('',*,*,#6181,.T.);
#7143 = ORIENTED_EDGE('',*,*,#6132,.F.);
#7144 = ORIENTED_EDGE('',*,*,#6108,.F.);
#7145 = PLANE('',#7146);
#7146 = AXIS2_PLACEMENT_3D('',#7147,#7148,#7149);
#7147 = CARTESIAN_POINT('',(-0.1,-12.45,1.25));
#7148 = DIRECTION('',(-1.110223024625E-16,-1.,0.));
#7149 = DIRECTION('',(0.,0.,1.));
#7150 = ADVANCED_FACE('',(#7151),#7162,.T.);
#7151 = FACE_BOUND('',#7152,.T.);
#7152 = EDGE_LOOP('',(#7153,#7159,#7160,#7161));
#7153 = ORIENTED_EDGE('',*,*,#7154,.T.);
#7154 = EDGE_CURVE('',#6093,#6166,#7155,.T.);
#7155 = LINE('',#7156,#7157);
#7156 = CARTESIAN_POINT('',(-0.1,-12.95,1.25));
#7157 = VECTOR('',#7158,1.);
#7158 = DIRECTION('',(1.,-1.110223024625E-16,0.));
#7159 = ORIENTED_EDGE('',*,*,#6173,.T.);
#7160 = ORIENTED_EDGE('',*,*,#7137,.F.);
#7161 = ORIENTED_EDGE('',*,*,#6100,.F.);
#7162 = PLANE('',#7163);
#7163 = AXIS2_PLACEMENT_3D('',#7164,#7165,#7166);
#7164 = CARTESIAN_POINT('',(-0.1,-12.95,1.25));
#7165 = DIRECTION('',(0.,0.,1.));
#7166 = DIRECTION('',(1.110223024625E-16,1.,-0.));
#7167 = ADVANCED_FACE('',(#7168),#7174,.T.);
#7168 = FACE_BOUND('',#7169,.T.);
#7169 = EDGE_LOOP('',(#7170,#7171,#7172,#7173));
#7170 = ORIENTED_EDGE('',*,*,#6200,.T.);
#7171 = ORIENTED_EDGE('',*,*,#6165,.T.);
#7172 = ORIENTED_EDGE('',*,*,#7154,.F.);
#7173 = ORIENTED_EDGE('',*,*,#6092,.F.);
#7174 = PLANE('',#7175);
#7175 = AXIS2_PLACEMENT_3D('',#7176,#7177,#7178);
#7176 = CARTESIAN_POINT('',(-0.1,-12.95,7.35));
#7177 = DIRECTION('',(1.110223024625E-16,1.,0.));
#7178 = DIRECTION('',(0.,0.,-1.));
#7179 = ADVANCED_FACE('',(#7180),#7191,.T.);
#7180 = FACE_BOUND('',#7181,.T.);
#7181 = EDGE_LOOP('',(#7182,#7188,#7189,#7190));
#7182 = ORIENTED_EDGE('',*,*,#7183,.T.);
#7183 = EDGE_CURVE('',#6267,#6340,#7184,.T.);
#7184 = LINE('',#7185,#7186);
#7185 = CARTESIAN_POINT('',(-0.1,-9.91,1.25));
#7186 = VECTOR('',#7187,1.);
#7187 = DIRECTION('',(1.,-1.110223024625E-16,0.));
#7188 = ORIENTED_EDGE('',*,*,#6347,.T.);
#7189 = ORIENTED_EDGE('',*,*,#6298,.F.);
#7190 = ORIENTED_EDGE('',*,*,#6274,.F.);
#7191 = PLANE('',#7192);
#7192 = AXIS2_PLACEMENT_3D('',#7193,#7194,#7195);
#7193 = CARTESIAN_POINT('',(-0.1,-9.91,1.25));
#7194 = DIRECTION('',(-1.110223024625E-16,-1.,0.));
#7195 = DIRECTION('',(0.,0.,1.));
#7196 = ADVANCED_FACE('',(#7197),#7208,.T.);
#7197 = FACE_BOUND('',#7198,.T.);
#7198 = EDGE_LOOP('',(#7199,#7205,#7206,#7207));
#7199 = ORIENTED_EDGE('',*,*,#7200,.T.);
#7200 = EDGE_CURVE('',#6259,#6332,#7201,.T.);
#7201 = LINE('',#7202,#7203);
#7202 = CARTESIAN_POINT('',(-0.1,-10.41,1.25));
#7203 = VECTOR('',#7204,1.);
#7204 = DIRECTION('',(1.,-1.110223024625E-16,0.));
#7205 = ORIENTED_EDGE('',*,*,#6339,.T.);
#7206 = ORIENTED_EDGE('',*,*,#7183,.F.);
#7207 = ORIENTED_EDGE('',*,*,#6266,.F.);
#7208 = PLANE('',#7209);
#7209 = AXIS2_PLACEMENT_3D('',#7210,#7211,#7212);
#7210 = CARTESIAN_POINT('',(-0.1,-10.41,1.25));
#7211 = DIRECTION('',(0.,0.,1.));
#7212 = DIRECTION('',(1.110223024625E-16,1.,-0.));
#7213 = ADVANCED_FACE('',(#7214),#7220,.T.);
#7214 = FACE_BOUND('',#7215,.T.);
#7215 = EDGE_LOOP('',(#7216,#7217,#7218,#7219));
#7216 = ORIENTED_EDGE('',*,*,#6366,.T.);
#7217 = ORIENTED_EDGE('',*,*,#6331,.T.);
#7218 = ORIENTED_EDGE('',*,*,#7200,.F.);
#7219 = ORIENTED_EDGE('',*,*,#6258,.F.);
#7220 = PLANE('',#7221);
#7221 = AXIS2_PLACEMENT_3D('',#7222,#7223,#7224);
#7222 = CARTESIAN_POINT('',(-0.1,-10.41,7.35));
#7223 = DIRECTION('',(1.110223024625E-16,1.,0.));
#7224 = DIRECTION('',(0.,0.,-1.));
#7225 = ADVANCED_FACE('',(#7226),#7237,.T.);
#7226 = FACE_BOUND('',#7227,.T.);
#7227 = EDGE_LOOP('',(#7228,#7234,#7235,#7236));
#7228 = ORIENTED_EDGE('',*,*,#7229,.T.);
#7229 = EDGE_CURVE('',#6433,#6506,#7230,.T.);
#7230 = LINE('',#7231,#7232);
#7231 = CARTESIAN_POINT('',(-0.1,-7.37,1.25));
#7232 = VECTOR('',#7233,1.);
#7233 = DIRECTION('',(1.,-1.110223024625E-16,0.));
#7234 = ORIENTED_EDGE('',*,*,#6513,.T.);
#7235 = ORIENTED_EDGE('',*,*,#6464,.F.);
#7236 = ORIENTED_EDGE('',*,*,#6440,.F.);
#7237 = PLANE('',#7238);
#7238 = AXIS2_PLACEMENT_3D('',#7239,#7240,#7241);
#7239 = CARTESIAN_POINT('',(-0.1,-7.37,1.25));
#7240 = DIRECTION('',(-1.110223024625E-16,-1.,0.));
#7241 = DIRECTION('',(0.,0.,1.));
#7242 = ADVANCED_FACE('',(#7243),#7254,.T.);
#7243 = FACE_BOUND('',#7244,.T.);
#7244 = EDGE_LOOP('',(#7245,#7251,#7252,#7253));
#7245 = ORIENTED_EDGE('',*,*,#7246,.T.);
#7246 = EDGE_CURVE('',#6425,#6498,#7247,.T.);
#7247 = LINE('',#7248,#7249);
#7248 = CARTESIAN_POINT('',(-0.1,-7.87,1.25));
#7249 = VECTOR('',#7250,1.);
#7250 = DIRECTION('',(1.,-1.110223024625E-16,0.));
#7251 = ORIENTED_EDGE('',*,*,#6505,.T.);
#7252 = ORIENTED_EDGE('',*,*,#7229,.F.);
#7253 = ORIENTED_EDGE('',*,*,#6432,.F.);
#7254 = PLANE('',#7255);
#7255 = AXIS2_PLACEMENT_3D('',#7256,#7257,#7258);
#7256 = CARTESIAN_POINT('',(-0.1,-7.87,1.25));
#7257 = DIRECTION('',(0.,0.,1.));
#7258 = DIRECTION('',(1.110223024625E-16,1.,-0.));
#7259 = ADVANCED_FACE('',(#7260),#7266,.T.);
#7260 = FACE_BOUND('',#7261,.T.);
#7261 = EDGE_LOOP('',(#7262,#7263,#7264,#7265));
#7262 = ORIENTED_EDGE('',*,*,#6532,.T.);
#7263 = ORIENTED_EDGE('',*,*,#6497,.T.);
#7264 = ORIENTED_EDGE('',*,*,#7246,.F.);
#7265 = ORIENTED_EDGE('',*,*,#6424,.F.);
#7266 = PLANE('',#7267);
#7267 = AXIS2_PLACEMENT_3D('',#7268,#7269,#7270);
#7268 = CARTESIAN_POINT('',(-0.1,-7.87,7.35));
#7269 = DIRECTION('',(1.110223024625E-16,1.,0.));
#7270 = DIRECTION('',(0.,0.,-1.));
#7271 = ADVANCED_FACE('',(#7272),#7283,.T.);
#7272 = FACE_BOUND('',#7273,.T.);
#7273 = EDGE_LOOP('',(#7274,#7280,#7281,#7282));
#7274 = ORIENTED_EDGE('',*,*,#7275,.T.);
#7275 = EDGE_CURVE('',#6599,#6672,#7276,.T.);
#7276 = LINE('',#7277,#7278);
#7277 = CARTESIAN_POINT('',(-0.1,-4.83,1.25));
#7278 = VECTOR('',#7279,1.);
#7279 = DIRECTION('',(1.,-1.110223024625E-16,0.));
#7280 = ORIENTED_EDGE('',*,*,#6679,.T.);
#7281 = ORIENTED_EDGE('',*,*,#6630,.F.);
#7282 = ORIENTED_EDGE('',*,*,#6606,.F.);
#7283 = PLANE('',#7284);
#7284 = AXIS2_PLACEMENT_3D('',#7285,#7286,#7287);
#7285 = CARTESIAN_POINT('',(-0.1,-4.83,1.25));
#7286 = DIRECTION('',(-1.110223024625E-16,-1.,0.));
#7287 = DIRECTION('',(0.,0.,1.));
#7288 = ADVANCED_FACE('',(#7289),#7300,.T.);
#7289 = FACE_BOUND('',#7290,.T.);
#7290 = EDGE_LOOP('',(#7291,#7297,#7298,#7299));
#7291 = ORIENTED_EDGE('',*,*,#7292,.T.);
#7292 = EDGE_CURVE('',#6591,#6664,#7293,.T.);
#7293 = LINE('',#7294,#7295);
#7294 = CARTESIAN_POINT('',(-0.1,-5.33,1.25));
#7295 = VECTOR('',#7296,1.);
#7296 = DIRECTION('',(1.,-1.110223024625E-16,0.));
#7297 = ORIENTED_EDGE('',*,*,#6671,.T.);
#7298 = ORIENTED_EDGE('',*,*,#7275,.F.);
#7299 = ORIENTED_EDGE('',*,*,#6598,.F.);
#7300 = PLANE('',#7301);
#7301 = AXIS2_PLACEMENT_3D('',#7302,#7303,#7304);
#7302 = CARTESIAN_POINT('',(-0.1,-5.33,1.25));
#7303 = DIRECTION('',(0.,0.,1.));
#7304 = DIRECTION('',(1.110223024625E-16,1.,-0.));
#7305 = ADVANCED_FACE('',(#7306),#7312,.T.);
#7306 = FACE_BOUND('',#7307,.T.);
#7307 = EDGE_LOOP('',(#7308,#7309,#7310,#7311));
#7308 = ORIENTED_EDGE('',*,*,#6698,.T.);
#7309 = ORIENTED_EDGE('',*,*,#6663,.T.);
#7310 = ORIENTED_EDGE('',*,*,#7292,.F.);
#7311 = ORIENTED_EDGE('',*,*,#6590,.F.);
#7312 = PLANE('',#7313);
#7313 = AXIS2_PLACEMENT_3D('',#7314,#7315,#7316);
#7314 = CARTESIAN_POINT('',(-0.1,-5.33,7.35));
#7315 = DIRECTION('',(1.110223024625E-16,1.,0.));
#7316 = DIRECTION('',(0.,0.,-1.));
#7317 = ADVANCED_FACE('',(#7318),#7329,.T.);
#7318 = FACE_BOUND('',#7319,.T.);
#7319 = EDGE_LOOP('',(#7320,#7326,#7327,#7328));
#7320 = ORIENTED_EDGE('',*,*,#7321,.T.);
#7321 = EDGE_CURVE('',#6765,#6838,#7322,.T.);
#7322 = LINE('',#7323,#7324);
#7323 = CARTESIAN_POINT('',(-0.1,-2.29,1.25));
#7324 = VECTOR('',#7325,1.);
#7325 = DIRECTION('',(1.,-1.110223024625E-16,0.));
#7326 = ORIENTED_EDGE('',*,*,#6845,.T.);
#7327 = ORIENTED_EDGE('',*,*,#6796,.F.);
#7328 = ORIENTED_EDGE('',*,*,#6772,.F.);
#7329 = PLANE('',#7330);
#7330 = AXIS2_PLACEMENT_3D('',#7331,#7332,#7333);
#7331 = CARTESIAN_POINT('',(-0.1,-2.29,1.25));
#7332 = DIRECTION('',(-1.110223024625E-16,-1.,0.));
#7333 = DIRECTION('',(0.,0.,1.));
#7334 = ADVANCED_FACE('',(#7335),#7346,.T.);
#7335 = FACE_BOUND('',#7336,.T.);
#7336 = EDGE_LOOP('',(#7337,#7343,#7344,#7345));
#7337 = ORIENTED_EDGE('',*,*,#7338,.T.);
#7338 = EDGE_CURVE('',#6757,#6830,#7339,.T.);
#7339 = LINE('',#7340,#7341);
#7340 = CARTESIAN_POINT('',(-0.1,-2.79,1.25));
#7341 = VECTOR('',#7342,1.);
#7342 = DIRECTION('',(1.,-1.110223024625E-16,0.));
#7343 = ORIENTED_EDGE('',*,*,#6837,.T.);
#7344 = ORIENTED_EDGE('',*,*,#7321,.F.);
#7345 = ORIENTED_EDGE('',*,*,#6764,.F.);
#7346 = PLANE('',#7347);
#7347 = AXIS2_PLACEMENT_3D('',#7348,#7349,#7350);
#7348 = CARTESIAN_POINT('',(-0.1,-2.79,1.25));
#7349 = DIRECTION('',(0.,0.,1.));
#7350 = DIRECTION('',(1.110223024625E-16,1.,-0.));
#7351 = ADVANCED_FACE('',(#7352),#7358,.T.);
#7352 = FACE_BOUND('',#7353,.T.);
#7353 = EDGE_LOOP('',(#7354,#7355,#7356,#7357));
#7354 = ORIENTED_EDGE('',*,*,#6864,.T.);
#7355 = ORIENTED_EDGE('',*,*,#6829,.T.);
#7356 = ORIENTED_EDGE('',*,*,#7338,.F.);
#7357 = ORIENTED_EDGE('',*,*,#6756,.F.);
#7358 = PLANE('',#7359);
#7359 = AXIS2_PLACEMENT_3D('',#7360,#7361,#7362);
#7360 = CARTESIAN_POINT('',(-0.1,-2.79,7.35));
#7361 = DIRECTION('',(1.110223024625E-16,1.,0.));
#7362 = DIRECTION('',(0.,0.,-1.));
#7363 = ADVANCED_FACE('',(#7364),#7375,.T.);
#7364 = FACE_BOUND('',#7365,.T.);
#7365 = EDGE_LOOP('',(#7366,#7372,#7373,#7374));
#7366 = ORIENTED_EDGE('',*,*,#7367,.T.);
#7367 = EDGE_CURVE('',#6931,#7004,#7368,.T.);
#7368 = LINE('',#7369,#7370);
#7369 = CARTESIAN_POINT('',(-0.1,0.25,1.25));
#7370 = VECTOR('',#7371,1.);
#7371 = DIRECTION('',(1.,-1.110223024625E-16,0.));
#7372 = ORIENTED_EDGE('',*,*,#7011,.T.);
#7373 = ORIENTED_EDGE('',*,*,#6962,.F.);
#7374 = ORIENTED_EDGE('',*,*,#6938,.F.);
#7375 = PLANE('',#7376);
#7376 = AXIS2_PLACEMENT_3D('',#7377,#7378,#7379);
#7377 = CARTESIAN_POINT('',(-0.1,0.25,1.25));
#7378 = DIRECTION('',(-1.110223024625E-16,-1.,0.));
#7379 = DIRECTION('',(0.,0.,1.));
#7380 = ADVANCED_FACE('',(#7381),#7392,.T.);
#7381 = FACE_BOUND('',#7382,.T.);
#7382 = EDGE_LOOP('',(#7383,#7389,#7390,#7391));
#7383 = ORIENTED_EDGE('',*,*,#7384,.T.);
#7384 = EDGE_CURVE('',#6923,#6996,#7385,.T.);
#7385 = LINE('',#7386,#7387);
#7386 = CARTESIAN_POINT('',(-0.1,-0.25,1.25));
#7387 = VECTOR('',#7388,1.);
#7388 = DIRECTION('',(1.,-1.110223024625E-16,0.));
#7389 = ORIENTED_EDGE('',*,*,#7003,.T.);
#7390 = ORIENTED_EDGE('',*,*,#7367,.F.);
#7391 = ORIENTED_EDGE('',*,*,#6930,.F.);
#7392 = PLANE('',#7393);
#7393 = AXIS2_PLACEMENT_3D('',#7394,#7395,#7396);
#7394 = CARTESIAN_POINT('',(-0.1,-0.25,1.25));
#7395 = DIRECTION('',(0.,0.,1.));
#7396 = DIRECTION('',(1.110223024625E-16,1.,-0.));
#7397 = ADVANCED_FACE('',(#7398),#7404,.T.);
#7398 = FACE_BOUND('',#7399,.T.);
#7399 = EDGE_LOOP('',(#7400,#7401,#7402,#7403));
#7400 = ORIENTED_EDGE('',*,*,#7030,.T.);
#7401 = ORIENTED_EDGE('',*,*,#6995,.T.);
#7402 = ORIENTED_EDGE('',*,*,#7384,.F.);
#7403 = ORIENTED_EDGE('',*,*,#6922,.F.);
#7404 = PLANE('',#7405);
#7405 = AXIS2_PLACEMENT_3D('',#7406,#7407,#7408);
#7406 = CARTESIAN_POINT('',(-0.1,-0.25,7.35));
#7407 = DIRECTION('',(1.110223024625E-16,1.,0.));
#7408 = DIRECTION('',(0.,0.,-1.));
#7409 = ( GEOMETRIC_REPRESENTATION_CONTEXT(3) 
GLOBAL_UNCERTAINTY_ASSIGNED_CONTEXT((#7413)) 
GLOBAL_UNIT_ASSIGNED_CONTEXT((#7410,#7411,#7412)) REPRESENTATION_CONTEXT
('Context #1','3D Context with UNIT and UNCERTAINTY') );
#7410 = ( LENGTH_UNIT() NAMED_UNIT(*) SI_UNIT(.MILLI.,.METRE.) );
#7411 = ( NAMED_UNIT(*) PLANE_ANGLE_UNIT() SI_UNIT($,.RADIAN.) );
#7412 = ( NAMED_UNIT(*) SI_UNIT($,.STERADIAN.) SOLID_ANGLE_UNIT() );
#7413 = UNCERTAINTY_MEASURE_WITH_UNIT(LENGTH_MEASURE(1.E-07),#7410,
  'distance_accuracy_value','confusion accuracy');
#7414 = CONTEXT_DEPENDENT_SHAPE_REPRESENTATION(#7415,#7417);
#7415 = ( REPRESENTATION_RELATIONSHIP('','',#918,#10) 
REPRESENTATION_RELATIONSHIP_WITH_TRANSFORMATION(#7416) 
SHAPE_REPRESENTATION_RELATIONSHIP() );
#7416 = ITEM_DEFINED_TRANSFORMATION('','',#11,#23);
#7417 = PRODUCT_DEFINITION_SHAPE('Placement','Placement of an item',
  #7418);
#7418 = NEXT_ASSEMBLY_USAGE_OCCURRENCE('3','P2','',#5,#913,$);
#7419 = PRODUCT_RELATED_PRODUCT_CATEGORY('part',$,(#915));
#7420 = SHAPE_DEFINITION_REPRESENTATION(#7421,#7427);
#7421 = PRODUCT_DEFINITION_SHAPE('','',#7422);
#7422 = PRODUCT_DEFINITION('design','',#7423,#7426);
#7423 = PRODUCT_DEFINITION_FORMATION('','',#7424);
#7424 = PRODUCT('DIP-4_W7.62mm_SMDSocket','DIP-4_W7.62mm_SMDSocket','',(
    #7425));
#7425 = PRODUCT_CONTEXT('',#2,'mechanical');
#7426 = PRODUCT_DEFINITION_CONTEXT('part definition',#2,'design');
#7427 = ADVANCED_BREP_SHAPE_REPRESENTATION('',(#11,#7428),#9869);
#7428 = MANIFOLD_SOLID_BREP('',#7429);
#7429 = CLOSED_SHELL('',(#7430,#7470,#7531,#7554,#7609,#7626,#7656,#7686
    ,#7717,#7748,#7779,#7802,#7826,#7856,#7887,#7918,#7949,#7966,#7996,
    #8088,#8180,#8210,#8302,#8319,#8344,#8428,#8459,#8482,#8506,#8598,
    #8690,#8720,#8812,#8829,#8854,#8938,#8969,#8986,#9029,#9046,#9068,
    #9085,#9102,#9119,#9136,#9148,#9165,#9182,#9194,#9216,#9233,#9250,
    #9267,#9284,#9301,#9318,#9335,#9347,#9359,#9417,#9454,#9471,#9493,
    #9510,#9527,#9544,#9561,#9573,#9590,#9607,#9619,#9641,#9658,#9675,
    #9692,#9709,#9726,#9743,#9760,#9772,#9784,#9801,#9830,#9858));
#7430 = ADVANCED_FACE('',(#7431),#7465,.T.);
#7431 = FACE_BOUND('',#7432,.F.);
#7432 = EDGE_LOOP('',(#7433,#7443,#7451,#7459));
#7433 = ORIENTED_EDGE('',*,*,#7434,.T.);
#7434 = EDGE_CURVE('',#7435,#7437,#7439,.T.);
#7435 = VERTEX_POINT('',#7436);
#7436 = CARTESIAN_POINT('',(2.736276356577,-2.276276356577,0.38));
#7437 = VERTEX_POINT('',#7438);
#7438 = CARTESIAN_POINT('',(2.736276356577,2.276276356577,0.38));
#7439 = LINE('',#7440,#7441);
#7440 = CARTESIAN_POINT('',(2.736276356577,-2.276276356577,0.38));
#7441 = VECTOR('',#7442,1.);
#7442 = DIRECTION('',(-1.33226762955E-15,1.,0.));
#7443 = ORIENTED_EDGE('',*,*,#7444,.T.);
#7444 = EDGE_CURVE('',#7437,#7445,#7447,.T.);
#7445 = VERTEX_POINT('',#7446);
#7446 = CARTESIAN_POINT('',(-2.736276356577,2.276276356577,0.38));
#7447 = LINE('',#7448,#7449);
#7448 = CARTESIAN_POINT('',(2.736276356577,2.276276356577,0.38));
#7449 = VECTOR('',#7450,1.);
#7450 = DIRECTION('',(-1.,-1.33226762955E-15,0.));
#7451 = ORIENTED_EDGE('',*,*,#7452,.T.);
#7452 = EDGE_CURVE('',#7445,#7453,#7455,.T.);
#7453 = VERTEX_POINT('',#7454);
#7454 = CARTESIAN_POINT('',(-2.736276356577,-2.276276356577,0.38));
#7455 = LINE('',#7456,#7457);
#7456 = CARTESIAN_POINT('',(-2.736276356577,2.276276356577,0.38));
#7457 = VECTOR('',#7458,1.);
#7458 = DIRECTION('',(1.33226762955E-15,-1.,0.));
#7459 = ORIENTED_EDGE('',*,*,#7460,.T.);
#7460 = EDGE_CURVE('',#7453,#7435,#7461,.T.);
#7461 = LINE('',#7462,#7463);
#7462 = CARTESIAN_POINT('',(-2.736276356577,-2.276276356577,0.38));
#7463 = VECTOR('',#7464,1.);
#7464 = DIRECTION('',(1.,1.33226762955E-15,0.));
#7465 = PLANE('',#7466);
#7466 = AXIS2_PLACEMENT_3D('',#7467,#7468,#7469);
#7467 = CARTESIAN_POINT('',(2.736276356577,-2.276276356577,0.38));
#7468 = DIRECTION('',(-0.,0.,-1.));
#7469 = DIRECTION('',(-0.768767331704,0.639528568326,0.));
#7470 = ADVANCED_FACE('',(#7471),#7526,.T.);
#7471 = FACE_BOUND('',#7472,.T.);
#7472 = EDGE_LOOP('',(#7473,#7474,#7481,#7489,#7497,#7505,#7513,#7521));
#7473 = ORIENTED_EDGE('',*,*,#7434,.T.);
#7474 = ORIENTED_EDGE('',*,*,#7475,.T.);
#7475 = EDGE_CURVE('',#7437,#7476,#7478,.T.);
#7476 = VERTEX_POINT('',#7477);
#7477 = CARTESIAN_POINT('',(3.06,2.6,1.903));
#7478 = B_SPLINE_CURVE_WITH_KNOTS('',1,(#7479,#7480),.UNSPECIFIED.,.F.,
  .F.,(2,2),(0.,1.),.PIECEWISE_BEZIER_KNOTS.);
#7479 = CARTESIAN_POINT('',(2.736276356577,2.276276356577,0.38));
#7480 = CARTESIAN_POINT('',(3.06,2.6,1.903));
#7481 = ORIENTED_EDGE('',*,*,#7482,.F.);
#7482 = EDGE_CURVE('',#7483,#7476,#7485,.T.);
#7483 = VERTEX_POINT('',#7484);
#7484 = CARTESIAN_POINT('',(3.06,1.73,1.903));
#7485 = LINE('',#7486,#7487);
#7486 = CARTESIAN_POINT('',(3.06,-2.6,1.903));
#7487 = VECTOR('',#7488,1.);
#7488 = DIRECTION('',(-1.33226762955E-15,1.,0.));
#7489 = ORIENTED_EDGE('',*,*,#7490,.F.);
#7490 = EDGE_CURVE('',#7491,#7483,#7493,.T.);
#7491 = VERTEX_POINT('',#7492);
#7492 = CARTESIAN_POINT('',(3.06,0.81,1.903));
#7493 = LINE('',#7494,#7495);
#7494 = CARTESIAN_POINT('',(3.06,-2.6,1.903));
#7495 = VECTOR('',#7496,1.);
#7496 = DIRECTION('',(-1.33226762955E-15,1.,0.));
#7497 = ORIENTED_EDGE('',*,*,#7498,.F.);
#7498 = EDGE_CURVE('',#7499,#7491,#7501,.T.);
#7499 = VERTEX_POINT('',#7500);
#7500 = CARTESIAN_POINT('',(3.06,-0.81,1.903));
#7501 = LINE('',#7502,#7503);
#7502 = CARTESIAN_POINT('',(3.06,-2.6,1.903));
#7503 = VECTOR('',#7504,1.);
#7504 = DIRECTION('',(-1.33226762955E-15,1.,0.));
#7505 = ORIENTED_EDGE('',*,*,#7506,.F.);
#7506 = EDGE_CURVE('',#7507,#7499,#7509,.T.);
#7507 = VERTEX_POINT('',#7508);
#7508 = CARTESIAN_POINT('',(3.06,-1.73,1.903));
#7509 = LINE('',#7510,#7511);
#7510 = CARTESIAN_POINT('',(3.06,-2.6,1.903));
#7511 = VECTOR('',#7512,1.);
#7512 = DIRECTION('',(-1.33226762955E-15,1.,0.));
#7513 = ORIENTED_EDGE('',*,*,#7514,.F.);
#7514 = EDGE_CURVE('',#7515,#7507,#7517,.T.);
#7515 = VERTEX_POINT('',#7516);
#7516 = CARTESIAN_POINT('',(3.06,-2.6,1.903));
#7517 = LINE('',#7518,#7519);
#7518 = CARTESIAN_POINT('',(3.06,-2.6,1.903));
#7519 = VECTOR('',#7520,1.);
#7520 = DIRECTION('',(-1.33226762955E-15,1.,0.));
#7521 = ORIENTED_EDGE('',*,*,#7522,.F.);
#7522 = EDGE_CURVE('',#7435,#7515,#7523,.T.);
#7523 = B_SPLINE_CURVE_WITH_KNOTS('',1,(#7524,#7525),.UNSPECIFIED.,.F.,
  .F.,(2,2),(0.,1.),.PIECEWISE_BEZIER_KNOTS.);
#7524 = CARTESIAN_POINT('',(2.736276356577,-2.276276356577,0.38));
#7525 = CARTESIAN_POINT('',(3.06,-2.6,1.903));
#7526 = B_SPLINE_SURFACE_WITH_KNOTS('',1,1,(
    (#7527,#7528)
    ,(#7529,#7530
    )),.UNSPECIFIED.,.F.,.F.,.F.,(2,2),(2,2),(0.,5.2),(0.,1.),
  .PIECEWISE_BEZIER_KNOTS.);
#7527 = CARTESIAN_POINT('',(2.736276356577,-2.276276356577,0.38));
#7528 = CARTESIAN_POINT('',(3.06,-2.6,1.903));
#7529 = CARTESIAN_POINT('',(2.736276356577,2.276276356577,0.38));
#7530 = CARTESIAN_POINT('',(3.06,2.6,1.903));
#7531 = ADVANCED_FACE('',(#7532),#7549,.T.);
#7532 = FACE_BOUND('',#7533,.T.);
#7533 = EDGE_LOOP('',(#7534,#7535,#7542,#7548));
#7534 = ORIENTED_EDGE('',*,*,#7444,.T.);
#7535 = ORIENTED_EDGE('',*,*,#7536,.T.);
#7536 = EDGE_CURVE('',#7445,#7537,#7539,.T.);
#7537 = VERTEX_POINT('',#7538);
#7538 = CARTESIAN_POINT('',(-3.06,2.6,1.903));
#7539 = B_SPLINE_CURVE_WITH_KNOTS('',1,(#7540,#7541),.UNSPECIFIED.,.F.,
  .F.,(2,2),(0.,1.),.PIECEWISE_BEZIER_KNOTS.);
#7540 = CARTESIAN_POINT('',(-2.736276356577,2.276276356577,0.38));
#7541 = CARTESIAN_POINT('',(-3.06,2.6,1.903));
#7542 = ORIENTED_EDGE('',*,*,#7543,.F.);
#7543 = EDGE_CURVE('',#7476,#7537,#7544,.T.);
#7544 = LINE('',#7545,#7546);
#7545 = CARTESIAN_POINT('',(3.06,2.6,1.903));
#7546 = VECTOR('',#7547,1.);
#7547 = DIRECTION('',(-1.,-1.33226762955E-15,0.));
#7548 = ORIENTED_EDGE('',*,*,#7475,.F.);
#7549 = B_SPLINE_SURFACE_WITH_KNOTS('',1,1,(
    (#7550,#7551)
    ,(#7552,#7553
    )),.UNSPECIFIED.,.F.,.F.,.F.,(2,2),(2,2),(0.,6.12),(0.,1.),
  .PIECEWISE_BEZIER_KNOTS.);
#7550 = CARTESIAN_POINT('',(2.736276356577,2.276276356577,0.38));
#7551 = CARTESIAN_POINT('',(3.06,2.6,1.903));
#7552 = CARTESIAN_POINT('',(-2.736276356577,2.276276356577,0.38));
#7553 = CARTESIAN_POINT('',(-3.06,2.6,1.903));
#7554 = ADVANCED_FACE('',(#7555),#7604,.T.);
#7555 = FACE_BOUND('',#7556,.T.);
#7556 = EDGE_LOOP('',(#7557,#7558,#7565,#7573,#7581,#7589,#7597,#7603));
#7557 = ORIENTED_EDGE('',*,*,#7452,.T.);
#7558 = ORIENTED_EDGE('',*,*,#7559,.T.);
#7559 = EDGE_CURVE('',#7453,#7560,#7562,.T.);
#7560 = VERTEX_POINT('',#7561);
#7561 = CARTESIAN_POINT('',(-3.06,-2.6,1.903));
#7562 = B_SPLINE_CURVE_WITH_KNOTS('',1,(#7563,#7564),.UNSPECIFIED.,.F.,
  .F.,(2,2),(0.,1.),.PIECEWISE_BEZIER_KNOTS.);
#7563 = CARTESIAN_POINT('',(-2.736276356577,-2.276276356577,0.38));
#7564 = CARTESIAN_POINT('',(-3.06,-2.6,1.903));
#7565 = ORIENTED_EDGE('',*,*,#7566,.F.);
#7566 = EDGE_CURVE('',#7567,#7560,#7569,.T.);
#7567 = VERTEX_POINT('',#7568);
#7568 = CARTESIAN_POINT('',(-3.06,-1.73,1.903));
#7569 = LINE('',#7570,#7571);
#7570 = CARTESIAN_POINT('',(-3.06,2.6,1.903));
#7571 = VECTOR('',#7572,1.);
#7572 = DIRECTION('',(1.33226762955E-15,-1.,0.));
#7573 = ORIENTED_EDGE('',*,*,#7574,.F.);
#7574 = EDGE_CURVE('',#7575,#7567,#7577,.T.);
#7575 = VERTEX_POINT('',#7576);
#7576 = CARTESIAN_POINT('',(-3.06,-0.81,1.903));
#7577 = LINE('',#7578,#7579);
#7578 = CARTESIAN_POINT('',(-3.06,2.6,1.903));
#7579 = VECTOR('',#7580,1.);
#7580 = DIRECTION('',(1.33226762955E-15,-1.,0.));
#7581 = ORIENTED_EDGE('',*,*,#7582,.F.);
#7582 = EDGE_CURVE('',#7583,#7575,#7585,.T.);
#7583 = VERTEX_POINT('',#7584);
#7584 = CARTESIAN_POINT('',(-3.06,0.81,1.903));
#7585 = LINE('',#7586,#7587);
#7586 = CARTESIAN_POINT('',(-3.06,2.6,1.903));
#7587 = VECTOR('',#7588,1.);
#7588 = DIRECTION('',(1.33226762955E-15,-1.,0.));
#7589 = ORIENTED_EDGE('',*,*,#7590,.F.);
#7590 = EDGE_CURVE('',#7591,#7583,#7593,.T.);
#7591 = VERTEX_POINT('',#7592);
#7592 = CARTESIAN_POINT('',(-3.06,1.73,1.903));
#7593 = LINE('',#7594,#7595);
#7594 = CARTESIAN_POINT('',(-3.06,2.6,1.903));
#7595 = VECTOR('',#7596,1.);
#7596 = DIRECTION('',(1.33226762955E-15,-1.,0.));
#7597 = ORIENTED_EDGE('',*,*,#7598,.F.);
#7598 = EDGE_CURVE('',#7537,#7591,#7599,.T.);
#7599 = LINE('',#7600,#7601);
#7600 = CARTESIAN_POINT('',(-3.06,2.6,1.903));
#7601 = VECTOR('',#7602,1.);
#7602 = DIRECTION('',(1.33226762955E-15,-1.,0.));
#7603 = ORIENTED_EDGE('',*,*,#7536,.F.);
#7604 = B_SPLINE_SURFACE_WITH_KNOTS('',1,1,(
    (#7605,#7606)
    ,(#7607,#7608
    )),.UNSPECIFIED.,.F.,.F.,.F.,(2,2),(2,2),(0.,5.2),(0.,1.),
  .PIECEWISE_BEZIER_KNOTS.);
#7605 = CARTESIAN_POINT('',(-2.736276356577,2.276276356577,0.38));
#7606 = CARTESIAN_POINT('',(-3.06,2.6,1.903));
#7607 = CARTESIAN_POINT('',(-2.736276356577,-2.276276356577,0.38));
#7608 = CARTESIAN_POINT('',(-3.06,-2.6,1.903));
#7609 = ADVANCED_FACE('',(#7610),#7621,.T.);
#7610 = FACE_BOUND('',#7611,.T.);
#7611 = EDGE_LOOP('',(#7612,#7613,#7614,#7620));
#7612 = ORIENTED_EDGE('',*,*,#7460,.T.);
#7613 = ORIENTED_EDGE('',*,*,#7522,.T.);
#7614 = ORIENTED_EDGE('',*,*,#7615,.F.);
#7615 = EDGE_CURVE('',#7560,#7515,#7616,.T.);
#7616 = LINE('',#7617,#7618);
#7617 = CARTESIAN_POINT('',(-3.06,-2.6,1.903));
#7618 = VECTOR('',#7619,1.);
#7619 = DIRECTION('',(1.,1.33226762955E-15,0.));
#7620 = ORIENTED_EDGE('',*,*,#7559,.F.);
#7621 = B_SPLINE_SURFACE_WITH_KNOTS('',1,1,(
    (#7622,#7623)
    ,(#7624,#7625
    )),.UNSPECIFIED.,.F.,.F.,.F.,(2,2),(2,2),(0.,6.12),(0.,1.),
  .PIECEWISE_BEZIER_KNOTS.);
#7622 = CARTESIAN_POINT('',(-2.736276356577,-2.276276356577,0.38));
#7623 = CARTESIAN_POINT('',(-3.06,-2.6,1.903));
#7624 = CARTESIAN_POINT('',(2.736276356577,-2.276276356577,0.38));
#7625 = CARTESIAN_POINT('',(3.06,-2.6,1.903));
#7626 = ADVANCED_FACE('',(#7627),#7651,.T.);
#7627 = FACE_BOUND('',#7628,.T.);
#7628 = EDGE_LOOP('',(#7629,#7636,#7637,#7645));
#7629 = ORIENTED_EDGE('',*,*,#7630,.F.);
#7630 = EDGE_CURVE('',#7515,#7631,#7633,.T.);
#7631 = VERTEX_POINT('',#7632);
#7632 = CARTESIAN_POINT('',(3.06,-2.6,2.157));
#7633 = B_SPLINE_CURVE_WITH_KNOTS('',1,(#7634,#7635),.UNSPECIFIED.,.F.,
  .F.,(2,2),(0.,1.),.PIECEWISE_BEZIER_KNOTS.);
#7634 = CARTESIAN_POINT('',(3.06,-2.6,1.903));
#7635 = CARTESIAN_POINT('',(3.06,-2.6,2.157));
#7636 = ORIENTED_EDGE('',*,*,#7514,.T.);
#7637 = ORIENTED_EDGE('',*,*,#7638,.F.);
#7638 = EDGE_CURVE('',#7639,#7507,#7641,.T.);
#7639 = VERTEX_POINT('',#7640);
#7640 = CARTESIAN_POINT('',(3.06,-1.73,2.157));
#7641 = LINE('',#7642,#7643);
#7642 = CARTESIAN_POINT('',(3.06,-1.73,1.830078069527));
#7643 = VECTOR('',#7644,1.);
#7644 = DIRECTION('',(-6.869571477009E-46,5.156299924009E-31,-1.));
#7645 = ORIENTED_EDGE('',*,*,#7646,.F.);
#7646 = EDGE_CURVE('',#7631,#7639,#7647,.T.);
#7647 = LINE('',#7648,#7649);
#7648 = CARTESIAN_POINT('',(3.06,-2.6,2.157));
#7649 = VECTOR('',#7650,1.);
#7650 = DIRECTION('',(-1.33226762955E-15,1.,0.));
#7651 = PLANE('',#7652);
#7652 = AXIS2_PLACEMENT_3D('',#7653,#7654,#7655);
#7653 = CARTESIAN_POINT('',(3.06,-2.6,2.157));
#7654 = DIRECTION('',(1.,1.33226762955E-15,0.));
#7655 = DIRECTION('',(-1.33226762955E-15,1.,0.));
#7656 = ADVANCED_FACE('',(#7657),#7681,.T.);
#7657 = FACE_BOUND('',#7658,.T.);
#7658 = EDGE_LOOP('',(#7659,#7667,#7668,#7675));
#7659 = ORIENTED_EDGE('',*,*,#7660,.F.);
#7660 = EDGE_CURVE('',#7483,#7661,#7663,.T.);
#7661 = VERTEX_POINT('',#7662);
#7662 = CARTESIAN_POINT('',(3.06,1.73,2.157));
#7663 = LINE('',#7664,#7665);
#7664 = CARTESIAN_POINT('',(3.06,1.73,1.819667576503));
#7665 = VECTOR('',#7666,1.);
#7666 = DIRECTION('',(-8.542304086334E-47,6.411852916683E-32,1.));
#7667 = ORIENTED_EDGE('',*,*,#7482,.T.);
#7668 = ORIENTED_EDGE('',*,*,#7669,.T.);
#7669 = EDGE_CURVE('',#7476,#7670,#7672,.T.);
#7670 = VERTEX_POINT('',#7671);
#7671 = CARTESIAN_POINT('',(3.06,2.6,2.157));
#7672 = B_SPLINE_CURVE_WITH_KNOTS('',1,(#7673,#7674),.UNSPECIFIED.,.F.,
  .F.,(2,2),(0.,1.),.PIECEWISE_BEZIER_KNOTS.);
#7673 = CARTESIAN_POINT('',(3.06,2.6,1.903));
#7674 = CARTESIAN_POINT('',(3.06,2.6,2.157));
#7675 = ORIENTED_EDGE('',*,*,#7676,.F.);
#7676 = EDGE_CURVE('',#7661,#7670,#7677,.T.);
#7677 = LINE('',#7678,#7679);
#7678 = CARTESIAN_POINT('',(3.06,-2.6,2.157));
#7679 = VECTOR('',#7680,1.);
#7680 = DIRECTION('',(-1.33226762955E-15,1.,0.));
#7681 = PLANE('',#7682);
#7682 = AXIS2_PLACEMENT_3D('',#7683,#7684,#7685);
#7683 = CARTESIAN_POINT('',(3.06,-2.6,2.157));
#7684 = DIRECTION('',(1.,1.33226762955E-15,0.));
#7685 = DIRECTION('',(-1.33226762955E-15,1.,0.));
#7686 = ADVANCED_FACE('',(#7687),#7712,.F.);
#7687 = FACE_BOUND('',#7688,.F.);
#7688 = EDGE_LOOP('',(#7689,#7690,#7698,#7706));
#7689 = ORIENTED_EDGE('',*,*,#7506,.F.);
#7690 = ORIENTED_EDGE('',*,*,#7691,.T.);
#7691 = EDGE_CURVE('',#7507,#7692,#7694,.T.);
#7692 = VERTEX_POINT('',#7693);
#7693 = CARTESIAN_POINT('',(3.429,-1.73,1.903));
#7694 = LINE('',#7695,#7696);
#7695 = CARTESIAN_POINT('',(-0.127,-1.73,1.903));
#7696 = VECTOR('',#7697,1.);
#7697 = DIRECTION('',(1.,1.209802949635E-15,0.));
#7698 = ORIENTED_EDGE('',*,*,#7699,.F.);
#7699 = EDGE_CURVE('',#7700,#7692,#7702,.T.);
#7700 = VERTEX_POINT('',#7701);
#7701 = CARTESIAN_POINT('',(3.429,-0.81,1.903));
#7702 = LINE('',#7703,#7704);
#7703 = CARTESIAN_POINT('',(3.429,-0.81,1.903));
#7704 = VECTOR('',#7705,1.);
#7705 = DIRECTION('',(1.209802949635E-15,-1.,-4.692114820729E-32));
#7706 = ORIENTED_EDGE('',*,*,#7707,.T.);
#7707 = EDGE_CURVE('',#7700,#7499,#7708,.T.);
#7708 = LINE('',#7709,#7710);
#7709 = CARTESIAN_POINT('',(3.683,-0.81,1.903));
#7710 = VECTOR('',#7711,1.);
#7711 = DIRECTION('',(-1.,-1.209802949635E-15,0.));
#7712 = PLANE('',#7713);
#7713 = AXIS2_PLACEMENT_3D('',#7714,#7715,#7716);
#7714 = CARTESIAN_POINT('',(1.778,-1.27,1.903));
#7715 = DIRECTION('',(-2.188690342042E-32,-4.692114820729E-32,1.));
#7716 = DIRECTION('',(1.209802949635E-15,-1.,-4.692114820729E-32));
#7717 = ADVANCED_FACE('',(#7718),#7743,.F.);
#7718 = FACE_BOUND('',#7719,.F.);
#7719 = EDGE_LOOP('',(#7720,#7730,#7736,#7737));
#7720 = ORIENTED_EDGE('',*,*,#7721,.F.);
#7721 = EDGE_CURVE('',#7722,#7724,#7726,.T.);
#7722 = VERTEX_POINT('',#7723);
#7723 = CARTESIAN_POINT('',(3.429,1.73,1.903));
#7724 = VERTEX_POINT('',#7725);
#7725 = CARTESIAN_POINT('',(3.429,0.81,1.903));
#7726 = LINE('',#7727,#7728);
#7727 = CARTESIAN_POINT('',(3.429,1.73,1.903));
#7728 = VECTOR('',#7729,1.);
#7729 = DIRECTION('',(1.209802949635E-15,-1.,0.));
#7730 = ORIENTED_EDGE('',*,*,#7731,.T.);
#7731 = EDGE_CURVE('',#7722,#7483,#7732,.T.);
#7732 = LINE('',#7733,#7734);
#7733 = CARTESIAN_POINT('',(3.81,1.73,1.903));
#7734 = VECTOR('',#7735,1.);
#7735 = DIRECTION('',(-1.,-1.209802949635E-15,0.));
#7736 = ORIENTED_EDGE('',*,*,#7490,.F.);
#7737 = ORIENTED_EDGE('',*,*,#7738,.T.);
#7738 = EDGE_CURVE('',#7491,#7724,#7739,.T.);
#7739 = LINE('',#7740,#7741);
#7740 = CARTESIAN_POINT('',(0.13,0.81,1.903));
#7741 = VECTOR('',#7742,1.);
#7742 = DIRECTION('',(1.,1.209802949635E-15,0.));
#7743 = PLANE('',#7744);
#7744 = AXIS2_PLACEMENT_3D('',#7745,#7746,#7747);
#7745 = CARTESIAN_POINT('',(1.97,1.27,1.903));
#7746 = DIRECTION('',(0.,0.,1.));
#7747 = DIRECTION('',(1.209802949635E-15,-1.,0.));
#7748 = ADVANCED_FACE('',(#7749),#7774,.T.);
#7749 = FACE_BOUND('',#7750,.T.);
#7750 = EDGE_LOOP('',(#7751,#7759,#7760,#7768));
#7751 = ORIENTED_EDGE('',*,*,#7752,.F.);
#7752 = EDGE_CURVE('',#7499,#7753,#7755,.T.);
#7753 = VERTEX_POINT('',#7754);
#7754 = CARTESIAN_POINT('',(3.06,-0.81,2.157));
#7755 = LINE('',#7756,#7757);
#7756 = CARTESIAN_POINT('',(3.06,-0.81,1.830078069527));
#7757 = VECTOR('',#7758,1.);
#7758 = DIRECTION('',(-7.749552340364E-47,5.816813505392E-32,1.));
#7759 = ORIENTED_EDGE('',*,*,#7498,.T.);
#7760 = ORIENTED_EDGE('',*,*,#7761,.F.);
#7761 = EDGE_CURVE('',#7762,#7491,#7764,.T.);
#7762 = VERTEX_POINT('',#7763);
#7763 = CARTESIAN_POINT('',(3.06,0.81,2.157));
#7764 = LINE('',#7765,#7766);
#7765 = CARTESIAN_POINT('',(3.06,0.81,1.819667576503));
#7766 = VECTOR('',#7767,1.);
#7767 = DIRECTION('',(1.79326968169E-45,-1.346028111706E-30,-1.));
#7768 = ORIENTED_EDGE('',*,*,#7769,.F.);
#7769 = EDGE_CURVE('',#7753,#7762,#7770,.T.);
#7770 = LINE('',#7771,#7772);
#7771 = CARTESIAN_POINT('',(3.06,-2.6,2.157));
#7772 = VECTOR('',#7773,1.);
#7773 = DIRECTION('',(-1.33226762955E-15,1.,0.));
#7774 = PLANE('',#7775);
#7775 = AXIS2_PLACEMENT_3D('',#7776,#7777,#7778);
#7776 = CARTESIAN_POINT('',(3.06,-2.6,2.157));
#7777 = DIRECTION('',(1.,1.33226762955E-15,0.));
#7778 = DIRECTION('',(-1.33226762955E-15,1.,0.));
#7779 = ADVANCED_FACE('',(#7780),#7797,.T.);
#7780 = FACE_BOUND('',#7781,.T.);
#7781 = EDGE_LOOP('',(#7782,#7783,#7790,#7796));
#7782 = ORIENTED_EDGE('',*,*,#7543,.T.);
#7783 = ORIENTED_EDGE('',*,*,#7784,.T.);
#7784 = EDGE_CURVE('',#7537,#7785,#7787,.T.);
#7785 = VERTEX_POINT('',#7786);
#7786 = CARTESIAN_POINT('',(-3.06,2.6,2.157));
#7787 = B_SPLINE_CURVE_WITH_KNOTS('',1,(#7788,#7789),.UNSPECIFIED.,.F.,
  .F.,(2,2),(0.,1.),.PIECEWISE_BEZIER_KNOTS.);
#7788 = CARTESIAN_POINT('',(-3.06,2.6,1.903));
#7789 = CARTESIAN_POINT('',(-3.06,2.6,2.157));
#7790 = ORIENTED_EDGE('',*,*,#7791,.F.);
#7791 = EDGE_CURVE('',#7670,#7785,#7792,.T.);
#7792 = LINE('',#7793,#7794);
#7793 = CARTESIAN_POINT('',(3.06,2.6,2.157));
#7794 = VECTOR('',#7795,1.);
#7795 = DIRECTION('',(-1.,-1.33226762955E-15,0.));
#7796 = ORIENTED_EDGE('',*,*,#7669,.F.);
#7797 = PLANE('',#7798);
#7798 = AXIS2_PLACEMENT_3D('',#7799,#7800,#7801);
#7799 = CARTESIAN_POINT('',(3.06,2.6,2.157));
#7800 = DIRECTION('',(-1.33226762955E-15,1.,0.));
#7801 = DIRECTION('',(-1.,-1.33226762955E-15,0.));
#7802 = ADVANCED_FACE('',(#7803),#7821,.T.);
#7803 = FACE_BOUND('',#7804,.T.);
#7804 = EDGE_LOOP('',(#7805,#7806,#7807,#7815));
#7805 = ORIENTED_EDGE('',*,*,#7784,.F.);
#7806 = ORIENTED_EDGE('',*,*,#7598,.T.);
#7807 = ORIENTED_EDGE('',*,*,#7808,.F.);
#7808 = EDGE_CURVE('',#7809,#7591,#7811,.T.);
#7809 = VERTEX_POINT('',#7810);
#7810 = CARTESIAN_POINT('',(-3.06,1.73,2.157));
#7811 = LINE('',#7812,#7813);
#7812 = CARTESIAN_POINT('',(-3.06,1.73,1.830078069527));
#7813 = VECTOR('',#7814,1.);
#7814 = DIRECTION('',(6.869571477009E-46,-5.156299924009E-31,-1.));
#7815 = ORIENTED_EDGE('',*,*,#7816,.F.);
#7816 = EDGE_CURVE('',#7785,#7809,#7817,.T.);
#7817 = LINE('',#7818,#7819);
#7818 = CARTESIAN_POINT('',(-3.06,2.6,2.157));
#7819 = VECTOR('',#7820,1.);
#7820 = DIRECTION('',(1.33226762955E-15,-1.,0.));
#7821 = PLANE('',#7822);
#7822 = AXIS2_PLACEMENT_3D('',#7823,#7824,#7825);
#7823 = CARTESIAN_POINT('',(-3.06,2.6,2.157));
#7824 = DIRECTION('',(-1.,-1.33226762955E-15,0.));
#7825 = DIRECTION('',(1.33226762955E-15,-1.,0.));
#7826 = ADVANCED_FACE('',(#7827),#7851,.T.);
#7827 = FACE_BOUND('',#7828,.T.);
#7828 = EDGE_LOOP('',(#7829,#7837,#7838,#7845));
#7829 = ORIENTED_EDGE('',*,*,#7830,.F.);
#7830 = EDGE_CURVE('',#7567,#7831,#7833,.T.);
#7831 = VERTEX_POINT('',#7832);
#7832 = CARTESIAN_POINT('',(-3.06,-1.73,2.157));
#7833 = LINE('',#7834,#7835);
#7834 = CARTESIAN_POINT('',(-3.06,-1.73,1.819667576503));
#7835 = VECTOR('',#7836,1.);
#7836 = DIRECTION('',(8.542304086334E-47,-6.411852916683E-32,1.));
#7837 = ORIENTED_EDGE('',*,*,#7566,.T.);
#7838 = ORIENTED_EDGE('',*,*,#7839,.T.);
#7839 = EDGE_CURVE('',#7560,#7840,#7842,.T.);
#7840 = VERTEX_POINT('',#7841);
#7841 = CARTESIAN_POINT('',(-3.06,-2.6,2.157));
#7842 = B_SPLINE_CURVE_WITH_KNOTS('',1,(#7843,#7844),.UNSPECIFIED.,.F.,
  .F.,(2,2),(0.,1.),.PIECEWISE_BEZIER_KNOTS.);
#7843 = CARTESIAN_POINT('',(-3.06,-2.6,1.903));
#7844 = CARTESIAN_POINT('',(-3.06,-2.6,2.157));
#7845 = ORIENTED_EDGE('',*,*,#7846,.F.);
#7846 = EDGE_CURVE('',#7831,#7840,#7847,.T.);
#7847 = LINE('',#7848,#7849);
#7848 = CARTESIAN_POINT('',(-3.06,2.6,2.157));
#7849 = VECTOR('',#7850,1.);
#7850 = DIRECTION('',(1.33226762955E-15,-1.,0.));
#7851 = PLANE('',#7852);
#7852 = AXIS2_PLACEMENT_3D('',#7853,#7854,#7855);
#7853 = CARTESIAN_POINT('',(-3.06,2.6,2.157));
#7854 = DIRECTION('',(-1.,-1.33226762955E-15,0.));
#7855 = DIRECTION('',(1.33226762955E-15,-1.,0.));
#7856 = ADVANCED_FACE('',(#7857),#7882,.F.);
#7857 = FACE_BOUND('',#7858,.F.);
#7858 = EDGE_LOOP('',(#7859,#7860,#7868,#7876));
#7859 = ORIENTED_EDGE('',*,*,#7590,.F.);
#7860 = ORIENTED_EDGE('',*,*,#7861,.T.);
#7861 = EDGE_CURVE('',#7591,#7862,#7864,.T.);
#7862 = VERTEX_POINT('',#7863);
#7863 = CARTESIAN_POINT('',(-3.429,1.73,1.903));
#7864 = LINE('',#7865,#7866);
#7865 = CARTESIAN_POINT('',(0.127,1.73,1.903));
#7866 = VECTOR('',#7867,1.);
#7867 = DIRECTION('',(-1.,-1.33226762955E-15,0.));
#7868 = ORIENTED_EDGE('',*,*,#7869,.F.);
#7869 = EDGE_CURVE('',#7870,#7862,#7872,.T.);
#7870 = VERTEX_POINT('',#7871);
#7871 = CARTESIAN_POINT('',(-3.429,0.81,1.903));
#7872 = LINE('',#7873,#7874);
#7873 = CARTESIAN_POINT('',(-3.429,0.81,1.903));
#7874 = VECTOR('',#7875,1.);
#7875 = DIRECTION('',(-1.33226762955E-15,1.,-4.692114820729E-32));
#7876 = ORIENTED_EDGE('',*,*,#7877,.T.);
#7877 = EDGE_CURVE('',#7870,#7583,#7878,.T.);
#7878 = LINE('',#7879,#7880);
#7879 = CARTESIAN_POINT('',(-3.683,0.81,1.903));
#7880 = VECTOR('',#7881,1.);
#7881 = DIRECTION('',(1.,1.33226762955E-15,0.));
#7882 = PLANE('',#7883);
#7883 = AXIS2_PLACEMENT_3D('',#7884,#7885,#7886);
#7884 = CARTESIAN_POINT('',(-1.778,1.27,1.903));
#7885 = DIRECTION('',(2.188690342042E-32,4.692114820729E-32,1.));
#7886 = DIRECTION('',(-1.33226762955E-15,1.,-4.692114820729E-32));
#7887 = ADVANCED_FACE('',(#7888),#7913,.F.);
#7888 = FACE_BOUND('',#7889,.F.);
#7889 = EDGE_LOOP('',(#7890,#7900,#7906,#7907));
#7890 = ORIENTED_EDGE('',*,*,#7891,.F.);
#7891 = EDGE_CURVE('',#7892,#7894,#7896,.T.);
#7892 = VERTEX_POINT('',#7893);
#7893 = CARTESIAN_POINT('',(-3.429,-1.73,1.903));
#7894 = VERTEX_POINT('',#7895);
#7895 = CARTESIAN_POINT('',(-3.429,-0.81,1.903));
#7896 = LINE('',#7897,#7898);
#7897 = CARTESIAN_POINT('',(-3.429,-1.73,1.903));
#7898 = VECTOR('',#7899,1.);
#7899 = DIRECTION('',(-1.33226762955E-15,1.,0.));
#7900 = ORIENTED_EDGE('',*,*,#7901,.T.);
#7901 = EDGE_CURVE('',#7892,#7567,#7902,.T.);
#7902 = LINE('',#7903,#7904);
#7903 = CARTESIAN_POINT('',(-3.81,-1.73,1.903));
#7904 = VECTOR('',#7905,1.);
#7905 = DIRECTION('',(1.,1.33226762955E-15,0.));
#7906 = ORIENTED_EDGE('',*,*,#7574,.F.);
#7907 = ORIENTED_EDGE('',*,*,#7908,.T.);
#7908 = EDGE_CURVE('',#7575,#7894,#7909,.T.);
#7909 = LINE('',#7910,#7911);
#7910 = CARTESIAN_POINT('',(-0.13,-0.81,1.903));
#7911 = VECTOR('',#7912,1.);
#7912 = DIRECTION('',(-1.,-1.33226762955E-15,0.));
#7913 = PLANE('',#7914);
#7914 = AXIS2_PLACEMENT_3D('',#7915,#7916,#7917);
#7915 = CARTESIAN_POINT('',(-1.97,-1.27,1.903));
#7916 = DIRECTION('',(0.,0.,1.));
#7917 = DIRECTION('',(-1.33226762955E-15,1.,0.));
#7918 = ADVANCED_FACE('',(#7919),#7944,.T.);
#7919 = FACE_BOUND('',#7920,.T.);
#7920 = EDGE_LOOP('',(#7921,#7929,#7930,#7938));
#7921 = ORIENTED_EDGE('',*,*,#7922,.F.);
#7922 = EDGE_CURVE('',#7583,#7923,#7925,.T.);
#7923 = VERTEX_POINT('',#7924);
#7924 = CARTESIAN_POINT('',(-3.06,0.81,2.157));
#7925 = LINE('',#7926,#7927);
#7926 = CARTESIAN_POINT('',(-3.06,0.81,1.830078069527));
#7927 = VECTOR('',#7928,1.);
#7928 = DIRECTION('',(7.749552340364E-47,-5.816813505392E-32,1.));
#7929 = ORIENTED_EDGE('',*,*,#7582,.T.);
#7930 = ORIENTED_EDGE('',*,*,#7931,.F.);
#7931 = EDGE_CURVE('',#7932,#7575,#7934,.T.);
#7932 = VERTEX_POINT('',#7933);
#7933 = CARTESIAN_POINT('',(-3.06,-0.81,2.157));
#7934 = LINE('',#7935,#7936);
#7935 = CARTESIAN_POINT('',(-3.06,-0.81,1.819667576503));
#7936 = VECTOR('',#7937,1.);
#7937 = DIRECTION('',(-1.79326968169E-45,1.346028111706E-30,-1.));
#7938 = ORIENTED_EDGE('',*,*,#7939,.F.);
#7939 = EDGE_CURVE('',#7923,#7932,#7940,.T.);
#7940 = LINE('',#7941,#7942);
#7941 = CARTESIAN_POINT('',(-3.06,2.6,2.157));
#7942 = VECTOR('',#7943,1.);
#7943 = DIRECTION('',(1.33226762955E-15,-1.,0.));
#7944 = PLANE('',#7945);
#7945 = AXIS2_PLACEMENT_3D('',#7946,#7947,#7948);
#7946 = CARTESIAN_POINT('',(-3.06,2.6,2.157));
#7947 = DIRECTION('',(-1.,-1.33226762955E-15,0.));
#7948 = DIRECTION('',(1.33226762955E-15,-1.,0.));
#7949 = ADVANCED_FACE('',(#7950),#7961,.T.);
#7950 = FACE_BOUND('',#7951,.T.);
#7951 = EDGE_LOOP('',(#7952,#7953,#7954,#7960));
#7952 = ORIENTED_EDGE('',*,*,#7615,.T.);
#7953 = ORIENTED_EDGE('',*,*,#7630,.T.);
#7954 = ORIENTED_EDGE('',*,*,#7955,.F.);
#7955 = EDGE_CURVE('',#7840,#7631,#7956,.T.);
#7956 = LINE('',#7957,#7958);
#7957 = CARTESIAN_POINT('',(-3.06,-2.6,2.157));
#7958 = VECTOR('',#7959,1.);
#7959 = DIRECTION('',(1.,1.33226762955E-15,0.));
#7960 = ORIENTED_EDGE('',*,*,#7839,.F.);
#7961 = PLANE('',#7962);
#7962 = AXIS2_PLACEMENT_3D('',#7963,#7964,#7965);
#7963 = CARTESIAN_POINT('',(-3.06,-2.6,2.157));
#7964 = DIRECTION('',(1.33226762955E-15,-1.,0.));
#7965 = DIRECTION('',(1.,1.33226762955E-15,0.));
#7966 = ADVANCED_FACE('',(#7967),#7991,.T.);
#7967 = FACE_BOUND('',#7968,.T.);
#7968 = EDGE_LOOP('',(#7969,#7976,#7977,#7985));
#7969 = ORIENTED_EDGE('',*,*,#7970,.F.);
#7970 = EDGE_CURVE('',#7631,#7971,#7973,.T.);
#7971 = VERTEX_POINT('',#7972);
#7972 = CARTESIAN_POINT('',(2.985,-2.525,2.157));
#7973 = B_SPLINE_CURVE_WITH_KNOTS('',1,(#7974,#7975),.UNSPECIFIED.,.F.,
  .F.,(2,2),(0.,1.),.PIECEWISE_BEZIER_KNOTS.);
#7974 = CARTESIAN_POINT('',(3.06,-2.6,2.157));
#7975 = CARTESIAN_POINT('',(2.985,-2.525,2.157));
#7976 = ORIENTED_EDGE('',*,*,#7646,.T.);
#7977 = ORIENTED_EDGE('',*,*,#7978,.F.);
#7978 = EDGE_CURVE('',#7979,#7639,#7981,.T.);
#7979 = VERTEX_POINT('',#7980);
#7980 = CARTESIAN_POINT('',(2.985,-1.73,2.157));
#7981 = LINE('',#7982,#7983);
#7982 = CARTESIAN_POINT('',(-0.127,-1.73,2.157));
#7983 = VECTOR('',#7984,1.);
#7984 = DIRECTION('',(1.,1.209802949635E-15,0.));
#7985 = ORIENTED_EDGE('',*,*,#7986,.F.);
#7986 = EDGE_CURVE('',#7971,#7979,#7987,.T.);
#7987 = LINE('',#7988,#7989);
#7988 = CARTESIAN_POINT('',(2.985,-2.525,2.157));
#7989 = VECTOR('',#7990,1.);
#7990 = DIRECTION('',(-1.33226762955E-15,1.,0.));
#7991 = B_SPLINE_SURFACE_WITH_KNOTS('',1,1,(
    (#7992,#7993)
    ,(#7994,#7995
    )),.UNSPECIFIED.,.F.,.F.,.F.,(2,2),(2,2),(0.,5.2),(0.,1.),
  .PIECEWISE_BEZIER_KNOTS.);
#7992 = CARTESIAN_POINT('',(3.06,-2.6,2.157));
#7993 = CARTESIAN_POINT('',(2.985,-2.525,2.157));
#7994 = CARTESIAN_POINT('',(3.06,2.6,2.157));
#7995 = CARTESIAN_POINT('',(2.985,2.525,2.157));
#7996 = ADVANCED_FACE('',(#7997),#8083,.T.);
#7997 = FACE_BOUND('',#7998,.T.);
#7998 = EDGE_LOOP('',(#7999,#8010,#8018,#8027,#8033,#8034,#8035,#8044,
    #8052,#8061,#8069,#8077));
#7999 = ORIENTED_EDGE('',*,*,#8000,.F.);
#8000 = EDGE_CURVE('',#8001,#8003,#8005,.T.);
#8001 = VERTEX_POINT('',#8002);
#8002 = CARTESIAN_POINT('',(3.81,-1.73,0.381));
#8003 = VERTEX_POINT('',#8004);
#8004 = CARTESIAN_POINT('',(3.937,-1.73,0.254));
#8005 = CIRCLE('',#8006,0.127);
#8006 = AXIS2_PLACEMENT_3D('',#8007,#8008,#8009);
#8007 = CARTESIAN_POINT('',(3.937,-1.73,0.381));
#8008 = DIRECTION('',(1.209802949635E-15,-1.,0.));
#8009 = DIRECTION('',(-1.,-1.209802949635E-15,0.));
#8010 = ORIENTED_EDGE('',*,*,#8011,.F.);
#8011 = EDGE_CURVE('',#8012,#8001,#8014,.T.);
#8012 = VERTEX_POINT('',#8013);
#8013 = CARTESIAN_POINT('',(3.81,-1.73,1.776));
#8014 = LINE('',#8015,#8016);
#8015 = CARTESIAN_POINT('',(3.81,-1.73,2.157));
#8016 = VECTOR('',#8017,1.);
#8017 = DIRECTION('',(0.,0.,-1.));
#8018 = ORIENTED_EDGE('',*,*,#8019,.F.);
#8019 = EDGE_CURVE('',#8020,#8012,#8022,.T.);
#8020 = VERTEX_POINT('',#8021);
#8021 = CARTESIAN_POINT('',(3.429,-1.73,2.157));
#8022 = CIRCLE('',#8023,0.381);
#8023 = AXIS2_PLACEMENT_3D('',#8024,#8025,#8026);
#8024 = CARTESIAN_POINT('',(3.429,-1.73,1.776));
#8025 = DIRECTION('',(-1.209802949635E-15,1.,0.));
#8026 = DIRECTION('',(0.,0.,1.));
#8027 = ORIENTED_EDGE('',*,*,#8028,.F.);
#8028 = EDGE_CURVE('',#7639,#8020,#8029,.T.);
#8029 = LINE('',#8030,#8031);
#8030 = CARTESIAN_POINT('',(-0.127,-1.73,2.157));
#8031 = VECTOR('',#8032,1.);
#8032 = DIRECTION('',(1.,1.209802949635E-15,0.));
#8033 = ORIENTED_EDGE('',*,*,#7638,.T.);
#8034 = ORIENTED_EDGE('',*,*,#7691,.T.);
#8035 = ORIENTED_EDGE('',*,*,#8036,.T.);
#8036 = EDGE_CURVE('',#7692,#8037,#8039,.T.);
#8037 = VERTEX_POINT('',#8038);
#8038 = CARTESIAN_POINT('',(3.556,-1.73,1.776));
#8039 = CIRCLE('',#8040,0.127);
#8040 = AXIS2_PLACEMENT_3D('',#8041,#8042,#8043);
#8041 = CARTESIAN_POINT('',(3.429,-1.73,1.776));
#8042 = DIRECTION('',(-1.209802949635E-15,1.,4.692114820729E-32));
#8043 = DIRECTION('',(5.676534350147E-47,-4.692114820729E-32,1.));
#8044 = ORIENTED_EDGE('',*,*,#8045,.T.);
#8045 = EDGE_CURVE('',#8037,#8046,#8048,.T.);
#8046 = VERTEX_POINT('',#8047);
#8047 = CARTESIAN_POINT('',(3.556,-1.73,0.381));
#8048 = LINE('',#8049,#8050);
#8049 = CARTESIAN_POINT('',(3.556,-1.73,2.157));
#8050 = VECTOR('',#8051,1.);
#8051 = DIRECTION('',(0.,0.,-1.));
#8052 = ORIENTED_EDGE('',*,*,#8053,.T.);
#8053 = EDGE_CURVE('',#8046,#8054,#8056,.T.);
#8054 = VERTEX_POINT('',#8055);
#8055 = CARTESIAN_POINT('',(3.937,-1.73,-1.110223024625E-16));
#8056 = CIRCLE('',#8057,0.381);
#8057 = AXIS2_PLACEMENT_3D('',#8058,#8059,#8060);
#8058 = CARTESIAN_POINT('',(3.937,-1.73,0.381));
#8059 = DIRECTION('',(1.209802949635E-15,-1.,0.));
#8060 = DIRECTION('',(0.,0.,-1.));
#8061 = ORIENTED_EDGE('',*,*,#8062,.F.);
#8062 = EDGE_CURVE('',#8063,#8054,#8065,.T.);
#8063 = VERTEX_POINT('',#8064);
#8064 = CARTESIAN_POINT('',(4.476,-1.73,0.));
#8065 = LINE('',#8066,#8067);
#8066 = CARTESIAN_POINT('',(3.81,-1.73,0.));
#8067 = VECTOR('',#8068,1.);
#8068 = DIRECTION('',(-1.,-1.209802949635E-15,0.));
#8069 = ORIENTED_EDGE('',*,*,#8070,.T.);
#8070 = EDGE_CURVE('',#8063,#8071,#8073,.T.);
#8071 = VERTEX_POINT('',#8072);
#8072 = CARTESIAN_POINT('',(4.476,-1.73,0.254));
#8073 = LINE('',#8074,#8075);
#8074 = CARTESIAN_POINT('',(4.476,-1.73,0.));
#8075 = VECTOR('',#8076,1.);
#8076 = DIRECTION('',(0.,0.,1.));
#8077 = ORIENTED_EDGE('',*,*,#8078,.T.);
#8078 = EDGE_CURVE('',#8071,#8003,#8079,.T.);
#8079 = LINE('',#8080,#8081);
#8080 = CARTESIAN_POINT('',(4.476,-1.73,0.254));
#8081 = VECTOR('',#8082,1.);
#8082 = DIRECTION('',(-1.,-1.209802949635E-15,0.));
#8083 = PLANE('',#8084);
#8084 = AXIS2_PLACEMENT_3D('',#8085,#8086,#8087);
#8085 = CARTESIAN_POINT('',(2.599156139053,-1.73,1.503156139053));
#8086 = DIRECTION('',(1.209802949635E-15,-1.,-5.156299924009E-31));
#8087 = DIRECTION('',(6.238106857271E-46,-5.156299924009E-31,1.));
#8088 = ADVANCED_FACE('',(#8089),#8175,.T.);
#8089 = FACE_BOUND('',#8090,.T.);
#8090 = EDGE_LOOP('',(#8091,#8101,#8110,#8118,#8126,#8134,#8143,#8151,
    #8158,#8159,#8160,#8168));
#8091 = ORIENTED_EDGE('',*,*,#8092,.T.);
#8092 = EDGE_CURVE('',#8093,#8095,#8097,.T.);
#8093 = VERTEX_POINT('',#8094);
#8094 = CARTESIAN_POINT('',(3.81,1.73,1.776));
#8095 = VERTEX_POINT('',#8096);
#8096 = CARTESIAN_POINT('',(3.81,1.73,0.381));
#8097 = LINE('',#8098,#8099);
#8098 = CARTESIAN_POINT('',(3.81,1.73,2.157));
#8099 = VECTOR('',#8100,1.);
#8100 = DIRECTION('',(0.,-0.,-1.));
#8101 = ORIENTED_EDGE('',*,*,#8102,.T.);
#8102 = EDGE_CURVE('',#8095,#8103,#8105,.T.);
#8103 = VERTEX_POINT('',#8104);
#8104 = CARTESIAN_POINT('',(3.937,1.73,0.254));
#8105 = CIRCLE('',#8106,0.127);
#8106 = AXIS2_PLACEMENT_3D('',#8107,#8108,#8109);
#8107 = CARTESIAN_POINT('',(3.937,1.73,0.381));
#8108 = DIRECTION('',(1.209802949635E-15,-1.,0.));
#8109 = DIRECTION('',(-1.,-1.209802949635E-15,0.));
#8110 = ORIENTED_EDGE('',*,*,#8111,.T.);
#8111 = EDGE_CURVE('',#8103,#8112,#8114,.T.);
#8112 = VERTEX_POINT('',#8113);
#8113 = CARTESIAN_POINT('',(4.476,1.73,0.254));
#8114 = LINE('',#8115,#8116);
#8115 = CARTESIAN_POINT('',(3.556,1.73,0.254));
#8116 = VECTOR('',#8117,1.);
#8117 = DIRECTION('',(1.,1.209802949635E-15,0.));
#8118 = ORIENTED_EDGE('',*,*,#8119,.F.);
#8119 = EDGE_CURVE('',#8120,#8112,#8122,.T.);
#8120 = VERTEX_POINT('',#8121);
#8121 = CARTESIAN_POINT('',(4.476,1.73,0.));
#8122 = LINE('',#8123,#8124);
#8123 = CARTESIAN_POINT('',(4.476,1.73,0.));
#8124 = VECTOR('',#8125,1.);
#8125 = DIRECTION('',(0.,0.,1.));
#8126 = ORIENTED_EDGE('',*,*,#8127,.F.);
#8127 = EDGE_CURVE('',#8128,#8120,#8130,.T.);
#8128 = VERTEX_POINT('',#8129);
#8129 = CARTESIAN_POINT('',(3.937,1.73,-1.110223024625E-16));
#8130 = LINE('',#8131,#8132);
#8131 = CARTESIAN_POINT('',(3.556,1.73,0.));
#8132 = VECTOR('',#8133,1.);
#8133 = DIRECTION('',(1.,1.209802949635E-15,0.));
#8134 = ORIENTED_EDGE('',*,*,#8135,.F.);
#8135 = EDGE_CURVE('',#8136,#8128,#8138,.T.);
#8136 = VERTEX_POINT('',#8137);
#8137 = CARTESIAN_POINT('',(3.556,1.73,0.381));
#8138 = CIRCLE('',#8139,0.381);
#8139 = AXIS2_PLACEMENT_3D('',#8140,#8141,#8142);
#8140 = CARTESIAN_POINT('',(3.937,1.73,0.381));
#8141 = DIRECTION('',(1.209802949635E-15,-1.,0.));
#8142 = DIRECTION('',(0.,0.,-1.));
#8143 = ORIENTED_EDGE('',*,*,#8144,.T.);
#8144 = EDGE_CURVE('',#8136,#8145,#8147,.T.);
#8145 = VERTEX_POINT('',#8146);
#8146 = CARTESIAN_POINT('',(3.556,1.73,1.776));
#8147 = LINE('',#8148,#8149);
#8148 = CARTESIAN_POINT('',(3.556,1.73,0.));
#8149 = VECTOR('',#8150,1.);
#8150 = DIRECTION('',(0.,0.,1.));
#8151 = ORIENTED_EDGE('',*,*,#8152,.F.);
#8152 = EDGE_CURVE('',#7722,#8145,#8153,.T.);
#8153 = CIRCLE('',#8154,0.127);
#8154 = AXIS2_PLACEMENT_3D('',#8155,#8156,#8157);
#8155 = CARTESIAN_POINT('',(3.429,1.73,1.776));
#8156 = DIRECTION('',(-1.209802949635E-15,1.,0.));
#8157 = DIRECTION('',(1.,1.209802949635E-15,0.));
#8158 = ORIENTED_EDGE('',*,*,#7731,.T.);
#8159 = ORIENTED_EDGE('',*,*,#7660,.T.);
#8160 = ORIENTED_EDGE('',*,*,#8161,.F.);
#8161 = EDGE_CURVE('',#8162,#7661,#8164,.T.);
#8162 = VERTEX_POINT('',#8163);
#8163 = CARTESIAN_POINT('',(3.429,1.73,2.157));
#8164 = LINE('',#8165,#8166);
#8165 = CARTESIAN_POINT('',(3.81,1.73,2.157));
#8166 = VECTOR('',#8167,1.);
#8167 = DIRECTION('',(-1.,-1.209802949635E-15,0.));
#8168 = ORIENTED_EDGE('',*,*,#8169,.T.);
#8169 = EDGE_CURVE('',#8162,#8093,#8170,.T.);
#8170 = CIRCLE('',#8171,0.381);
#8171 = AXIS2_PLACEMENT_3D('',#8172,#8173,#8174);
#8172 = CARTESIAN_POINT('',(3.429,1.73,1.776));
#8173 = DIRECTION('',(-1.209802949635E-15,1.,0.));
#8174 = DIRECTION('',(0.,0.,-1.));
#8175 = PLANE('',#8176);
#8176 = AXIS2_PLACEMENT_3D('',#8177,#8178,#8179);
#8177 = CARTESIAN_POINT('',(2.706835153006,1.73,1.482335153006));
#8178 = DIRECTION('',(-1.209802949635E-15,1.,-6.411852916683E-32));
#8179 = DIRECTION('',(7.757078571232E-47,-6.411852916683E-32,-1.));
#8180 = ADVANCED_FACE('',(#8181),#8205,.T.);
#8181 = FACE_BOUND('',#8182,.T.);
#8182 = EDGE_LOOP('',(#8183,#8191,#8192,#8199));
#8183 = ORIENTED_EDGE('',*,*,#8184,.F.);
#8184 = EDGE_CURVE('',#7661,#8185,#8187,.T.);
#8185 = VERTEX_POINT('',#8186);
#8186 = CARTESIAN_POINT('',(2.985,1.73,2.157));
#8187 = LINE('',#8188,#8189);
#8188 = CARTESIAN_POINT('',(3.81,1.73,2.157));
#8189 = VECTOR('',#8190,1.);
#8190 = DIRECTION('',(-1.,-1.209802949635E-15,0.));
#8191 = ORIENTED_EDGE('',*,*,#7676,.T.);
#8192 = ORIENTED_EDGE('',*,*,#8193,.T.);
#8193 = EDGE_CURVE('',#7670,#8194,#8196,.T.);
#8194 = VERTEX_POINT('',#8195);
#8195 = CARTESIAN_POINT('',(2.985,2.525,2.157));
#8196 = B_SPLINE_CURVE_WITH_KNOTS('',1,(#8197,#8198),.UNSPECIFIED.,.F.,
  .F.,(2,2),(0.,1.),.PIECEWISE_BEZIER_KNOTS.);
#8197 = CARTESIAN_POINT('',(3.06,2.6,2.157));
#8198 = CARTESIAN_POINT('',(2.985,2.525,2.157));
#8199 = ORIENTED_EDGE('',*,*,#8200,.F.);
#8200 = EDGE_CURVE('',#8185,#8194,#8201,.T.);
#8201 = LINE('',#8202,#8203);
#8202 = CARTESIAN_POINT('',(2.985,-2.525,2.157));
#8203 = VECTOR('',#8204,1.);
#8204 = DIRECTION('',(-1.33226762955E-15,1.,0.));
#8205 = B_SPLINE_SURFACE_WITH_KNOTS('',1,1,(
    (#8206,#8207)
    ,(#8208,#8209
    )),.UNSPECIFIED.,.F.,.F.,.F.,(2,2),(2,2),(0.,5.2),(0.,1.),
  .PIECEWISE_BEZIER_KNOTS.);
#8206 = CARTESIAN_POINT('',(3.06,-2.6,2.157));
#8207 = CARTESIAN_POINT('',(2.985,-2.525,2.157));
#8208 = CARTESIAN_POINT('',(3.06,2.6,2.157));
#8209 = CARTESIAN_POINT('',(2.985,2.525,2.157));
#8210 = ADVANCED_FACE('',(#8211),#8297,.T.);
#8211 = FACE_BOUND('',#8212,.T.);
#8212 = EDGE_LOOP('',(#8213,#8223,#8232,#8240,#8248,#8256,#8265,#8273,
    #8280,#8281,#8282,#8290));
#8213 = ORIENTED_EDGE('',*,*,#8214,.F.);
#8214 = EDGE_CURVE('',#8215,#8217,#8219,.T.);
#8215 = VERTEX_POINT('',#8216);
#8216 = CARTESIAN_POINT('',(3.81,-0.81,0.381));
#8217 = VERTEX_POINT('',#8218);
#8218 = CARTESIAN_POINT('',(3.81,-0.81,1.776));
#8219 = LINE('',#8220,#8221);
#8220 = CARTESIAN_POINT('',(3.81,-0.81,0.));
#8221 = VECTOR('',#8222,1.);
#8222 = DIRECTION('',(0.,0.,1.));
#8223 = ORIENTED_EDGE('',*,*,#8224,.T.);
#8224 = EDGE_CURVE('',#8215,#8225,#8227,.T.);
#8225 = VERTEX_POINT('',#8226);
#8226 = CARTESIAN_POINT('',(3.937,-0.81,0.254));
#8227 = CIRCLE('',#8228,0.127);
#8228 = AXIS2_PLACEMENT_3D('',#8229,#8230,#8231);
#8229 = CARTESIAN_POINT('',(3.937,-0.81,0.381));
#8230 = DIRECTION('',(1.209802949635E-15,-1.,0.));
#8231 = DIRECTION('',(-1.,-1.209802949635E-15,0.));
#8232 = ORIENTED_EDGE('',*,*,#8233,.T.);
#8233 = EDGE_CURVE('',#8225,#8234,#8236,.T.);
#8234 = VERTEX_POINT('',#8235);
#8235 = CARTESIAN_POINT('',(4.476,-0.81,0.254));
#8236 = LINE('',#8237,#8238);
#8237 = CARTESIAN_POINT('',(3.556,-0.81,0.254));
#8238 = VECTOR('',#8239,1.);
#8239 = DIRECTION('',(1.,1.209802949635E-15,0.));
#8240 = ORIENTED_EDGE('',*,*,#8241,.F.);
#8241 = EDGE_CURVE('',#8242,#8234,#8244,.T.);
#8242 = VERTEX_POINT('',#8243);
#8243 = CARTESIAN_POINT('',(4.476,-0.81,0.));
#8244 = LINE('',#8245,#8246);
#8245 = CARTESIAN_POINT('',(4.476,-0.81,0.));
#8246 = VECTOR('',#8247,1.);
#8247 = DIRECTION('',(0.,0.,1.));
#8248 = ORIENTED_EDGE('',*,*,#8249,.F.);
#8249 = EDGE_CURVE('',#8250,#8242,#8252,.T.);
#8250 = VERTEX_POINT('',#8251);
#8251 = CARTESIAN_POINT('',(3.937,-0.81,-1.110223024625E-16));
#8252 = LINE('',#8253,#8254);
#8253 = CARTESIAN_POINT('',(3.556,-0.81,0.));
#8254 = VECTOR('',#8255,1.);
#8255 = DIRECTION('',(1.,1.209802949635E-15,0.));
#8256 = ORIENTED_EDGE('',*,*,#8257,.F.);
#8257 = EDGE_CURVE('',#8258,#8250,#8260,.T.);
#8258 = VERTEX_POINT('',#8259);
#8259 = CARTESIAN_POINT('',(3.556,-0.81,0.381));
#8260 = CIRCLE('',#8261,0.381);
#8261 = AXIS2_PLACEMENT_3D('',#8262,#8263,#8264);
#8262 = CARTESIAN_POINT('',(3.937,-0.81,0.381));
#8263 = DIRECTION('',(1.209802949635E-15,-1.,0.));
#8264 = DIRECTION('',(0.,0.,-1.));
#8265 = ORIENTED_EDGE('',*,*,#8266,.T.);
#8266 = EDGE_CURVE('',#8258,#8267,#8269,.T.);
#8267 = VERTEX_POINT('',#8268);
#8268 = CARTESIAN_POINT('',(3.556,-0.81,1.776));
#8269 = LINE('',#8270,#8271);
#8270 = CARTESIAN_POINT('',(3.556,-0.81,0.));
#8271 = VECTOR('',#8272,1.);
#8272 = DIRECTION('',(0.,0.,1.));
#8273 = ORIENTED_EDGE('',*,*,#8274,.F.);
#8274 = EDGE_CURVE('',#7700,#8267,#8275,.T.);
#8275 = CIRCLE('',#8276,0.127);
#8276 = AXIS2_PLACEMENT_3D('',#8277,#8278,#8279);
#8277 = CARTESIAN_POINT('',(3.429,-0.81,1.776));
#8278 = DIRECTION('',(-1.209802949635E-15,1.,4.692114820729E-32));
#8279 = DIRECTION('',(5.676534350147E-47,-4.692114820729E-32,1.));
#8280 = ORIENTED_EDGE('',*,*,#7707,.T.);
#8281 = ORIENTED_EDGE('',*,*,#7752,.T.);
#8282 = ORIENTED_EDGE('',*,*,#8283,.F.);
#8283 = EDGE_CURVE('',#8284,#7753,#8286,.T.);
#8284 = VERTEX_POINT('',#8285);
#8285 = CARTESIAN_POINT('',(3.429,-0.81,2.157));
#8286 = LINE('',#8287,#8288);
#8287 = CARTESIAN_POINT('',(3.683,-0.81,2.157));
#8288 = VECTOR('',#8289,1.);
#8289 = DIRECTION('',(-1.,-1.209802949635E-15,0.));
#8290 = ORIENTED_EDGE('',*,*,#8291,.T.);
#8291 = EDGE_CURVE('',#8284,#8217,#8292,.T.);
#8292 = CIRCLE('',#8293,0.381);
#8293 = AXIS2_PLACEMENT_3D('',#8294,#8295,#8296);
#8294 = CARTESIAN_POINT('',(3.429,-0.81,1.776));
#8295 = DIRECTION('',(-1.209802949635E-15,1.,0.));
#8296 = DIRECTION('',(0.,0.,1.));
#8297 = PLANE('',#8298);
#8298 = AXIS2_PLACEMENT_3D('',#8299,#8300,#8301);
#8299 = CARTESIAN_POINT('',(2.599156139053,-0.81,1.503156139053));
#8300 = DIRECTION('',(-1.209802949635E-15,1.,-5.816813505392E-32));
#8301 = DIRECTION('',(7.037198136302E-47,-5.816813505392E-32,-1.));
#8302 = ADVANCED_FACE('',(#8303),#8314,.F.);
#8303 = FACE_BOUND('',#8304,.F.);
#8304 = EDGE_LOOP('',(#8305,#8306,#8307,#8313));
#8305 = ORIENTED_EDGE('',*,*,#7699,.T.);
#8306 = ORIENTED_EDGE('',*,*,#8036,.T.);
#8307 = ORIENTED_EDGE('',*,*,#8308,.F.);
#8308 = EDGE_CURVE('',#8267,#8037,#8309,.T.);
#8309 = LINE('',#8310,#8311);
#8310 = CARTESIAN_POINT('',(3.556,-0.81,1.776));
#8311 = VECTOR('',#8312,1.);
#8312 = DIRECTION('',(1.209802949635E-15,-1.,-4.692114820729E-32));
#8313 = ORIENTED_EDGE('',*,*,#8274,.F.);
#8314 = CYLINDRICAL_SURFACE('',#8315,0.127);
#8315 = AXIS2_PLACEMENT_3D('',#8316,#8317,#8318);
#8316 = CARTESIAN_POINT('',(3.429,-0.81,1.776));
#8317 = DIRECTION('',(1.209802949635E-15,-1.,-4.692114820729E-32));
#8318 = DIRECTION('',(-2.188690342042E-32,-4.692114820729E-32,1.));
#8319 = ADVANCED_FACE('',(#8320),#8339,.F.);
#8320 = FACE_BOUND('',#8321,.F.);
#8321 = EDGE_LOOP('',(#8322,#8323,#8332,#8338));
#8322 = ORIENTED_EDGE('',*,*,#7721,.T.);
#8323 = ORIENTED_EDGE('',*,*,#8324,.T.);
#8324 = EDGE_CURVE('',#7724,#8325,#8327,.T.);
#8325 = VERTEX_POINT('',#8326);
#8326 = CARTESIAN_POINT('',(3.556,0.81,1.776));
#8327 = CIRCLE('',#8328,0.127);
#8328 = AXIS2_PLACEMENT_3D('',#8329,#8330,#8331);
#8329 = CARTESIAN_POINT('',(3.429,0.81,1.776));
#8330 = DIRECTION('',(-1.209802949635E-15,1.,0.));
#8331 = DIRECTION('',(1.,1.209802949635E-15,0.));
#8332 = ORIENTED_EDGE('',*,*,#8333,.F.);
#8333 = EDGE_CURVE('',#8145,#8325,#8334,.T.);
#8334 = LINE('',#8335,#8336);
#8335 = CARTESIAN_POINT('',(3.556,1.73,1.776));
#8336 = VECTOR('',#8337,1.);
#8337 = DIRECTION('',(1.209802949635E-15,-1.,0.));
#8338 = ORIENTED_EDGE('',*,*,#8152,.F.);
#8339 = CYLINDRICAL_SURFACE('',#8340,0.127);
#8340 = AXIS2_PLACEMENT_3D('',#8341,#8342,#8343);
#8341 = CARTESIAN_POINT('',(3.429,1.73,1.776));
#8342 = DIRECTION('',(1.209802949635E-15,-1.,0.));
#8343 = DIRECTION('',(0.,0.,1.));
#8344 = ADVANCED_FACE('',(#8345),#8423,.T.);
#8345 = FACE_BOUND('',#8346,.T.);
#8346 = EDGE_LOOP('',(#8347,#8358,#8366,#8375,#8381,#8382,#8383,#8384,
    #8392,#8401,#8409,#8417));
#8347 = ORIENTED_EDGE('',*,*,#8348,.F.);
#8348 = EDGE_CURVE('',#8349,#8351,#8353,.T.);
#8349 = VERTEX_POINT('',#8350);
#8350 = CARTESIAN_POINT('',(3.81,0.81,0.381));
#8351 = VERTEX_POINT('',#8352);
#8352 = CARTESIAN_POINT('',(3.937,0.81,0.254));
#8353 = CIRCLE('',#8354,0.127);
#8354 = AXIS2_PLACEMENT_3D('',#8355,#8356,#8357);
#8355 = CARTESIAN_POINT('',(3.937,0.81,0.381));
#8356 = DIRECTION('',(1.209802949635E-15,-1.,0.));
#8357 = DIRECTION('',(-1.,-1.209802949635E-15,0.));
#8358 = ORIENTED_EDGE('',*,*,#8359,.F.);
#8359 = EDGE_CURVE('',#8360,#8349,#8362,.T.);
#8360 = VERTEX_POINT('',#8361);
#8361 = CARTESIAN_POINT('',(3.81,0.81,1.776));
#8362 = LINE('',#8363,#8364);
#8363 = CARTESIAN_POINT('',(3.81,0.81,2.157));
#8364 = VECTOR('',#8365,1.);
#8365 = DIRECTION('',(0.,0.,-1.));
#8366 = ORIENTED_EDGE('',*,*,#8367,.F.);
#8367 = EDGE_CURVE('',#8368,#8360,#8370,.T.);
#8368 = VERTEX_POINT('',#8369);
#8369 = CARTESIAN_POINT('',(3.429,0.81,2.157));
#8370 = CIRCLE('',#8371,0.381);
#8371 = AXIS2_PLACEMENT_3D('',#8372,#8373,#8374);
#8372 = CARTESIAN_POINT('',(3.429,0.81,1.776));
#8373 = DIRECTION('',(-1.209802949635E-15,1.,0.));
#8374 = DIRECTION('',(0.,0.,-1.));
#8375 = ORIENTED_EDGE('',*,*,#8376,.T.);
#8376 = EDGE_CURVE('',#8368,#7762,#8377,.T.);
#8377 = LINE('',#8378,#8379);
#8378 = CARTESIAN_POINT('',(3.81,0.81,2.157));
#8379 = VECTOR('',#8380,1.);
#8380 = DIRECTION('',(-1.,-1.209802949635E-15,0.));
#8381 = ORIENTED_EDGE('',*,*,#7761,.T.);
#8382 = ORIENTED_EDGE('',*,*,#7738,.T.);
#8383 = ORIENTED_EDGE('',*,*,#8324,.T.);
#8384 = ORIENTED_EDGE('',*,*,#8385,.T.);
#8385 = EDGE_CURVE('',#8325,#8386,#8388,.T.);
#8386 = VERTEX_POINT('',#8387);
#8387 = CARTESIAN_POINT('',(3.556,0.81,0.381));
#8388 = LINE('',#8389,#8390);
#8389 = CARTESIAN_POINT('',(3.556,0.81,2.157));
#8390 = VECTOR('',#8391,1.);
#8391 = DIRECTION('',(0.,0.,-1.));
#8392 = ORIENTED_EDGE('',*,*,#8393,.T.);
#8393 = EDGE_CURVE('',#8386,#8394,#8396,.T.);
#8394 = VERTEX_POINT('',#8395);
#8395 = CARTESIAN_POINT('',(3.937,0.81,-1.110223024625E-16));
#8396 = CIRCLE('',#8397,0.381);
#8397 = AXIS2_PLACEMENT_3D('',#8398,#8399,#8400);
#8398 = CARTESIAN_POINT('',(3.937,0.81,0.381));
#8399 = DIRECTION('',(1.209802949635E-15,-1.,0.));
#8400 = DIRECTION('',(0.,0.,-1.));
#8401 = ORIENTED_EDGE('',*,*,#8402,.F.);
#8402 = EDGE_CURVE('',#8403,#8394,#8405,.T.);
#8403 = VERTEX_POINT('',#8404);
#8404 = CARTESIAN_POINT('',(4.476,0.81,0.));
#8405 = LINE('',#8406,#8407);
#8406 = CARTESIAN_POINT('',(3.81,0.81,0.));
#8407 = VECTOR('',#8408,1.);
#8408 = DIRECTION('',(-1.,-1.209802949635E-15,0.));
#8409 = ORIENTED_EDGE('',*,*,#8410,.T.);
#8410 = EDGE_CURVE('',#8403,#8411,#8413,.T.);
#8411 = VERTEX_POINT('',#8412);
#8412 = CARTESIAN_POINT('',(4.476,0.81,0.254));
#8413 = LINE('',#8414,#8415);
#8414 = CARTESIAN_POINT('',(4.476,0.81,0.));
#8415 = VECTOR('',#8416,1.);
#8416 = DIRECTION('',(0.,0.,1.));
#8417 = ORIENTED_EDGE('',*,*,#8418,.T.);
#8418 = EDGE_CURVE('',#8411,#8351,#8419,.T.);
#8419 = LINE('',#8420,#8421);
#8420 = CARTESIAN_POINT('',(4.476,0.81,0.254));
#8421 = VECTOR('',#8422,1.);
#8422 = DIRECTION('',(-1.,-1.209802949635E-15,0.));
#8423 = PLANE('',#8424);
#8424 = AXIS2_PLACEMENT_3D('',#8425,#8426,#8427);
#8425 = CARTESIAN_POINT('',(2.706835153006,0.81,1.482335153006));
#8426 = DIRECTION('',(1.209802949635E-15,-1.,1.346028111706E-30));
#8427 = DIRECTION('',(-1.628428779834E-45,1.346028111706E-30,1.));
#8428 = ADVANCED_FACE('',(#8429),#8454,.T.);
#8429 = FACE_BOUND('',#8430,.T.);
#8430 = EDGE_LOOP('',(#8431,#8439,#8440,#8448));
#8431 = ORIENTED_EDGE('',*,*,#8432,.F.);
#8432 = EDGE_CURVE('',#7753,#8433,#8435,.T.);
#8433 = VERTEX_POINT('',#8434);
#8434 = CARTESIAN_POINT('',(2.985,-0.81,2.157));
#8435 = LINE('',#8436,#8437);
#8436 = CARTESIAN_POINT('',(3.683,-0.81,2.157));
#8437 = VECTOR('',#8438,1.);
#8438 = DIRECTION('',(-1.,-1.209802949635E-15,0.));
#8439 = ORIENTED_EDGE('',*,*,#7769,.T.);
#8440 = ORIENTED_EDGE('',*,*,#8441,.T.);
#8441 = EDGE_CURVE('',#7762,#8442,#8444,.T.);
#8442 = VERTEX_POINT('',#8443);
#8443 = CARTESIAN_POINT('',(2.985,0.81,2.157));
#8444 = LINE('',#8445,#8446);
#8445 = CARTESIAN_POINT('',(3.81,0.81,2.157));
#8446 = VECTOR('',#8447,1.);
#8447 = DIRECTION('',(-1.,-1.209802949635E-15,0.));
#8448 = ORIENTED_EDGE('',*,*,#8449,.F.);
#8449 = EDGE_CURVE('',#8433,#8442,#8450,.T.);
#8450 = LINE('',#8451,#8452);
#8451 = CARTESIAN_POINT('',(2.985,-2.525,2.157));
#8452 = VECTOR('',#8453,1.);
#8453 = DIRECTION('',(-1.33226762955E-15,1.,0.));
#8454 = B_SPLINE_SURFACE_WITH_KNOTS('',1,1,(
    (#8455,#8456)
    ,(#8457,#8458
    )),.UNSPECIFIED.,.F.,.F.,.F.,(2,2),(2,2),(0.,5.2),(0.,1.),
  .PIECEWISE_BEZIER_KNOTS.);
#8455 = CARTESIAN_POINT('',(3.06,-2.6,2.157));
#8456 = CARTESIAN_POINT('',(2.985,-2.525,2.157));
#8457 = CARTESIAN_POINT('',(3.06,2.6,2.157));
#8458 = CARTESIAN_POINT('',(2.985,2.525,2.157));
#8459 = ADVANCED_FACE('',(#8460),#8477,.T.);
#8460 = FACE_BOUND('',#8461,.T.);
#8461 = EDGE_LOOP('',(#8462,#8463,#8470,#8476));
#8462 = ORIENTED_EDGE('',*,*,#7791,.T.);
#8463 = ORIENTED_EDGE('',*,*,#8464,.T.);
#8464 = EDGE_CURVE('',#7785,#8465,#8467,.T.);
#8465 = VERTEX_POINT('',#8466);
#8466 = CARTESIAN_POINT('',(-2.985,2.525,2.157));
#8467 = B_SPLINE_CURVE_WITH_KNOTS('',1,(#8468,#8469),.UNSPECIFIED.,.F.,
  .F.,(2,2),(0.,1.),.PIECEWISE_BEZIER_KNOTS.);
#8468 = CARTESIAN_POINT('',(-3.06,2.6,2.157));
#8469 = CARTESIAN_POINT('',(-2.985,2.525,2.157));
#8470 = ORIENTED_EDGE('',*,*,#8471,.F.);
#8471 = EDGE_CURVE('',#8194,#8465,#8472,.T.);
#8472 = LINE('',#8473,#8474);
#8473 = CARTESIAN_POINT('',(2.985,2.525,2.157));
#8474 = VECTOR('',#8475,1.);
#8475 = DIRECTION('',(-1.,-1.33226762955E-15,0.));
#8476 = ORIENTED_EDGE('',*,*,#8193,.F.);
#8477 = B_SPLINE_SURFACE_WITH_KNOTS('',1,1,(
    (#8478,#8479)
    ,(#8480,#8481
    )),.UNSPECIFIED.,.F.,.F.,.F.,(2,2),(2,2),(0.,6.12),(0.,1.),
  .PIECEWISE_BEZIER_KNOTS.);
#8478 = CARTESIAN_POINT('',(3.06,2.6,2.157));
#8479 = CARTESIAN_POINT('',(2.985,2.525,2.157));
#8480 = CARTESIAN_POINT('',(-3.06,2.6,2.157));
#8481 = CARTESIAN_POINT('',(-2.985,2.525,2.157));
#8482 = ADVANCED_FACE('',(#8483),#8501,.T.);
#8483 = FACE_BOUND('',#8484,.T.);
#8484 = EDGE_LOOP('',(#8485,#8486,#8487,#8495));
#8485 = ORIENTED_EDGE('',*,*,#8464,.F.);
#8486 = ORIENTED_EDGE('',*,*,#7816,.T.);
#8487 = ORIENTED_EDGE('',*,*,#8488,.F.);
#8488 = EDGE_CURVE('',#8489,#7809,#8491,.T.);
#8489 = VERTEX_POINT('',#8490);
#8490 = CARTESIAN_POINT('',(-2.985,1.73,2.157));
#8491 = LINE('',#8492,#8493);
#8492 = CARTESIAN_POINT('',(0.127,1.73,2.157));
#8493 = VECTOR('',#8494,1.);
#8494 = DIRECTION('',(-1.,-1.33226762955E-15,0.));
#8495 = ORIENTED_EDGE('',*,*,#8496,.F.);
#8496 = EDGE_CURVE('',#8465,#8489,#8497,.T.);
#8497 = LINE('',#8498,#8499);
#8498 = CARTESIAN_POINT('',(-2.985,2.525,2.157));
#8499 = VECTOR('',#8500,1.);
#8500 = DIRECTION('',(1.33226762955E-15,-1.,0.));
#8501 = B_SPLINE_SURFACE_WITH_KNOTS('',1,1,(
    (#8502,#8503)
    ,(#8504,#8505
    )),.UNSPECIFIED.,.F.,.F.,.F.,(2,2),(2,2),(0.,5.2),(0.,1.),
  .PIECEWISE_BEZIER_KNOTS.);
#8502 = CARTESIAN_POINT('',(-3.06,2.6,2.157));
#8503 = CARTESIAN_POINT('',(-2.985,2.525,2.157));
#8504 = CARTESIAN_POINT('',(-3.06,-2.6,2.157));
#8505 = CARTESIAN_POINT('',(-2.985,-2.525,2.157));
#8506 = ADVANCED_FACE('',(#8507),#8593,.T.);
#8507 = FACE_BOUND('',#8508,.T.);
#8508 = EDGE_LOOP('',(#8509,#8520,#8528,#8537,#8543,#8544,#8545,#8554,
    #8562,#8571,#8579,#8587));
#8509 = ORIENTED_EDGE('',*,*,#8510,.F.);
#8510 = EDGE_CURVE('',#8511,#8513,#8515,.T.);
#8511 = VERTEX_POINT('',#8512);
#8512 = CARTESIAN_POINT('',(-3.81,1.73,0.381));
#8513 = VERTEX_POINT('',#8514);
#8514 = CARTESIAN_POINT('',(-3.937,1.73,0.254));
#8515 = CIRCLE('',#8516,0.127);
#8516 = AXIS2_PLACEMENT_3D('',#8517,#8518,#8519);
#8517 = CARTESIAN_POINT('',(-3.937,1.73,0.381));
#8518 = DIRECTION('',(-1.33226762955E-15,1.,0.));
#8519 = DIRECTION('',(1.,1.33226762955E-15,0.));
#8520 = ORIENTED_EDGE('',*,*,#8521,.F.);
#8521 = EDGE_CURVE('',#8522,#8511,#8524,.T.);
#8522 = VERTEX_POINT('',#8523);
#8523 = CARTESIAN_POINT('',(-3.81,1.73,1.776));
#8524 = LINE('',#8525,#8526);
#8525 = CARTESIAN_POINT('',(-3.81,1.73,2.157));
#8526 = VECTOR('',#8527,1.);
#8527 = DIRECTION('',(-0.,0.,-1.));
#8528 = ORIENTED_EDGE('',*,*,#8529,.F.);
#8529 = EDGE_CURVE('',#8530,#8522,#8532,.T.);
#8530 = VERTEX_POINT('',#8531);
#8531 = CARTESIAN_POINT('',(-3.429,1.73,2.157));
#8532 = CIRCLE('',#8533,0.381);
#8533 = AXIS2_PLACEMENT_3D('',#8534,#8535,#8536);
#8534 = CARTESIAN_POINT('',(-3.429,1.73,1.776));
#8535 = DIRECTION('',(1.33226762955E-15,-1.,0.));
#8536 = DIRECTION('',(0.,0.,1.));
#8537 = ORIENTED_EDGE('',*,*,#8538,.F.);
#8538 = EDGE_CURVE('',#7809,#8530,#8539,.T.);
#8539 = LINE('',#8540,#8541);
#8540 = CARTESIAN_POINT('',(0.127,1.73,2.157));
#8541 = VECTOR('',#8542,1.);
#8542 = DIRECTION('',(-1.,-1.33226762955E-15,0.));
#8543 = ORIENTED_EDGE('',*,*,#7808,.T.);
#8544 = ORIENTED_EDGE('',*,*,#7861,.T.);
#8545 = ORIENTED_EDGE('',*,*,#8546,.T.);
#8546 = EDGE_CURVE('',#7862,#8547,#8549,.T.);
#8547 = VERTEX_POINT('',#8548);
#8548 = CARTESIAN_POINT('',(-3.556,1.73,1.776));
#8549 = CIRCLE('',#8550,0.127);
#8550 = AXIS2_PLACEMENT_3D('',#8551,#8552,#8553);
#8551 = CARTESIAN_POINT('',(-3.429,1.73,1.776));
#8552 = DIRECTION('',(1.33226762955E-15,-1.,4.692114820729E-32));
#8553 = DIRECTION('',(-6.251152689791E-47,4.692114820729E-32,1.));
#8554 = ORIENTED_EDGE('',*,*,#8555,.T.);
#8555 = EDGE_CURVE('',#8547,#8556,#8558,.T.);
#8556 = VERTEX_POINT('',#8557);
#8557 = CARTESIAN_POINT('',(-3.556,1.73,0.381));
#8558 = LINE('',#8559,#8560);
#8559 = CARTESIAN_POINT('',(-3.556,1.73,2.157));
#8560 = VECTOR('',#8561,1.);
#8561 = DIRECTION('',(-0.,0.,-1.));
#8562 = ORIENTED_EDGE('',*,*,#8563,.T.);
#8563 = EDGE_CURVE('',#8556,#8564,#8566,.T.);
#8564 = VERTEX_POINT('',#8565);
#8565 = CARTESIAN_POINT('',(-3.937,1.73,-1.110223024625E-16));
#8566 = CIRCLE('',#8567,0.381);
#8567 = AXIS2_PLACEMENT_3D('',#8568,#8569,#8570);
#8568 = CARTESIAN_POINT('',(-3.937,1.73,0.381));
#8569 = DIRECTION('',(-1.33226762955E-15,1.,0.));
#8570 = DIRECTION('',(0.,0.,-1.));
#8571 = ORIENTED_EDGE('',*,*,#8572,.F.);
#8572 = EDGE_CURVE('',#8573,#8564,#8575,.T.);
#8573 = VERTEX_POINT('',#8574);
#8574 = CARTESIAN_POINT('',(-4.476,1.73,0.));
#8575 = LINE('',#8576,#8577);
#8576 = CARTESIAN_POINT('',(-3.81,1.73,0.));
#8577 = VECTOR('',#8578,1.);
#8578 = DIRECTION('',(1.,1.33226762955E-15,0.));
#8579 = ORIENTED_EDGE('',*,*,#8580,.T.);
#8580 = EDGE_CURVE('',#8573,#8581,#8583,.T.);
#8581 = VERTEX_POINT('',#8582);
#8582 = CARTESIAN_POINT('',(-4.476,1.73,0.254));
#8583 = LINE('',#8584,#8585);
#8584 = CARTESIAN_POINT('',(-4.476,1.73,0.));
#8585 = VECTOR('',#8586,1.);
#8586 = DIRECTION('',(0.,0.,1.));
#8587 = ORIENTED_EDGE('',*,*,#8588,.T.);
#8588 = EDGE_CURVE('',#8581,#8513,#8589,.T.);
#8589 = LINE('',#8590,#8591);
#8590 = CARTESIAN_POINT('',(-4.476,1.73,0.254));
#8591 = VECTOR('',#8592,1.);
#8592 = DIRECTION('',(1.,1.33226762955E-15,0.));
#8593 = PLANE('',#8594);
#8594 = AXIS2_PLACEMENT_3D('',#8595,#8596,#8597);
#8595 = CARTESIAN_POINT('',(-2.599156139053,1.73,1.503156139053));
#8596 = DIRECTION('',(-1.33226762955E-15,1.,-5.156299924009E-31));
#8597 = DIRECTION('',(-6.869571477009E-46,5.156299924009E-31,1.));
#8598 = ADVANCED_FACE('',(#8599),#8685,.T.);
#8599 = FACE_BOUND('',#8600,.T.);
#8600 = EDGE_LOOP('',(#8601,#8611,#8620,#8628,#8636,#8644,#8653,#8661,
    #8668,#8669,#8670,#8678));
#8601 = ORIENTED_EDGE('',*,*,#8602,.T.);
#8602 = EDGE_CURVE('',#8603,#8605,#8607,.T.);
#8603 = VERTEX_POINT('',#8604);
#8604 = CARTESIAN_POINT('',(-3.81,-1.73,1.776));
#8605 = VERTEX_POINT('',#8606);
#8606 = CARTESIAN_POINT('',(-3.81,-1.73,0.381));
#8607 = LINE('',#8608,#8609);
#8608 = CARTESIAN_POINT('',(-3.81,-1.73,2.157));
#8609 = VECTOR('',#8610,1.);
#8610 = DIRECTION('',(0.,0.,-1.));
#8611 = ORIENTED_EDGE('',*,*,#8612,.T.);
#8612 = EDGE_CURVE('',#8605,#8613,#8615,.T.);
#8613 = VERTEX_POINT('',#8614);
#8614 = CARTESIAN_POINT('',(-3.937,-1.73,0.254));
#8615 = CIRCLE('',#8616,0.127);
#8616 = AXIS2_PLACEMENT_3D('',#8617,#8618,#8619);
#8617 = CARTESIAN_POINT('',(-3.937,-1.73,0.381));
#8618 = DIRECTION('',(-1.33226762955E-15,1.,0.));
#8619 = DIRECTION('',(1.,1.33226762955E-15,0.));
#8620 = ORIENTED_EDGE('',*,*,#8621,.T.);
#8621 = EDGE_CURVE('',#8613,#8622,#8624,.T.);
#8622 = VERTEX_POINT('',#8623);
#8623 = CARTESIAN_POINT('',(-4.476,-1.73,0.254));
#8624 = LINE('',#8625,#8626);
#8625 = CARTESIAN_POINT('',(-3.556,-1.73,0.254));
#8626 = VECTOR('',#8627,1.);
#8627 = DIRECTION('',(-1.,-1.33226762955E-15,0.));
#8628 = ORIENTED_EDGE('',*,*,#8629,.F.);
#8629 = EDGE_CURVE('',#8630,#8622,#8632,.T.);
#8630 = VERTEX_POINT('',#8631);
#8631 = CARTESIAN_POINT('',(-4.476,-1.73,0.));
#8632 = LINE('',#8633,#8634);
#8633 = CARTESIAN_POINT('',(-4.476,-1.73,0.));
#8634 = VECTOR('',#8635,1.);
#8635 = DIRECTION('',(0.,0.,1.));
#8636 = ORIENTED_EDGE('',*,*,#8637,.F.);
#8637 = EDGE_CURVE('',#8638,#8630,#8640,.T.);
#8638 = VERTEX_POINT('',#8639);
#8639 = CARTESIAN_POINT('',(-3.937,-1.73,-1.110223024625E-16));
#8640 = LINE('',#8641,#8642);
#8641 = CARTESIAN_POINT('',(-3.556,-1.73,0.));
#8642 = VECTOR('',#8643,1.);
#8643 = DIRECTION('',(-1.,-1.33226762955E-15,0.));
#8644 = ORIENTED_EDGE('',*,*,#8645,.F.);
#8645 = EDGE_CURVE('',#8646,#8638,#8648,.T.);
#8646 = VERTEX_POINT('',#8647);
#8647 = CARTESIAN_POINT('',(-3.556,-1.73,0.381));
#8648 = CIRCLE('',#8649,0.381);
#8649 = AXIS2_PLACEMENT_3D('',#8650,#8651,#8652);
#8650 = CARTESIAN_POINT('',(-3.937,-1.73,0.381));
#8651 = DIRECTION('',(-1.33226762955E-15,1.,0.));
#8652 = DIRECTION('',(0.,0.,-1.));
#8653 = ORIENTED_EDGE('',*,*,#8654,.T.);
#8654 = EDGE_CURVE('',#8646,#8655,#8657,.T.);
#8655 = VERTEX_POINT('',#8656);
#8656 = CARTESIAN_POINT('',(-3.556,-1.73,1.776));
#8657 = LINE('',#8658,#8659);
#8658 = CARTESIAN_POINT('',(-3.556,-1.73,0.));
#8659 = VECTOR('',#8660,1.);
#8660 = DIRECTION('',(0.,0.,1.));
#8661 = ORIENTED_EDGE('',*,*,#8662,.F.);
#8662 = EDGE_CURVE('',#7892,#8655,#8663,.T.);
#8663 = CIRCLE('',#8664,0.127);
#8664 = AXIS2_PLACEMENT_3D('',#8665,#8666,#8667);
#8665 = CARTESIAN_POINT('',(-3.429,-1.73,1.776));
#8666 = DIRECTION('',(1.33226762955E-15,-1.,-0.));
#8667 = DIRECTION('',(-1.,-1.33226762955E-15,0.));
#8668 = ORIENTED_EDGE('',*,*,#7901,.T.);
#8669 = ORIENTED_EDGE('',*,*,#7830,.T.);
#8670 = ORIENTED_EDGE('',*,*,#8671,.F.);
#8671 = EDGE_CURVE('',#8672,#7831,#8674,.T.);
#8672 = VERTEX_POINT('',#8673);
#8673 = CARTESIAN_POINT('',(-3.429,-1.73,2.157));
#8674 = LINE('',#8675,#8676);
#8675 = CARTESIAN_POINT('',(-3.81,-1.73,2.157));
#8676 = VECTOR('',#8677,1.);
#8677 = DIRECTION('',(1.,1.33226762955E-15,0.));
#8678 = ORIENTED_EDGE('',*,*,#8679,.T.);
#8679 = EDGE_CURVE('',#8672,#8603,#8680,.T.);
#8680 = CIRCLE('',#8681,0.381);
#8681 = AXIS2_PLACEMENT_3D('',#8682,#8683,#8684);
#8682 = CARTESIAN_POINT('',(-3.429,-1.73,1.776));
#8683 = DIRECTION('',(1.33226762955E-15,-1.,-0.));
#8684 = DIRECTION('',(-0.,0.,-1.));
#8685 = PLANE('',#8686);
#8686 = AXIS2_PLACEMENT_3D('',#8687,#8688,#8689);
#8687 = CARTESIAN_POINT('',(-2.706835153006,-1.73,1.482335153006));
#8688 = DIRECTION('',(1.33226762955E-15,-1.,-6.411852916683E-32));
#8689 = DIRECTION('',(-8.542304086334E-47,6.411852916683E-32,-1.));
#8690 = ADVANCED_FACE('',(#8691),#8715,.T.);
#8691 = FACE_BOUND('',#8692,.T.);
#8692 = EDGE_LOOP('',(#8693,#8701,#8702,#8709));
#8693 = ORIENTED_EDGE('',*,*,#8694,.F.);
#8694 = EDGE_CURVE('',#7831,#8695,#8697,.T.);
#8695 = VERTEX_POINT('',#8696);
#8696 = CARTESIAN_POINT('',(-2.985,-1.73,2.157));
#8697 = LINE('',#8698,#8699);
#8698 = CARTESIAN_POINT('',(-3.81,-1.73,2.157));
#8699 = VECTOR('',#8700,1.);
#8700 = DIRECTION('',(1.,1.33226762955E-15,0.));
#8701 = ORIENTED_EDGE('',*,*,#7846,.T.);
#8702 = ORIENTED_EDGE('',*,*,#8703,.T.);
#8703 = EDGE_CURVE('',#7840,#8704,#8706,.T.);
#8704 = VERTEX_POINT('',#8705);
#8705 = CARTESIAN_POINT('',(-2.985,-2.525,2.157));
#8706 = B_SPLINE_CURVE_WITH_KNOTS('',1,(#8707,#8708),.UNSPECIFIED.,.F.,
  .F.,(2,2),(0.,1.),.PIECEWISE_BEZIER_KNOTS.);
#8707 = CARTESIAN_POINT('',(-3.06,-2.6,2.157));
#8708 = CARTESIAN_POINT('',(-2.985,-2.525,2.157));
#8709 = ORIENTED_EDGE('',*,*,#8710,.F.);
#8710 = EDGE_CURVE('',#8695,#8704,#8711,.T.);
#8711 = LINE('',#8712,#8713);
#8712 = CARTESIAN_POINT('',(-2.985,2.525,2.157));
#8713 = VECTOR('',#8714,1.);
#8714 = DIRECTION('',(1.33226762955E-15,-1.,0.));
#8715 = B_SPLINE_SURFACE_WITH_KNOTS('',1,1,(
    (#8716,#8717)
    ,(#8718,#8719
    )),.UNSPECIFIED.,.F.,.F.,.F.,(2,2),(2,2),(0.,5.2),(0.,1.),
  .PIECEWISE_BEZIER_KNOTS.);
#8716 = CARTESIAN_POINT('',(-3.06,2.6,2.157));
#8717 = CARTESIAN_POINT('',(-2.985,2.525,2.157));
#8718 = CARTESIAN_POINT('',(-3.06,-2.6,2.157));
#8719 = CARTESIAN_POINT('',(-2.985,-2.525,2.157));
#8720 = ADVANCED_FACE('',(#8721),#8807,.T.);
#8721 = FACE_BOUND('',#8722,.T.);
#8722 = EDGE_LOOP('',(#8723,#8733,#8742,#8750,#8758,#8766,#8775,#8783,
    #8790,#8791,#8792,#8800));
#8723 = ORIENTED_EDGE('',*,*,#8724,.F.);
#8724 = EDGE_CURVE('',#8725,#8727,#8729,.T.);
#8725 = VERTEX_POINT('',#8726);
#8726 = CARTESIAN_POINT('',(-3.81,0.81,0.381));
#8727 = VERTEX_POINT('',#8728);
#8728 = CARTESIAN_POINT('',(-3.81,0.81,1.776));
#8729 = LINE('',#8730,#8731);
#8730 = CARTESIAN_POINT('',(-3.81,0.81,0.));
#8731 = VECTOR('',#8732,1.);
#8732 = DIRECTION('',(0.,0.,1.));
#8733 = ORIENTED_EDGE('',*,*,#8734,.T.);
#8734 = EDGE_CURVE('',#8725,#8735,#8737,.T.);
#8735 = VERTEX_POINT('',#8736);
#8736 = CARTESIAN_POINT('',(-3.937,0.81,0.254));
#8737 = CIRCLE('',#8738,0.127);
#8738 = AXIS2_PLACEMENT_3D('',#8739,#8740,#8741);
#8739 = CARTESIAN_POINT('',(-3.937,0.81,0.381));
#8740 = DIRECTION('',(-1.33226762955E-15,1.,0.));
#8741 = DIRECTION('',(1.,1.33226762955E-15,0.));
#8742 = ORIENTED_EDGE('',*,*,#8743,.T.);
#8743 = EDGE_CURVE('',#8735,#8744,#8746,.T.);
#8744 = VERTEX_POINT('',#8745);
#8745 = CARTESIAN_POINT('',(-4.476,0.81,0.254));
#8746 = LINE('',#8747,#8748);
#8747 = CARTESIAN_POINT('',(-3.556,0.81,0.254));
#8748 = VECTOR('',#8749,1.);
#8749 = DIRECTION('',(-1.,-1.33226762955E-15,0.));
#8750 = ORIENTED_EDGE('',*,*,#8751,.F.);
#8751 = EDGE_CURVE('',#8752,#8744,#8754,.T.);
#8752 = VERTEX_POINT('',#8753);
#8753 = CARTESIAN_POINT('',(-4.476,0.81,0.));
#8754 = LINE('',#8755,#8756);
#8755 = CARTESIAN_POINT('',(-4.476,0.81,0.));
#8756 = VECTOR('',#8757,1.);
#8757 = DIRECTION('',(0.,0.,1.));
#8758 = ORIENTED_EDGE('',*,*,#8759,.F.);
#8759 = EDGE_CURVE('',#8760,#8752,#8762,.T.);
#8760 = VERTEX_POINT('',#8761);
#8761 = CARTESIAN_POINT('',(-3.937,0.81,-1.110223024625E-16));
#8762 = LINE('',#8763,#8764);
#8763 = CARTESIAN_POINT('',(-3.556,0.81,0.));
#8764 = VECTOR('',#8765,1.);
#8765 = DIRECTION('',(-1.,-1.33226762955E-15,0.));
#8766 = ORIENTED_EDGE('',*,*,#8767,.F.);
#8767 = EDGE_CURVE('',#8768,#8760,#8770,.T.);
#8768 = VERTEX_POINT('',#8769);
#8769 = CARTESIAN_POINT('',(-3.556,0.81,0.381));
#8770 = CIRCLE('',#8771,0.381);
#8771 = AXIS2_PLACEMENT_3D('',#8772,#8773,#8774);
#8772 = CARTESIAN_POINT('',(-3.937,0.81,0.381));
#8773 = DIRECTION('',(-1.33226762955E-15,1.,0.));
#8774 = DIRECTION('',(0.,0.,-1.));
#8775 = ORIENTED_EDGE('',*,*,#8776,.T.);
#8776 = EDGE_CURVE('',#8768,#8777,#8779,.T.);
#8777 = VERTEX_POINT('',#8778);
#8778 = CARTESIAN_POINT('',(-3.556,0.81,1.776));
#8779 = LINE('',#8780,#8781);
#8780 = CARTESIAN_POINT('',(-3.556,0.81,0.));
#8781 = VECTOR('',#8782,1.);
#8782 = DIRECTION('',(0.,0.,1.));
#8783 = ORIENTED_EDGE('',*,*,#8784,.F.);
#8784 = EDGE_CURVE('',#7870,#8777,#8785,.T.);
#8785 = CIRCLE('',#8786,0.127);
#8786 = AXIS2_PLACEMENT_3D('',#8787,#8788,#8789);
#8787 = CARTESIAN_POINT('',(-3.429,0.81,1.776));
#8788 = DIRECTION('',(1.33226762955E-15,-1.,4.692114820729E-32));
#8789 = DIRECTION('',(-6.251152689791E-47,4.692114820729E-32,1.));
#8790 = ORIENTED_EDGE('',*,*,#7877,.T.);
#8791 = ORIENTED_EDGE('',*,*,#7922,.T.);
#8792 = ORIENTED_EDGE('',*,*,#8793,.F.);
#8793 = EDGE_CURVE('',#8794,#7923,#8796,.T.);
#8794 = VERTEX_POINT('',#8795);
#8795 = CARTESIAN_POINT('',(-3.429,0.81,2.157));
#8796 = LINE('',#8797,#8798);
#8797 = CARTESIAN_POINT('',(-3.683,0.81,2.157));
#8798 = VECTOR('',#8799,1.);
#8799 = DIRECTION('',(1.,1.33226762955E-15,0.));
#8800 = ORIENTED_EDGE('',*,*,#8801,.T.);
#8801 = EDGE_CURVE('',#8794,#8727,#8802,.T.);
#8802 = CIRCLE('',#8803,0.381);
#8803 = AXIS2_PLACEMENT_3D('',#8804,#8805,#8806);
#8804 = CARTESIAN_POINT('',(-3.429,0.81,1.776));
#8805 = DIRECTION('',(1.33226762955E-15,-1.,0.));
#8806 = DIRECTION('',(0.,0.,1.));
#8807 = PLANE('',#8808);
#8808 = AXIS2_PLACEMENT_3D('',#8809,#8810,#8811);
#8809 = CARTESIAN_POINT('',(-2.599156139053,0.81,1.503156139053));
#8810 = DIRECTION('',(1.33226762955E-15,-1.,-5.816813505392E-32));
#8811 = DIRECTION('',(-7.749552340364E-47,5.816813505392E-32,-1.));
#8812 = ADVANCED_FACE('',(#8813),#8824,.F.);
#8813 = FACE_BOUND('',#8814,.F.);
#8814 = EDGE_LOOP('',(#8815,#8816,#8817,#8823));
#8815 = ORIENTED_EDGE('',*,*,#7869,.T.);
#8816 = ORIENTED_EDGE('',*,*,#8546,.T.);
#8817 = ORIENTED_EDGE('',*,*,#8818,.F.);
#8818 = EDGE_CURVE('',#8777,#8547,#8819,.T.);
#8819 = LINE('',#8820,#8821);
#8820 = CARTESIAN_POINT('',(-3.556,0.81,1.776));
#8821 = VECTOR('',#8822,1.);
#8822 = DIRECTION('',(-1.33226762955E-15,1.,-4.692114820729E-32));
#8823 = ORIENTED_EDGE('',*,*,#8784,.F.);
#8824 = CYLINDRICAL_SURFACE('',#8825,0.127);
#8825 = AXIS2_PLACEMENT_3D('',#8826,#8827,#8828);
#8826 = CARTESIAN_POINT('',(-3.429,0.81,1.776));
#8827 = DIRECTION('',(-1.33226762955E-15,1.,-4.692114820729E-32));
#8828 = DIRECTION('',(2.188690342042E-32,4.692114820729E-32,1.));
#8829 = ADVANCED_FACE('',(#8830),#8849,.F.);
#8830 = FACE_BOUND('',#8831,.F.);
#8831 = EDGE_LOOP('',(#8832,#8833,#8842,#8848));
#8832 = ORIENTED_EDGE('',*,*,#7891,.T.);
#8833 = ORIENTED_EDGE('',*,*,#8834,.T.);
#8834 = EDGE_CURVE('',#7894,#8835,#8837,.T.);
#8835 = VERTEX_POINT('',#8836);
#8836 = CARTESIAN_POINT('',(-3.556,-0.81,1.776));
#8837 = CIRCLE('',#8838,0.127);
#8838 = AXIS2_PLACEMENT_3D('',#8839,#8840,#8841);
#8839 = CARTESIAN_POINT('',(-3.429,-0.81,1.776));
#8840 = DIRECTION('',(1.33226762955E-15,-1.,-0.));
#8841 = DIRECTION('',(-1.,-1.33226762955E-15,0.));
#8842 = ORIENTED_EDGE('',*,*,#8843,.F.);
#8843 = EDGE_CURVE('',#8655,#8835,#8844,.T.);
#8844 = LINE('',#8845,#8846);
#8845 = CARTESIAN_POINT('',(-3.556,-1.73,1.776));
#8846 = VECTOR('',#8847,1.);
#8847 = DIRECTION('',(-1.33226762955E-15,1.,0.));
#8848 = ORIENTED_EDGE('',*,*,#8662,.F.);
#8849 = CYLINDRICAL_SURFACE('',#8850,0.127);
#8850 = AXIS2_PLACEMENT_3D('',#8851,#8852,#8853);
#8851 = CARTESIAN_POINT('',(-3.429,-1.73,1.776));
#8852 = DIRECTION('',(-1.33226762955E-15,1.,0.));
#8853 = DIRECTION('',(0.,0.,1.));
#8854 = ADVANCED_FACE('',(#8855),#8933,.T.);
#8855 = FACE_BOUND('',#8856,.T.);
#8856 = EDGE_LOOP('',(#8857,#8868,#8876,#8885,#8891,#8892,#8893,#8894,
    #8902,#8911,#8919,#8927));
#8857 = ORIENTED_EDGE('',*,*,#8858,.F.);
#8858 = EDGE_CURVE('',#8859,#8861,#8863,.T.);
#8859 = VERTEX_POINT('',#8860);
#8860 = CARTESIAN_POINT('',(-3.81,-0.81,0.381));
#8861 = VERTEX_POINT('',#8862);
#8862 = CARTESIAN_POINT('',(-3.937,-0.81,0.254));
#8863 = CIRCLE('',#8864,0.127);
#8864 = AXIS2_PLACEMENT_3D('',#8865,#8866,#8867);
#8865 = CARTESIAN_POINT('',(-3.937,-0.81,0.381));
#8866 = DIRECTION('',(-1.33226762955E-15,1.,0.));
#8867 = DIRECTION('',(1.,1.33226762955E-15,0.));
#8868 = ORIENTED_EDGE('',*,*,#8869,.F.);
#8869 = EDGE_CURVE('',#8870,#8859,#8872,.T.);
#8870 = VERTEX_POINT('',#8871);
#8871 = CARTESIAN_POINT('',(-3.81,-0.81,1.776));
#8872 = LINE('',#8873,#8874);
#8873 = CARTESIAN_POINT('',(-3.81,-0.81,2.157));
#8874 = VECTOR('',#8875,1.);
#8875 = DIRECTION('',(-0.,0.,-1.));
#8876 = ORIENTED_EDGE('',*,*,#8877,.F.);
#8877 = EDGE_CURVE('',#8878,#8870,#8880,.T.);
#8878 = VERTEX_POINT('',#8879);
#8879 = CARTESIAN_POINT('',(-3.429,-0.81,2.157));
#8880 = CIRCLE('',#8881,0.381);
#8881 = AXIS2_PLACEMENT_3D('',#8882,#8883,#8884);
#8882 = CARTESIAN_POINT('',(-3.429,-0.81,1.776));
#8883 = DIRECTION('',(1.33226762955E-15,-1.,-0.));
#8884 = DIRECTION('',(-0.,0.,-1.));
#8885 = ORIENTED_EDGE('',*,*,#8886,.T.);
#8886 = EDGE_CURVE('',#8878,#7932,#8887,.T.);
#8887 = LINE('',#8888,#8889);
#8888 = CARTESIAN_POINT('',(-3.81,-0.81,2.157));
#8889 = VECTOR('',#8890,1.);
#8890 = DIRECTION('',(1.,1.33226762955E-15,0.));
#8891 = ORIENTED_EDGE('',*,*,#7931,.T.);
#8892 = ORIENTED_EDGE('',*,*,#7908,.T.);
#8893 = ORIENTED_EDGE('',*,*,#8834,.T.);
#8894 = ORIENTED_EDGE('',*,*,#8895,.T.);
#8895 = EDGE_CURVE('',#8835,#8896,#8898,.T.);
#8896 = VERTEX_POINT('',#8897);
#8897 = CARTESIAN_POINT('',(-3.556,-0.81,0.381));
#8898 = LINE('',#8899,#8900);
#8899 = CARTESIAN_POINT('',(-3.556,-0.81,2.157));
#8900 = VECTOR('',#8901,1.);
#8901 = DIRECTION('',(-0.,0.,-1.));
#8902 = ORIENTED_EDGE('',*,*,#8903,.T.);
#8903 = EDGE_CURVE('',#8896,#8904,#8906,.T.);
#8904 = VERTEX_POINT('',#8905);
#8905 = CARTESIAN_POINT('',(-3.937,-0.81,-1.110223024625E-16));
#8906 = CIRCLE('',#8907,0.381);
#8907 = AXIS2_PLACEMENT_3D('',#8908,#8909,#8910);
#8908 = CARTESIAN_POINT('',(-3.937,-0.81,0.381));
#8909 = DIRECTION('',(-1.33226762955E-15,1.,0.));
#8910 = DIRECTION('',(0.,0.,-1.));
#8911 = ORIENTED_EDGE('',*,*,#8912,.F.);
#8912 = EDGE_CURVE('',#8913,#8904,#8915,.T.);
#8913 = VERTEX_POINT('',#8914);
#8914 = CARTESIAN_POINT('',(-4.476,-0.81,0.));
#8915 = LINE('',#8916,#8917);
#8916 = CARTESIAN_POINT('',(-3.81,-0.81,0.));
#8917 = VECTOR('',#8918,1.);
#8918 = DIRECTION('',(1.,1.33226762955E-15,0.));
#8919 = ORIENTED_EDGE('',*,*,#8920,.T.);
#8920 = EDGE_CURVE('',#8913,#8921,#8923,.T.);
#8921 = VERTEX_POINT('',#8922);
#8922 = CARTESIAN_POINT('',(-4.476,-0.81,0.254));
#8923 = LINE('',#8924,#8925);
#8924 = CARTESIAN_POINT('',(-4.476,-0.81,0.));
#8925 = VECTOR('',#8926,1.);
#8926 = DIRECTION('',(0.,0.,1.));
#8927 = ORIENTED_EDGE('',*,*,#8928,.T.);
#8928 = EDGE_CURVE('',#8921,#8861,#8929,.T.);
#8929 = LINE('',#8930,#8931);
#8930 = CARTESIAN_POINT('',(-4.476,-0.81,0.254));
#8931 = VECTOR('',#8932,1.);
#8932 = DIRECTION('',(1.,1.33226762955E-15,0.));
#8933 = PLANE('',#8934);
#8934 = AXIS2_PLACEMENT_3D('',#8935,#8936,#8937);
#8935 = CARTESIAN_POINT('',(-2.706835153006,-0.81,1.482335153006));
#8936 = DIRECTION('',(-1.33226762955E-15,1.,1.346028111706E-30));
#8937 = DIRECTION('',(1.79326968169E-45,-1.346028111706E-30,1.));
#8938 = ADVANCED_FACE('',(#8939),#8964,.T.);
#8939 = FACE_BOUND('',#8940,.T.);
#8940 = EDGE_LOOP('',(#8941,#8949,#8950,#8958));
#8941 = ORIENTED_EDGE('',*,*,#8942,.F.);
#8942 = EDGE_CURVE('',#7923,#8943,#8945,.T.);
#8943 = VERTEX_POINT('',#8944);
#8944 = CARTESIAN_POINT('',(-2.985,0.81,2.157));
#8945 = LINE('',#8946,#8947);
#8946 = CARTESIAN_POINT('',(-3.683,0.81,2.157));
#8947 = VECTOR('',#8948,1.);
#8948 = DIRECTION('',(1.,1.33226762955E-15,0.));
#8949 = ORIENTED_EDGE('',*,*,#7939,.T.);
#8950 = ORIENTED_EDGE('',*,*,#8951,.T.);
#8951 = EDGE_CURVE('',#7932,#8952,#8954,.T.);
#8952 = VERTEX_POINT('',#8953);
#8953 = CARTESIAN_POINT('',(-2.985,-0.81,2.157));
#8954 = LINE('',#8955,#8956);
#8955 = CARTESIAN_POINT('',(-3.81,-0.81,2.157));
#8956 = VECTOR('',#8957,1.);
#8957 = DIRECTION('',(1.,1.33226762955E-15,0.));
#8958 = ORIENTED_EDGE('',*,*,#8959,.F.);
#8959 = EDGE_CURVE('',#8943,#8952,#8960,.T.);
#8960 = LINE('',#8961,#8962);
#8961 = CARTESIAN_POINT('',(-2.985,2.525,2.157));
#8962 = VECTOR('',#8963,1.);
#8963 = DIRECTION('',(1.33226762955E-15,-1.,0.));
#8964 = B_SPLINE_SURFACE_WITH_KNOTS('',1,1,(
    (#8965,#8966)
    ,(#8967,#8968
    )),.UNSPECIFIED.,.F.,.F.,.F.,(2,2),(2,2),(0.,5.2),(0.,1.),
  .PIECEWISE_BEZIER_KNOTS.);
#8965 = CARTESIAN_POINT('',(-3.06,2.6,2.157));
#8966 = CARTESIAN_POINT('',(-2.985,2.525,2.157));
#8967 = CARTESIAN_POINT('',(-3.06,-2.6,2.157));
#8968 = CARTESIAN_POINT('',(-2.985,-2.525,2.157));
#8969 = ADVANCED_FACE('',(#8970),#8981,.T.);
#8970 = FACE_BOUND('',#8971,.T.);
#8971 = EDGE_LOOP('',(#8972,#8973,#8974,#8980));
#8972 = ORIENTED_EDGE('',*,*,#7955,.T.);
#8973 = ORIENTED_EDGE('',*,*,#7970,.T.);
#8974 = ORIENTED_EDGE('',*,*,#8975,.F.);
#8975 = EDGE_CURVE('',#8704,#7971,#8976,.T.);
#8976 = LINE('',#8977,#8978);
#8977 = CARTESIAN_POINT('',(-2.985,-2.525,2.157));
#8978 = VECTOR('',#8979,1.);
#8979 = DIRECTION('',(1.,1.33226762955E-15,0.));
#8980 = ORIENTED_EDGE('',*,*,#8703,.F.);
#8981 = B_SPLINE_SURFACE_WITH_KNOTS('',1,1,(
    (#8982,#8983)
    ,(#8984,#8985
    )),.UNSPECIFIED.,.F.,.F.,.F.,(2,2),(2,2),(0.,6.12),(0.,1.),
  .PIECEWISE_BEZIER_KNOTS.);
#8982 = CARTESIAN_POINT('',(-3.06,-2.6,2.157));
#8983 = CARTESIAN_POINT('',(-2.985,-2.525,2.157));
#8984 = CARTESIAN_POINT('',(3.06,-2.6,2.157));
#8985 = CARTESIAN_POINT('',(2.985,-2.525,2.157));
#8986 = ADVANCED_FACE('',(#8987),#9024,.T.);
#8987 = FACE_BOUND('',#8988,.T.);
#8988 = EDGE_LOOP('',(#8989,#8990,#8996,#8997,#9003,#9004,#9011,#9019));
#8989 = ORIENTED_EDGE('',*,*,#7986,.T.);
#8990 = ORIENTED_EDGE('',*,*,#8991,.T.);
#8991 = EDGE_CURVE('',#7979,#8433,#8992,.T.);
#8992 = LINE('',#8993,#8994);
#8993 = CARTESIAN_POINT('',(2.985,-2.525,2.157));
#8994 = VECTOR('',#8995,1.);
#8995 = DIRECTION('',(-1.33226762955E-15,1.,0.));
#8996 = ORIENTED_EDGE('',*,*,#8449,.T.);
#8997 = ORIENTED_EDGE('',*,*,#8998,.T.);
#8998 = EDGE_CURVE('',#8442,#8185,#8999,.T.);
#8999 = LINE('',#9000,#9001);
#9000 = CARTESIAN_POINT('',(2.985,-2.525,2.157));
#9001 = VECTOR('',#9002,1.);
#9002 = DIRECTION('',(-1.33226762955E-15,1.,0.));
#9003 = ORIENTED_EDGE('',*,*,#8200,.T.);
#9004 = ORIENTED_EDGE('',*,*,#9005,.T.);
#9005 = EDGE_CURVE('',#8194,#9006,#9008,.T.);
#9006 = VERTEX_POINT('',#9007);
#9007 = CARTESIAN_POINT('',(2.661276356577,2.201276356577,3.68));
#9008 = B_SPLINE_CURVE_WITH_KNOTS('',1,(#9009,#9010),.UNSPECIFIED.,.F.,
  .F.,(2,2),(0.,1.),.PIECEWISE_BEZIER_KNOTS.);
#9009 = CARTESIAN_POINT('',(2.985,2.525,2.157));
#9010 = CARTESIAN_POINT('',(2.661276356577,2.201276356577,3.68));
#9011 = ORIENTED_EDGE('',*,*,#9012,.F.);
#9012 = EDGE_CURVE('',#9013,#9006,#9015,.T.);
#9013 = VERTEX_POINT('',#9014);
#9014 = CARTESIAN_POINT('',(2.661276356577,-2.201276356577,3.68));
#9015 = LINE('',#9016,#9017);
#9016 = CARTESIAN_POINT('',(2.661276356577,-2.201276356577,3.68));
#9017 = VECTOR('',#9018,1.);
#9018 = DIRECTION('',(-1.33226762955E-15,1.,0.));
#9019 = ORIENTED_EDGE('',*,*,#9020,.F.);
#9020 = EDGE_CURVE('',#7971,#9013,#9021,.T.);
#9021 = B_SPLINE_CURVE_WITH_KNOTS('',1,(#9022,#9023),.UNSPECIFIED.,.F.,
  .F.,(2,2),(0.,1.),.PIECEWISE_BEZIER_KNOTS.);
#9022 = CARTESIAN_POINT('',(2.985,-2.525,2.157));
#9023 = CARTESIAN_POINT('',(2.661276356577,-2.201276356577,3.68));
#9024 = B_SPLINE_SURFACE_WITH_KNOTS('',1,1,(
    (#9025,#9026)
    ,(#9027,#9028
    )),.UNSPECIFIED.,.F.,.F.,.F.,(2,2),(2,2),(0.,5.05),(0.,1.),
  .PIECEWISE_BEZIER_KNOTS.);
#9025 = CARTESIAN_POINT('',(2.985,-2.525,2.157));
#9026 = CARTESIAN_POINT('',(2.661276356577,-2.201276356577,3.68));
#9027 = CARTESIAN_POINT('',(2.985,2.525,2.157));
#9028 = CARTESIAN_POINT('',(2.661276356577,2.201276356577,3.68));
#9029 = ADVANCED_FACE('',(#9030),#9041,.T.);
#9030 = FACE_BOUND('',#9031,.T.);
#9031 = EDGE_LOOP('',(#9032,#9033,#9039,#9040));
#9032 = ORIENTED_EDGE('',*,*,#7978,.T.);
#9033 = ORIENTED_EDGE('',*,*,#9034,.T.);
#9034 = EDGE_CURVE('',#7639,#7753,#9035,.T.);
#9035 = LINE('',#9036,#9037);
#9036 = CARTESIAN_POINT('',(3.06,-2.6,2.157));
#9037 = VECTOR('',#9038,1.);
#9038 = DIRECTION('',(-1.33226762955E-15,1.,0.));
#9039 = ORIENTED_EDGE('',*,*,#8432,.T.);
#9040 = ORIENTED_EDGE('',*,*,#8991,.F.);
#9041 = B_SPLINE_SURFACE_WITH_KNOTS('',1,1,(
    (#9042,#9043)
    ,(#9044,#9045
    )),.UNSPECIFIED.,.F.,.F.,.F.,(2,2),(2,2),(0.,5.2),(0.,1.),
  .PIECEWISE_BEZIER_KNOTS.);
#9042 = CARTESIAN_POINT('',(3.06,-2.6,2.157));
#9043 = CARTESIAN_POINT('',(2.985,-2.525,2.157));
#9044 = CARTESIAN_POINT('',(3.06,2.6,2.157));
#9045 = CARTESIAN_POINT('',(2.985,2.525,2.157));
#9046 = ADVANCED_FACE('',(#9047),#9063,.F.);
#9047 = FACE_BOUND('',#9048,.F.);
#9048 = EDGE_LOOP('',(#9049,#9055,#9056,#9062));
#9049 = ORIENTED_EDGE('',*,*,#9050,.T.);
#9050 = EDGE_CURVE('',#8001,#8215,#9051,.T.);
#9051 = LINE('',#9052,#9053);
#9052 = CARTESIAN_POINT('',(3.81,-1.73,0.381));
#9053 = VECTOR('',#9054,1.);
#9054 = DIRECTION('',(-1.209802949635E-15,1.,0.));
#9055 = ORIENTED_EDGE('',*,*,#8224,.T.);
#9056 = ORIENTED_EDGE('',*,*,#9057,.F.);
#9057 = EDGE_CURVE('',#8003,#8225,#9058,.T.);
#9058 = LINE('',#9059,#9060);
#9059 = CARTESIAN_POINT('',(3.937,-1.73,0.254));
#9060 = VECTOR('',#9061,1.);
#9061 = DIRECTION('',(-1.209802949635E-15,1.,0.));
#9062 = ORIENTED_EDGE('',*,*,#8000,.F.);
#9063 = CYLINDRICAL_SURFACE('',#9064,0.127);
#9064 = AXIS2_PLACEMENT_3D('',#9065,#9066,#9067);
#9065 = CARTESIAN_POINT('',(3.937,-1.73,0.381));
#9066 = DIRECTION('',(-1.209802949635E-15,1.,0.));
#9067 = DIRECTION('',(-1.,-1.209802949635E-15,-0.));
#9068 = ADVANCED_FACE('',(#9069),#9080,.F.);
#9069 = FACE_BOUND('',#9070,.F.);
#9070 = EDGE_LOOP('',(#9071,#9072,#9078,#9079));
#9071 = ORIENTED_EDGE('',*,*,#8233,.T.);
#9072 = ORIENTED_EDGE('',*,*,#9073,.T.);
#9073 = EDGE_CURVE('',#8234,#8071,#9074,.T.);
#9074 = LINE('',#9075,#9076);
#9075 = CARTESIAN_POINT('',(4.476,-0.81,0.254));
#9076 = VECTOR('',#9077,1.);
#9077 = DIRECTION('',(1.209802949635E-15,-1.,0.));
#9078 = ORIENTED_EDGE('',*,*,#8078,.T.);
#9079 = ORIENTED_EDGE('',*,*,#9057,.T.);
#9080 = PLANE('',#9081);
#9081 = AXIS2_PLACEMENT_3D('',#9082,#9083,#9084);
#9082 = CARTESIAN_POINT('',(4.016,-1.27,0.254));
#9083 = DIRECTION('',(-0.,0.,-1.));
#9084 = DIRECTION('',(-1.209802949635E-15,1.,0.));
#9085 = ADVANCED_FACE('',(#9086),#9097,.T.);
#9086 = FACE_BOUND('',#9087,.T.);
#9087 = EDGE_LOOP('',(#9088,#9089,#9090,#9091));
#9088 = ORIENTED_EDGE('',*,*,#8241,.T.);
#9089 = ORIENTED_EDGE('',*,*,#9073,.T.);
#9090 = ORIENTED_EDGE('',*,*,#8070,.F.);
#9091 = ORIENTED_EDGE('',*,*,#9092,.F.);
#9092 = EDGE_CURVE('',#8242,#8063,#9093,.T.);
#9093 = LINE('',#9094,#9095);
#9094 = CARTESIAN_POINT('',(4.476,-0.81,0.));
#9095 = VECTOR('',#9096,1.);
#9096 = DIRECTION('',(1.209802949635E-15,-1.,0.));
#9097 = PLANE('',#9098);
#9098 = AXIS2_PLACEMENT_3D('',#9099,#9100,#9101);
#9099 = CARTESIAN_POINT('',(4.476,-0.81,0.));
#9100 = DIRECTION('',(1.,1.209802949635E-15,0.));
#9101 = DIRECTION('',(1.209802949635E-15,-1.,0.));
#9102 = ADVANCED_FACE('',(#9103),#9114,.T.);
#9103 = FACE_BOUND('',#9104,.T.);
#9104 = EDGE_LOOP('',(#9105,#9106,#9112,#9113));
#9105 = ORIENTED_EDGE('',*,*,#8062,.T.);
#9106 = ORIENTED_EDGE('',*,*,#9107,.T.);
#9107 = EDGE_CURVE('',#8054,#8250,#9108,.T.);
#9108 = LINE('',#9109,#9110);
#9109 = CARTESIAN_POINT('',(3.937,-1.73,-1.110223024625E-16));
#9110 = VECTOR('',#9111,1.);
#9111 = DIRECTION('',(-1.209802949635E-15,1.,0.));
#9112 = ORIENTED_EDGE('',*,*,#8249,.T.);
#9113 = ORIENTED_EDGE('',*,*,#9092,.T.);
#9114 = PLANE('',#9115);
#9115 = AXIS2_PLACEMENT_3D('',#9116,#9117,#9118);
#9116 = CARTESIAN_POINT('',(4.016,-1.27,0.));
#9117 = DIRECTION('',(-0.,0.,-1.));
#9118 = DIRECTION('',(-1.209802949635E-15,1.,0.));
#9119 = ADVANCED_FACE('',(#9120),#9131,.T.);
#9120 = FACE_BOUND('',#9121,.T.);
#9121 = EDGE_LOOP('',(#9122,#9128,#9129,#9130));
#9122 = ORIENTED_EDGE('',*,*,#9123,.T.);
#9123 = EDGE_CURVE('',#8046,#8258,#9124,.T.);
#9124 = LINE('',#9125,#9126);
#9125 = CARTESIAN_POINT('',(3.556,-1.73,0.381));
#9126 = VECTOR('',#9127,1.);
#9127 = DIRECTION('',(-1.209802949635E-15,1.,0.));
#9128 = ORIENTED_EDGE('',*,*,#8257,.T.);
#9129 = ORIENTED_EDGE('',*,*,#9107,.F.);
#9130 = ORIENTED_EDGE('',*,*,#8053,.F.);
#9131 = CYLINDRICAL_SURFACE('',#9132,0.381);
#9132 = AXIS2_PLACEMENT_3D('',#9133,#9134,#9135);
#9133 = CARTESIAN_POINT('',(3.937,-1.73,0.381));
#9134 = DIRECTION('',(-1.209802949635E-15,1.,0.));
#9135 = DIRECTION('',(-1.,-1.209802949635E-15,-0.));
#9136 = ADVANCED_FACE('',(#9137),#9143,.F.);
#9137 = FACE_BOUND('',#9138,.F.);
#9138 = EDGE_LOOP('',(#9139,#9140,#9141,#9142));
#9139 = ORIENTED_EDGE('',*,*,#8045,.T.);
#9140 = ORIENTED_EDGE('',*,*,#9123,.T.);
#9141 = ORIENTED_EDGE('',*,*,#8266,.T.);
#9142 = ORIENTED_EDGE('',*,*,#8308,.T.);
#9143 = PLANE('',#9144);
#9144 = AXIS2_PLACEMENT_3D('',#9145,#9146,#9147);
#9145 = CARTESIAN_POINT('',(3.556,-1.27,1.0785));
#9146 = DIRECTION('',(1.,1.209802949635E-15,0.));
#9147 = DIRECTION('',(1.209802949635E-15,-1.,0.));
#9148 = ADVANCED_FACE('',(#9149),#9160,.T.);
#9149 = FACE_BOUND('',#9150,.T.);
#9150 = EDGE_LOOP('',(#9151,#9157,#9158,#9159));
#9151 = ORIENTED_EDGE('',*,*,#9152,.F.);
#9152 = EDGE_CURVE('',#8284,#8020,#9153,.T.);
#9153 = LINE('',#9154,#9155);
#9154 = CARTESIAN_POINT('',(3.429,-0.81,2.157));
#9155 = VECTOR('',#9156,1.);
#9156 = DIRECTION('',(1.209802949635E-15,-1.,0.));
#9157 = ORIENTED_EDGE('',*,*,#8283,.T.);
#9158 = ORIENTED_EDGE('',*,*,#9034,.F.);
#9159 = ORIENTED_EDGE('',*,*,#8028,.T.);
#9160 = PLANE('',#9161);
#9161 = AXIS2_PLACEMENT_3D('',#9162,#9163,#9164);
#9162 = CARTESIAN_POINT('',(1.8415,-1.27,2.157));
#9163 = DIRECTION('',(0.,0.,1.));
#9164 = DIRECTION('',(1.209802949635E-15,-1.,0.));
#9165 = ADVANCED_FACE('',(#9166),#9177,.T.);
#9166 = FACE_BOUND('',#9167,.T.);
#9167 = EDGE_LOOP('',(#9168,#9169,#9170,#9176));
#9168 = ORIENTED_EDGE('',*,*,#9152,.T.);
#9169 = ORIENTED_EDGE('',*,*,#8019,.T.);
#9170 = ORIENTED_EDGE('',*,*,#9171,.F.);
#9171 = EDGE_CURVE('',#8217,#8012,#9172,.T.);
#9172 = LINE('',#9173,#9174);
#9173 = CARTESIAN_POINT('',(3.81,-0.81,1.776));
#9174 = VECTOR('',#9175,1.);
#9175 = DIRECTION('',(1.209802949635E-15,-1.,0.));
#9176 = ORIENTED_EDGE('',*,*,#8291,.F.);
#9177 = CYLINDRICAL_SURFACE('',#9178,0.381);
#9178 = AXIS2_PLACEMENT_3D('',#9179,#9180,#9181);
#9179 = CARTESIAN_POINT('',(3.429,-0.81,1.776));
#9180 = DIRECTION('',(1.209802949635E-15,-1.,0.));
#9181 = DIRECTION('',(0.,0.,1.));
#9182 = ADVANCED_FACE('',(#9183),#9189,.T.);
#9183 = FACE_BOUND('',#9184,.T.);
#9184 = EDGE_LOOP('',(#9185,#9186,#9187,#9188));
#9185 = ORIENTED_EDGE('',*,*,#8011,.T.);
#9186 = ORIENTED_EDGE('',*,*,#9050,.T.);
#9187 = ORIENTED_EDGE('',*,*,#8214,.T.);
#9188 = ORIENTED_EDGE('',*,*,#9171,.T.);
#9189 = PLANE('',#9190);
#9190 = AXIS2_PLACEMENT_3D('',#9191,#9192,#9193);
#9191 = CARTESIAN_POINT('',(3.81,-1.27,1.0785));
#9192 = DIRECTION('',(1.,1.209802949635E-15,0.));
#9193 = DIRECTION('',(1.209802949635E-15,-1.,0.));
#9194 = ADVANCED_FACE('',(#9195),#9211,.T.);
#9195 = FACE_BOUND('',#9196,.T.);
#9196 = EDGE_LOOP('',(#9197,#9198,#9204,#9205));
#9197 = ORIENTED_EDGE('',*,*,#8359,.T.);
#9198 = ORIENTED_EDGE('',*,*,#9199,.T.);
#9199 = EDGE_CURVE('',#8349,#8095,#9200,.T.);
#9200 = LINE('',#9201,#9202);
#9201 = CARTESIAN_POINT('',(3.81,0.81,0.381));
#9202 = VECTOR('',#9203,1.);
#9203 = DIRECTION('',(-1.209802949635E-15,1.,0.));
#9204 = ORIENTED_EDGE('',*,*,#8092,.F.);
#9205 = ORIENTED_EDGE('',*,*,#9206,.F.);
#9206 = EDGE_CURVE('',#8360,#8093,#9207,.T.);
#9207 = LINE('',#9208,#9209);
#9208 = CARTESIAN_POINT('',(3.81,0.81,1.776));
#9209 = VECTOR('',#9210,1.);
#9210 = DIRECTION('',(-1.209802949635E-15,1.,0.));
#9211 = PLANE('',#9212);
#9212 = AXIS2_PLACEMENT_3D('',#9213,#9214,#9215);
#9213 = CARTESIAN_POINT('',(3.81,1.27,1.0785));
#9214 = DIRECTION('',(1.,1.209802949635E-15,0.));
#9215 = DIRECTION('',(1.209802949635E-15,-1.,0.));
#9216 = ADVANCED_FACE('',(#9217),#9228,.T.);
#9217 = FACE_BOUND('',#9218,.T.);
#9218 = EDGE_LOOP('',(#9219,#9220,#9221,#9222));
#9219 = ORIENTED_EDGE('',*,*,#8367,.T.);
#9220 = ORIENTED_EDGE('',*,*,#9206,.T.);
#9221 = ORIENTED_EDGE('',*,*,#8169,.F.);
#9222 = ORIENTED_EDGE('',*,*,#9223,.F.);
#9223 = EDGE_CURVE('',#8368,#8162,#9224,.T.);
#9224 = LINE('',#9225,#9226);
#9225 = CARTESIAN_POINT('',(3.429,0.81,2.157));
#9226 = VECTOR('',#9227,1.);
#9227 = DIRECTION('',(-1.209802949635E-15,1.,0.));
#9228 = CYLINDRICAL_SURFACE('',#9229,0.381);
#9229 = AXIS2_PLACEMENT_3D('',#9230,#9231,#9232);
#9230 = CARTESIAN_POINT('',(3.429,0.81,1.776));
#9231 = DIRECTION('',(-1.209802949635E-15,1.,0.));
#9232 = DIRECTION('',(0.,0.,1.));
#9233 = ADVANCED_FACE('',(#9234),#9245,.T.);
#9234 = FACE_BOUND('',#9235,.T.);
#9235 = EDGE_LOOP('',(#9236,#9237,#9238,#9244));
#9236 = ORIENTED_EDGE('',*,*,#9223,.T.);
#9237 = ORIENTED_EDGE('',*,*,#8161,.T.);
#9238 = ORIENTED_EDGE('',*,*,#9239,.F.);
#9239 = EDGE_CURVE('',#7762,#7661,#9240,.T.);
#9240 = LINE('',#9241,#9242);
#9241 = CARTESIAN_POINT('',(3.06,-2.6,2.157));
#9242 = VECTOR('',#9243,1.);
#9243 = DIRECTION('',(-1.33226762955E-15,1.,0.));
#9244 = ORIENTED_EDGE('',*,*,#8376,.F.);
#9245 = PLANE('',#9246);
#9246 = AXIS2_PLACEMENT_3D('',#9247,#9248,#9249);
#9247 = CARTESIAN_POINT('',(1.97,1.27,2.157));
#9248 = DIRECTION('',(0.,0.,1.));
#9249 = DIRECTION('',(1.209802949635E-15,-1.,0.));
#9250 = ADVANCED_FACE('',(#9251),#9262,.F.);
#9251 = FACE_BOUND('',#9252,.F.);
#9252 = EDGE_LOOP('',(#9253,#9254,#9260,#9261));
#9253 = ORIENTED_EDGE('',*,*,#8385,.T.);
#9254 = ORIENTED_EDGE('',*,*,#9255,.T.);
#9255 = EDGE_CURVE('',#8386,#8136,#9256,.T.);
#9256 = LINE('',#9257,#9258);
#9257 = CARTESIAN_POINT('',(3.556,0.81,0.381));
#9258 = VECTOR('',#9259,1.);
#9259 = DIRECTION('',(-1.209802949635E-15,1.,0.));
#9260 = ORIENTED_EDGE('',*,*,#8144,.T.);
#9261 = ORIENTED_EDGE('',*,*,#8333,.T.);
#9262 = PLANE('',#9263);
#9263 = AXIS2_PLACEMENT_3D('',#9264,#9265,#9266);
#9264 = CARTESIAN_POINT('',(3.556,1.27,1.0785));
#9265 = DIRECTION('',(1.,1.209802949635E-15,0.));
#9266 = DIRECTION('',(1.209802949635E-15,-1.,0.));
#9267 = ADVANCED_FACE('',(#9268),#9279,.T.);
#9268 = FACE_BOUND('',#9269,.T.);
#9269 = EDGE_LOOP('',(#9270,#9271,#9272,#9278));
#9270 = ORIENTED_EDGE('',*,*,#9255,.T.);
#9271 = ORIENTED_EDGE('',*,*,#8135,.T.);
#9272 = ORIENTED_EDGE('',*,*,#9273,.F.);
#9273 = EDGE_CURVE('',#8394,#8128,#9274,.T.);
#9274 = LINE('',#9275,#9276);
#9275 = CARTESIAN_POINT('',(3.937,0.81,-1.110223024625E-16));
#9276 = VECTOR('',#9277,1.);
#9277 = DIRECTION('',(-1.209802949635E-15,1.,0.));
#9278 = ORIENTED_EDGE('',*,*,#8393,.F.);
#9279 = CYLINDRICAL_SURFACE('',#9280,0.381);
#9280 = AXIS2_PLACEMENT_3D('',#9281,#9282,#9283);
#9281 = CARTESIAN_POINT('',(3.937,0.81,0.381));
#9282 = DIRECTION('',(-1.209802949635E-15,1.,0.));
#9283 = DIRECTION('',(-1.,-1.209802949635E-15,-0.));
#9284 = ADVANCED_FACE('',(#9285),#9296,.T.);
#9285 = FACE_BOUND('',#9286,.T.);
#9286 = EDGE_LOOP('',(#9287,#9288,#9294,#9295));
#9287 = ORIENTED_EDGE('',*,*,#8127,.T.);
#9288 = ORIENTED_EDGE('',*,*,#9289,.T.);
#9289 = EDGE_CURVE('',#8120,#8403,#9290,.T.);
#9290 = LINE('',#9291,#9292);
#9291 = CARTESIAN_POINT('',(4.476,1.73,0.));
#9292 = VECTOR('',#9293,1.);
#9293 = DIRECTION('',(1.209802949635E-15,-1.,0.));
#9294 = ORIENTED_EDGE('',*,*,#8402,.T.);
#9295 = ORIENTED_EDGE('',*,*,#9273,.T.);
#9296 = PLANE('',#9297);
#9297 = AXIS2_PLACEMENT_3D('',#9298,#9299,#9300);
#9298 = CARTESIAN_POINT('',(4.016,1.27,0.));
#9299 = DIRECTION('',(-0.,0.,-1.));
#9300 = DIRECTION('',(-1.209802949635E-15,1.,0.));
#9301 = ADVANCED_FACE('',(#9302),#9313,.T.);
#9302 = FACE_BOUND('',#9303,.T.);
#9303 = EDGE_LOOP('',(#9304,#9305,#9311,#9312));
#9304 = ORIENTED_EDGE('',*,*,#8119,.T.);
#9305 = ORIENTED_EDGE('',*,*,#9306,.T.);
#9306 = EDGE_CURVE('',#8112,#8411,#9307,.T.);
#9307 = LINE('',#9308,#9309);
#9308 = CARTESIAN_POINT('',(4.476,1.73,0.254));
#9309 = VECTOR('',#9310,1.);
#9310 = DIRECTION('',(1.209802949635E-15,-1.,0.));
#9311 = ORIENTED_EDGE('',*,*,#8410,.F.);
#9312 = ORIENTED_EDGE('',*,*,#9289,.F.);
#9313 = PLANE('',#9314);
#9314 = AXIS2_PLACEMENT_3D('',#9315,#9316,#9317);
#9315 = CARTESIAN_POINT('',(4.476,1.73,0.));
#9316 = DIRECTION('',(1.,1.209802949635E-15,0.));
#9317 = DIRECTION('',(1.209802949635E-15,-1.,0.));
#9318 = ADVANCED_FACE('',(#9319),#9330,.F.);
#9319 = FACE_BOUND('',#9320,.F.);
#9320 = EDGE_LOOP('',(#9321,#9322,#9323,#9324));
#9321 = ORIENTED_EDGE('',*,*,#8111,.T.);
#9322 = ORIENTED_EDGE('',*,*,#9306,.T.);
#9323 = ORIENTED_EDGE('',*,*,#8418,.T.);
#9324 = ORIENTED_EDGE('',*,*,#9325,.T.);
#9325 = EDGE_CURVE('',#8351,#8103,#9326,.T.);
#9326 = LINE('',#9327,#9328);
#9327 = CARTESIAN_POINT('',(3.937,0.81,0.254));
#9328 = VECTOR('',#9329,1.);
#9329 = DIRECTION('',(-1.209802949635E-15,1.,0.));
#9330 = PLANE('',#9331);
#9331 = AXIS2_PLACEMENT_3D('',#9332,#9333,#9334);
#9332 = CARTESIAN_POINT('',(4.016,1.27,0.254));
#9333 = DIRECTION('',(-0.,0.,-1.));
#9334 = DIRECTION('',(-1.209802949635E-15,1.,0.));
#9335 = ADVANCED_FACE('',(#9336),#9342,.F.);
#9336 = FACE_BOUND('',#9337,.F.);
#9337 = EDGE_LOOP('',(#9338,#9339,#9340,#9341));
#9338 = ORIENTED_EDGE('',*,*,#9199,.T.);
#9339 = ORIENTED_EDGE('',*,*,#8102,.T.);
#9340 = ORIENTED_EDGE('',*,*,#9325,.F.);
#9341 = ORIENTED_EDGE('',*,*,#8348,.F.);
#9342 = CYLINDRICAL_SURFACE('',#9343,0.127);
#9343 = AXIS2_PLACEMENT_3D('',#9344,#9345,#9346);
#9344 = CARTESIAN_POINT('',(3.937,0.81,0.381));
#9345 = DIRECTION('',(-1.209802949635E-15,1.,0.));
#9346 = DIRECTION('',(-1.,-1.209802949635E-15,-0.));
#9347 = ADVANCED_FACE('',(#9348),#9354,.T.);
#9348 = FACE_BOUND('',#9349,.T.);
#9349 = EDGE_LOOP('',(#9350,#9351,#9352,#9353));
#9350 = ORIENTED_EDGE('',*,*,#8441,.F.);
#9351 = ORIENTED_EDGE('',*,*,#9239,.T.);
#9352 = ORIENTED_EDGE('',*,*,#8184,.T.);
#9353 = ORIENTED_EDGE('',*,*,#8998,.F.);
#9354 = B_SPLINE_SURFACE_WITH_KNOTS('',1,1,(
    (#9355,#9356)
    ,(#9357,#9358
    )),.UNSPECIFIED.,.F.,.F.,.F.,(2,2),(2,2),(0.,5.2),(0.,1.),
  .PIECEWISE_BEZIER_KNOTS.);
#9355 = CARTESIAN_POINT('',(3.06,-2.6,2.157));
#9356 = CARTESIAN_POINT('',(2.985,-2.525,2.157));
#9357 = CARTESIAN_POINT('',(3.06,2.6,2.157));
#9358 = CARTESIAN_POINT('',(2.985,2.525,2.157));
#9359 = ADVANCED_FACE('',(#9360),#9412,.T.);
#9360 = FACE_BOUND('',#9361,.T.);
#9361 = EDGE_LOOP('',(#9362,#9363,#9364,#9371,#9379,#9389,#9396,#9406));
#9362 = ORIENTED_EDGE('',*,*,#9005,.F.);
#9363 = ORIENTED_EDGE('',*,*,#8471,.T.);
#9364 = ORIENTED_EDGE('',*,*,#9365,.T.);
#9365 = EDGE_CURVE('',#8465,#9366,#9368,.T.);
#9366 = VERTEX_POINT('',#9367);
#9367 = CARTESIAN_POINT('',(-2.661276356577,2.201276356577,3.68));
#9368 = B_SPLINE_CURVE_WITH_KNOTS('',1,(#9369,#9370),.UNSPECIFIED.,.F.,
  .F.,(2,2),(0.,1.),.PIECEWISE_BEZIER_KNOTS.);
#9369 = CARTESIAN_POINT('',(-2.985,2.525,2.157));
#9370 = CARTESIAN_POINT('',(-2.661276356577,2.201276356577,3.68));
#9371 = ORIENTED_EDGE('',*,*,#9372,.F.);
#9372 = EDGE_CURVE('',#9373,#9366,#9375,.T.);
#9373 = VERTEX_POINT('',#9374);
#9374 = CARTESIAN_POINT('',(-0.74624057783,2.201276356577,3.68));
#9375 = LINE('',#9376,#9377);
#9376 = CARTESIAN_POINT('',(2.661276356577,2.201276356577,3.68));
#9377 = VECTOR('',#9378,1.);
#9378 = DIRECTION('',(-1.,-1.33226762955E-15,0.));
#9379 = ORIENTED_EDGE('',*,*,#9380,.F.);
#9380 = EDGE_CURVE('',#9381,#9373,#9383,.T.);
#9381 = VERTEX_POINT('',#9382);
#9382 = CARTESIAN_POINT('',(-0.749347495591,2.307554637412,3.18));
#9383 = B_SPLINE_CURVE_WITH_KNOTS('',4,(#9384,#9385,#9386,#9387,#9388),
  .UNSPECIFIED.,.F.,.F.,(5,5),(0.,1.),.PIECEWISE_BEZIER_KNOTS.);
#9384 = CARTESIAN_POINT('',(-0.749347490267,2.307554764945,3.1799994));
#9385 = CARTESIAN_POINT('',(-0.750456008355,2.28099761949,3.304940946134
    ));
#9386 = CARTESIAN_POINT('',(-0.750307887675,2.254428628772,
    3.429938219841));
#9387 = CARTESIAN_POINT('',(-0.748911623283,2.227852929042,3.55496705697
    ));
#9388 = CARTESIAN_POINT('',(-0.74624057783,2.201276356577,3.68));
#9389 = ORIENTED_EDGE('',*,*,#9390,.T.);
#9390 = EDGE_CURVE('',#9381,#9391,#9393,.T.);
#9391 = VERTEX_POINT('',#9392);
#9392 = CARTESIAN_POINT('',(0.749347495591,2.307554637412,3.18));
#9393 = B_SPLINE_CURVE_WITH_KNOTS('',1,(#9394,#9395),.UNSPECIFIED.,.F.,
  .F.,(2,2),(0.,1.),.PIECEWISE_BEZIER_KNOTS.);
#9394 = CARTESIAN_POINT('',(-0.75,2.307554637412,3.18));
#9395 = CARTESIAN_POINT('',(0.75,2.307554637412,3.18));
#9396 = ORIENTED_EDGE('',*,*,#9397,.T.);
#9397 = EDGE_CURVE('',#9391,#9398,#9400,.T.);
#9398 = VERTEX_POINT('',#9399);
#9399 = CARTESIAN_POINT('',(0.74624057783,2.201276356577,3.68));
#9400 = B_SPLINE_CURVE_WITH_KNOTS('',4,(#9401,#9402,#9403,#9404,#9405),
  .UNSPECIFIED.,.F.,.F.,(5,5),(0.,1.),.PIECEWISE_BEZIER_KNOTS.);
#9401 = CARTESIAN_POINT('',(0.749347490267,2.307554764946,3.1799994));
#9402 = CARTESIAN_POINT('',(0.750456008355,2.28099761949,3.304940946134)
  );
#9403 = CARTESIAN_POINT('',(0.750307887675,2.254428628772,3.429938219841
    ));
#9404 = CARTESIAN_POINT('',(0.748911623283,2.227852929042,3.55496705697)
  );
#9405 = CARTESIAN_POINT('',(0.74624057783,2.201276356577,3.68));
#9406 = ORIENTED_EDGE('',*,*,#9407,.F.);
#9407 = EDGE_CURVE('',#9006,#9398,#9408,.T.);
#9408 = LINE('',#9409,#9410);
#9409 = CARTESIAN_POINT('',(2.661276356577,2.201276356577,3.68));
#9410 = VECTOR('',#9411,1.);
#9411 = DIRECTION('',(-1.,-1.33226762955E-15,0.));
#9412 = B_SPLINE_SURFACE_WITH_KNOTS('',1,1,(
    (#9413,#9414)
    ,(#9415,#9416
    )),.UNSPECIFIED.,.F.,.F.,.F.,(2,2),(2,2),(0.,5.97),(0.,1.),
  .PIECEWISE_BEZIER_KNOTS.);
#9413 = CARTESIAN_POINT('',(2.985,2.525,2.157));
#9414 = CARTESIAN_POINT('',(2.661276356577,2.201276356577,3.68));
#9415 = CARTESIAN_POINT('',(-2.985,2.525,2.157));
#9416 = CARTESIAN_POINT('',(-2.661276356577,2.201276356577,3.68));
#9417 = ADVANCED_FACE('',(#9418),#9449,.T.);
#9418 = FACE_BOUND('',#9419,.T.);
#9419 = EDGE_LOOP('',(#9420,#9421,#9427,#9428,#9434,#9435,#9442,#9448));
#9420 = ORIENTED_EDGE('',*,*,#8496,.T.);
#9421 = ORIENTED_EDGE('',*,*,#9422,.T.);
#9422 = EDGE_CURVE('',#8489,#8943,#9423,.T.);
#9423 = LINE('',#9424,#9425);
#9424 = CARTESIAN_POINT('',(-2.985,2.525,2.157));
#9425 = VECTOR('',#9426,1.);
#9426 = DIRECTION('',(1.33226762955E-15,-1.,0.));
#9427 = ORIENTED_EDGE('',*,*,#8959,.T.);
#9428 = ORIENTED_EDGE('',*,*,#9429,.T.);
#9429 = EDGE_CURVE('',#8952,#8695,#9430,.T.);
#9430 = LINE('',#9431,#9432);
#9431 = CARTESIAN_POINT('',(-2.985,2.525,2.157));
#9432 = VECTOR('',#9433,1.);
#9433 = DIRECTION('',(1.33226762955E-15,-1.,0.));
#9434 = ORIENTED_EDGE('',*,*,#8710,.T.);
#9435 = ORIENTED_EDGE('',*,*,#9436,.T.);
#9436 = EDGE_CURVE('',#8704,#9437,#9439,.T.);
#9437 = VERTEX_POINT('',#9438);
#9438 = CARTESIAN_POINT('',(-2.661276356577,-2.201276356577,3.68));
#9439 = B_SPLINE_CURVE_WITH_KNOTS('',1,(#9440,#9441),.UNSPECIFIED.,.F.,
  .F.,(2,2),(0.,1.),.PIECEWISE_BEZIER_KNOTS.);
#9440 = CARTESIAN_POINT('',(-2.985,-2.525,2.157));
#9441 = CARTESIAN_POINT('',(-2.661276356577,-2.201276356577,3.68));
#9442 = ORIENTED_EDGE('',*,*,#9443,.F.);
#9443 = EDGE_CURVE('',#9366,#9437,#9444,.T.);
#9444 = LINE('',#9445,#9446);
#9445 = CARTESIAN_POINT('',(-2.661276356577,2.201276356577,3.68));
#9446 = VECTOR('',#9447,1.);
#9447 = DIRECTION('',(1.33226762955E-15,-1.,0.));
#9448 = ORIENTED_EDGE('',*,*,#9365,.F.);
#9449 = B_SPLINE_SURFACE_WITH_KNOTS('',1,1,(
    (#9450,#9451)
    ,(#9452,#9453
    )),.UNSPECIFIED.,.F.,.F.,.F.,(2,2),(2,2),(0.,5.05),(0.,1.),
  .PIECEWISE_BEZIER_KNOTS.);
#9450 = CARTESIAN_POINT('',(-2.985,2.525,2.157));
#9451 = CARTESIAN_POINT('',(-2.661276356577,2.201276356577,3.68));
#9452 = CARTESIAN_POINT('',(-2.985,-2.525,2.157));
#9453 = CARTESIAN_POINT('',(-2.661276356577,-2.201276356577,3.68));
#9454 = ADVANCED_FACE('',(#9455),#9466,.T.);
#9455 = FACE_BOUND('',#9456,.T.);
#9456 = EDGE_LOOP('',(#9457,#9458,#9464,#9465));
#9457 = ORIENTED_EDGE('',*,*,#8488,.T.);
#9458 = ORIENTED_EDGE('',*,*,#9459,.T.);
#9459 = EDGE_CURVE('',#7809,#7923,#9460,.T.);
#9460 = LINE('',#9461,#9462);
#9461 = CARTESIAN_POINT('',(-3.06,2.6,2.157));
#9462 = VECTOR('',#9463,1.);
#9463 = DIRECTION('',(1.33226762955E-15,-1.,0.));
#9464 = ORIENTED_EDGE('',*,*,#8942,.T.);
#9465 = ORIENTED_EDGE('',*,*,#9422,.F.);
#9466 = B_SPLINE_SURFACE_WITH_KNOTS('',1,1,(
    (#9467,#9468)
    ,(#9469,#9470
    )),.UNSPECIFIED.,.F.,.F.,.F.,(2,2),(2,2),(0.,5.2),(0.,1.),
  .PIECEWISE_BEZIER_KNOTS.);
#9467 = CARTESIAN_POINT('',(-3.06,2.6,2.157));
#9468 = CARTESIAN_POINT('',(-2.985,2.525,2.157));
#9469 = CARTESIAN_POINT('',(-3.06,-2.6,2.157));
#9470 = CARTESIAN_POINT('',(-2.985,-2.525,2.157));
#9471 = ADVANCED_FACE('',(#9472),#9488,.F.);
#9472 = FACE_BOUND('',#9473,.F.);
#9473 = EDGE_LOOP('',(#9474,#9480,#9481,#9487));
#9474 = ORIENTED_EDGE('',*,*,#9475,.T.);
#9475 = EDGE_CURVE('',#8511,#8725,#9476,.T.);
#9476 = LINE('',#9477,#9478);
#9477 = CARTESIAN_POINT('',(-3.81,1.73,0.381));
#9478 = VECTOR('',#9479,1.);
#9479 = DIRECTION('',(1.33226762955E-15,-1.,0.));
#9480 = ORIENTED_EDGE('',*,*,#8734,.T.);
#9481 = ORIENTED_EDGE('',*,*,#9482,.F.);
#9482 = EDGE_CURVE('',#8513,#8735,#9483,.T.);
#9483 = LINE('',#9484,#9485);
#9484 = CARTESIAN_POINT('',(-3.937,1.73,0.254));
#9485 = VECTOR('',#9486,1.);
#9486 = DIRECTION('',(1.33226762955E-15,-1.,0.));
#9487 = ORIENTED_EDGE('',*,*,#8510,.F.);
#9488 = CYLINDRICAL_SURFACE('',#9489,0.127);
#9489 = AXIS2_PLACEMENT_3D('',#9490,#9491,#9492);
#9490 = CARTESIAN_POINT('',(-3.937,1.73,0.381));
#9491 = DIRECTION('',(1.33226762955E-15,-1.,0.));
#9492 = DIRECTION('',(1.,1.33226762955E-15,0.));
#9493 = ADVANCED_FACE('',(#9494),#9505,.F.);
#9494 = FACE_BOUND('',#9495,.F.);
#9495 = EDGE_LOOP('',(#9496,#9497,#9503,#9504));
#9496 = ORIENTED_EDGE('',*,*,#8743,.T.);
#9497 = ORIENTED_EDGE('',*,*,#9498,.T.);
#9498 = EDGE_CURVE('',#8744,#8581,#9499,.T.);
#9499 = LINE('',#9500,#9501);
#9500 = CARTESIAN_POINT('',(-4.476,0.81,0.254));
#9501 = VECTOR('',#9502,1.);
#9502 = DIRECTION('',(-1.33226762955E-15,1.,0.));
#9503 = ORIENTED_EDGE('',*,*,#8588,.T.);
#9504 = ORIENTED_EDGE('',*,*,#9482,.T.);
#9505 = PLANE('',#9506);
#9506 = AXIS2_PLACEMENT_3D('',#9507,#9508,#9509);
#9507 = CARTESIAN_POINT('',(-4.016,1.27,0.254));
#9508 = DIRECTION('',(0.,0.,-1.));
#9509 = DIRECTION('',(1.33226762955E-15,-1.,0.));
#9510 = ADVANCED_FACE('',(#9511),#9522,.T.);
#9511 = FACE_BOUND('',#9512,.T.);
#9512 = EDGE_LOOP('',(#9513,#9514,#9515,#9516));
#9513 = ORIENTED_EDGE('',*,*,#8751,.T.);
#9514 = ORIENTED_EDGE('',*,*,#9498,.T.);
#9515 = ORIENTED_EDGE('',*,*,#8580,.F.);
#9516 = ORIENTED_EDGE('',*,*,#9517,.F.);
#9517 = EDGE_CURVE('',#8752,#8573,#9518,.T.);
#9518 = LINE('',#9519,#9520);
#9519 = CARTESIAN_POINT('',(-4.476,0.81,0.));
#9520 = VECTOR('',#9521,1.);
#9521 = DIRECTION('',(-1.33226762955E-15,1.,0.));
#9522 = PLANE('',#9523);
#9523 = AXIS2_PLACEMENT_3D('',#9524,#9525,#9526);
#9524 = CARTESIAN_POINT('',(-4.476,0.81,0.));
#9525 = DIRECTION('',(-1.,-1.33226762955E-15,0.));
#9526 = DIRECTION('',(-1.33226762955E-15,1.,0.));
#9527 = ADVANCED_FACE('',(#9528),#9539,.T.);
#9528 = FACE_BOUND('',#9529,.T.);
#9529 = EDGE_LOOP('',(#9530,#9531,#9537,#9538));
#9530 = ORIENTED_EDGE('',*,*,#8572,.T.);
#9531 = ORIENTED_EDGE('',*,*,#9532,.T.);
#9532 = EDGE_CURVE('',#8564,#8760,#9533,.T.);
#9533 = LINE('',#9534,#9535);
#9534 = CARTESIAN_POINT('',(-3.937,1.73,-1.110223024625E-16));
#9535 = VECTOR('',#9536,1.);
#9536 = DIRECTION('',(1.33226762955E-15,-1.,0.));
#9537 = ORIENTED_EDGE('',*,*,#8759,.T.);
#9538 = ORIENTED_EDGE('',*,*,#9517,.T.);
#9539 = PLANE('',#9540);
#9540 = AXIS2_PLACEMENT_3D('',#9541,#9542,#9543);
#9541 = CARTESIAN_POINT('',(-4.016,1.27,0.));
#9542 = DIRECTION('',(0.,0.,-1.));
#9543 = DIRECTION('',(1.33226762955E-15,-1.,0.));
#9544 = ADVANCED_FACE('',(#9545),#9556,.T.);
#9545 = FACE_BOUND('',#9546,.T.);
#9546 = EDGE_LOOP('',(#9547,#9553,#9554,#9555));
#9547 = ORIENTED_EDGE('',*,*,#9548,.T.);
#9548 = EDGE_CURVE('',#8556,#8768,#9549,.T.);
#9549 = LINE('',#9550,#9551);
#9550 = CARTESIAN_POINT('',(-3.556,1.73,0.381));
#9551 = VECTOR('',#9552,1.);
#9552 = DIRECTION('',(1.33226762955E-15,-1.,0.));
#9553 = ORIENTED_EDGE('',*,*,#8767,.T.);
#9554 = ORIENTED_EDGE('',*,*,#9532,.F.);
#9555 = ORIENTED_EDGE('',*,*,#8563,.F.);
#9556 = CYLINDRICAL_SURFACE('',#9557,0.381);
#9557 = AXIS2_PLACEMENT_3D('',#9558,#9559,#9560);
#9558 = CARTESIAN_POINT('',(-3.937,1.73,0.381));
#9559 = DIRECTION('',(1.33226762955E-15,-1.,0.));
#9560 = DIRECTION('',(1.,1.33226762955E-15,0.));
#9561 = ADVANCED_FACE('',(#9562),#9568,.F.);
#9562 = FACE_BOUND('',#9563,.F.);
#9563 = EDGE_LOOP('',(#9564,#9565,#9566,#9567));
#9564 = ORIENTED_EDGE('',*,*,#8555,.T.);
#9565 = ORIENTED_EDGE('',*,*,#9548,.T.);
#9566 = ORIENTED_EDGE('',*,*,#8776,.T.);
#9567 = ORIENTED_EDGE('',*,*,#8818,.T.);
#9568 = PLANE('',#9569);
#9569 = AXIS2_PLACEMENT_3D('',#9570,#9571,#9572);
#9570 = CARTESIAN_POINT('',(-3.556,1.27,1.0785));
#9571 = DIRECTION('',(-1.,-1.33226762955E-15,0.));
#9572 = DIRECTION('',(-1.33226762955E-15,1.,0.));
#9573 = ADVANCED_FACE('',(#9574),#9585,.T.);
#9574 = FACE_BOUND('',#9575,.T.);
#9575 = EDGE_LOOP('',(#9576,#9582,#9583,#9584));
#9576 = ORIENTED_EDGE('',*,*,#9577,.F.);
#9577 = EDGE_CURVE('',#8794,#8530,#9578,.T.);
#9578 = LINE('',#9579,#9580);
#9579 = CARTESIAN_POINT('',(-3.429,0.81,2.157));
#9580 = VECTOR('',#9581,1.);
#9581 = DIRECTION('',(-1.33226762955E-15,1.,0.));
#9582 = ORIENTED_EDGE('',*,*,#8793,.T.);
#9583 = ORIENTED_EDGE('',*,*,#9459,.F.);
#9584 = ORIENTED_EDGE('',*,*,#8538,.T.);
#9585 = PLANE('',#9586);
#9586 = AXIS2_PLACEMENT_3D('',#9587,#9588,#9589);
#9587 = CARTESIAN_POINT('',(-1.8415,1.27,2.157));
#9588 = DIRECTION('',(0.,0.,1.));
#9589 = DIRECTION('',(-1.33226762955E-15,1.,0.));
#9590 = ADVANCED_FACE('',(#9591),#9602,.T.);
#9591 = FACE_BOUND('',#9592,.T.);
#9592 = EDGE_LOOP('',(#9593,#9594,#9595,#9601));
#9593 = ORIENTED_EDGE('',*,*,#9577,.T.);
#9594 = ORIENTED_EDGE('',*,*,#8529,.T.);
#9595 = ORIENTED_EDGE('',*,*,#9596,.F.);
#9596 = EDGE_CURVE('',#8727,#8522,#9597,.T.);
#9597 = LINE('',#9598,#9599);
#9598 = CARTESIAN_POINT('',(-3.81,0.81,1.776));
#9599 = VECTOR('',#9600,1.);
#9600 = DIRECTION('',(-1.33226762955E-15,1.,0.));
#9601 = ORIENTED_EDGE('',*,*,#8801,.F.);
#9602 = CYLINDRICAL_SURFACE('',#9603,0.381);
#9603 = AXIS2_PLACEMENT_3D('',#9604,#9605,#9606);
#9604 = CARTESIAN_POINT('',(-3.429,0.81,1.776));
#9605 = DIRECTION('',(-1.33226762955E-15,1.,0.));
#9606 = DIRECTION('',(0.,0.,1.));
#9607 = ADVANCED_FACE('',(#9608),#9614,.T.);
#9608 = FACE_BOUND('',#9609,.T.);
#9609 = EDGE_LOOP('',(#9610,#9611,#9612,#9613));
#9610 = ORIENTED_EDGE('',*,*,#8521,.T.);
#9611 = ORIENTED_EDGE('',*,*,#9475,.T.);
#9612 = ORIENTED_EDGE('',*,*,#8724,.T.);
#9613 = ORIENTED_EDGE('',*,*,#9596,.T.);
#9614 = PLANE('',#9615);
#9615 = AXIS2_PLACEMENT_3D('',#9616,#9617,#9618);
#9616 = CARTESIAN_POINT('',(-3.81,1.27,1.0785));
#9617 = DIRECTION('',(-1.,-1.33226762955E-15,0.));
#9618 = DIRECTION('',(-1.33226762955E-15,1.,0.));
#9619 = ADVANCED_FACE('',(#9620),#9636,.T.);
#9620 = FACE_BOUND('',#9621,.T.);
#9621 = EDGE_LOOP('',(#9622,#9623,#9629,#9630));
#9622 = ORIENTED_EDGE('',*,*,#8869,.T.);
#9623 = ORIENTED_EDGE('',*,*,#9624,.T.);
#9624 = EDGE_CURVE('',#8859,#8605,#9625,.T.);
#9625 = LINE('',#9626,#9627);
#9626 = CARTESIAN_POINT('',(-3.81,-0.81,0.381));
#9627 = VECTOR('',#9628,1.);
#9628 = DIRECTION('',(1.33226762955E-15,-1.,0.));
#9629 = ORIENTED_EDGE('',*,*,#8602,.F.);
#9630 = ORIENTED_EDGE('',*,*,#9631,.F.);
#9631 = EDGE_CURVE('',#8870,#8603,#9632,.T.);
#9632 = LINE('',#9633,#9634);
#9633 = CARTESIAN_POINT('',(-3.81,-0.81,1.776));
#9634 = VECTOR('',#9635,1.);
#9635 = DIRECTION('',(1.33226762955E-15,-1.,0.));
#9636 = PLANE('',#9637);
#9637 = AXIS2_PLACEMENT_3D('',#9638,#9639,#9640);
#9638 = CARTESIAN_POINT('',(-3.81,-1.27,1.0785));
#9639 = DIRECTION('',(-1.,-1.33226762955E-15,0.));
#9640 = DIRECTION('',(-1.33226762955E-15,1.,0.));
#9641 = ADVANCED_FACE('',(#9642),#9653,.T.);
#9642 = FACE_BOUND('',#9643,.T.);
#9643 = EDGE_LOOP('',(#9644,#9645,#9646,#9647));
#9644 = ORIENTED_EDGE('',*,*,#8877,.T.);
#9645 = ORIENTED_EDGE('',*,*,#9631,.T.);
#9646 = ORIENTED_EDGE('',*,*,#8679,.F.);
#9647 = ORIENTED_EDGE('',*,*,#9648,.F.);
#9648 = EDGE_CURVE('',#8878,#8672,#9649,.T.);
#9649 = LINE('',#9650,#9651);
#9650 = CARTESIAN_POINT('',(-3.429,-0.81,2.157));
#9651 = VECTOR('',#9652,1.);
#9652 = DIRECTION('',(1.33226762955E-15,-1.,0.));
#9653 = CYLINDRICAL_SURFACE('',#9654,0.381);
#9654 = AXIS2_PLACEMENT_3D('',#9655,#9656,#9657);
#9655 = CARTESIAN_POINT('',(-3.429,-0.81,1.776));
#9656 = DIRECTION('',(1.33226762955E-15,-1.,0.));
#9657 = DIRECTION('',(0.,0.,1.));
#9658 = ADVANCED_FACE('',(#9659),#9670,.T.);
#9659 = FACE_BOUND('',#9660,.T.);
#9660 = EDGE_LOOP('',(#9661,#9662,#9663,#9669));
#9661 = ORIENTED_EDGE('',*,*,#9648,.T.);
#9662 = ORIENTED_EDGE('',*,*,#8671,.T.);
#9663 = ORIENTED_EDGE('',*,*,#9664,.F.);
#9664 = EDGE_CURVE('',#7932,#7831,#9665,.T.);
#9665 = LINE('',#9666,#9667);
#9666 = CARTESIAN_POINT('',(-3.06,2.6,2.157));
#9667 = VECTOR('',#9668,1.);
#9668 = DIRECTION('',(1.33226762955E-15,-1.,0.));
#9669 = ORIENTED_EDGE('',*,*,#8886,.F.);
#9670 = PLANE('',#9671);
#9671 = AXIS2_PLACEMENT_3D('',#9672,#9673,#9674);
#9672 = CARTESIAN_POINT('',(-1.97,-1.27,2.157));
#9673 = DIRECTION('',(0.,0.,1.));
#9674 = DIRECTION('',(-1.33226762955E-15,1.,0.));
#9675 = ADVANCED_FACE('',(#9676),#9687,.F.);
#9676 = FACE_BOUND('',#9677,.F.);
#9677 = EDGE_LOOP('',(#9678,#9679,#9685,#9686));
#9678 = ORIENTED_EDGE('',*,*,#8895,.T.);
#9679 = ORIENTED_EDGE('',*,*,#9680,.T.);
#9680 = EDGE_CURVE('',#8896,#8646,#9681,.T.);
#9681 = LINE('',#9682,#9683);
#9682 = CARTESIAN_POINT('',(-3.556,-0.81,0.381));
#9683 = VECTOR('',#9684,1.);
#9684 = DIRECTION('',(1.33226762955E-15,-1.,0.));
#9685 = ORIENTED_EDGE('',*,*,#8654,.T.);
#9686 = ORIENTED_EDGE('',*,*,#8843,.T.);
#9687 = PLANE('',#9688);
#9688 = AXIS2_PLACEMENT_3D('',#9689,#9690,#9691);
#9689 = CARTESIAN_POINT('',(-3.556,-1.27,1.0785));
#9690 = DIRECTION('',(-1.,-1.33226762955E-15,0.));
#9691 = DIRECTION('',(-1.33226762955E-15,1.,0.));
#9692 = ADVANCED_FACE('',(#9693),#9704,.T.);
#9693 = FACE_BOUND('',#9694,.T.);
#9694 = EDGE_LOOP('',(#9695,#9696,#9697,#9703));
#9695 = ORIENTED_EDGE('',*,*,#9680,.T.);
#9696 = ORIENTED_EDGE('',*,*,#8645,.T.);
#9697 = ORIENTED_EDGE('',*,*,#9698,.F.);
#9698 = EDGE_CURVE('',#8904,#8638,#9699,.T.);
#9699 = LINE('',#9700,#9701);
#9700 = CARTESIAN_POINT('',(-3.937,-0.81,-1.110223024625E-16));
#9701 = VECTOR('',#9702,1.);
#9702 = DIRECTION('',(1.33226762955E-15,-1.,0.));
#9703 = ORIENTED_EDGE('',*,*,#8903,.F.);
#9704 = CYLINDRICAL_SURFACE('',#9705,0.381);
#9705 = AXIS2_PLACEMENT_3D('',#9706,#9707,#9708);
#9706 = CARTESIAN_POINT('',(-3.937,-0.81,0.381));
#9707 = DIRECTION('',(1.33226762955E-15,-1.,0.));
#9708 = DIRECTION('',(1.,1.33226762955E-15,0.));
#9709 = ADVANCED_FACE('',(#9710),#9721,.T.);
#9710 = FACE_BOUND('',#9711,.T.);
#9711 = EDGE_LOOP('',(#9712,#9713,#9719,#9720));
#9712 = ORIENTED_EDGE('',*,*,#8637,.T.);
#9713 = ORIENTED_EDGE('',*,*,#9714,.T.);
#9714 = EDGE_CURVE('',#8630,#8913,#9715,.T.);
#9715 = LINE('',#9716,#9717);
#9716 = CARTESIAN_POINT('',(-4.476,-1.73,0.));
#9717 = VECTOR('',#9718,1.);
#9718 = DIRECTION('',(-1.33226762955E-15,1.,0.));
#9719 = ORIENTED_EDGE('',*,*,#8912,.T.);
#9720 = ORIENTED_EDGE('',*,*,#9698,.T.);
#9721 = PLANE('',#9722);
#9722 = AXIS2_PLACEMENT_3D('',#9723,#9724,#9725);
#9723 = CARTESIAN_POINT('',(-4.016,-1.27,0.));
#9724 = DIRECTION('',(0.,0.,-1.));
#9725 = DIRECTION('',(1.33226762955E-15,-1.,0.));
#9726 = ADVANCED_FACE('',(#9727),#9738,.T.);
#9727 = FACE_BOUND('',#9728,.T.);
#9728 = EDGE_LOOP('',(#9729,#9730,#9736,#9737));
#9729 = ORIENTED_EDGE('',*,*,#8629,.T.);
#9730 = ORIENTED_EDGE('',*,*,#9731,.T.);
#9731 = EDGE_CURVE('',#8622,#8921,#9732,.T.);
#9732 = LINE('',#9733,#9734);
#9733 = CARTESIAN_POINT('',(-4.476,-1.73,0.254));
#9734 = VECTOR('',#9735,1.);
#9735 = DIRECTION('',(-1.33226762955E-15,1.,0.));
#9736 = ORIENTED_EDGE('',*,*,#8920,.F.);
#9737 = ORIENTED_EDGE('',*,*,#9714,.F.);
#9738 = PLANE('',#9739);
#9739 = AXIS2_PLACEMENT_3D('',#9740,#9741,#9742);
#9740 = CARTESIAN_POINT('',(-4.476,-1.73,0.));
#9741 = DIRECTION('',(-1.,-1.33226762955E-15,0.));
#9742 = DIRECTION('',(-1.33226762955E-15,1.,0.));
#9743 = ADVANCED_FACE('',(#9744),#9755,.F.);
#9744 = FACE_BOUND('',#9745,.F.);
#9745 = EDGE_LOOP('',(#9746,#9747,#9748,#9749));
#9746 = ORIENTED_EDGE('',*,*,#8621,.T.);
#9747 = ORIENTED_EDGE('',*,*,#9731,.T.);
#9748 = ORIENTED_EDGE('',*,*,#8928,.T.);
#9749 = ORIENTED_EDGE('',*,*,#9750,.T.);
#9750 = EDGE_CURVE('',#8861,#8613,#9751,.T.);
#9751 = LINE('',#9752,#9753);
#9752 = CARTESIAN_POINT('',(-3.937,-0.81,0.254));
#9753 = VECTOR('',#9754,1.);
#9754 = DIRECTION('',(1.33226762955E-15,-1.,0.));
#9755 = PLANE('',#9756);
#9756 = AXIS2_PLACEMENT_3D('',#9757,#9758,#9759);
#9757 = CARTESIAN_POINT('',(-4.016,-1.27,0.254));
#9758 = DIRECTION('',(0.,0.,-1.));
#9759 = DIRECTION('',(1.33226762955E-15,-1.,0.));
#9760 = ADVANCED_FACE('',(#9761),#9767,.F.);
#9761 = FACE_BOUND('',#9762,.F.);
#9762 = EDGE_LOOP('',(#9763,#9764,#9765,#9766));
#9763 = ORIENTED_EDGE('',*,*,#9624,.T.);
#9764 = ORIENTED_EDGE('',*,*,#8612,.T.);
#9765 = ORIENTED_EDGE('',*,*,#9750,.F.);
#9766 = ORIENTED_EDGE('',*,*,#8858,.F.);
#9767 = CYLINDRICAL_SURFACE('',#9768,0.127);
#9768 = AXIS2_PLACEMENT_3D('',#9769,#9770,#9771);
#9769 = CARTESIAN_POINT('',(-3.937,-0.81,0.381));
#9770 = DIRECTION('',(1.33226762955E-15,-1.,0.));
#9771 = DIRECTION('',(1.,1.33226762955E-15,0.));
#9772 = ADVANCED_FACE('',(#9773),#9779,.T.);
#9773 = FACE_BOUND('',#9774,.T.);
#9774 = EDGE_LOOP('',(#9775,#9776,#9777,#9778));
#9775 = ORIENTED_EDGE('',*,*,#8951,.F.);
#9776 = ORIENTED_EDGE('',*,*,#9664,.T.);
#9777 = ORIENTED_EDGE('',*,*,#8694,.T.);
#9778 = ORIENTED_EDGE('',*,*,#9429,.F.);
#9779 = B_SPLINE_SURFACE_WITH_KNOTS('',1,1,(
    (#9780,#9781)
    ,(#9782,#9783
    )),.UNSPECIFIED.,.F.,.F.,.F.,(2,2),(2,2),(0.,5.2),(0.,1.),
  .PIECEWISE_BEZIER_KNOTS.);
#9780 = CARTESIAN_POINT('',(-3.06,2.6,2.157));
#9781 = CARTESIAN_POINT('',(-2.985,2.525,2.157));
#9782 = CARTESIAN_POINT('',(-3.06,-2.6,2.157));
#9783 = CARTESIAN_POINT('',(-2.985,-2.525,2.157));
#9784 = ADVANCED_FACE('',(#9785),#9796,.T.);
#9785 = FACE_BOUND('',#9786,.T.);
#9786 = EDGE_LOOP('',(#9787,#9788,#9789,#9795));
#9787 = ORIENTED_EDGE('',*,*,#8975,.T.);
#9788 = ORIENTED_EDGE('',*,*,#9020,.T.);
#9789 = ORIENTED_EDGE('',*,*,#9790,.F.);
#9790 = EDGE_CURVE('',#9437,#9013,#9791,.T.);
#9791 = LINE('',#9792,#9793);
#9792 = CARTESIAN_POINT('',(-2.661276356577,-2.201276356577,3.68));
#9793 = VECTOR('',#9794,1.);
#9794 = DIRECTION('',(1.,1.33226762955E-15,0.));
#9795 = ORIENTED_EDGE('',*,*,#9436,.F.);
#9796 = B_SPLINE_SURFACE_WITH_KNOTS('',1,1,(
    (#9797,#9798)
    ,(#9799,#9800
    )),.UNSPECIFIED.,.F.,.F.,.F.,(2,2),(2,2),(0.,5.97),(0.,1.),
  .PIECEWISE_BEZIER_KNOTS.);
#9797 = CARTESIAN_POINT('',(-2.985,-2.525,2.157));
#9798 = CARTESIAN_POINT('',(-2.661276356577,-2.201276356577,3.68));
#9799 = CARTESIAN_POINT('',(2.985,-2.525,2.157));
#9800 = CARTESIAN_POINT('',(2.661276356577,-2.201276356577,3.68));
#9801 = ADVANCED_FACE('',(#9802),#9825,.F.);
#9802 = FACE_BOUND('',#9803,.F.);
#9803 = EDGE_LOOP('',(#9804,#9805,#9806,#9807,#9808,#9817,#9824));
#9804 = ORIENTED_EDGE('',*,*,#9012,.F.);
#9805 = ORIENTED_EDGE('',*,*,#9790,.F.);
#9806 = ORIENTED_EDGE('',*,*,#9443,.F.);
#9807 = ORIENTED_EDGE('',*,*,#9372,.F.);
#9808 = ORIENTED_EDGE('',*,*,#9809,.F.);
#9809 = EDGE_CURVE('',#9810,#9373,#9812,.T.);
#9810 = VERTEX_POINT('',#9811);
#9811 = CARTESIAN_POINT('',(-4.494086710886E-15,1.526276356577,3.68));
#9812 = CIRCLE('',#9813,0.75);
#9813 = AXIS2_PLACEMENT_3D('',#9814,#9815,#9816);
#9814 = CARTESIAN_POINT('',(-5.676984452921E-15,2.276276356577,3.68));
#9815 = DIRECTION('',(0.,-0.,-1.));
#9816 = DIRECTION('',(1.33226762955E-15,-1.,0.));
#9817 = ORIENTED_EDGE('',*,*,#9818,.F.);
#9818 = EDGE_CURVE('',#9398,#9810,#9819,.T.);
#9819 = CIRCLE('',#9820,0.75);
#9820 = AXIS2_PLACEMENT_3D('',#9821,#9822,#9823);
#9821 = CARTESIAN_POINT('',(-5.676984452921E-15,2.276276356577,3.68));
#9822 = DIRECTION('',(0.,-0.,-1.));
#9823 = DIRECTION('',(1.33226762955E-15,-1.,0.));
#9824 = ORIENTED_EDGE('',*,*,#9407,.F.);
#9825 = PLANE('',#9826);
#9826 = AXIS2_PLACEMENT_3D('',#9827,#9828,#9829);
#9827 = CARTESIAN_POINT('',(2.661276356577,-2.201276356577,3.68));
#9828 = DIRECTION('',(-0.,0.,-1.));
#9829 = DIRECTION('',(-0.77055916174,0.637368479185,0.));
#9830 = ADVANCED_FACE('',(#9831),#9853,.F.);
#9831 = FACE_BOUND('',#9832,.F.);
#9832 = EDGE_LOOP('',(#9833,#9834,#9843,#9850,#9851,#9852));
#9833 = ORIENTED_EDGE('',*,*,#9380,.F.);
#9834 = ORIENTED_EDGE('',*,*,#9835,.F.);
#9835 = EDGE_CURVE('',#9836,#9381,#9838,.T.);
#9836 = VERTEX_POINT('',#9837);
#9837 = CARTESIAN_POINT('',(-4.494086710886E-15,1.526276356577,3.18));
#9838 = CIRCLE('',#9839,0.75);
#9839 = AXIS2_PLACEMENT_3D('',#9840,#9841,#9842);
#9840 = CARTESIAN_POINT('',(-5.676984452921E-15,2.276276356577,3.18));
#9841 = DIRECTION('',(0.,-0.,-1.));
#9842 = DIRECTION('',(1.33226762955E-15,-1.,0.));
#9843 = ORIENTED_EDGE('',*,*,#9844,.F.);
#9844 = EDGE_CURVE('',#9391,#9836,#9845,.T.);
#9845 = CIRCLE('',#9846,0.75);
#9846 = AXIS2_PLACEMENT_3D('',#9847,#9848,#9849);
#9847 = CARTESIAN_POINT('',(-5.676984452921E-15,2.276276356577,3.18));
#9848 = DIRECTION('',(0.,-0.,-1.));
#9849 = DIRECTION('',(1.33226762955E-15,-1.,0.));
#9850 = ORIENTED_EDGE('',*,*,#9397,.T.);
#9851 = ORIENTED_EDGE('',*,*,#9818,.T.);
#9852 = ORIENTED_EDGE('',*,*,#9809,.T.);
#9853 = CYLINDRICAL_SURFACE('',#9854,0.75);
#9854 = AXIS2_PLACEMENT_3D('',#9855,#9856,#9857);
#9855 = CARTESIAN_POINT('',(-5.676984452921E-15,2.276276356577,3.68));
#9856 = DIRECTION('',(-0.,0.,-1.));
#9857 = DIRECTION('',(1.33226762955E-15,-1.,-0.));
#9858 = ADVANCED_FACE('',(#9859),#9864,.F.);
#9859 = FACE_BOUND('',#9860,.F.);
#9860 = EDGE_LOOP('',(#9861,#9862,#9863));
#9861 = ORIENTED_EDGE('',*,*,#9844,.T.);
#9862 = ORIENTED_EDGE('',*,*,#9835,.T.);
#9863 = ORIENTED_EDGE('',*,*,#9390,.T.);
#9864 = PLANE('',#9865);
#9865 = AXIS2_PLACEMENT_3D('',#9866,#9867,#9868);
#9866 = CARTESIAN_POINT('',(-5.676984452921E-15,2.276276356577,3.18));
#9867 = DIRECTION('',(-0.,0.,-1.));
#9868 = DIRECTION('',(1.33226762955E-15,-1.,-0.));
#9869 = ( GEOMETRIC_REPRESENTATION_CONTEXT(3) 
GLOBAL_UNCERTAINTY_ASSIGNED_CONTEXT((#9873)) 
GLOBAL_UNIT_ASSIGNED_CONTEXT((#9870,#9871,#9872)) REPRESENTATION_CONTEXT
('Context #1','3D Context with UNIT and UNCERTAINTY') );
#9870 = ( LENGTH_UNIT() NAMED_UNIT(*) SI_UNIT(.MILLI.,.METRE.) );
#9871 = ( NAMED_UNIT(*) PLANE_ANGLE_UNIT() SI_UNIT($,.RADIAN.) );
#9872 = ( NAMED_UNIT(*) SI_UNIT($,.STERADIAN.) SOLID_ANGLE_UNIT() );
#9873 = UNCERTAINTY_MEASURE_WITH_UNIT(LENGTH_MEASURE(2.E-06),#9870,
  'distance_accuracy_value','confusion accuracy');
#9874 = CONTEXT_DEPENDENT_SHAPE_REPRESENTATION(#9875,#9877);
#9875 = ( REPRESENTATION_RELATIONSHIP('','',#7427,#10) 
REPRESENTATION_RELATIONSHIP_WITH_TRANSFORMATION(#9876) 
SHAPE_REPRESENTATION_RELATIONSHIP() );
#9876 = ITEM_DEFINED_TRANSFORMATION('','',#11,#27);
#9877 = PRODUCT_DEFINITION_SHAPE('Placement','Placement of an item',
  #9878);
#9878 = NEXT_ASSEMBLY_USAGE_OCCURRENCE('4','U1','',#5,#7422,$);
#9879 = PRODUCT_RELATED_PRODUCT_CATEGORY('part',$,(#7424));
#9880 = CONTEXT_DEPENDENT_SHAPE_REPRESENTATION(#9881,#9883);
#9881 = ( REPRESENTATION_RELATIONSHIP('','',#7427,#10) 
REPRESENTATION_RELATIONSHIP_WITH_TRANSFORMATION(#9882) 
SHAPE_REPRESENTATION_RELATIONSHIP() );
#9882 = ITEM_DEFINED_TRANSFORMATION('','',#11,#31);
#9883 = PRODUCT_DEFINITION_SHAPE('Placement','Placement of an item',
  #9884);
#9884 = NEXT_ASSEMBLY_USAGE_OCCURRENCE('5','U2','',#5,#7422,$);
#9885 = CONTEXT_DEPENDENT_SHAPE_REPRESENTATION(#9886,#9888);
#9886 = ( REPRESENTATION_RELATIONSHIP('','',#918,#10) 
REPRESENTATION_RELATIONSHIP_WITH_TRANSFORMATION(#9887) 
SHAPE_REPRESENTATION_RELATIONSHIP() );
#9887 = ITEM_DEFINED_TRANSFORMATION('','',#11,#35);
#9888 = PRODUCT_DEFINITION_SHAPE('Placement','Placement of an item',
  #9889);
#9889 = NEXT_ASSEMBLY_USAGE_OCCURRENCE('6','P1','',#5,#913,$);
#9890 = SHAPE_DEFINITION_REPRESENTATION(#9891,#9897);
#9891 = PRODUCT_DEFINITION_SHAPE('','',#9892);
#9892 = PRODUCT_DEFINITION('design','',#9893,#9896);
#9893 = PRODUCT_DEFINITION_FORMATION('','',#9894);
#9894 = PRODUCT('D_1206_3216Metric','D_1206_3216Metric','',(#9895));
#9895 = PRODUCT_CONTEXT('',#2,'mechanical');
#9896 = PRODUCT_DEFINITION_CONTEXT('part definition',#2,'design');
#9897 = ADVANCED_BREP_SHAPE_REPRESENTATION('',(#11,#9898),#11174);
#9898 = MANIFOLD_SOLID_BREP('',#9899);
#9899 = CLOSED_SHELL('',(#9900,#9957,#10040,#10069,#10141,#10166,#10241,
    #10258,#10344,#10368,#10476,#10493,#10510,#10534,#10546,#10563,
    #10575,#10592,#10609,#10626,#10695,#10720,#10737,#10803,#10815,
    #10832,#10863,#10887,#10911,#10928,#10962,#10991,#11015,#11044,
    #11071,#11100,#11124,#11146,#11158));
#9900 = ADVANCED_FACE('',(#9901),#9952,.T.);
#9901 = FACE_BOUND('',#9902,.T.);
#9902 = EDGE_LOOP('',(#9903,#9913,#9921,#9929,#9937,#9946));
#9903 = ORIENTED_EDGE('',*,*,#9904,.F.);
#9904 = EDGE_CURVE('',#9905,#9907,#9909,.T.);
#9905 = VERTEX_POINT('',#9906);
#9906 = CARTESIAN_POINT('',(1.03,0.8,0.96));
#9907 = VERTEX_POINT('',#9908);
#9908 = CARTESIAN_POINT('',(1.67,0.8,0.96));
#9909 = LINE('',#9910,#9911);
#9910 = CARTESIAN_POINT('',(1.,0.8,0.96));
#9911 = VECTOR('',#9912,1.);
#9912 = DIRECTION('',(1.,-2.22044604925E-16,0.));
#9913 = ORIENTED_EDGE('',*,*,#9914,.T.);
#9914 = EDGE_CURVE('',#9905,#9915,#9917,.T.);
#9915 = VERTEX_POINT('',#9916);
#9916 = CARTESIAN_POINT('',(1.03,-0.8,0.96));
#9917 = LINE('',#9918,#9919);
#9918 = CARTESIAN_POINT('',(1.03,0.8,0.96));
#9919 = VECTOR('',#9920,1.);
#9920 = DIRECTION('',(-2.22044604925E-16,-1.,0.));
#9921 = ORIENTED_EDGE('',*,*,#9922,.T.);
#9922 = EDGE_CURVE('',#9915,#9923,#9925,.T.);
#9923 = VERTEX_POINT('',#9924);
#9924 = CARTESIAN_POINT('',(1.67,-0.8,0.96));
#9925 = LINE('',#9926,#9927);
#9926 = CARTESIAN_POINT('',(1.,-0.8,0.96));
#9927 = VECTOR('',#9928,1.);
#9928 = DIRECTION('',(1.,-2.22044604925E-16,0.));
#9929 = ORIENTED_EDGE('',*,*,#9930,.F.);
#9930 = EDGE_CURVE('',#9931,#9923,#9933,.T.);
#9931 = VERTEX_POINT('',#9932);
#9932 = CARTESIAN_POINT('',(1.67,-0.48,0.96));
#9933 = LINE('',#9934,#9935);
#9934 = CARTESIAN_POINT('',(1.67,0.8,0.96));
#9935 = VECTOR('',#9936,1.);
#9936 = DIRECTION('',(-2.22044604925E-16,-1.,0.));
#9937 = ORIENTED_EDGE('',*,*,#9938,.F.);
#9938 = EDGE_CURVE('',#9939,#9931,#9941,.T.);
#9939 = VERTEX_POINT('',#9940);
#9940 = CARTESIAN_POINT('',(1.67,0.48,0.96));
#9941 = CIRCLE('',#9942,0.48);
#9942 = AXIS2_PLACEMENT_3D('',#9943,#9944,#9945);
#9943 = CARTESIAN_POINT('',(1.67,-3.430589146092E-16,0.96));
#9944 = DIRECTION('',(0.,0.,1.));
#9945 = DIRECTION('',(-2.22044604925E-16,-1.,0.));
#9946 = ORIENTED_EDGE('',*,*,#9947,.F.);
#9947 = EDGE_CURVE('',#9907,#9939,#9948,.T.);
#9948 = LINE('',#9949,#9950);
#9949 = CARTESIAN_POINT('',(1.67,0.8,0.96));
#9950 = VECTOR('',#9951,1.);
#9951 = DIRECTION('',(-2.22044604925E-16,-1.,0.));
#9952 = PLANE('',#9953);
#9953 = AXIS2_PLACEMENT_3D('',#9954,#9955,#9956);
#9954 = CARTESIAN_POINT('',(1.,0.8,0.96));
#9955 = DIRECTION('',(0.,0.,1.));
#9956 = DIRECTION('',(-2.22044604925E-16,-1.,0.));
#9957 = ADVANCED_FACE('',(#9958),#10035,.F.);
#9958 = FACE_BOUND('',#9959,.F.);
#9959 = EDGE_LOOP('',(#9960,#9970,#9979,#9987,#9996,#10004,#10011,#10012
    ,#10021,#10029));
#9960 = ORIENTED_EDGE('',*,*,#9961,.F.);
#9961 = EDGE_CURVE('',#9962,#9964,#9966,.T.);
#9962 = VERTEX_POINT('',#9963);
#9963 = CARTESIAN_POINT('',(1.,0.8,3.E-02));
#9964 = VERTEX_POINT('',#9965);
#9965 = CARTESIAN_POINT('',(1.685,0.8,3.E-02));
#9966 = LINE('',#9967,#9968);
#9967 = CARTESIAN_POINT('',(-0.3425,0.8,3.E-02));
#9968 = VECTOR('',#9969,1.);
#9969 = DIRECTION('',(1.,-2.22044604925E-16,0.));
#9970 = ORIENTED_EDGE('',*,*,#9971,.T.);
#9971 = EDGE_CURVE('',#9962,#9972,#9974,.T.);
#9972 = VERTEX_POINT('',#9973);
#9973 = CARTESIAN_POINT('',(1.03,0.8,-3.469446951954E-18));
#9974 = CIRCLE('',#9975,3.E-02);
#9975 = AXIS2_PLACEMENT_3D('',#9976,#9977,#9978);
#9976 = CARTESIAN_POINT('',(1.03,0.8,3.E-02));
#9977 = DIRECTION('',(-2.22044604925E-16,-1.,0.));
#9978 = DIRECTION('',(0.,0.,1.));
#9979 = ORIENTED_EDGE('',*,*,#9980,.T.);
#9980 = EDGE_CURVE('',#9972,#9981,#9983,.T.);
#9981 = VERTEX_POINT('',#9982);
#9982 = CARTESIAN_POINT('',(1.67,0.8,-3.469446951954E-18));
#9983 = LINE('',#9984,#9985);
#9984 = CARTESIAN_POINT('',(1.,0.8,0.));
#9985 = VECTOR('',#9986,1.);
#9986 = DIRECTION('',(1.,-2.22044604925E-16,0.));
#9987 = ORIENTED_EDGE('',*,*,#9988,.F.);
#9988 = EDGE_CURVE('',#9989,#9981,#9991,.T.);
#9989 = VERTEX_POINT('',#9990);
#9990 = CARTESIAN_POINT('',(1.7,0.8,3.E-02));
#9991 = CIRCLE('',#9992,3.E-02);
#9992 = AXIS2_PLACEMENT_3D('',#9993,#9994,#9995);
#9993 = CARTESIAN_POINT('',(1.67,0.8,3.E-02));
#9994 = DIRECTION('',(2.22044604925E-16,1.,-0.));
#9995 = DIRECTION('',(0.,0.,1.));
#9996 = ORIENTED_EDGE('',*,*,#9997,.T.);
#9997 = EDGE_CURVE('',#9989,#9998,#10000,.T.);
#9998 = VERTEX_POINT('',#9999);
#9999 = CARTESIAN_POINT('',(1.7,0.8,0.93));
#10000 = LINE('',#10001,#10002);
#10001 = CARTESIAN_POINT('',(1.7,0.8,0.));
#10002 = VECTOR('',#10003,1.);
#10003 = DIRECTION('',(0.,0.,1.));
#10004 = ORIENTED_EDGE('',*,*,#10005,.T.);
#10005 = EDGE_CURVE('',#9998,#9907,#10006,.T.);
#10006 = CIRCLE('',#10007,3.E-02);
#10007 = AXIS2_PLACEMENT_3D('',#10008,#10009,#10010);
#10008 = CARTESIAN_POINT('',(1.67,0.8,0.93));
#10009 = DIRECTION('',(-2.22044604925E-16,-1.,0.));
#10010 = DIRECTION('',(0.,0.,1.));
#10011 = ORIENTED_EDGE('',*,*,#9904,.F.);
#10012 = ORIENTED_EDGE('',*,*,#10013,.F.);
#10013 = EDGE_CURVE('',#10014,#9905,#10016,.T.);
#10014 = VERTEX_POINT('',#10015);
#10015 = CARTESIAN_POINT('',(1.,0.8,0.93));
#10016 = CIRCLE('',#10017,3.E-02);
#10017 = AXIS2_PLACEMENT_3D('',#10018,#10019,#10020);
#10018 = CARTESIAN_POINT('',(1.03,0.8,0.93));
#10019 = DIRECTION('',(2.22044604925E-16,1.,-0.));
#10020 = DIRECTION('',(0.,0.,1.));
#10021 = ORIENTED_EDGE('',*,*,#10022,.T.);
#10022 = EDGE_CURVE('',#10014,#10023,#10025,.T.);
#10023 = VERTEX_POINT('',#10024);
#10024 = CARTESIAN_POINT('',(1.685,0.8,0.93));
#10025 = LINE('',#10026,#10027);
#10026 = CARTESIAN_POINT('',(-0.3425,0.8,0.93));
#10027 = VECTOR('',#10028,1.);
#10028 = DIRECTION('',(1.,-2.22044604925E-16,0.));
#10029 = ORIENTED_EDGE('',*,*,#10030,.T.);
#10030 = EDGE_CURVE('',#10023,#9964,#10031,.T.);
#10031 = LINE('',#10032,#10033);
#10032 = CARTESIAN_POINT('',(1.685,0.8,1.5E-02));
#10033 = VECTOR('',#10034,1.);
#10034 = DIRECTION('',(0.,0.,-1.));
#10035 = PLANE('',#10036);
#10036 = AXIS2_PLACEMENT_3D('',#10037,#10038,#10039);
#10037 = CARTESIAN_POINT('',(1.,0.8,0.));
#10038 = DIRECTION('',(-2.22044604925E-16,-1.,0.));
#10039 = DIRECTION('',(0.,0.,1.));
#10040 = ADVANCED_FACE('',(#10041),#10064,.T.);
#10041 = FACE_BOUND('',#10042,.T.);
#10042 = EDGE_LOOP('',(#10043,#10051,#10052,#10053));
#10043 = ORIENTED_EDGE('',*,*,#10044,.F.);
#10044 = EDGE_CURVE('',#9998,#10045,#10047,.T.);
#10045 = VERTEX_POINT('',#10046);
#10046 = CARTESIAN_POINT('',(1.7,0.47906158268,0.93));
#10047 = LINE('',#10048,#10049);
#10048 = CARTESIAN_POINT('',(1.7,0.8,0.93));
#10049 = VECTOR('',#10050,1.);
#10050 = DIRECTION('',(-2.22044604925E-16,-1.,0.));
#10051 = ORIENTED_EDGE('',*,*,#10005,.T.);
#10052 = ORIENTED_EDGE('',*,*,#9947,.T.);
#10053 = ORIENTED_EDGE('',*,*,#10054,.F.);
#10054 = EDGE_CURVE('',#10045,#9939,#10055,.T.);
#10055 = B_SPLINE_CURVE_WITH_KNOTS('',7,(#10056,#10057,#10058,#10059,
    #10060,#10061,#10062,#10063),.UNSPECIFIED.,.F.,.F.,(8,8),(0.,1.),
  .PIECEWISE_BEZIER_KNOTS.);
#10056 = CARTESIAN_POINT('',(1.7,0.47906158268,0.93));
#10057 = CARTESIAN_POINT('',(1.7,0.47906158268,0.936900649943));
#10058 = CARTESIAN_POINT('',(1.698148261339,0.479177589207,
    0.943696521465));
#10059 = CARTESIAN_POINT('',(1.69454514703,0.479402977562,0.949838109932
    ));
#10060 = CARTESIAN_POINT('',(1.68945803699,0.47967696666,0.954835588434)
  );
#10061 = CARTESIAN_POINT('',(1.683289468995,0.479894296878,
    0.958307833414));
#10062 = CARTESIAN_POINT('',(1.676595837202,0.48,0.96));
#10063 = CARTESIAN_POINT('',(1.67,0.48,0.96));
#10064 = CYLINDRICAL_SURFACE('',#10065,3.E-02);
#10065 = AXIS2_PLACEMENT_3D('',#10066,#10067,#10068);
#10066 = CARTESIAN_POINT('',(1.67,0.8,0.93));
#10067 = DIRECTION('',(-2.22044604925E-16,-1.,0.));
#10068 = DIRECTION('',(1.,-2.22044604925E-16,0.));
#10069 = ADVANCED_FACE('',(#10070),#10136,.F.);
#10070 = FACE_BOUND('',#10071,.F.);
#10071 = EDGE_LOOP('',(#10072,#10082,#10093,#10094,#10095,#10103,#10116,
    #10125));
#10072 = ORIENTED_EDGE('',*,*,#10073,.T.);
#10073 = EDGE_CURVE('',#10074,#10076,#10078,.T.);
#10074 = VERTEX_POINT('',#10075);
#10075 = CARTESIAN_POINT('',(1.7,-0.47906158268,3.E-02));
#10076 = VERTEX_POINT('',#10077);
#10077 = CARTESIAN_POINT('',(1.7,-0.47906158268,0.93));
#10078 = LINE('',#10079,#10080);
#10079 = CARTESIAN_POINT('',(1.7,-0.47906158268,0.96));
#10080 = VECTOR('',#10081,1.);
#10081 = DIRECTION('',(0.,0.,1.));
#10082 = ORIENTED_EDGE('',*,*,#10083,.T.);
#10083 = EDGE_CURVE('',#10076,#9931,#10084,.T.);
#10084 = B_SPLINE_CURVE_WITH_KNOTS('',7,(#10085,#10086,#10087,#10088,
    #10089,#10090,#10091,#10092),.UNSPECIFIED.,.F.,.F.,(8,8),(0.,1.),
  .PIECEWISE_BEZIER_KNOTS.);
#10085 = CARTESIAN_POINT('',(1.7,-0.47906158268,0.93));
#10086 = CARTESIAN_POINT('',(1.7,-0.47906158268,0.936900650049));
#10087 = CARTESIAN_POINT('',(1.698148263184,-0.479177588774,
    0.943696515949));
#10088 = CARTESIAN_POINT('',(1.694545141314,-0.479402978946,
    0.949838123717));
#10089 = CARTESIAN_POINT('',(1.689458046695,-0.479676964631,
    0.954835571457));
#10090 = CARTESIAN_POINT('',(1.683289457164,-0.479894298544,
    0.958307846648));
#10091 = CARTESIAN_POINT('',(1.676595844294,-0.47999999934,
    0.959999994723));
#10092 = CARTESIAN_POINT('',(1.67,-0.48,0.96));
#10093 = ORIENTED_EDGE('',*,*,#9938,.F.);
#10094 = ORIENTED_EDGE('',*,*,#10054,.F.);
#10095 = ORIENTED_EDGE('',*,*,#10096,.F.);
#10096 = EDGE_CURVE('',#10097,#10045,#10099,.T.);
#10097 = VERTEX_POINT('',#10098);
#10098 = CARTESIAN_POINT('',(1.7,0.47906158268,3.E-02));
#10099 = LINE('',#10100,#10101);
#10100 = CARTESIAN_POINT('',(1.7,0.47906158268,0.96));
#10101 = VECTOR('',#10102,1.);
#10102 = DIRECTION('',(0.,0.,1.));
#10103 = ORIENTED_EDGE('',*,*,#10104,.T.);
#10104 = EDGE_CURVE('',#10097,#10105,#10107,.T.);
#10105 = VERTEX_POINT('',#10106);
#10106 = CARTESIAN_POINT('',(1.67,0.48,-3.469446951954E-18));
#10107 = B_SPLINE_CURVE_WITH_KNOTS('',7,(#10108,#10109,#10110,#10111,
    #10112,#10113,#10114,#10115),.UNSPECIFIED.,.F.,.F.,(8,8),(0.,1.),
  .PIECEWISE_BEZIER_KNOTS.);
#10108 = CARTESIAN_POINT('',(1.7,0.47906158268,3.E-02));
#10109 = CARTESIAN_POINT('',(1.7,0.47906158268,2.309935005657E-02));
#10110 = CARTESIAN_POINT('',(1.698148261339,0.479177589207,
    1.630347853607E-02));
#10111 = CARTESIAN_POINT('',(1.69454514703,0.479402977562,
    1.016189006705E-02));
#10112 = CARTESIAN_POINT('',(1.689458036988,0.47967696666,
    5.164411566132E-03));
#10113 = CARTESIAN_POINT('',(1.683289468995,0.479894296878,
    1.692166585462E-03));
#10114 = CARTESIAN_POINT('',(1.676595837202,0.48,-1.734723475977E-18));
#10115 = CARTESIAN_POINT('',(1.67,0.48,-1.734723475977E-18));
#10116 = ORIENTED_EDGE('',*,*,#10117,.T.);
#10117 = EDGE_CURVE('',#10105,#10118,#10120,.T.);
#10118 = VERTEX_POINT('',#10119);
#10119 = CARTESIAN_POINT('',(1.67,-0.48,-1.734723475977E-18));
#10120 = CIRCLE('',#10121,0.48);
#10121 = AXIS2_PLACEMENT_3D('',#10122,#10123,#10124);
#10122 = CARTESIAN_POINT('',(1.67,-3.430589146092E-16,0.));
#10123 = DIRECTION('',(0.,0.,1.));
#10124 = DIRECTION('',(-2.22044604925E-16,-1.,0.));
#10125 = ORIENTED_EDGE('',*,*,#10126,.F.);
#10126 = EDGE_CURVE('',#10074,#10118,#10127,.T.);
#10127 = B_SPLINE_CURVE_WITH_KNOTS('',7,(#10128,#10129,#10130,#10131,
    #10132,#10133,#10134,#10135),.UNSPECIFIED.,.F.,.F.,(8,8),(0.,1.),
  .PIECEWISE_BEZIER_KNOTS.);
#10128 = CARTESIAN_POINT('',(1.7,-0.47906158268,3.E-02));
#10129 = CARTESIAN_POINT('',(1.7,-0.47906158268,2.30993499503E-02));
#10130 = CARTESIAN_POINT('',(1.698148263184,-0.479177588774,
    1.630348405165E-02));
#10131 = CARTESIAN_POINT('',(1.694545141314,-0.479402978946,
    1.016187628159E-02));
#10132 = CARTESIAN_POINT('',(1.689458046694,-0.479676964631,
    5.164428543393E-03));
#10133 = CARTESIAN_POINT('',(1.683289457165,-0.479894298544,
    1.692153352307E-03));
#10134 = CARTESIAN_POINT('',(1.676595844294,-0.47999999934,
    5.276675430726E-09));
#10135 = CARTESIAN_POINT('',(1.67,-0.48,-1.734723475977E-18));
#10136 = CYLINDRICAL_SURFACE('',#10137,0.48);
#10137 = AXIS2_PLACEMENT_3D('',#10138,#10139,#10140);
#10138 = CARTESIAN_POINT('',(1.67,-3.430589146092E-16,0.96));
#10139 = DIRECTION('',(0.,0.,1.));
#10140 = DIRECTION('',(-2.22044604925E-16,-1.,0.));
#10141 = ADVANCED_FACE('',(#10142),#10161,.T.);
#10142 = FACE_BOUND('',#10143,.T.);
#10143 = EDGE_LOOP('',(#10144,#10152,#10153,#10154));
#10144 = ORIENTED_EDGE('',*,*,#10145,.F.);
#10145 = EDGE_CURVE('',#10076,#10146,#10148,.T.);
#10146 = VERTEX_POINT('',#10147);
#10147 = CARTESIAN_POINT('',(1.7,-0.8,0.93));
#10148 = LINE('',#10149,#10150);
#10149 = CARTESIAN_POINT('',(1.7,0.8,0.93));
#10150 = VECTOR('',#10151,1.);
#10151 = DIRECTION('',(-2.22044604925E-16,-1.,0.));
#10152 = ORIENTED_EDGE('',*,*,#10083,.T.);
#10153 = ORIENTED_EDGE('',*,*,#9930,.T.);
#10154 = ORIENTED_EDGE('',*,*,#10155,.F.);
#10155 = EDGE_CURVE('',#10146,#9923,#10156,.T.);
#10156 = CIRCLE('',#10157,3.E-02);
#10157 = AXIS2_PLACEMENT_3D('',#10158,#10159,#10160);
#10158 = CARTESIAN_POINT('',(1.67,-0.8,0.93));
#10159 = DIRECTION('',(-2.22044604925E-16,-1.,0.));
#10160 = DIRECTION('',(0.,0.,1.));
#10161 = CYLINDRICAL_SURFACE('',#10162,3.E-02);
#10162 = AXIS2_PLACEMENT_3D('',#10163,#10164,#10165);
#10163 = CARTESIAN_POINT('',(1.67,0.8,0.93));
#10164 = DIRECTION('',(-2.22044604925E-16,-1.,0.));
#10165 = DIRECTION('',(1.,-2.22044604925E-16,0.));
#10166 = ADVANCED_FACE('',(#10167),#10236,.T.);
#10167 = FACE_BOUND('',#10168,.T.);
#10168 = EDGE_LOOP('',(#10169,#10179,#10188,#10196,#10205,#10211,#10212,
    #10213,#10222,#10230));
#10169 = ORIENTED_EDGE('',*,*,#10170,.F.);
#10170 = EDGE_CURVE('',#10171,#10173,#10175,.T.);
#10171 = VERTEX_POINT('',#10172);
#10172 = CARTESIAN_POINT('',(1.,-0.8,3.E-02));
#10173 = VERTEX_POINT('',#10174);
#10174 = CARTESIAN_POINT('',(1.685,-0.8,3.E-02));
#10175 = LINE('',#10176,#10177);
#10176 = CARTESIAN_POINT('',(-0.3425,-0.8,3.E-02));
#10177 = VECTOR('',#10178,1.);
#10178 = DIRECTION('',(1.,-2.22044604925E-16,0.));
#10179 = ORIENTED_EDGE('',*,*,#10180,.T.);
#10180 = EDGE_CURVE('',#10171,#10181,#10183,.T.);
#10181 = VERTEX_POINT('',#10182);
#10182 = CARTESIAN_POINT('',(1.03,-0.8,-3.469446951954E-18));
#10183 = CIRCLE('',#10184,3.E-02);
#10184 = AXIS2_PLACEMENT_3D('',#10185,#10186,#10187);
#10185 = CARTESIAN_POINT('',(1.03,-0.8,3.E-02));
#10186 = DIRECTION('',(-2.22044604925E-16,-1.,0.));
#10187 = DIRECTION('',(0.,0.,1.));
#10188 = ORIENTED_EDGE('',*,*,#10189,.T.);
#10189 = EDGE_CURVE('',#10181,#10190,#10192,.T.);
#10190 = VERTEX_POINT('',#10191);
#10191 = CARTESIAN_POINT('',(1.67,-0.8,-3.469446951954E-18));
#10192 = LINE('',#10193,#10194);
#10193 = CARTESIAN_POINT('',(1.,-0.8,0.));
#10194 = VECTOR('',#10195,1.);
#10195 = DIRECTION('',(1.,-2.22044604925E-16,0.));
#10196 = ORIENTED_EDGE('',*,*,#10197,.F.);
#10197 = EDGE_CURVE('',#10198,#10190,#10200,.T.);
#10198 = VERTEX_POINT('',#10199);
#10199 = CARTESIAN_POINT('',(1.7,-0.8,3.E-02));
#10200 = CIRCLE('',#10201,3.E-02);
#10201 = AXIS2_PLACEMENT_3D('',#10202,#10203,#10204);
#10202 = CARTESIAN_POINT('',(1.67,-0.8,3.E-02));
#10203 = DIRECTION('',(2.22044604925E-16,1.,-0.));
#10204 = DIRECTION('',(0.,0.,1.));
#10205 = ORIENTED_EDGE('',*,*,#10206,.T.);
#10206 = EDGE_CURVE('',#10198,#10146,#10207,.T.);
#10207 = LINE('',#10208,#10209);
#10208 = CARTESIAN_POINT('',(1.7,-0.8,0.));
#10209 = VECTOR('',#10210,1.);
#10210 = DIRECTION('',(0.,0.,1.));
#10211 = ORIENTED_EDGE('',*,*,#10155,.T.);
#10212 = ORIENTED_EDGE('',*,*,#9922,.F.);
#10213 = ORIENTED_EDGE('',*,*,#10214,.F.);
#10214 = EDGE_CURVE('',#10215,#9915,#10217,.T.);
#10215 = VERTEX_POINT('',#10216);
#10216 = CARTESIAN_POINT('',(1.,-0.8,0.93));
#10217 = CIRCLE('',#10218,3.E-02);
#10218 = AXIS2_PLACEMENT_3D('',#10219,#10220,#10221);
#10219 = CARTESIAN_POINT('',(1.03,-0.8,0.93));
#10220 = DIRECTION('',(2.22044604925E-16,1.,-0.));
#10221 = DIRECTION('',(0.,0.,1.));
#10222 = ORIENTED_EDGE('',*,*,#10223,.T.);
#10223 = EDGE_CURVE('',#10215,#10224,#10226,.T.);
#10224 = VERTEX_POINT('',#10225);
#10225 = CARTESIAN_POINT('',(1.685,-0.8,0.93));
#10226 = LINE('',#10227,#10228);
#10227 = CARTESIAN_POINT('',(-0.3425,-0.8,0.93));
#10228 = VECTOR('',#10229,1.);
#10229 = DIRECTION('',(1.,-2.22044604925E-16,0.));
#10230 = ORIENTED_EDGE('',*,*,#10231,.T.);
#10231 = EDGE_CURVE('',#10224,#10173,#10232,.T.);
#10232 = LINE('',#10233,#10234);
#10233 = CARTESIAN_POINT('',(1.685,-0.8,1.5E-02));
#10234 = VECTOR('',#10235,1.);
#10235 = DIRECTION('',(0.,0.,-1.));
#10236 = PLANE('',#10237);
#10237 = AXIS2_PLACEMENT_3D('',#10238,#10239,#10240);
#10238 = CARTESIAN_POINT('',(1.,-0.8,0.));
#10239 = DIRECTION('',(-2.22044604925E-16,-1.,0.));
#10240 = DIRECTION('',(0.,0.,1.));
#10241 = ADVANCED_FACE('',(#10242),#10253,.T.);
#10242 = FACE_BOUND('',#10243,.T.);
#10243 = EDGE_LOOP('',(#10244,#10250,#10251,#10252));
#10244 = ORIENTED_EDGE('',*,*,#10245,.F.);
#10245 = EDGE_CURVE('',#10215,#10014,#10246,.T.);
#10246 = LINE('',#10247,#10248);
#10247 = CARTESIAN_POINT('',(1.,-6.75E-02,0.93));
#10248 = VECTOR('',#10249,1.);
#10249 = DIRECTION('',(2.22044604925E-16,1.,0.));
#10250 = ORIENTED_EDGE('',*,*,#10214,.T.);
#10251 = ORIENTED_EDGE('',*,*,#9914,.F.);
#10252 = ORIENTED_EDGE('',*,*,#10013,.F.);
#10253 = CYLINDRICAL_SURFACE('',#10254,3.E-02);
#10254 = AXIS2_PLACEMENT_3D('',#10255,#10256,#10257);
#10255 = CARTESIAN_POINT('',(1.03,0.8,0.93));
#10256 = DIRECTION('',(-2.22044604925E-16,-1.,0.));
#10257 = DIRECTION('',(-1.,2.22044604925E-16,0.));
#10258 = ADVANCED_FACE('',(#10259),#10339,.F.);
#10259 = FACE_BOUND('',#10260,.F.);
#10260 = EDGE_LOOP('',(#10261,#10269,#10277,#10285,#10293,#10301,#10309,
    #10317,#10325,#10331,#10332,#10338));
#10261 = ORIENTED_EDGE('',*,*,#10262,.T.);
#10262 = EDGE_CURVE('',#9964,#10263,#10265,.T.);
#10263 = VERTEX_POINT('',#10264);
#10264 = CARTESIAN_POINT('',(1.685,0.935,3.E-02));
#10265 = LINE('',#10266,#10267);
#10266 = CARTESIAN_POINT('',(1.685,-0.935,3.E-02));
#10267 = VECTOR('',#10268,1.);
#10268 = DIRECTION('',(0.,1.,0.));
#10269 = ORIENTED_EDGE('',*,*,#10270,.F.);
#10270 = EDGE_CURVE('',#10271,#10263,#10273,.T.);
#10271 = VERTEX_POINT('',#10272);
#10272 = CARTESIAN_POINT('',(-1.685,0.935,3.E-02));
#10273 = LINE('',#10274,#10275);
#10274 = CARTESIAN_POINT('',(-1.685,0.935,3.E-02));
#10275 = VECTOR('',#10276,1.);
#10276 = DIRECTION('',(1.,0.,0.));
#10277 = ORIENTED_EDGE('',*,*,#10278,.F.);
#10278 = EDGE_CURVE('',#10279,#10271,#10281,.T.);
#10279 = VERTEX_POINT('',#10280);
#10280 = CARTESIAN_POINT('',(-1.685,0.8,3.E-02));
#10281 = LINE('',#10282,#10283);
#10282 = CARTESIAN_POINT('',(-1.685,-0.935,3.E-02));
#10283 = VECTOR('',#10284,1.);
#10284 = DIRECTION('',(0.,1.,0.));
#10285 = ORIENTED_EDGE('',*,*,#10286,.F.);
#10286 = EDGE_CURVE('',#10287,#10279,#10289,.T.);
#10287 = VERTEX_POINT('',#10288);
#10288 = CARTESIAN_POINT('',(-1.,0.8,3.E-02));
#10289 = LINE('',#10290,#10291);
#10290 = CARTESIAN_POINT('',(-1.3425,0.8,3.E-02));
#10291 = VECTOR('',#10292,1.);
#10292 = DIRECTION('',(-1.,1.110223024625E-16,0.));
#10293 = ORIENTED_EDGE('',*,*,#10294,.T.);
#10294 = EDGE_CURVE('',#10287,#10295,#10297,.T.);
#10295 = VERTEX_POINT('',#10296);
#10296 = CARTESIAN_POINT('',(-1.,-0.8,3.E-02));
#10297 = LINE('',#10298,#10299);
#10298 = CARTESIAN_POINT('',(-1.,-0.8675,3.E-02));
#10299 = VECTOR('',#10300,1.);
#10300 = DIRECTION('',(-1.110223024625E-16,-1.,0.));
#10301 = ORIENTED_EDGE('',*,*,#10302,.T.);
#10302 = EDGE_CURVE('',#10295,#10303,#10305,.T.);
#10303 = VERTEX_POINT('',#10304);
#10304 = CARTESIAN_POINT('',(-1.685,-0.8,3.E-02));
#10305 = LINE('',#10306,#10307);
#10306 = CARTESIAN_POINT('',(-1.3425,-0.8,3.E-02));
#10307 = VECTOR('',#10308,1.);
#10308 = DIRECTION('',(-1.,1.110223024625E-16,0.));
#10309 = ORIENTED_EDGE('',*,*,#10310,.F.);
#10310 = EDGE_CURVE('',#10311,#10303,#10313,.T.);
#10311 = VERTEX_POINT('',#10312);
#10312 = CARTESIAN_POINT('',(-1.685,-0.935,3.E-02));
#10313 = LINE('',#10314,#10315);
#10314 = CARTESIAN_POINT('',(-1.685,-0.935,3.E-02));
#10315 = VECTOR('',#10316,1.);
#10316 = DIRECTION('',(0.,1.,0.));
#10317 = ORIENTED_EDGE('',*,*,#10318,.T.);
#10318 = EDGE_CURVE('',#10311,#10319,#10321,.T.);
#10319 = VERTEX_POINT('',#10320);
#10320 = CARTESIAN_POINT('',(1.685,-0.935,3.E-02));
#10321 = LINE('',#10322,#10323);
#10322 = CARTESIAN_POINT('',(-1.685,-0.935,3.E-02));
#10323 = VECTOR('',#10324,1.);
#10324 = DIRECTION('',(1.,0.,0.));
#10325 = ORIENTED_EDGE('',*,*,#10326,.T.);
#10326 = EDGE_CURVE('',#10319,#10173,#10327,.T.);
#10327 = LINE('',#10328,#10329);
#10328 = CARTESIAN_POINT('',(1.685,-0.935,3.E-02));
#10329 = VECTOR('',#10330,1.);
#10330 = DIRECTION('',(0.,1.,0.));
#10331 = ORIENTED_EDGE('',*,*,#10170,.F.);
#10332 = ORIENTED_EDGE('',*,*,#10333,.T.);
#10333 = EDGE_CURVE('',#10171,#9962,#10334,.T.);
#10334 = LINE('',#10335,#10336);
#10335 = CARTESIAN_POINT('',(1.,-6.75E-02,3.E-02));
#10336 = VECTOR('',#10337,1.);
#10337 = DIRECTION('',(2.22044604925E-16,1.,0.));
#10338 = ORIENTED_EDGE('',*,*,#9961,.T.);
#10339 = PLANE('',#10340);
#10340 = AXIS2_PLACEMENT_3D('',#10341,#10342,#10343);
#10341 = CARTESIAN_POINT('',(-1.685,-0.935,3.E-02));
#10342 = DIRECTION('',(0.,0.,1.));
#10343 = DIRECTION('',(1.,0.,-0.));
#10344 = ADVANCED_FACE('',(#10345),#10363,.T.);
#10345 = FACE_BOUND('',#10346,.T.);
#10346 = EDGE_LOOP('',(#10347,#10355,#10356,#10357));
#10347 = ORIENTED_EDGE('',*,*,#10348,.F.);
#10348 = EDGE_CURVE('',#10023,#10349,#10351,.T.);
#10349 = VERTEX_POINT('',#10350);
#10350 = CARTESIAN_POINT('',(1.685,0.935,0.93));
#10351 = LINE('',#10352,#10353);
#10352 = CARTESIAN_POINT('',(1.685,-0.935,0.93));
#10353 = VECTOR('',#10354,1.);
#10354 = DIRECTION('',(0.,1.,0.));
#10355 = ORIENTED_EDGE('',*,*,#10030,.T.);
#10356 = ORIENTED_EDGE('',*,*,#10262,.T.);
#10357 = ORIENTED_EDGE('',*,*,#10358,.T.);
#10358 = EDGE_CURVE('',#10263,#10349,#10359,.T.);
#10359 = LINE('',#10360,#10361);
#10360 = CARTESIAN_POINT('',(1.685,0.935,3.E-02));
#10361 = VECTOR('',#10362,1.);
#10362 = DIRECTION('',(0.,0.,1.));
#10363 = PLANE('',#10364);
#10364 = AXIS2_PLACEMENT_3D('',#10365,#10366,#10367);
#10365 = CARTESIAN_POINT('',(1.685,-0.935,3.E-02));
#10366 = DIRECTION('',(1.,0.,0.));
#10367 = DIRECTION('',(0.,0.,1.));
#10368 = ADVANCED_FACE('',(#10369,#10437),#10471,.T.);
#10369 = FACE_BOUND('',#10370,.T.);
#10370 = EDGE_LOOP('',(#10371,#10372,#10380,#10388,#10396,#10404,#10412,
    #10420,#10428,#10434,#10435,#10436));
#10371 = ORIENTED_EDGE('',*,*,#10348,.T.);
#10372 = ORIENTED_EDGE('',*,*,#10373,.F.);
#10373 = EDGE_CURVE('',#10374,#10349,#10376,.T.);
#10374 = VERTEX_POINT('',#10375);
#10375 = CARTESIAN_POINT('',(-1.685,0.935,0.93));
#10376 = LINE('',#10377,#10378);
#10377 = CARTESIAN_POINT('',(-1.685,0.935,0.93));
#10378 = VECTOR('',#10379,1.);
#10379 = DIRECTION('',(1.,0.,0.));
#10380 = ORIENTED_EDGE('',*,*,#10381,.F.);
#10381 = EDGE_CURVE('',#10382,#10374,#10384,.T.);
#10382 = VERTEX_POINT('',#10383);
#10383 = CARTESIAN_POINT('',(-1.685,0.8,0.93));
#10384 = LINE('',#10385,#10386);
#10385 = CARTESIAN_POINT('',(-1.685,-0.935,0.93));
#10386 = VECTOR('',#10387,1.);
#10387 = DIRECTION('',(0.,1.,0.));
#10388 = ORIENTED_EDGE('',*,*,#10389,.F.);
#10389 = EDGE_CURVE('',#10390,#10382,#10392,.T.);
#10390 = VERTEX_POINT('',#10391);
#10391 = CARTESIAN_POINT('',(-1.,0.8,0.93));
#10392 = LINE('',#10393,#10394);
#10393 = CARTESIAN_POINT('',(-1.3425,0.8,0.93));
#10394 = VECTOR('',#10395,1.);
#10395 = DIRECTION('',(-1.,1.110223024625E-16,0.));
#10396 = ORIENTED_EDGE('',*,*,#10397,.T.);
#10397 = EDGE_CURVE('',#10390,#10398,#10400,.T.);
#10398 = VERTEX_POINT('',#10399);
#10399 = CARTESIAN_POINT('',(-1.,-0.8,0.93));
#10400 = LINE('',#10401,#10402);
#10401 = CARTESIAN_POINT('',(-1.,-0.8675,0.93));
#10402 = VECTOR('',#10403,1.);
#10403 = DIRECTION('',(-1.110223024625E-16,-1.,0.));
#10404 = ORIENTED_EDGE('',*,*,#10405,.T.);
#10405 = EDGE_CURVE('',#10398,#10406,#10408,.T.);
#10406 = VERTEX_POINT('',#10407);
#10407 = CARTESIAN_POINT('',(-1.685,-0.8,0.93));
#10408 = LINE('',#10409,#10410);
#10409 = CARTESIAN_POINT('',(-1.3425,-0.8,0.93));
#10410 = VECTOR('',#10411,1.);
#10411 = DIRECTION('',(-1.,1.110223024625E-16,0.));
#10412 = ORIENTED_EDGE('',*,*,#10413,.F.);
#10413 = EDGE_CURVE('',#10414,#10406,#10416,.T.);
#10414 = VERTEX_POINT('',#10415);
#10415 = CARTESIAN_POINT('',(-1.685,-0.935,0.93));
#10416 = LINE('',#10417,#10418);
#10417 = CARTESIAN_POINT('',(-1.685,-0.935,0.93));
#10418 = VECTOR('',#10419,1.);
#10419 = DIRECTION('',(0.,1.,0.));
#10420 = ORIENTED_EDGE('',*,*,#10421,.T.);
#10421 = EDGE_CURVE('',#10414,#10422,#10424,.T.);
#10422 = VERTEX_POINT('',#10423);
#10423 = CARTESIAN_POINT('',(1.685,-0.935,0.93));
#10424 = LINE('',#10425,#10426);
#10425 = CARTESIAN_POINT('',(-1.685,-0.935,0.93));
#10426 = VECTOR('',#10427,1.);
#10427 = DIRECTION('',(1.,0.,0.));
#10428 = ORIENTED_EDGE('',*,*,#10429,.T.);
#10429 = EDGE_CURVE('',#10422,#10224,#10430,.T.);
#10430 = LINE('',#10431,#10432);
#10431 = CARTESIAN_POINT('',(1.685,-0.935,0.93));
#10432 = VECTOR('',#10433,1.);
#10433 = DIRECTION('',(0.,1.,0.));
#10434 = ORIENTED_EDGE('',*,*,#10223,.F.);
#10435 = ORIENTED_EDGE('',*,*,#10245,.T.);
#10436 = ORIENTED_EDGE('',*,*,#10022,.T.);
#10437 = FACE_BOUND('',#10438,.T.);
#10438 = EDGE_LOOP('',(#10439,#10449,#10457,#10465));
#10439 = ORIENTED_EDGE('',*,*,#10440,.F.);
#10440 = EDGE_CURVE('',#10441,#10443,#10445,.T.);
#10441 = VERTEX_POINT('',#10442);
#10442 = CARTESIAN_POINT('',(-0.615,-0.85,0.93));
#10443 = VERTEX_POINT('',#10444);
#10444 = CARTESIAN_POINT('',(-0.615,0.85,0.93));
#10445 = LINE('',#10446,#10447);
#10446 = CARTESIAN_POINT('',(-0.615,-0.8925,0.93));
#10447 = VECTOR('',#10448,1.);
#10448 = DIRECTION('',(0.,1.,0.));
#10449 = ORIENTED_EDGE('',*,*,#10450,.T.);
#10450 = EDGE_CURVE('',#10441,#10451,#10453,.T.);
#10451 = VERTEX_POINT('',#10452);
#10452 = CARTESIAN_POINT('',(-0.915,-0.85,0.93));
#10453 = LINE('',#10454,#10455);
#10454 = CARTESIAN_POINT('',(-1.3,-0.85,0.93));
#10455 = VECTOR('',#10456,1.);
#10456 = DIRECTION('',(-1.,0.,0.));
#10457 = ORIENTED_EDGE('',*,*,#10458,.T.);
#10458 = EDGE_CURVE('',#10451,#10459,#10461,.T.);
#10459 = VERTEX_POINT('',#10460);
#10460 = CARTESIAN_POINT('',(-0.915,0.85,0.93));
#10461 = LINE('',#10462,#10463);
#10462 = CARTESIAN_POINT('',(-0.915,-0.8925,0.93));
#10463 = VECTOR('',#10464,1.);
#10464 = DIRECTION('',(0.,1.,0.));
#10465 = ORIENTED_EDGE('',*,*,#10466,.F.);
#10466 = EDGE_CURVE('',#10443,#10459,#10467,.T.);
#10467 = LINE('',#10468,#10469);
#10468 = CARTESIAN_POINT('',(-1.3,0.85,0.93));
#10469 = VECTOR('',#10470,1.);
#10470 = DIRECTION('',(-1.,0.,0.));
#10471 = PLANE('',#10472);
#10472 = AXIS2_PLACEMENT_3D('',#10473,#10474,#10475);
#10473 = CARTESIAN_POINT('',(-1.685,-0.935,0.93));
#10474 = DIRECTION('',(0.,0.,1.));
#10475 = DIRECTION('',(1.,0.,-0.));
#10476 = ADVANCED_FACE('',(#10477),#10488,.T.);
#10477 = FACE_BOUND('',#10478,.T.);
#10478 = EDGE_LOOP('',(#10479,#10480,#10486,#10487));
#10479 = ORIENTED_EDGE('',*,*,#10096,.F.);
#10480 = ORIENTED_EDGE('',*,*,#10481,.F.);
#10481 = EDGE_CURVE('',#9989,#10097,#10482,.T.);
#10482 = LINE('',#10483,#10484);
#10483 = CARTESIAN_POINT('',(1.7,0.8,3.E-02));
#10484 = VECTOR('',#10485,1.);
#10485 = DIRECTION('',(-2.22044604925E-16,-1.,0.));
#10486 = ORIENTED_EDGE('',*,*,#9997,.T.);
#10487 = ORIENTED_EDGE('',*,*,#10044,.T.);
#10488 = PLANE('',#10489);
#10489 = AXIS2_PLACEMENT_3D('',#10490,#10491,#10492);
#10490 = CARTESIAN_POINT('',(1.7,0.8,0.));
#10491 = DIRECTION('',(1.,-2.22044604925E-16,0.));
#10492 = DIRECTION('',(0.,0.,1.));
#10493 = ADVANCED_FACE('',(#10494),#10505,.T.);
#10494 = FACE_BOUND('',#10495,.T.);
#10495 = EDGE_LOOP('',(#10496,#10497,#10503,#10504));
#10496 = ORIENTED_EDGE('',*,*,#10104,.T.);
#10497 = ORIENTED_EDGE('',*,*,#10498,.F.);
#10498 = EDGE_CURVE('',#9981,#10105,#10499,.T.);
#10499 = LINE('',#10500,#10501);
#10500 = CARTESIAN_POINT('',(1.67,0.8,-3.469446951954E-18));
#10501 = VECTOR('',#10502,1.);
#10502 = DIRECTION('',(-2.22044604925E-16,-1.,0.));
#10503 = ORIENTED_EDGE('',*,*,#9988,.F.);
#10504 = ORIENTED_EDGE('',*,*,#10481,.T.);
#10505 = CYLINDRICAL_SURFACE('',#10506,3.E-02);
#10506 = AXIS2_PLACEMENT_3D('',#10507,#10508,#10509);
#10507 = CARTESIAN_POINT('',(1.67,0.8,3.E-02));
#10508 = DIRECTION('',(-2.22044604925E-16,-1.,0.));
#10509 = DIRECTION('',(1.,-2.22044604925E-16,0.));
#10510 = ADVANCED_FACE('',(#10511),#10529,.F.);
#10511 = FACE_BOUND('',#10512,.F.);
#10512 = EDGE_LOOP('',(#10513,#10514,#10520,#10521,#10527,#10528));
#10513 = ORIENTED_EDGE('',*,*,#9980,.F.);
#10514 = ORIENTED_EDGE('',*,*,#10515,.T.);
#10515 = EDGE_CURVE('',#9972,#10181,#10516,.T.);
#10516 = LINE('',#10517,#10518);
#10517 = CARTESIAN_POINT('',(1.03,0.8,-3.469446951954E-18));
#10518 = VECTOR('',#10519,1.);
#10519 = DIRECTION('',(-2.22044604925E-16,-1.,0.));
#10520 = ORIENTED_EDGE('',*,*,#10189,.T.);
#10521 = ORIENTED_EDGE('',*,*,#10522,.F.);
#10522 = EDGE_CURVE('',#10118,#10190,#10523,.T.);
#10523 = LINE('',#10524,#10525);
#10524 = CARTESIAN_POINT('',(1.67,0.8,-3.469446951954E-18));
#10525 = VECTOR('',#10526,1.);
#10526 = DIRECTION('',(-2.22044604925E-16,-1.,0.));
#10527 = ORIENTED_EDGE('',*,*,#10117,.F.);
#10528 = ORIENTED_EDGE('',*,*,#10498,.F.);
#10529 = PLANE('',#10530);
#10530 = AXIS2_PLACEMENT_3D('',#10531,#10532,#10533);
#10531 = CARTESIAN_POINT('',(1.,0.8,0.));
#10532 = DIRECTION('',(0.,0.,1.));
#10533 = DIRECTION('',(-2.22044604925E-16,-1.,0.));
#10534 = ADVANCED_FACE('',(#10535),#10541,.T.);
#10535 = FACE_BOUND('',#10536,.T.);
#10536 = EDGE_LOOP('',(#10537,#10538,#10539,#10540));
#10537 = ORIENTED_EDGE('',*,*,#9971,.T.);
#10538 = ORIENTED_EDGE('',*,*,#10515,.T.);
#10539 = ORIENTED_EDGE('',*,*,#10180,.F.);
#10540 = ORIENTED_EDGE('',*,*,#10333,.T.);
#10541 = CYLINDRICAL_SURFACE('',#10542,3.E-02);
#10542 = AXIS2_PLACEMENT_3D('',#10543,#10544,#10545);
#10543 = CARTESIAN_POINT('',(1.03,0.8,3.E-02));
#10544 = DIRECTION('',(-2.22044604925E-16,-1.,0.));
#10545 = DIRECTION('',(-1.,2.22044604925E-16,0.));
#10546 = ADVANCED_FACE('',(#10547),#10558,.T.);
#10547 = FACE_BOUND('',#10548,.T.);
#10548 = EDGE_LOOP('',(#10549,#10550,#10556,#10557));
#10549 = ORIENTED_EDGE('',*,*,#10206,.F.);
#10550 = ORIENTED_EDGE('',*,*,#10551,.F.);
#10551 = EDGE_CURVE('',#10074,#10198,#10552,.T.);
#10552 = LINE('',#10553,#10554);
#10553 = CARTESIAN_POINT('',(1.7,0.8,3.E-02));
#10554 = VECTOR('',#10555,1.);
#10555 = DIRECTION('',(-2.22044604925E-16,-1.,0.));
#10556 = ORIENTED_EDGE('',*,*,#10073,.T.);
#10557 = ORIENTED_EDGE('',*,*,#10145,.T.);
#10558 = PLANE('',#10559);
#10559 = AXIS2_PLACEMENT_3D('',#10560,#10561,#10562);
#10560 = CARTESIAN_POINT('',(1.7,0.8,0.));
#10561 = DIRECTION('',(1.,-2.22044604925E-16,0.));
#10562 = DIRECTION('',(0.,0.,1.));
#10563 = ADVANCED_FACE('',(#10564),#10570,.T.);
#10564 = FACE_BOUND('',#10565,.T.);
#10565 = EDGE_LOOP('',(#10566,#10567,#10568,#10569));
#10566 = ORIENTED_EDGE('',*,*,#10197,.T.);
#10567 = ORIENTED_EDGE('',*,*,#10522,.F.);
#10568 = ORIENTED_EDGE('',*,*,#10126,.F.);
#10569 = ORIENTED_EDGE('',*,*,#10551,.T.);
#10570 = CYLINDRICAL_SURFACE('',#10571,3.E-02);
#10571 = AXIS2_PLACEMENT_3D('',#10572,#10573,#10574);
#10572 = CARTESIAN_POINT('',(1.67,0.8,3.E-02));
#10573 = DIRECTION('',(-2.22044604925E-16,-1.,0.));
#10574 = DIRECTION('',(1.,-2.22044604925E-16,0.));
#10575 = ADVANCED_FACE('',(#10576),#10587,.T.);
#10576 = FACE_BOUND('',#10577,.T.);
#10577 = EDGE_LOOP('',(#10578,#10579,#10585,#10586));
#10578 = ORIENTED_EDGE('',*,*,#10429,.F.);
#10579 = ORIENTED_EDGE('',*,*,#10580,.F.);
#10580 = EDGE_CURVE('',#10319,#10422,#10581,.T.);
#10581 = LINE('',#10582,#10583);
#10582 = CARTESIAN_POINT('',(1.685,-0.935,3.E-02));
#10583 = VECTOR('',#10584,1.);
#10584 = DIRECTION('',(0.,0.,1.));
#10585 = ORIENTED_EDGE('',*,*,#10326,.T.);
#10586 = ORIENTED_EDGE('',*,*,#10231,.F.);
#10587 = PLANE('',#10588);
#10588 = AXIS2_PLACEMENT_3D('',#10589,#10590,#10591);
#10589 = CARTESIAN_POINT('',(1.685,-0.935,3.E-02));
#10590 = DIRECTION('',(1.,0.,0.));
#10591 = DIRECTION('',(0.,0.,1.));
#10592 = ADVANCED_FACE('',(#10593),#10604,.T.);
#10593 = FACE_BOUND('',#10594,.T.);
#10594 = EDGE_LOOP('',(#10595,#10596,#10602,#10603));
#10595 = ORIENTED_EDGE('',*,*,#10270,.F.);
#10596 = ORIENTED_EDGE('',*,*,#10597,.T.);
#10597 = EDGE_CURVE('',#10271,#10374,#10598,.T.);
#10598 = LINE('',#10599,#10600);
#10599 = CARTESIAN_POINT('',(-1.685,0.935,3.E-02));
#10600 = VECTOR('',#10601,1.);
#10601 = DIRECTION('',(0.,0.,1.));
#10602 = ORIENTED_EDGE('',*,*,#10373,.T.);
#10603 = ORIENTED_EDGE('',*,*,#10358,.F.);
#10604 = PLANE('',#10605);
#10605 = AXIS2_PLACEMENT_3D('',#10606,#10607,#10608);
#10606 = CARTESIAN_POINT('',(-1.685,0.935,3.E-02));
#10607 = DIRECTION('',(0.,1.,0.));
#10608 = DIRECTION('',(0.,-0.,1.));
#10609 = ADVANCED_FACE('',(#10610),#10621,.F.);
#10610 = FACE_BOUND('',#10611,.F.);
#10611 = EDGE_LOOP('',(#10612,#10613,#10619,#10620));
#10612 = ORIENTED_EDGE('',*,*,#10381,.F.);
#10613 = ORIENTED_EDGE('',*,*,#10614,.F.);
#10614 = EDGE_CURVE('',#10279,#10382,#10615,.T.);
#10615 = LINE('',#10616,#10617);
#10616 = CARTESIAN_POINT('',(-1.685,0.8,1.5E-02));
#10617 = VECTOR('',#10618,1.);
#10618 = DIRECTION('',(0.,0.,1.));
#10619 = ORIENTED_EDGE('',*,*,#10278,.T.);
#10620 = ORIENTED_EDGE('',*,*,#10597,.T.);
#10621 = PLANE('',#10622);
#10622 = AXIS2_PLACEMENT_3D('',#10623,#10624,#10625);
#10623 = CARTESIAN_POINT('',(-1.685,-0.935,3.E-02));
#10624 = DIRECTION('',(1.,0.,0.));
#10625 = DIRECTION('',(0.,0.,1.));
#10626 = ADVANCED_FACE('',(#10627),#10690,.T.);
#10627 = FACE_BOUND('',#10628,.T.);
#10628 = EDGE_LOOP('',(#10629,#10630,#10639,#10647,#10656,#10664,#10673,
    #10681,#10688,#10689));
#10629 = ORIENTED_EDGE('',*,*,#10286,.F.);
#10630 = ORIENTED_EDGE('',*,*,#10631,.T.);
#10631 = EDGE_CURVE('',#10287,#10632,#10634,.T.);
#10632 = VERTEX_POINT('',#10633);
#10633 = CARTESIAN_POINT('',(-1.03,0.8,-3.469446951954E-18));
#10634 = CIRCLE('',#10635,3.E-02);
#10635 = AXIS2_PLACEMENT_3D('',#10636,#10637,#10638);
#10636 = CARTESIAN_POINT('',(-1.03,0.8,3.E-02));
#10637 = DIRECTION('',(1.110223024625E-16,1.,-0.));
#10638 = DIRECTION('',(0.,0.,1.));
#10639 = ORIENTED_EDGE('',*,*,#10640,.T.);
#10640 = EDGE_CURVE('',#10632,#10641,#10643,.T.);
#10641 = VERTEX_POINT('',#10642);
#10642 = CARTESIAN_POINT('',(-1.67,0.8,-3.469446951954E-18));
#10643 = LINE('',#10644,#10645);
#10644 = CARTESIAN_POINT('',(-1.,0.8,0.));
#10645 = VECTOR('',#10646,1.);
#10646 = DIRECTION('',(-1.,1.110223024625E-16,0.));
#10647 = ORIENTED_EDGE('',*,*,#10648,.F.);
#10648 = EDGE_CURVE('',#10649,#10641,#10651,.T.);
#10649 = VERTEX_POINT('',#10650);
#10650 = CARTESIAN_POINT('',(-1.7,0.8,3.E-02));
#10651 = CIRCLE('',#10652,3.E-02);
#10652 = AXIS2_PLACEMENT_3D('',#10653,#10654,#10655);
#10653 = CARTESIAN_POINT('',(-1.67,0.8,3.E-02));
#10654 = DIRECTION('',(-1.110223024625E-16,-1.,0.));
#10655 = DIRECTION('',(0.,0.,1.));
#10656 = ORIENTED_EDGE('',*,*,#10657,.T.);
#10657 = EDGE_CURVE('',#10649,#10658,#10660,.T.);
#10658 = VERTEX_POINT('',#10659);
#10659 = CARTESIAN_POINT('',(-1.7,0.8,0.93));
#10660 = LINE('',#10661,#10662);
#10661 = CARTESIAN_POINT('',(-1.7,0.8,0.));
#10662 = VECTOR('',#10663,1.);
#10663 = DIRECTION('',(0.,0.,1.));
#10664 = ORIENTED_EDGE('',*,*,#10665,.T.);
#10665 = EDGE_CURVE('',#10658,#10666,#10668,.T.);
#10666 = VERTEX_POINT('',#10667);
#10667 = CARTESIAN_POINT('',(-1.67,0.8,0.96));
#10668 = CIRCLE('',#10669,3.E-02);
#10669 = AXIS2_PLACEMENT_3D('',#10670,#10671,#10672);
#10670 = CARTESIAN_POINT('',(-1.67,0.8,0.93));
#10671 = DIRECTION('',(1.110223024625E-16,1.,-0.));
#10672 = DIRECTION('',(0.,0.,1.));
#10673 = ORIENTED_EDGE('',*,*,#10674,.F.);
#10674 = EDGE_CURVE('',#10675,#10666,#10677,.T.);
#10675 = VERTEX_POINT('',#10676);
#10676 = CARTESIAN_POINT('',(-1.03,0.8,0.96));
#10677 = LINE('',#10678,#10679);
#10678 = CARTESIAN_POINT('',(-1.,0.8,0.96));
#10679 = VECTOR('',#10680,1.);
#10680 = DIRECTION('',(-1.,1.110223024625E-16,0.));
#10681 = ORIENTED_EDGE('',*,*,#10682,.F.);
#10682 = EDGE_CURVE('',#10390,#10675,#10683,.T.);
#10683 = CIRCLE('',#10684,3.E-02);
#10684 = AXIS2_PLACEMENT_3D('',#10685,#10686,#10687);
#10685 = CARTESIAN_POINT('',(-1.03,0.8,0.93));
#10686 = DIRECTION('',(-1.110223024625E-16,-1.,0.));
#10687 = DIRECTION('',(0.,0.,1.));
#10688 = ORIENTED_EDGE('',*,*,#10389,.T.);
#10689 = ORIENTED_EDGE('',*,*,#10614,.F.);
#10690 = PLANE('',#10691);
#10691 = AXIS2_PLACEMENT_3D('',#10692,#10693,#10694);
#10692 = CARTESIAN_POINT('',(-1.,0.8,0.));
#10693 = DIRECTION('',(1.110223024625E-16,1.,0.));
#10694 = DIRECTION('',(0.,-0.,1.));
#10695 = ADVANCED_FACE('',(#10696),#10715,.T.);
#10696 = FACE_BOUND('',#10697,.T.);
#10697 = EDGE_LOOP('',(#10698,#10707,#10713,#10714));
#10698 = ORIENTED_EDGE('',*,*,#10699,.T.);
#10699 = EDGE_CURVE('',#10295,#10700,#10702,.T.);
#10700 = VERTEX_POINT('',#10701);
#10701 = CARTESIAN_POINT('',(-1.03,-0.8,-3.469446951954E-18));
#10702 = CIRCLE('',#10703,3.E-02);
#10703 = AXIS2_PLACEMENT_3D('',#10704,#10705,#10706);
#10704 = CARTESIAN_POINT('',(-1.03,-0.8,3.E-02));
#10705 = DIRECTION('',(1.110223024625E-16,1.,-0.));
#10706 = DIRECTION('',(0.,0.,1.));
#10707 = ORIENTED_EDGE('',*,*,#10708,.T.);
#10708 = EDGE_CURVE('',#10700,#10632,#10709,.T.);
#10709 = LINE('',#10710,#10711);
#10710 = CARTESIAN_POINT('',(-1.03,-0.8,-3.469446951954E-18));
#10711 = VECTOR('',#10712,1.);
#10712 = DIRECTION('',(1.110223024625E-16,1.,0.));
#10713 = ORIENTED_EDGE('',*,*,#10631,.F.);
#10714 = ORIENTED_EDGE('',*,*,#10294,.T.);
#10715 = CYLINDRICAL_SURFACE('',#10716,3.E-02);
#10716 = AXIS2_PLACEMENT_3D('',#10717,#10718,#10719);
#10717 = CARTESIAN_POINT('',(-1.03,-0.8,3.E-02));
#10718 = DIRECTION('',(1.110223024625E-16,1.,0.));
#10719 = DIRECTION('',(1.,-1.110223024625E-16,0.));
#10720 = ADVANCED_FACE('',(#10721),#10732,.F.);
#10721 = FACE_BOUND('',#10722,.F.);
#10722 = EDGE_LOOP('',(#10723,#10724,#10730,#10731));
#10723 = ORIENTED_EDGE('',*,*,#10318,.F.);
#10724 = ORIENTED_EDGE('',*,*,#10725,.T.);
#10725 = EDGE_CURVE('',#10311,#10414,#10726,.T.);
#10726 = LINE('',#10727,#10728);
#10727 = CARTESIAN_POINT('',(-1.685,-0.935,3.E-02));
#10728 = VECTOR('',#10729,1.);
#10729 = DIRECTION('',(0.,0.,1.));
#10730 = ORIENTED_EDGE('',*,*,#10421,.T.);
#10731 = ORIENTED_EDGE('',*,*,#10580,.F.);
#10732 = PLANE('',#10733);
#10733 = AXIS2_PLACEMENT_3D('',#10734,#10735,#10736);
#10734 = CARTESIAN_POINT('',(-1.685,-0.935,3.E-02));
#10735 = DIRECTION('',(0.,1.,0.));
#10736 = DIRECTION('',(0.,-0.,1.));
#10737 = ADVANCED_FACE('',(#10738),#10798,.F.);
#10738 = FACE_BOUND('',#10739,.F.);
#10739 = EDGE_LOOP('',(#10740,#10741,#10742,#10750,#10759,#10767,#10776,
    #10784,#10791,#10792));
#10740 = ORIENTED_EDGE('',*,*,#10302,.F.);
#10741 = ORIENTED_EDGE('',*,*,#10699,.T.);
#10742 = ORIENTED_EDGE('',*,*,#10743,.T.);
#10743 = EDGE_CURVE('',#10700,#10744,#10746,.T.);
#10744 = VERTEX_POINT('',#10745);
#10745 = CARTESIAN_POINT('',(-1.67,-0.8,-3.469446951954E-18));
#10746 = LINE('',#10747,#10748);
#10747 = CARTESIAN_POINT('',(-1.,-0.8,0.));
#10748 = VECTOR('',#10749,1.);
#10749 = DIRECTION('',(-1.,1.110223024625E-16,0.));
#10750 = ORIENTED_EDGE('',*,*,#10751,.F.);
#10751 = EDGE_CURVE('',#10752,#10744,#10754,.T.);
#10752 = VERTEX_POINT('',#10753);
#10753 = CARTESIAN_POINT('',(-1.7,-0.8,3.E-02));
#10754 = CIRCLE('',#10755,3.E-02);
#10755 = AXIS2_PLACEMENT_3D('',#10756,#10757,#10758);
#10756 = CARTESIAN_POINT('',(-1.67,-0.8,3.E-02));
#10757 = DIRECTION('',(-1.110223024625E-16,-1.,0.));
#10758 = DIRECTION('',(0.,0.,1.));
#10759 = ORIENTED_EDGE('',*,*,#10760,.T.);
#10760 = EDGE_CURVE('',#10752,#10761,#10763,.T.);
#10761 = VERTEX_POINT('',#10762);
#10762 = CARTESIAN_POINT('',(-1.7,-0.8,0.93));
#10763 = LINE('',#10764,#10765);
#10764 = CARTESIAN_POINT('',(-1.7,-0.8,0.));
#10765 = VECTOR('',#10766,1.);
#10766 = DIRECTION('',(0.,0.,1.));
#10767 = ORIENTED_EDGE('',*,*,#10768,.T.);
#10768 = EDGE_CURVE('',#10761,#10769,#10771,.T.);
#10769 = VERTEX_POINT('',#10770);
#10770 = CARTESIAN_POINT('',(-1.67,-0.8,0.96));
#10771 = CIRCLE('',#10772,3.E-02);
#10772 = AXIS2_PLACEMENT_3D('',#10773,#10774,#10775);
#10773 = CARTESIAN_POINT('',(-1.67,-0.8,0.93));
#10774 = DIRECTION('',(1.110223024625E-16,1.,-0.));
#10775 = DIRECTION('',(0.,0.,1.));
#10776 = ORIENTED_EDGE('',*,*,#10777,.F.);
#10777 = EDGE_CURVE('',#10778,#10769,#10780,.T.);
#10778 = VERTEX_POINT('',#10779);
#10779 = CARTESIAN_POINT('',(-1.03,-0.8,0.96));
#10780 = LINE('',#10781,#10782);
#10781 = CARTESIAN_POINT('',(-1.,-0.8,0.96));
#10782 = VECTOR('',#10783,1.);
#10783 = DIRECTION('',(-1.,1.110223024625E-16,0.));
#10784 = ORIENTED_EDGE('',*,*,#10785,.F.);
#10785 = EDGE_CURVE('',#10398,#10778,#10786,.T.);
#10786 = CIRCLE('',#10787,3.E-02);
#10787 = AXIS2_PLACEMENT_3D('',#10788,#10789,#10790);
#10788 = CARTESIAN_POINT('',(-1.03,-0.8,0.93));
#10789 = DIRECTION('',(-1.110223024625E-16,-1.,0.));
#10790 = DIRECTION('',(0.,0.,1.));
#10791 = ORIENTED_EDGE('',*,*,#10405,.T.);
#10792 = ORIENTED_EDGE('',*,*,#10793,.F.);
#10793 = EDGE_CURVE('',#10303,#10406,#10794,.T.);
#10794 = LINE('',#10795,#10796);
#10795 = CARTESIAN_POINT('',(-1.685,-0.8,1.5E-02));
#10796 = VECTOR('',#10797,1.);
#10797 = DIRECTION('',(0.,0.,1.));
#10798 = PLANE('',#10799);
#10799 = AXIS2_PLACEMENT_3D('',#10800,#10801,#10802);
#10800 = CARTESIAN_POINT('',(-1.,-0.8,0.));
#10801 = DIRECTION('',(1.110223024625E-16,1.,0.));
#10802 = DIRECTION('',(0.,-0.,1.));
#10803 = ADVANCED_FACE('',(#10804),#10810,.F.);
#10804 = FACE_BOUND('',#10805,.F.);
#10805 = EDGE_LOOP('',(#10806,#10807,#10808,#10809));
#10806 = ORIENTED_EDGE('',*,*,#10413,.F.);
#10807 = ORIENTED_EDGE('',*,*,#10725,.F.);
#10808 = ORIENTED_EDGE('',*,*,#10310,.T.);
#10809 = ORIENTED_EDGE('',*,*,#10793,.T.);
#10810 = PLANE('',#10811);
#10811 = AXIS2_PLACEMENT_3D('',#10812,#10813,#10814);
#10812 = CARTESIAN_POINT('',(-1.685,-0.935,3.E-02));
#10813 = DIRECTION('',(1.,0.,0.));
#10814 = DIRECTION('',(0.,0.,1.));
#10815 = ADVANCED_FACE('',(#10816),#10827,.T.);
#10816 = FACE_BOUND('',#10817,.T.);
#10817 = EDGE_LOOP('',(#10818,#10819,#10820,#10826));
#10818 = ORIENTED_EDGE('',*,*,#10397,.F.);
#10819 = ORIENTED_EDGE('',*,*,#10682,.T.);
#10820 = ORIENTED_EDGE('',*,*,#10821,.F.);
#10821 = EDGE_CURVE('',#10778,#10675,#10822,.T.);
#10822 = LINE('',#10823,#10824);
#10823 = CARTESIAN_POINT('',(-1.03,-0.8,0.96));
#10824 = VECTOR('',#10825,1.);
#10825 = DIRECTION('',(1.110223024625E-16,1.,0.));
#10826 = ORIENTED_EDGE('',*,*,#10785,.F.);
#10827 = CYLINDRICAL_SURFACE('',#10828,3.E-02);
#10828 = AXIS2_PLACEMENT_3D('',#10829,#10830,#10831);
#10829 = CARTESIAN_POINT('',(-1.03,-0.8,0.93));
#10830 = DIRECTION('',(1.110223024625E-16,1.,0.));
#10831 = DIRECTION('',(1.,-1.110223024625E-16,0.));
#10832 = ADVANCED_FACE('',(#10833),#10858,.F.);
#10833 = FACE_BOUND('',#10834,.F.);
#10834 = EDGE_LOOP('',(#10835,#10843,#10851,#10857));
#10835 = ORIENTED_EDGE('',*,*,#10836,.F.);
#10836 = EDGE_CURVE('',#10837,#10441,#10839,.T.);
#10837 = VERTEX_POINT('',#10838);
#10838 = CARTESIAN_POINT('',(-0.615,-0.85,0.92));
#10839 = LINE('',#10840,#10841);
#10840 = CARTESIAN_POINT('',(-0.615,-0.85,0.92));
#10841 = VECTOR('',#10842,1.);
#10842 = DIRECTION('',(0.,0.,1.));
#10843 = ORIENTED_EDGE('',*,*,#10844,.T.);
#10844 = EDGE_CURVE('',#10837,#10845,#10847,.T.);
#10845 = VERTEX_POINT('',#10846);
#10846 = CARTESIAN_POINT('',(-0.615,0.85,0.92));
#10847 = LINE('',#10848,#10849);
#10848 = CARTESIAN_POINT('',(-0.615,-0.85,0.92));
#10849 = VECTOR('',#10850,1.);
#10850 = DIRECTION('',(0.,1.,0.));
#10851 = ORIENTED_EDGE('',*,*,#10852,.T.);
#10852 = EDGE_CURVE('',#10845,#10443,#10853,.T.);
#10853 = LINE('',#10854,#10855);
#10854 = CARTESIAN_POINT('',(-0.615,0.85,0.92));
#10855 = VECTOR('',#10856,1.);
#10856 = DIRECTION('',(0.,0.,1.));
#10857 = ORIENTED_EDGE('',*,*,#10440,.F.);
#10858 = PLANE('',#10859);
#10859 = AXIS2_PLACEMENT_3D('',#10860,#10861,#10862);
#10860 = CARTESIAN_POINT('',(-0.615,-0.85,0.92));
#10861 = DIRECTION('',(1.,0.,0.));
#10862 = DIRECTION('',(0.,0.,1.));
#10863 = ADVANCED_FACE('',(#10864),#10882,.T.);
#10864 = FACE_BOUND('',#10865,.T.);
#10865 = EDGE_LOOP('',(#10866,#10867,#10875,#10881));
#10866 = ORIENTED_EDGE('',*,*,#10836,.F.);
#10867 = ORIENTED_EDGE('',*,*,#10868,.F.);
#10868 = EDGE_CURVE('',#10869,#10837,#10871,.T.);
#10869 = VERTEX_POINT('',#10870);
#10870 = CARTESIAN_POINT('',(-0.915,-0.85,0.92));
#10871 = LINE('',#10872,#10873);
#10872 = CARTESIAN_POINT('',(-0.915,-0.85,0.92));
#10873 = VECTOR('',#10874,1.);
#10874 = DIRECTION('',(1.,0.,0.));
#10875 = ORIENTED_EDGE('',*,*,#10876,.T.);
#10876 = EDGE_CURVE('',#10869,#10451,#10877,.T.);
#10877 = LINE('',#10878,#10879);
#10878 = CARTESIAN_POINT('',(-0.915,-0.85,0.92));
#10879 = VECTOR('',#10880,1.);
#10880 = DIRECTION('',(0.,0.,1.));
#10881 = ORIENTED_EDGE('',*,*,#10450,.F.);
#10882 = PLANE('',#10883);
#10883 = AXIS2_PLACEMENT_3D('',#10884,#10885,#10886);
#10884 = CARTESIAN_POINT('',(-0.915,-0.85,0.92));
#10885 = DIRECTION('',(0.,1.,0.));
#10886 = DIRECTION('',(0.,-0.,1.));
#10887 = ADVANCED_FACE('',(#10888),#10906,.F.);
#10888 = FACE_BOUND('',#10889,.F.);
#10889 = EDGE_LOOP('',(#10890,#10891,#10899,#10905));
#10890 = ORIENTED_EDGE('',*,*,#10852,.F.);
#10891 = ORIENTED_EDGE('',*,*,#10892,.F.);
#10892 = EDGE_CURVE('',#10893,#10845,#10895,.T.);
#10893 = VERTEX_POINT('',#10894);
#10894 = CARTESIAN_POINT('',(-0.915,0.85,0.92));
#10895 = LINE('',#10896,#10897);
#10896 = CARTESIAN_POINT('',(-0.915,0.85,0.92));
#10897 = VECTOR('',#10898,1.);
#10898 = DIRECTION('',(1.,0.,0.));
#10899 = ORIENTED_EDGE('',*,*,#10900,.T.);
#10900 = EDGE_CURVE('',#10893,#10459,#10901,.T.);
#10901 = LINE('',#10902,#10903);
#10902 = CARTESIAN_POINT('',(-0.915,0.85,0.92));
#10903 = VECTOR('',#10904,1.);
#10904 = DIRECTION('',(0.,0.,1.));
#10905 = ORIENTED_EDGE('',*,*,#10466,.F.);
#10906 = PLANE('',#10907);
#10907 = AXIS2_PLACEMENT_3D('',#10908,#10909,#10910);
#10908 = CARTESIAN_POINT('',(-0.915,0.85,0.92));
#10909 = DIRECTION('',(0.,1.,0.));
#10910 = DIRECTION('',(0.,-0.,1.));
#10911 = ADVANCED_FACE('',(#10912),#10923,.T.);
#10912 = FACE_BOUND('',#10913,.T.);
#10913 = EDGE_LOOP('',(#10914,#10915,#10921,#10922));
#10914 = ORIENTED_EDGE('',*,*,#10876,.F.);
#10915 = ORIENTED_EDGE('',*,*,#10916,.T.);
#10916 = EDGE_CURVE('',#10869,#10893,#10917,.T.);
#10917 = LINE('',#10918,#10919);
#10918 = CARTESIAN_POINT('',(-0.915,-0.85,0.92));
#10919 = VECTOR('',#10920,1.);
#10920 = DIRECTION('',(0.,1.,0.));
#10921 = ORIENTED_EDGE('',*,*,#10900,.T.);
#10922 = ORIENTED_EDGE('',*,*,#10458,.F.);
#10923 = PLANE('',#10924);
#10924 = AXIS2_PLACEMENT_3D('',#10925,#10926,#10927);
#10925 = CARTESIAN_POINT('',(-0.915,-0.85,0.92));
#10926 = DIRECTION('',(1.,0.,0.));
#10927 = DIRECTION('',(0.,0.,1.));
#10928 = ADVANCED_FACE('',(#10929),#10957,.T.);
#10929 = FACE_BOUND('',#10930,.T.);
#10930 = EDGE_LOOP('',(#10931,#10932,#10933,#10934,#10942,#10951));
#10931 = ORIENTED_EDGE('',*,*,#10777,.F.);
#10932 = ORIENTED_EDGE('',*,*,#10821,.T.);
#10933 = ORIENTED_EDGE('',*,*,#10674,.T.);
#10934 = ORIENTED_EDGE('',*,*,#10935,.F.);
#10935 = EDGE_CURVE('',#10936,#10666,#10938,.T.);
#10936 = VERTEX_POINT('',#10937);
#10937 = CARTESIAN_POINT('',(-1.67,0.48,0.96));
#10938 = LINE('',#10939,#10940);
#10939 = CARTESIAN_POINT('',(-1.67,-0.8,0.96));
#10940 = VECTOR('',#10941,1.);
#10941 = DIRECTION('',(1.110223024625E-16,1.,0.));
#10942 = ORIENTED_EDGE('',*,*,#10943,.F.);
#10943 = EDGE_CURVE('',#10944,#10936,#10946,.T.);
#10944 = VERTEX_POINT('',#10945);
#10945 = CARTESIAN_POINT('',(-1.67,-0.48,0.96));
#10946 = CIRCLE('',#10947,0.48);
#10947 = AXIS2_PLACEMENT_3D('',#10948,#10949,#10950);
#10948 = CARTESIAN_POINT('',(-1.67,1.576516694968E-16,0.96));
#10949 = DIRECTION('',(0.,-0.,1.));
#10950 = DIRECTION('',(1.110223024625E-16,1.,0.));
#10951 = ORIENTED_EDGE('',*,*,#10952,.F.);
#10952 = EDGE_CURVE('',#10769,#10944,#10953,.T.);
#10953 = LINE('',#10954,#10955);
#10954 = CARTESIAN_POINT('',(-1.67,-0.8,0.96));
#10955 = VECTOR('',#10956,1.);
#10956 = DIRECTION('',(1.110223024625E-16,1.,0.));
#10957 = PLANE('',#10958);
#10958 = AXIS2_PLACEMENT_3D('',#10959,#10960,#10961);
#10959 = CARTESIAN_POINT('',(-1.,-0.8,0.96));
#10960 = DIRECTION('',(0.,0.,1.));
#10961 = DIRECTION('',(1.110223024625E-16,1.,-0.));
#10962 = ADVANCED_FACE('',(#10963),#10986,.T.);
#10963 = FACE_BOUND('',#10964,.T.);
#10964 = EDGE_LOOP('',(#10965,#10973,#10984,#10985));
#10965 = ORIENTED_EDGE('',*,*,#10966,.F.);
#10966 = EDGE_CURVE('',#10967,#10658,#10969,.T.);
#10967 = VERTEX_POINT('',#10968);
#10968 = CARTESIAN_POINT('',(-1.7,0.47906158268,0.93));
#10969 = LINE('',#10970,#10971);
#10970 = CARTESIAN_POINT('',(-1.7,-0.8,0.93));
#10971 = VECTOR('',#10972,1.);
#10972 = DIRECTION('',(1.110223024625E-16,1.,0.));
#10973 = ORIENTED_EDGE('',*,*,#10974,.T.);
#10974 = EDGE_CURVE('',#10967,#10936,#10975,.T.);
#10975 = B_SPLINE_CURVE_WITH_KNOTS('',7,(#10976,#10977,#10978,#10979,
    #10980,#10981,#10982,#10983),.UNSPECIFIED.,.F.,.F.,(8,8),(0.,1.),
  .PIECEWISE_BEZIER_KNOTS.);
#10976 = CARTESIAN_POINT('',(-1.7,0.47906158268,0.93));
#10977 = CARTESIAN_POINT('',(-1.7,0.47906158268,0.936900650049));
#10978 = CARTESIAN_POINT('',(-1.698148263184,0.479177588774,
    0.943696515949));
#10979 = CARTESIAN_POINT('',(-1.694545141314,0.479402978946,
    0.949838123717));
#10980 = CARTESIAN_POINT('',(-1.689458046695,0.479676964631,
    0.954835571457));
#10981 = CARTESIAN_POINT('',(-1.683289457164,0.479894298544,
    0.958307846648));
#10982 = CARTESIAN_POINT('',(-1.676595844294,0.47999999934,
    0.959999994723));
#10983 = CARTESIAN_POINT('',(-1.67,0.48,0.96));
#10984 = ORIENTED_EDGE('',*,*,#10935,.T.);
#10985 = ORIENTED_EDGE('',*,*,#10665,.F.);
#10986 = CYLINDRICAL_SURFACE('',#10987,3.E-02);
#10987 = AXIS2_PLACEMENT_3D('',#10988,#10989,#10990);
#10988 = CARTESIAN_POINT('',(-1.67,-0.8,0.93));
#10989 = DIRECTION('',(1.110223024625E-16,1.,0.));
#10990 = DIRECTION('',(-1.,1.110223024625E-16,0.));
#10991 = ADVANCED_FACE('',(#10992),#11010,.T.);
#10992 = FACE_BOUND('',#10993,.T.);
#10993 = EDGE_LOOP('',(#10994,#10995,#11003,#11009));
#10994 = ORIENTED_EDGE('',*,*,#10657,.F.);
#10995 = ORIENTED_EDGE('',*,*,#10996,.F.);
#10996 = EDGE_CURVE('',#10997,#10649,#10999,.T.);
#10997 = VERTEX_POINT('',#10998);
#10998 = CARTESIAN_POINT('',(-1.7,0.47906158268,3.E-02));
#10999 = LINE('',#11000,#11001);
#11000 = CARTESIAN_POINT('',(-1.7,-0.8,3.E-02));
#11001 = VECTOR('',#11002,1.);
#11002 = DIRECTION('',(1.110223024625E-16,1.,0.));
#11003 = ORIENTED_EDGE('',*,*,#11004,.T.);
#11004 = EDGE_CURVE('',#10997,#10967,#11005,.T.);
#11005 = LINE('',#11006,#11007);
#11006 = CARTESIAN_POINT('',(-1.7,0.47906158268,0.96));
#11007 = VECTOR('',#11008,1.);
#11008 = DIRECTION('',(0.,0.,1.));
#11009 = ORIENTED_EDGE('',*,*,#10966,.T.);
#11010 = PLANE('',#11011);
#11011 = AXIS2_PLACEMENT_3D('',#11012,#11013,#11014);
#11012 = CARTESIAN_POINT('',(-1.7,-0.8,0.));
#11013 = DIRECTION('',(-1.,1.110223024625E-16,0.));
#11014 = DIRECTION('',(0.,0.,1.));
#11015 = ADVANCED_FACE('',(#11016),#11039,.T.);
#11016 = FACE_BOUND('',#11017,.T.);
#11017 = EDGE_LOOP('',(#11018,#11019,#11027,#11038));
#11018 = ORIENTED_EDGE('',*,*,#10648,.T.);
#11019 = ORIENTED_EDGE('',*,*,#11020,.F.);
#11020 = EDGE_CURVE('',#11021,#10641,#11023,.T.);
#11021 = VERTEX_POINT('',#11022);
#11022 = CARTESIAN_POINT('',(-1.67,0.48,-1.734723475977E-18));
#11023 = LINE('',#11024,#11025);
#11024 = CARTESIAN_POINT('',(-1.67,-0.8,-3.469446951954E-18));
#11025 = VECTOR('',#11026,1.);
#11026 = DIRECTION('',(1.110223024625E-16,1.,0.));
#11027 = ORIENTED_EDGE('',*,*,#11028,.F.);
#11028 = EDGE_CURVE('',#10997,#11021,#11029,.T.);
#11029 = B_SPLINE_CURVE_WITH_KNOTS('',7,(#11030,#11031,#11032,#11033,
    #11034,#11035,#11036,#11037),.UNSPECIFIED.,.F.,.F.,(8,8),(0.,1.),
  .PIECEWISE_BEZIER_KNOTS.);
#11030 = CARTESIAN_POINT('',(-1.7,0.47906158268,3.E-02));
#11031 = CARTESIAN_POINT('',(-1.7,0.47906158268,2.30993499503E-02));
#11032 = CARTESIAN_POINT('',(-1.698148263184,0.479177588774,
    1.630348405165E-02));
#11033 = CARTESIAN_POINT('',(-1.694545141314,0.479402978946,
    1.016187628159E-02));
#11034 = CARTESIAN_POINT('',(-1.689458046694,0.479676964631,
    5.164428543393E-03));
#11035 = CARTESIAN_POINT('',(-1.683289457165,0.479894298544,
    1.692153352307E-03));
#11036 = CARTESIAN_POINT('',(-1.676595844294,0.47999999934,
    5.276675430726E-09));
#11037 = CARTESIAN_POINT('',(-1.67,0.48,-1.734723475977E-18));
#11038 = ORIENTED_EDGE('',*,*,#10996,.T.);
#11039 = CYLINDRICAL_SURFACE('',#11040,3.E-02);
#11040 = AXIS2_PLACEMENT_3D('',#11041,#11042,#11043);
#11041 = CARTESIAN_POINT('',(-1.67,-0.8,3.E-02));
#11042 = DIRECTION('',(1.110223024625E-16,1.,0.));
#11043 = DIRECTION('',(-1.,1.110223024625E-16,0.));
#11044 = ADVANCED_FACE('',(#11045),#11066,.F.);
#11045 = FACE_BOUND('',#11046,.F.);
#11046 = EDGE_LOOP('',(#11047,#11048,#11049,#11050,#11051,#11060));
#11047 = ORIENTED_EDGE('',*,*,#10743,.F.);
#11048 = ORIENTED_EDGE('',*,*,#10708,.T.);
#11049 = ORIENTED_EDGE('',*,*,#10640,.T.);
#11050 = ORIENTED_EDGE('',*,*,#11020,.F.);
#11051 = ORIENTED_EDGE('',*,*,#11052,.F.);
#11052 = EDGE_CURVE('',#11053,#11021,#11055,.T.);
#11053 = VERTEX_POINT('',#11054);
#11054 = CARTESIAN_POINT('',(-1.67,-0.48,-3.469446951954E-18));
#11055 = CIRCLE('',#11056,0.48);
#11056 = AXIS2_PLACEMENT_3D('',#11057,#11058,#11059);
#11057 = CARTESIAN_POINT('',(-1.67,1.576516694968E-16,0.));
#11058 = DIRECTION('',(0.,-0.,1.));
#11059 = DIRECTION('',(1.110223024625E-16,1.,0.));
#11060 = ORIENTED_EDGE('',*,*,#11061,.F.);
#11061 = EDGE_CURVE('',#10744,#11053,#11062,.T.);
#11062 = LINE('',#11063,#11064);
#11063 = CARTESIAN_POINT('',(-1.67,-0.8,-3.469446951954E-18));
#11064 = VECTOR('',#11065,1.);
#11065 = DIRECTION('',(1.110223024625E-16,1.,0.));
#11066 = PLANE('',#11067);
#11067 = AXIS2_PLACEMENT_3D('',#11068,#11069,#11070);
#11068 = CARTESIAN_POINT('',(-1.,-0.8,0.));
#11069 = DIRECTION('',(0.,0.,1.));
#11070 = DIRECTION('',(1.110223024625E-16,1.,-0.));
#11071 = ADVANCED_FACE('',(#11072),#11095,.T.);
#11072 = FACE_BOUND('',#11073,.T.);
#11073 = EDGE_LOOP('',(#11074,#11082,#11083,#11084));
#11074 = ORIENTED_EDGE('',*,*,#11075,.F.);
#11075 = EDGE_CURVE('',#10761,#11076,#11078,.T.);
#11076 = VERTEX_POINT('',#11077);
#11077 = CARTESIAN_POINT('',(-1.7,-0.47906158268,0.93));
#11078 = LINE('',#11079,#11080);
#11079 = CARTESIAN_POINT('',(-1.7,-0.8,0.93));
#11080 = VECTOR('',#11081,1.);
#11081 = DIRECTION('',(1.110223024625E-16,1.,0.));
#11082 = ORIENTED_EDGE('',*,*,#10768,.T.);
#11083 = ORIENTED_EDGE('',*,*,#10952,.T.);
#11084 = ORIENTED_EDGE('',*,*,#11085,.F.);
#11085 = EDGE_CURVE('',#11076,#10944,#11086,.T.);
#11086 = B_SPLINE_CURVE_WITH_KNOTS('',7,(#11087,#11088,#11089,#11090,
    #11091,#11092,#11093,#11094),.UNSPECIFIED.,.F.,.F.,(8,8),(0.,1.),
  .PIECEWISE_BEZIER_KNOTS.);
#11087 = CARTESIAN_POINT('',(-1.7,-0.47906158268,0.93));
#11088 = CARTESIAN_POINT('',(-1.7,-0.47906158268,0.936900649943));
#11089 = CARTESIAN_POINT('',(-1.698148261339,-0.479177589207,
    0.943696521465));
#11090 = CARTESIAN_POINT('',(-1.69454514703,-0.479402977562,
    0.949838109932));
#11091 = CARTESIAN_POINT('',(-1.68945803699,-0.47967696666,
    0.954835588434));
#11092 = CARTESIAN_POINT('',(-1.683289468995,-0.479894296878,
    0.958307833414));
#11093 = CARTESIAN_POINT('',(-1.676595837202,-0.48,0.96));
#11094 = CARTESIAN_POINT('',(-1.67,-0.48,0.96));
#11095 = CYLINDRICAL_SURFACE('',#11096,3.E-02);
#11096 = AXIS2_PLACEMENT_3D('',#11097,#11098,#11099);
#11097 = CARTESIAN_POINT('',(-1.67,-0.8,0.93));
#11098 = DIRECTION('',(1.110223024625E-16,1.,0.));
#11099 = DIRECTION('',(-1.,1.110223024625E-16,0.));
#11100 = ADVANCED_FACE('',(#11101),#11119,.T.);
#11101 = FACE_BOUND('',#11102,.T.);
#11102 = EDGE_LOOP('',(#11103,#11111,#11117,#11118));
#11103 = ORIENTED_EDGE('',*,*,#11104,.F.);
#11104 = EDGE_CURVE('',#11105,#11076,#11107,.T.);
#11105 = VERTEX_POINT('',#11106);
#11106 = CARTESIAN_POINT('',(-1.7,-0.47906158268,3.E-02));
#11107 = LINE('',#11108,#11109);
#11108 = CARTESIAN_POINT('',(-1.7,-0.47906158268,0.96));
#11109 = VECTOR('',#11110,1.);
#11110 = DIRECTION('',(0.,0.,1.));
#11111 = ORIENTED_EDGE('',*,*,#11112,.F.);
#11112 = EDGE_CURVE('',#10752,#11105,#11113,.T.);
#11113 = LINE('',#11114,#11115);
#11114 = CARTESIAN_POINT('',(-1.7,-0.8,3.E-02));
#11115 = VECTOR('',#11116,1.);
#11116 = DIRECTION('',(1.110223024625E-16,1.,0.));
#11117 = ORIENTED_EDGE('',*,*,#10760,.T.);
#11118 = ORIENTED_EDGE('',*,*,#11075,.T.);
#11119 = PLANE('',#11120);
#11120 = AXIS2_PLACEMENT_3D('',#11121,#11122,#11123);
#11121 = CARTESIAN_POINT('',(-1.7,-0.8,0.));
#11122 = DIRECTION('',(-1.,1.110223024625E-16,0.));
#11123 = DIRECTION('',(0.,0.,1.));
#11124 = ADVANCED_FACE('',(#11125),#11141,.T.);
#11125 = FACE_BOUND('',#11126,.T.);
#11126 = EDGE_LOOP('',(#11127,#11138,#11139,#11140));
#11127 = ORIENTED_EDGE('',*,*,#11128,.T.);
#11128 = EDGE_CURVE('',#11105,#11053,#11129,.T.);
#11129 = B_SPLINE_CURVE_WITH_KNOTS('',7,(#11130,#11131,#11132,#11133,
    #11134,#11135,#11136,#11137),.UNSPECIFIED.,.F.,.F.,(8,8),(0.,1.),
  .PIECEWISE_BEZIER_KNOTS.);
#11130 = CARTESIAN_POINT('',(-1.7,-0.47906158268,3.E-02));
#11131 = CARTESIAN_POINT('',(-1.7,-0.47906158268,2.309935005657E-02));
#11132 = CARTESIAN_POINT('',(-1.698148261339,-0.479177589207,
    1.630347853607E-02));
#11133 = CARTESIAN_POINT('',(-1.69454514703,-0.479402977562,
    1.016189006705E-02));
#11134 = CARTESIAN_POINT('',(-1.689458036988,-0.47967696666,
    5.164411566132E-03));
#11135 = CARTESIAN_POINT('',(-1.683289468995,-0.479894296878,
    1.692166585462E-03));
#11136 = CARTESIAN_POINT('',(-1.676595837202,-0.48,-1.734723475977E-18)
  );
#11137 = CARTESIAN_POINT('',(-1.67,-0.48,-1.734723475977E-18));
#11138 = ORIENTED_EDGE('',*,*,#11061,.F.);
#11139 = ORIENTED_EDGE('',*,*,#10751,.F.);
#11140 = ORIENTED_EDGE('',*,*,#11112,.T.);
#11141 = CYLINDRICAL_SURFACE('',#11142,3.E-02);
#11142 = AXIS2_PLACEMENT_3D('',#11143,#11144,#11145);
#11143 = CARTESIAN_POINT('',(-1.67,-0.8,3.E-02));
#11144 = DIRECTION('',(1.110223024625E-16,1.,0.));
#11145 = DIRECTION('',(-1.,1.110223024625E-16,0.));
#11146 = ADVANCED_FACE('',(#11147),#11153,.T.);
#11147 = FACE_BOUND('',#11148,.T.);
#11148 = EDGE_LOOP('',(#11149,#11150,#11151,#11152));
#11149 = ORIENTED_EDGE('',*,*,#10916,.F.);
#11150 = ORIENTED_EDGE('',*,*,#10868,.T.);
#11151 = ORIENTED_EDGE('',*,*,#10844,.T.);
#11152 = ORIENTED_EDGE('',*,*,#10892,.F.);
#11153 = PLANE('',#11154);
#11154 = AXIS2_PLACEMENT_3D('',#11155,#11156,#11157);
#11155 = CARTESIAN_POINT('',(-0.915,-0.85,0.92));
#11156 = DIRECTION('',(0.,0.,1.));
#11157 = DIRECTION('',(1.,0.,-0.));
#11158 = ADVANCED_FACE('',(#11159),#11169,.F.);
#11159 = FACE_BOUND('',#11160,.F.);
#11160 = EDGE_LOOP('',(#11161,#11162,#11163,#11164,#11165,#11166,#11167,
    #11168));
#11161 = ORIENTED_EDGE('',*,*,#11004,.T.);
#11162 = ORIENTED_EDGE('',*,*,#10974,.T.);
#11163 = ORIENTED_EDGE('',*,*,#10943,.F.);
#11164 = ORIENTED_EDGE('',*,*,#11085,.F.);
#11165 = ORIENTED_EDGE('',*,*,#11104,.F.);
#11166 = ORIENTED_EDGE('',*,*,#11128,.T.);
#11167 = ORIENTED_EDGE('',*,*,#11052,.T.);
#11168 = ORIENTED_EDGE('',*,*,#11028,.F.);
#11169 = CYLINDRICAL_SURFACE('',#11170,0.48);
#11170 = AXIS2_PLACEMENT_3D('',#11171,#11172,#11173);
#11171 = CARTESIAN_POINT('',(-1.67,1.576516694968E-16,0.96));
#11172 = DIRECTION('',(0.,0.,1.));
#11173 = DIRECTION('',(1.110223024625E-16,1.,-0.));
#11174 = ( GEOMETRIC_REPRESENTATION_CONTEXT(3) 
GLOBAL_UNCERTAINTY_ASSIGNED_CONTEXT((#11178)) 
GLOBAL_UNIT_ASSIGNED_CONTEXT((#11175,#11176,#11177)) 
REPRESENTATION_CONTEXT('Context #1',
  '3D Context with UNIT and UNCERTAINTY') );
#11175 = ( LENGTH_UNIT() NAMED_UNIT(*) SI_UNIT(.MILLI.,.METRE.) );
#11176 = ( NAMED_UNIT(*) PLANE_ANGLE_UNIT() SI_UNIT($,.RADIAN.) );
#11177 = ( NAMED_UNIT(*) SI_UNIT($,.STERADIAN.) SOLID_ANGLE_UNIT() );
#11178 = UNCERTAINTY_MEASURE_WITH_UNIT(LENGTH_MEASURE(1.E-07),#11175,
  'distance_accuracy_value','confusion accuracy');
#11179 = CONTEXT_DEPENDENT_SHAPE_REPRESENTATION(#11180,#11182);
#11180 = ( REPRESENTATION_RELATIONSHIP('','',#9897,#10) 
REPRESENTATION_RELATIONSHIP_WITH_TRANSFORMATION(#11181) 
SHAPE_REPRESENTATION_RELATIONSHIP() );
#11181 = ITEM_DEFINED_TRANSFORMATION('','',#11,#39);
#11182 = PRODUCT_DEFINITION_SHAPE('Placement','Placement of an item',
  #11183);
#11183 = NEXT_ASSEMBLY_USAGE_OCCURRENCE('7','D4','',#5,#9892,$);
#11184 = PRODUCT_RELATED_PRODUCT_CATEGORY('part',$,(#9894));
#11185 = CONTEXT_DEPENDENT_SHAPE_REPRESENTATION(#11186,#11188);
#11186 = ( REPRESENTATION_RELATIONSHIP('','',#9897,#10) 
REPRESENTATION_RELATIONSHIP_WITH_TRANSFORMATION(#11187) 
SHAPE_REPRESENTATION_RELATIONSHIP() );
#11187 = ITEM_DEFINED_TRANSFORMATION('','',#11,#43);
#11188 = PRODUCT_DEFINITION_SHAPE('Placement','Placement of an item',
  #11189);
#11189 = NEXT_ASSEMBLY_USAGE_OCCURRENCE('8','D1','',#5,#9892,$);
#11190 = CONTEXT_DEPENDENT_SHAPE_REPRESENTATION(#11191,#11193);
#11191 = ( REPRESENTATION_RELATIONSHIP('','',#9897,#10) 
REPRESENTATION_RELATIONSHIP_WITH_TRANSFORMATION(#11192) 
SHAPE_REPRESENTATION_RELATIONSHIP() );
#11192 = ITEM_DEFINED_TRANSFORMATION('','',#11,#47);
#11193 = PRODUCT_DEFINITION_SHAPE('Placement','Placement of an item',
  #11194);
#11194 = NEXT_ASSEMBLY_USAGE_OCCURRENCE('9','D2','',#5,#9892,$);
#11195 = CONTEXT_DEPENDENT_SHAPE_REPRESENTATION(#11196,#11198);
#11196 = ( REPRESENTATION_RELATIONSHIP('','',#104,#10) 
REPRESENTATION_RELATIONSHIP_WITH_TRANSFORMATION(#11197) 
SHAPE_REPRESENTATION_RELATIONSHIP() );
#11197 = ITEM_DEFINED_TRANSFORMATION('','',#11,#51);
#11198 = PRODUCT_DEFINITION_SHAPE('Placement','Placement of an item',
  #11199);
#11199 = NEXT_ASSEMBLY_USAGE_OCCURRENCE('10','R1','',#5,#99,$);
#11200 = SHAPE_DEFINITION_REPRESENTATION(#11201,#11207);
#11201 = PRODUCT_DEFINITION_SHAPE('','',#11202);
#11202 = PRODUCT_DEFINITION('design','',#11203,#11206);
#11203 = PRODUCT_DEFINITION_FORMATION('','',#11204);
#11204 = PRODUCT(
  'TerminalBlock_Phoenix_MKDS-1,5-2_1x02_P5.00mm_Horizontal',
  'TerminalBlock_Phoenix_MKDS-1,5-2_1x02_P5.00mm_Horizontal','',(#11205)
  );
#11205 = PRODUCT_CONTEXT('',#2,'mechanical');
#11206 = PRODUCT_DEFINITION_CONTEXT('part definition',#2,'design');
#11207 = ADVANCED_BREP_SHAPE_REPRESENTATION('',(#11,#11208),#13829);
#11208 = MANIFOLD_SOLID_BREP('',#11209);
#11209 = CLOSED_SHELL('',(#11210,#11306,#11337,#11383,#11407,#11431,
    #11578,#11602,#11626,#11643,#11735,#11752,#11790,#11901,#12012,
    #12024,#12048,#12072,#12089,#12120,#12144,#12168,#12185,#12216,
    #12240,#12264,#12281,#12310,#12333,#12356,#12373,#12402,#12425,
    #12448,#12465,#12477,#12493,#12526,#12551,#12589,#12621,#12652,
    #12662,#12680,#12696,#12729,#12754,#12792,#12824,#12855,#12865,
    #12883,#12895,#12907,#12938,#12955,#12972,#13003,#13020,#13037,
    #13062,#13173,#13228,#13238,#13263,#13374,#13429,#13439,#13455,
    #13472,#13489,#13506,#13516,#13526,#13557,#13581,#13605,#13622,
    #13638,#13655,#13672,#13689,#13699,#13709,#13740,#13764,#13788,
    #13805,#13817));
#11210 = ADVANCED_FACE('',(#11211),#11301,.F.);
#11211 = FACE_BOUND('',#11212,.F.);
#11212 = EDGE_LOOP('',(#11213,#11223,#11231,#11239,#11247,#11255,#11263,
    #11271,#11279,#11287,#11295));
#11213 = ORIENTED_EDGE('',*,*,#11214,.T.);
#11214 = EDGE_CURVE('',#11215,#11217,#11219,.T.);
#11215 = VERTEX_POINT('',#11216);
#11216 = CARTESIAN_POINT('',(-2.5,-2.6,13.8));
#11217 = VERTEX_POINT('',#11218);
#11218 = CARTESIAN_POINT('',(-2.5,-4.1,7.4));
#11219 = LINE('',#11220,#11221);
#11220 = CARTESIAN_POINT('',(-2.5,-2.6,13.8));
#11221 = VECTOR('',#11222,1.);
#11222 = DIRECTION('',(0.,-0.228191322789,-0.973616310568));
#11223 = ORIENTED_EDGE('',*,*,#11224,.T.);
#11224 = EDGE_CURVE('',#11217,#11225,#11227,.T.);
#11225 = VERTEX_POINT('',#11226);
#11226 = CARTESIAN_POINT('',(-2.5,-4.6,7.4));
#11227 = LINE('',#11228,#11229);
#11228 = CARTESIAN_POINT('',(-2.5,-4.1,7.4));
#11229 = VECTOR('',#11230,1.);
#11230 = DIRECTION('',(0.,-1.,0.));
#11231 = ORIENTED_EDGE('',*,*,#11232,.T.);
#11232 = EDGE_CURVE('',#11225,#11233,#11235,.T.);
#11233 = VERTEX_POINT('',#11234);
#11234 = CARTESIAN_POINT('',(-2.5,-4.6,0.));
#11235 = LINE('',#11236,#11237);
#11236 = CARTESIAN_POINT('',(-2.5,-4.6,13.8));
#11237 = VECTOR('',#11238,1.);
#11238 = DIRECTION('',(0.,0.,-1.));
#11239 = ORIENTED_EDGE('',*,*,#11240,.T.);
#11240 = EDGE_CURVE('',#11233,#11241,#11243,.T.);
#11241 = VERTEX_POINT('',#11242);
#11242 = CARTESIAN_POINT('',(-2.5,-3.83,0.));
#11243 = LINE('',#11244,#11245);
#11244 = CARTESIAN_POINT('',(-2.5,-4.6,0.));
#11245 = VECTOR('',#11246,1.);
#11246 = DIRECTION('',(0.,1.,0.));
#11247 = ORIENTED_EDGE('',*,*,#11248,.T.);
#11248 = EDGE_CURVE('',#11241,#11249,#11251,.T.);
#11249 = VERTEX_POINT('',#11250);
#11250 = CARTESIAN_POINT('',(-2.5,-3.83,7.));
#11251 = LINE('',#11252,#11253);
#11252 = CARTESIAN_POINT('',(-2.5,-3.83,0.));
#11253 = VECTOR('',#11254,1.);
#11254 = DIRECTION('',(0.,0.,1.));
#11255 = ORIENTED_EDGE('',*,*,#11256,.T.);
#11256 = EDGE_CURVE('',#11249,#11257,#11259,.T.);
#11257 = VERTEX_POINT('',#11258);
#11258 = CARTESIAN_POINT('',(-2.5,-3.37,7.));
#11259 = LINE('',#11260,#11261);
#11260 = CARTESIAN_POINT('',(-2.5,-3.83,7.));
#11261 = VECTOR('',#11262,1.);
#11262 = DIRECTION('',(0.,1.,0.));
#11263 = ORIENTED_EDGE('',*,*,#11264,.F.);
#11264 = EDGE_CURVE('',#11265,#11257,#11267,.T.);
#11265 = VERTEX_POINT('',#11266);
#11266 = CARTESIAN_POINT('',(-2.5,-3.37,0.));
#11267 = LINE('',#11268,#11269);
#11268 = CARTESIAN_POINT('',(-2.5,-3.37,0.));
#11269 = VECTOR('',#11270,1.);
#11270 = DIRECTION('',(0.,0.,1.));
#11271 = ORIENTED_EDGE('',*,*,#11272,.T.);
#11272 = EDGE_CURVE('',#11265,#11273,#11275,.T.);
#11273 = VERTEX_POINT('',#11274);
#11274 = CARTESIAN_POINT('',(-2.5,5.2,0.));
#11275 = LINE('',#11276,#11277);
#11276 = CARTESIAN_POINT('',(-2.5,-4.6,0.));
#11277 = VECTOR('',#11278,1.);
#11278 = DIRECTION('',(0.,1.,0.));
#11279 = ORIENTED_EDGE('',*,*,#11280,.T.);
#11280 = EDGE_CURVE('',#11273,#11281,#11283,.T.);
#11281 = VERTEX_POINT('',#11282);
#11282 = CARTESIAN_POINT('',(-2.5,5.2,4.57));
#11283 = LINE('',#11284,#11285);
#11284 = CARTESIAN_POINT('',(-2.5,5.2,0.));
#11285 = VECTOR('',#11286,1.);
#11286 = DIRECTION('',(0.,0.,1.));
#11287 = ORIENTED_EDGE('',*,*,#11288,.F.);
#11288 = EDGE_CURVE('',#11289,#11281,#11291,.T.);
#11289 = VERTEX_POINT('',#11290);
#11290 = CARTESIAN_POINT('',(-2.5,2.2,13.8));
#11291 = LINE('',#11292,#11293);
#11292 = CARTESIAN_POINT('',(-2.5,2.2,13.8));
#11293 = VECTOR('',#11294,1.);
#11294 = DIRECTION('',(0.,0.309109370483,-0.951026496518));
#11295 = ORIENTED_EDGE('',*,*,#11296,.T.);
#11296 = EDGE_CURVE('',#11289,#11215,#11297,.T.);
#11297 = LINE('',#11298,#11299);
#11298 = CARTESIAN_POINT('',(-2.5,5.2,13.8));
#11299 = VECTOR('',#11300,1.);
#11300 = DIRECTION('',(0.,-1.,0.));
#11301 = PLANE('',#11302);
#11302 = AXIS2_PLACEMENT_3D('',#11303,#11304,#11305);
#11303 = CARTESIAN_POINT('',(-2.5,0.3,6.9));
#11304 = DIRECTION('',(1.,0.,0.));
#11305 = DIRECTION('',(0.,0.,1.));
#11306 = ADVANCED_FACE('',(#11307),#11332,.F.);
#11307 = FACE_BOUND('',#11308,.F.);
#11308 = EDGE_LOOP('',(#11309,#11317,#11325,#11331));
#11309 = ORIENTED_EDGE('',*,*,#11310,.T.);
#11310 = EDGE_CURVE('',#11215,#11311,#11313,.T.);
#11311 = VERTEX_POINT('',#11312);
#11312 = CARTESIAN_POINT('',(7.5,-2.6,13.8));
#11313 = LINE('',#11314,#11315);
#11314 = CARTESIAN_POINT('',(-2.5,-2.6,13.8));
#11315 = VECTOR('',#11316,1.);
#11316 = DIRECTION('',(1.,0.,0.));
#11317 = ORIENTED_EDGE('',*,*,#11318,.T.);
#11318 = EDGE_CURVE('',#11311,#11319,#11321,.T.);
#11319 = VERTEX_POINT('',#11320);
#11320 = CARTESIAN_POINT('',(7.5,-4.1,7.4));
#11321 = LINE('',#11322,#11323);
#11322 = CARTESIAN_POINT('',(7.5,-2.6,13.8));
#11323 = VECTOR('',#11324,1.);
#11324 = DIRECTION('',(0.,-0.228191322789,-0.973616310568));
#11325 = ORIENTED_EDGE('',*,*,#11326,.F.);
#11326 = EDGE_CURVE('',#11217,#11319,#11327,.T.);
#11327 = LINE('',#11328,#11329);
#11328 = CARTESIAN_POINT('',(-2.5,-4.1,7.4));
#11329 = VECTOR('',#11330,1.);
#11330 = DIRECTION('',(1.,0.,0.));
#11331 = ORIENTED_EDGE('',*,*,#11214,.F.);
#11332 = PLANE('',#11333);
#11333 = AXIS2_PLACEMENT_3D('',#11334,#11335,#11336);
#11334 = CARTESIAN_POINT('',(-2.5,-2.6,13.8));
#11335 = DIRECTION('',(0.,0.973616310568,-0.228191322789));
#11336 = DIRECTION('',(0.,-0.228191322789,-0.973616310568));
#11337 = ADVANCED_FACE('',(#11338,#11356,#11367),#11378,.F.);
#11338 = FACE_BOUND('',#11339,.F.);
#11339 = EDGE_LOOP('',(#11340,#11341,#11349,#11355));
#11340 = ORIENTED_EDGE('',*,*,#11296,.F.);
#11341 = ORIENTED_EDGE('',*,*,#11342,.T.);
#11342 = EDGE_CURVE('',#11289,#11343,#11345,.T.);
#11343 = VERTEX_POINT('',#11344);
#11344 = CARTESIAN_POINT('',(7.5,2.2,13.8));
#11345 = LINE('',#11346,#11347);
#11346 = CARTESIAN_POINT('',(-2.5,2.2,13.8));
#11347 = VECTOR('',#11348,1.);
#11348 = DIRECTION('',(1.,0.,0.));
#11349 = ORIENTED_EDGE('',*,*,#11350,.T.);
#11350 = EDGE_CURVE('',#11343,#11311,#11351,.T.);
#11351 = LINE('',#11352,#11353);
#11352 = CARTESIAN_POINT('',(7.5,5.2,13.8));
#11353 = VECTOR('',#11354,1.);
#11354 = DIRECTION('',(0.,-1.,0.));
#11355 = ORIENTED_EDGE('',*,*,#11310,.F.);
#11356 = FACE_BOUND('',#11357,.F.);
#11357 = EDGE_LOOP('',(#11358));
#11358 = ORIENTED_EDGE('',*,*,#11359,.T.);
#11359 = EDGE_CURVE('',#11360,#11360,#11362,.T.);
#11360 = VERTEX_POINT('',#11361);
#11361 = CARTESIAN_POINT('',(2.,-0.2,13.8));
#11362 = CIRCLE('',#11363,2.);
#11363 = AXIS2_PLACEMENT_3D('',#11364,#11365,#11366);
#11364 = CARTESIAN_POINT('',(0.,-0.2,13.8));
#11365 = DIRECTION('',(0.,0.,1.));
#11366 = DIRECTION('',(1.,0.,-0.));
#11367 = FACE_BOUND('',#11368,.F.);
#11368 = EDGE_LOOP('',(#11369));
#11369 = ORIENTED_EDGE('',*,*,#11370,.T.);
#11370 = EDGE_CURVE('',#11371,#11371,#11373,.T.);
#11371 = VERTEX_POINT('',#11372);
#11372 = CARTESIAN_POINT('',(7.,-0.2,13.8));
#11373 = CIRCLE('',#11374,2.);
#11374 = AXIS2_PLACEMENT_3D('',#11375,#11376,#11377);
#11375 = CARTESIAN_POINT('',(5.,-0.2,13.8));
#11376 = DIRECTION('',(0.,0.,1.));
#11377 = DIRECTION('',(1.,0.,-0.));
#11378 = PLANE('',#11379);
#11379 = AXIS2_PLACEMENT_3D('',#11380,#11381,#11382);
#11380 = CARTESIAN_POINT('',(-2.5,5.2,13.8));
#11381 = DIRECTION('',(0.,0.,-1.));
#11382 = DIRECTION('',(0.,-1.,0.));
#11383 = ADVANCED_FACE('',(#11384),#11402,.T.);
#11384 = FACE_BOUND('',#11385,.T.);
#11385 = EDGE_LOOP('',(#11386,#11387,#11395,#11401));
#11386 = ORIENTED_EDGE('',*,*,#11342,.T.);
#11387 = ORIENTED_EDGE('',*,*,#11388,.T.);
#11388 = EDGE_CURVE('',#11343,#11389,#11391,.T.);
#11389 = VERTEX_POINT('',#11390);
#11390 = CARTESIAN_POINT('',(7.5,5.2,4.57));
#11391 = LINE('',#11392,#11393);
#11392 = CARTESIAN_POINT('',(7.5,2.2,13.8));
#11393 = VECTOR('',#11394,1.);
#11394 = DIRECTION('',(0.,0.309109370483,-0.951026496518));
#11395 = ORIENTED_EDGE('',*,*,#11396,.F.);
#11396 = EDGE_CURVE('',#11281,#11389,#11397,.T.);
#11397 = LINE('',#11398,#11399);
#11398 = CARTESIAN_POINT('',(-2.5,5.2,4.57));
#11399 = VECTOR('',#11400,1.);
#11400 = DIRECTION('',(1.,0.,0.));
#11401 = ORIENTED_EDGE('',*,*,#11288,.F.);
#11402 = PLANE('',#11403);
#11403 = AXIS2_PLACEMENT_3D('',#11404,#11405,#11406);
#11404 = CARTESIAN_POINT('',(-2.5,2.2,13.8));
#11405 = DIRECTION('',(0.,0.951026496518,0.309109370483));
#11406 = DIRECTION('',(0.,0.309109370483,-0.951026496518));
#11407 = ADVANCED_FACE('',(#11408),#11426,.F.);
#11408 = FACE_BOUND('',#11409,.F.);
#11409 = EDGE_LOOP('',(#11410,#11411,#11419,#11425));
#11410 = ORIENTED_EDGE('',*,*,#11280,.F.);
#11411 = ORIENTED_EDGE('',*,*,#11412,.T.);
#11412 = EDGE_CURVE('',#11273,#11413,#11415,.T.);
#11413 = VERTEX_POINT('',#11414);
#11414 = CARTESIAN_POINT('',(7.5,5.2,0.));
#11415 = LINE('',#11416,#11417);
#11416 = CARTESIAN_POINT('',(-2.5,5.2,0.));
#11417 = VECTOR('',#11418,1.);
#11418 = DIRECTION('',(1.,0.,0.));
#11419 = ORIENTED_EDGE('',*,*,#11420,.T.);
#11420 = EDGE_CURVE('',#11413,#11389,#11421,.T.);
#11421 = LINE('',#11422,#11423);
#11422 = CARTESIAN_POINT('',(7.5,5.2,0.));
#11423 = VECTOR('',#11424,1.);
#11424 = DIRECTION('',(0.,0.,1.));
#11425 = ORIENTED_EDGE('',*,*,#11396,.F.);
#11426 = PLANE('',#11427);
#11427 = AXIS2_PLACEMENT_3D('',#11428,#11429,#11430);
#11428 = CARTESIAN_POINT('',(-2.5,5.2,0.));
#11429 = DIRECTION('',(0.,-1.,0.));
#11430 = DIRECTION('',(0.,0.,1.));
#11431 = ADVANCED_FACE('',(#11432,#11505,#11539),#11573,.T.);
#11432 = FACE_BOUND('',#11433,.T.);
#11433 = EDGE_LOOP('',(#11434,#11435,#11443,#11451,#11457,#11458,#11459,
    #11467,#11475,#11483,#11491,#11499));
#11434 = ORIENTED_EDGE('',*,*,#11240,.T.);
#11435 = ORIENTED_EDGE('',*,*,#11436,.F.);
#11436 = EDGE_CURVE('',#11437,#11241,#11439,.T.);
#11437 = VERTEX_POINT('',#11438);
#11438 = CARTESIAN_POINT('',(-3.24,-4.06,0.));
#11439 = LINE('',#11440,#11441);
#11440 = CARTESIAN_POINT('',(-3.24,-4.06,0.));
#11441 = VECTOR('',#11442,1.);
#11442 = DIRECTION('',(0.954938084056,0.296805080179,0.));
#11443 = ORIENTED_EDGE('',*,*,#11444,.F.);
#11444 = EDGE_CURVE('',#11445,#11437,#11447,.T.);
#11445 = VERTEX_POINT('',#11446);
#11446 = CARTESIAN_POINT('',(-3.24,-3.14,0.));
#11447 = LINE('',#11448,#11449);
#11448 = CARTESIAN_POINT('',(-3.24,-3.14,0.));
#11449 = VECTOR('',#11450,1.);
#11450 = DIRECTION('',(0.,-1.,0.));
#11451 = ORIENTED_EDGE('',*,*,#11452,.F.);
#11452 = EDGE_CURVE('',#11265,#11445,#11453,.T.);
#11453 = LINE('',#11454,#11455);
#11454 = CARTESIAN_POINT('',(-2.5,-3.37,0.));
#11455 = VECTOR('',#11456,1.);
#11456 = DIRECTION('',(-0.954938084056,0.296805080179,0.));
#11457 = ORIENTED_EDGE('',*,*,#11272,.T.);
#11458 = ORIENTED_EDGE('',*,*,#11412,.T.);
#11459 = ORIENTED_EDGE('',*,*,#11460,.F.);
#11460 = EDGE_CURVE('',#11461,#11413,#11463,.T.);
#11461 = VERTEX_POINT('',#11462);
#11462 = CARTESIAN_POINT('',(7.5,-3.37,0.));
#11463 = LINE('',#11464,#11465);
#11464 = CARTESIAN_POINT('',(7.5,-4.6,0.));
#11465 = VECTOR('',#11466,1.);
#11466 = DIRECTION('',(0.,1.,0.));
#11467 = ORIENTED_EDGE('',*,*,#11468,.T.);
#11468 = EDGE_CURVE('',#11461,#11469,#11471,.T.);
#11469 = VERTEX_POINT('',#11470);
#11470 = CARTESIAN_POINT('',(6.76,-3.14,0.));
#11471 = LINE('',#11472,#11473);
#11472 = CARTESIAN_POINT('',(7.5,-3.37,0.));
#11473 = VECTOR('',#11474,1.);
#11474 = DIRECTION('',(-0.954938084056,0.296805080179,0.));
#11475 = ORIENTED_EDGE('',*,*,#11476,.T.);
#11476 = EDGE_CURVE('',#11469,#11477,#11479,.T.);
#11477 = VERTEX_POINT('',#11478);
#11478 = CARTESIAN_POINT('',(6.76,-4.06,0.));
#11479 = LINE('',#11480,#11481);
#11480 = CARTESIAN_POINT('',(6.76,-3.14,0.));
#11481 = VECTOR('',#11482,1.);
#11482 = DIRECTION('',(0.,-1.,0.));
#11483 = ORIENTED_EDGE('',*,*,#11484,.T.);
#11484 = EDGE_CURVE('',#11477,#11485,#11487,.T.);
#11485 = VERTEX_POINT('',#11486);
#11486 = CARTESIAN_POINT('',(7.5,-3.83,0.));
#11487 = LINE('',#11488,#11489);
#11488 = CARTESIAN_POINT('',(6.76,-4.06,0.));
#11489 = VECTOR('',#11490,1.);
#11490 = DIRECTION('',(0.954938084056,0.296805080179,0.));
#11491 = ORIENTED_EDGE('',*,*,#11492,.F.);
#11492 = EDGE_CURVE('',#11493,#11485,#11495,.T.);
#11493 = VERTEX_POINT('',#11494);
#11494 = CARTESIAN_POINT('',(7.5,-4.6,0.));
#11495 = LINE('',#11496,#11497);
#11496 = CARTESIAN_POINT('',(7.5,-4.6,0.));
#11497 = VECTOR('',#11498,1.);
#11498 = DIRECTION('',(0.,1.,0.));
#11499 = ORIENTED_EDGE('',*,*,#11500,.F.);
#11500 = EDGE_CURVE('',#11233,#11493,#11501,.T.);
#11501 = LINE('',#11502,#11503);
#11502 = CARTESIAN_POINT('',(-2.5,-4.6,0.));
#11503 = VECTOR('',#11504,1.);
#11504 = DIRECTION('',(1.,0.,0.));
#11505 = FACE_BOUND('',#11506,.T.);
#11506 = EDGE_LOOP('',(#11507,#11517,#11525,#11533));
#11507 = ORIENTED_EDGE('',*,*,#11508,.F.);
#11508 = EDGE_CURVE('',#11509,#11511,#11513,.T.);
#11509 = VERTEX_POINT('',#11510);
#11510 = CARTESIAN_POINT('',(0.45,-0.5,0.));
#11511 = VERTEX_POINT('',#11512);
#11512 = CARTESIAN_POINT('',(-0.45,-0.5,0.));
#11513 = LINE('',#11514,#11515);
#11514 = CARTESIAN_POINT('',(0.996245997353,-0.5,0.));
#11515 = VECTOR('',#11516,1.);
#11516 = DIRECTION('',(-1.,0.,0.));
#11517 = ORIENTED_EDGE('',*,*,#11518,.F.);
#11518 = EDGE_CURVE('',#11519,#11509,#11521,.T.);
#11519 = VERTEX_POINT('',#11520);
#11520 = CARTESIAN_POINT('',(0.45,0.5,0.));
#11521 = LINE('',#11522,#11523);
#11522 = CARTESIAN_POINT('',(0.45,-0.279698049178,0.));
#11523 = VECTOR('',#11524,1.);
#11524 = DIRECTION('',(0.,-1.,0.));
#11525 = ORIENTED_EDGE('',*,*,#11526,.F.);
#11526 = EDGE_CURVE('',#11527,#11519,#11529,.T.);
#11527 = VERTEX_POINT('',#11528);
#11528 = CARTESIAN_POINT('',(-0.45,0.5,0.));
#11529 = LINE('',#11530,#11531);
#11530 = CARTESIAN_POINT('',(1.446245997353,0.5,0.));
#11531 = VECTOR('',#11532,1.);
#11532 = DIRECTION('',(1.,0.,0.));
#11533 = ORIENTED_EDGE('',*,*,#11534,.F.);
#11534 = EDGE_CURVE('',#11511,#11527,#11535,.T.);
#11535 = LINE('',#11536,#11537);
#11536 = CARTESIAN_POINT('',(-0.45,0.220301950822,0.));
#11537 = VECTOR('',#11538,1.);
#11538 = DIRECTION('',(0.,1.,0.));
#11539 = FACE_BOUND('',#11540,.T.);
#11540 = EDGE_LOOP('',(#11541,#11551,#11559,#11567));
#11541 = ORIENTED_EDGE('',*,*,#11542,.F.);
#11542 = EDGE_CURVE('',#11543,#11545,#11547,.T.);
#11543 = VERTEX_POINT('',#11544);
#11544 = CARTESIAN_POINT('',(5.45,-0.5,0.));
#11545 = VERTEX_POINT('',#11546);
#11546 = CARTESIAN_POINT('',(4.55,-0.5,0.));
#11547 = LINE('',#11548,#11549);
#11548 = CARTESIAN_POINT('',(3.496245997353,-0.5,0.));
#11549 = VECTOR('',#11550,1.);
#11550 = DIRECTION('',(-1.,0.,0.));
#11551 = ORIENTED_EDGE('',*,*,#11552,.F.);
#11552 = EDGE_CURVE('',#11553,#11543,#11555,.T.);
#11553 = VERTEX_POINT('',#11554);
#11554 = CARTESIAN_POINT('',(5.45,0.5,0.));
#11555 = LINE('',#11556,#11557);
#11556 = CARTESIAN_POINT('',(5.45,-0.279698049178,0.));
#11557 = VECTOR('',#11558,1.);
#11558 = DIRECTION('',(0.,-1.,0.));
#11559 = ORIENTED_EDGE('',*,*,#11560,.F.);
#11560 = EDGE_CURVE('',#11561,#11553,#11563,.T.);
#11561 = VERTEX_POINT('',#11562);
#11562 = CARTESIAN_POINT('',(4.55,0.5,0.));
#11563 = LINE('',#11564,#11565);
#11564 = CARTESIAN_POINT('',(3.946245997353,0.5,0.));
#11565 = VECTOR('',#11566,1.);
#11566 = DIRECTION('',(1.,0.,0.));
#11567 = ORIENTED_EDGE('',*,*,#11568,.F.);
#11568 = EDGE_CURVE('',#11545,#11561,#11569,.T.);
#11569 = LINE('',#11570,#11571);
#11570 = CARTESIAN_POINT('',(4.55,0.220301950822,0.));
#11571 = VECTOR('',#11572,1.);
#11572 = DIRECTION('',(0.,1.,0.));
#11573 = PLANE('',#11574);
#11574 = AXIS2_PLACEMENT_3D('',#11575,#11576,#11577);
#11575 = CARTESIAN_POINT('',(2.442491994707,-5.939609835578E-02,0.));
#11576 = DIRECTION('',(-0.,-0.,-1.));
#11577 = DIRECTION('',(-1.,0.,0.));
#11578 = ADVANCED_FACE('',(#11579),#11597,.F.);
#11579 = FACE_BOUND('',#11580,.F.);
#11580 = EDGE_LOOP('',(#11581,#11582,#11590,#11596));
#11581 = ORIENTED_EDGE('',*,*,#11264,.T.);
#11582 = ORIENTED_EDGE('',*,*,#11583,.T.);
#11583 = EDGE_CURVE('',#11257,#11584,#11586,.T.);
#11584 = VERTEX_POINT('',#11585);
#11585 = CARTESIAN_POINT('',(-3.24,-3.14,7.));
#11586 = LINE('',#11587,#11588);
#11587 = CARTESIAN_POINT('',(-2.5,-3.37,7.));
#11588 = VECTOR('',#11589,1.);
#11589 = DIRECTION('',(-0.954938084056,0.296805080179,0.));
#11590 = ORIENTED_EDGE('',*,*,#11591,.F.);
#11591 = EDGE_CURVE('',#11445,#11584,#11592,.T.);
#11592 = LINE('',#11593,#11594);
#11593 = CARTESIAN_POINT('',(-3.24,-3.14,0.));
#11594 = VECTOR('',#11595,1.);
#11595 = DIRECTION('',(0.,0.,1.));
#11596 = ORIENTED_EDGE('',*,*,#11452,.F.);
#11597 = PLANE('',#11598);
#11598 = AXIS2_PLACEMENT_3D('',#11599,#11600,#11601);
#11599 = CARTESIAN_POINT('',(-2.5,-3.37,0.));
#11600 = DIRECTION('',(-0.296805080179,-0.954938084056,0.));
#11601 = DIRECTION('',(-0.954938084056,0.296805080179,0.));
#11602 = ADVANCED_FACE('',(#11603),#11621,.T.);
#11603 = FACE_BOUND('',#11604,.T.);
#11604 = EDGE_LOOP('',(#11605,#11606,#11614,#11620));
#11605 = ORIENTED_EDGE('',*,*,#11583,.T.);
#11606 = ORIENTED_EDGE('',*,*,#11607,.T.);
#11607 = EDGE_CURVE('',#11584,#11608,#11610,.T.);
#11608 = VERTEX_POINT('',#11609);
#11609 = CARTESIAN_POINT('',(-3.24,-4.06,7.));
#11610 = LINE('',#11611,#11612);
#11611 = CARTESIAN_POINT('',(-3.24,-3.14,7.));
#11612 = VECTOR('',#11613,1.);
#11613 = DIRECTION('',(0.,-1.,0.));
#11614 = ORIENTED_EDGE('',*,*,#11615,.T.);
#11615 = EDGE_CURVE('',#11608,#11249,#11616,.T.);
#11616 = LINE('',#11617,#11618);
#11617 = CARTESIAN_POINT('',(-3.24,-4.06,7.));
#11618 = VECTOR('',#11619,1.);
#11619 = DIRECTION('',(0.954938084056,0.296805080179,0.));
#11620 = ORIENTED_EDGE('',*,*,#11256,.T.);
#11621 = PLANE('',#11622);
#11622 = AXIS2_PLACEMENT_3D('',#11623,#11624,#11625);
#11623 = CARTESIAN_POINT('',(-2.928091935206,-3.6,7.));
#11624 = DIRECTION('',(0.,0.,1.));
#11625 = DIRECTION('',(1.,0.,-0.));
#11626 = ADVANCED_FACE('',(#11627),#11638,.F.);
#11627 = FACE_BOUND('',#11628,.F.);
#11628 = EDGE_LOOP('',(#11629,#11635,#11636,#11637));
#11629 = ORIENTED_EDGE('',*,*,#11630,.T.);
#11630 = EDGE_CURVE('',#11437,#11608,#11631,.T.);
#11631 = LINE('',#11632,#11633);
#11632 = CARTESIAN_POINT('',(-3.24,-4.06,0.));
#11633 = VECTOR('',#11634,1.);
#11634 = DIRECTION('',(0.,0.,1.));
#11635 = ORIENTED_EDGE('',*,*,#11615,.T.);
#11636 = ORIENTED_EDGE('',*,*,#11248,.F.);
#11637 = ORIENTED_EDGE('',*,*,#11436,.F.);
#11638 = PLANE('',#11639);
#11639 = AXIS2_PLACEMENT_3D('',#11640,#11641,#11642);
#11640 = CARTESIAN_POINT('',(-3.24,-4.06,0.));
#11641 = DIRECTION('',(-0.296805080179,0.954938084056,0.));
#11642 = DIRECTION('',(0.954938084056,0.296805080179,0.));
#11643 = ADVANCED_FACE('',(#11644,#11662,#11696),#11730,.F.);
#11644 = FACE_BOUND('',#11645,.F.);
#11645 = EDGE_LOOP('',(#11646,#11647,#11655,#11661));
#11646 = ORIENTED_EDGE('',*,*,#11232,.F.);
#11647 = ORIENTED_EDGE('',*,*,#11648,.T.);
#11648 = EDGE_CURVE('',#11225,#11649,#11651,.T.);
#11649 = VERTEX_POINT('',#11650);
#11650 = CARTESIAN_POINT('',(7.5,-4.6,7.4));
#11651 = LINE('',#11652,#11653);
#11652 = CARTESIAN_POINT('',(-2.5,-4.6,7.4));
#11653 = VECTOR('',#11654,1.);
#11654 = DIRECTION('',(1.,0.,0.));
#11655 = ORIENTED_EDGE('',*,*,#11656,.T.);
#11656 = EDGE_CURVE('',#11649,#11493,#11657,.T.);
#11657 = LINE('',#11658,#11659);
#11658 = CARTESIAN_POINT('',(7.5,-4.6,13.8));
#11659 = VECTOR('',#11660,1.);
#11660 = DIRECTION('',(0.,0.,-1.));
#11661 = ORIENTED_EDGE('',*,*,#11500,.F.);
#11662 = FACE_BOUND('',#11663,.F.);
#11663 = EDGE_LOOP('',(#11664,#11674,#11682,#11690));
#11664 = ORIENTED_EDGE('',*,*,#11665,.F.);
#11665 = EDGE_CURVE('',#11666,#11668,#11670,.T.);
#11666 = VERTEX_POINT('',#11667);
#11667 = CARTESIAN_POINT('',(6.8,-4.6,1.6));
#11668 = VERTEX_POINT('',#11669);
#11669 = CARTESIAN_POINT('',(3.2,-4.6,1.6));
#11670 = LINE('',#11671,#11672);
#11671 = CARTESIAN_POINT('',(6.8,-4.6,1.6));
#11672 = VECTOR('',#11673,1.);
#11673 = DIRECTION('',(-1.,0.,-1.233581138472E-16));
#11674 = ORIENTED_EDGE('',*,*,#11675,.F.);
#11675 = EDGE_CURVE('',#11676,#11666,#11678,.T.);
#11676 = VERTEX_POINT('',#11677);
#11677 = CARTESIAN_POINT('',(6.8,-4.6,6.8));
#11678 = LINE('',#11679,#11680);
#11679 = CARTESIAN_POINT('',(6.8,-4.6,6.8));
#11680 = VECTOR('',#11681,1.);
#11681 = DIRECTION('',(0.,0.,-1.));
#11682 = ORIENTED_EDGE('',*,*,#11683,.F.);
#11683 = EDGE_CURVE('',#11684,#11676,#11686,.T.);
#11684 = VERTEX_POINT('',#11685);
#11685 = CARTESIAN_POINT('',(3.2,-4.6,6.8));
#11686 = LINE('',#11687,#11688);
#11687 = CARTESIAN_POINT('',(3.2,-4.6,6.8));
#11688 = VECTOR('',#11689,1.);
#11689 = DIRECTION('',(1.,0.,2.467162276945E-16));
#11690 = ORIENTED_EDGE('',*,*,#11691,.F.);
#11691 = EDGE_CURVE('',#11668,#11684,#11692,.T.);
#11692 = LINE('',#11693,#11694);
#11693 = CARTESIAN_POINT('',(3.2,-4.6,1.6));
#11694 = VECTOR('',#11695,1.);
#11695 = DIRECTION('',(0.,0.,1.));
#11696 = FACE_BOUND('',#11697,.F.);
#11697 = EDGE_LOOP('',(#11698,#11708,#11716,#11724));
#11698 = ORIENTED_EDGE('',*,*,#11699,.F.);
#11699 = EDGE_CURVE('',#11700,#11702,#11704,.T.);
#11700 = VERTEX_POINT('',#11701);
#11701 = CARTESIAN_POINT('',(1.8,-4.6,1.6));
#11702 = VERTEX_POINT('',#11703);
#11703 = CARTESIAN_POINT('',(-1.8,-4.6,1.6));
#11704 = LINE('',#11705,#11706);
#11705 = CARTESIAN_POINT('',(1.8,-4.6,1.6));
#11706 = VECTOR('',#11707,1.);
#11707 = DIRECTION('',(-1.,0.,-1.233581138472E-16));
#11708 = ORIENTED_EDGE('',*,*,#11709,.F.);
#11709 = EDGE_CURVE('',#11710,#11700,#11712,.T.);
#11710 = VERTEX_POINT('',#11711);
#11711 = CARTESIAN_POINT('',(1.8,-4.6,6.8));
#11712 = LINE('',#11713,#11714);
#11713 = CARTESIAN_POINT('',(1.8,-4.6,6.8));
#11714 = VECTOR('',#11715,1.);
#11715 = DIRECTION('',(0.,0.,-1.));
#11716 = ORIENTED_EDGE('',*,*,#11717,.F.);
#11717 = EDGE_CURVE('',#11718,#11710,#11720,.T.);
#11718 = VERTEX_POINT('',#11719);
#11719 = CARTESIAN_POINT('',(-1.8,-4.6,6.8));
#11720 = LINE('',#11721,#11722);
#11721 = CARTESIAN_POINT('',(-1.8,-4.6,6.8));
#11722 = VECTOR('',#11723,1.);
#11723 = DIRECTION('',(1.,0.,2.467162276945E-16));
#11724 = ORIENTED_EDGE('',*,*,#11725,.F.);
#11725 = EDGE_CURVE('',#11702,#11718,#11726,.T.);
#11726 = LINE('',#11727,#11728);
#11727 = CARTESIAN_POINT('',(-1.8,-4.6,1.6));
#11728 = VECTOR('',#11729,1.);
#11729 = DIRECTION('',(0.,0.,1.));
#11730 = PLANE('',#11731);
#11731 = AXIS2_PLACEMENT_3D('',#11732,#11733,#11734);
#11732 = CARTESIAN_POINT('',(-2.5,-4.6,13.8));
#11733 = DIRECTION('',(0.,1.,0.));
#11734 = DIRECTION('',(0.,0.,-1.));
#11735 = ADVANCED_FACE('',(#11736),#11747,.F.);
#11736 = FACE_BOUND('',#11737,.F.);
#11737 = EDGE_LOOP('',(#11738,#11739,#11745,#11746));
#11738 = ORIENTED_EDGE('',*,*,#11326,.T.);
#11739 = ORIENTED_EDGE('',*,*,#11740,.T.);
#11740 = EDGE_CURVE('',#11319,#11649,#11741,.T.);
#11741 = LINE('',#11742,#11743);
#11742 = CARTESIAN_POINT('',(7.5,-4.1,7.4));
#11743 = VECTOR('',#11744,1.);
#11744 = DIRECTION('',(0.,-1.,0.));
#11745 = ORIENTED_EDGE('',*,*,#11648,.F.);
#11746 = ORIENTED_EDGE('',*,*,#11224,.F.);
#11747 = PLANE('',#11748);
#11748 = AXIS2_PLACEMENT_3D('',#11749,#11750,#11751);
#11749 = CARTESIAN_POINT('',(-2.5,-4.1,7.4));
#11750 = DIRECTION('',(0.,0.,-1.));
#11751 = DIRECTION('',(0.,-1.,0.));
#11752 = ADVANCED_FACE('',(#11753),#11785,.T.);
#11753 = FACE_BOUND('',#11754,.T.);
#11754 = EDGE_LOOP('',(#11755,#11756,#11757,#11758,#11759,#11767,#11775,
    #11781,#11782,#11783,#11784));
#11755 = ORIENTED_EDGE('',*,*,#11318,.T.);
#11756 = ORIENTED_EDGE('',*,*,#11740,.T.);
#11757 = ORIENTED_EDGE('',*,*,#11656,.T.);
#11758 = ORIENTED_EDGE('',*,*,#11492,.T.);
#11759 = ORIENTED_EDGE('',*,*,#11760,.T.);
#11760 = EDGE_CURVE('',#11485,#11761,#11763,.T.);
#11761 = VERTEX_POINT('',#11762);
#11762 = CARTESIAN_POINT('',(7.5,-3.83,7.));
#11763 = LINE('',#11764,#11765);
#11764 = CARTESIAN_POINT('',(7.5,-3.83,0.));
#11765 = VECTOR('',#11766,1.);
#11766 = DIRECTION('',(0.,0.,1.));
#11767 = ORIENTED_EDGE('',*,*,#11768,.T.);
#11768 = EDGE_CURVE('',#11761,#11769,#11771,.T.);
#11769 = VERTEX_POINT('',#11770);
#11770 = CARTESIAN_POINT('',(7.5,-3.37,7.));
#11771 = LINE('',#11772,#11773);
#11772 = CARTESIAN_POINT('',(7.5,-3.83,7.));
#11773 = VECTOR('',#11774,1.);
#11774 = DIRECTION('',(0.,1.,0.));
#11775 = ORIENTED_EDGE('',*,*,#11776,.F.);
#11776 = EDGE_CURVE('',#11461,#11769,#11777,.T.);
#11777 = LINE('',#11778,#11779);
#11778 = CARTESIAN_POINT('',(7.5,-3.37,0.));
#11779 = VECTOR('',#11780,1.);
#11780 = DIRECTION('',(0.,0.,1.));
#11781 = ORIENTED_EDGE('',*,*,#11460,.T.);
#11782 = ORIENTED_EDGE('',*,*,#11420,.T.);
#11783 = ORIENTED_EDGE('',*,*,#11388,.F.);
#11784 = ORIENTED_EDGE('',*,*,#11350,.T.);
#11785 = PLANE('',#11786);
#11786 = AXIS2_PLACEMENT_3D('',#11787,#11788,#11789);
#11787 = CARTESIAN_POINT('',(7.5,0.3,6.9));
#11788 = DIRECTION('',(1.,0.,0.));
#11789 = DIRECTION('',(0.,0.,1.));
#11790 = ADVANCED_FACE('',(#11791),#11896,.F.);
#11791 = FACE_BOUND('',#11792,.F.);
#11792 = EDGE_LOOP('',(#11793,#11801,#11802,#11803,#11812,#11820,#11829,
    #11837,#11846,#11854,#11863,#11872,#11881,#11889));
#11793 = ORIENTED_EDGE('',*,*,#11794,.F.);
#11794 = EDGE_CURVE('',#11360,#11795,#11797,.T.);
#11795 = VERTEX_POINT('',#11796);
#11796 = CARTESIAN_POINT('',(2.,-0.2,2.4));
#11797 = LINE('',#11798,#11799);
#11798 = CARTESIAN_POINT('',(2.,-0.2,13.8));
#11799 = VECTOR('',#11800,1.);
#11800 = DIRECTION('',(-0.,-0.,-1.));
#11801 = ORIENTED_EDGE('',*,*,#11359,.F.);
#11802 = ORIENTED_EDGE('',*,*,#11794,.T.);
#11803 = ORIENTED_EDGE('',*,*,#11804,.T.);
#11804 = EDGE_CURVE('',#11795,#11805,#11807,.T.);
#11805 = VERTEX_POINT('',#11806);
#11806 = CARTESIAN_POINT('',(1.4,1.228285685709,2.4));
#11807 = CIRCLE('',#11808,2.);
#11808 = AXIS2_PLACEMENT_3D('',#11809,#11810,#11811);
#11809 = CARTESIAN_POINT('',(0.,-0.2,2.4));
#11810 = DIRECTION('',(0.,0.,1.));
#11811 = DIRECTION('',(1.,0.,-0.));
#11812 = ORIENTED_EDGE('',*,*,#11813,.T.);
#11813 = EDGE_CURVE('',#11805,#11814,#11816,.T.);
#11814 = VERTEX_POINT('',#11815);
#11815 = CARTESIAN_POINT('',(1.4,1.228285685709,5.1));
#11816 = LINE('',#11817,#11818);
#11817 = CARTESIAN_POINT('',(1.4,1.228285685709,13.8));
#11818 = VECTOR('',#11819,1.);
#11819 = DIRECTION('',(0.,0.,1.));
#11820 = ORIENTED_EDGE('',*,*,#11821,.T.);
#11821 = EDGE_CURVE('',#11814,#11822,#11824,.T.);
#11822 = VERTEX_POINT('',#11823);
#11823 = CARTESIAN_POINT('',(-1.4,1.228285685709,5.1));
#11824 = CIRCLE('',#11825,2.);
#11825 = AXIS2_PLACEMENT_3D('',#11826,#11827,#11828);
#11826 = CARTESIAN_POINT('',(0.,-0.2,5.1));
#11827 = DIRECTION('',(0.,0.,1.));
#11828 = DIRECTION('',(1.,0.,-0.));
#11829 = ORIENTED_EDGE('',*,*,#11830,.F.);
#11830 = EDGE_CURVE('',#11831,#11822,#11833,.T.);
#11831 = VERTEX_POINT('',#11832);
#11832 = CARTESIAN_POINT('',(-1.4,1.228285685709,2.4));
#11833 = LINE('',#11834,#11835);
#11834 = CARTESIAN_POINT('',(-1.4,1.228285685709,13.8));
#11835 = VECTOR('',#11836,1.);
#11836 = DIRECTION('',(0.,0.,1.));
#11837 = ORIENTED_EDGE('',*,*,#11838,.T.);
#11838 = EDGE_CURVE('',#11831,#11839,#11841,.T.);
#11839 = VERTEX_POINT('',#11840);
#11840 = CARTESIAN_POINT('',(-1.4,-1.628285685709,2.4));
#11841 = CIRCLE('',#11842,2.);
#11842 = AXIS2_PLACEMENT_3D('',#11843,#11844,#11845);
#11843 = CARTESIAN_POINT('',(0.,-0.2,2.4));
#11844 = DIRECTION('',(0.,0.,1.));
#11845 = DIRECTION('',(1.,0.,-0.));
#11846 = ORIENTED_EDGE('',*,*,#11847,.T.);
#11847 = EDGE_CURVE('',#11839,#11848,#11850,.T.);
#11848 = VERTEX_POINT('',#11849);
#11849 = CARTESIAN_POINT('',(-1.4,-1.628285685709,5.1));
#11850 = LINE('',#11851,#11852);
#11851 = CARTESIAN_POINT('',(-1.4,-1.628285685709,13.8));
#11852 = VECTOR('',#11853,1.);
#11853 = DIRECTION('',(0.,0.,1.));
#11854 = ORIENTED_EDGE('',*,*,#11855,.T.);
#11855 = EDGE_CURVE('',#11848,#11856,#11858,.T.);
#11856 = VERTEX_POINT('',#11857);
#11857 = CARTESIAN_POINT('',(-0.871779788708,-2.,5.1));
#11858 = CIRCLE('',#11859,2.);
#11859 = AXIS2_PLACEMENT_3D('',#11860,#11861,#11862);
#11860 = CARTESIAN_POINT('',(0.,-0.2,5.1));
#11861 = DIRECTION('',(0.,0.,1.));
#11862 = DIRECTION('',(1.,0.,-0.));
#11863 = ORIENTED_EDGE('',*,*,#11864,.T.);
#11864 = EDGE_CURVE('',#11856,#11865,#11867,.T.);
#11865 = VERTEX_POINT('',#11866);
#11866 = CARTESIAN_POINT('',(0.871779788708,-2.,5.1));
#11867 = CIRCLE('',#11868,2.);
#11868 = AXIS2_PLACEMENT_3D('',#11869,#11870,#11871);
#11869 = CARTESIAN_POINT('',(0.,-0.2,5.1));
#11870 = DIRECTION('',(0.,0.,1.));
#11871 = DIRECTION('',(1.,0.,-0.));
#11872 = ORIENTED_EDGE('',*,*,#11873,.T.);
#11873 = EDGE_CURVE('',#11865,#11874,#11876,.T.);
#11874 = VERTEX_POINT('',#11875);
#11875 = CARTESIAN_POINT('',(1.4,-1.628285685709,5.1));
#11876 = CIRCLE('',#11877,2.);
#11877 = AXIS2_PLACEMENT_3D('',#11878,#11879,#11880);
#11878 = CARTESIAN_POINT('',(0.,-0.2,5.1));
#11879 = DIRECTION('',(0.,0.,1.));
#11880 = DIRECTION('',(1.,0.,-0.));
#11881 = ORIENTED_EDGE('',*,*,#11882,.F.);
#11882 = EDGE_CURVE('',#11883,#11874,#11885,.T.);
#11883 = VERTEX_POINT('',#11884);
#11884 = CARTESIAN_POINT('',(1.4,-1.628285685709,2.4));
#11885 = LINE('',#11886,#11887);
#11886 = CARTESIAN_POINT('',(1.4,-1.628285685709,13.8));
#11887 = VECTOR('',#11888,1.);
#11888 = DIRECTION('',(0.,0.,1.));
#11889 = ORIENTED_EDGE('',*,*,#11890,.T.);
#11890 = EDGE_CURVE('',#11883,#11795,#11891,.T.);
#11891 = CIRCLE('',#11892,2.);
#11892 = AXIS2_PLACEMENT_3D('',#11893,#11894,#11895);
#11893 = CARTESIAN_POINT('',(0.,-0.2,2.4));
#11894 = DIRECTION('',(0.,0.,1.));
#11895 = DIRECTION('',(1.,0.,-0.));
#11896 = CYLINDRICAL_SURFACE('',#11897,2.);
#11897 = AXIS2_PLACEMENT_3D('',#11898,#11899,#11900);
#11898 = CARTESIAN_POINT('',(0.,-0.2,13.8));
#11899 = DIRECTION('',(0.,0.,1.));
#11900 = DIRECTION('',(1.,0.,-0.));
#11901 = ADVANCED_FACE('',(#11902),#12007,.F.);
#11902 = FACE_BOUND('',#11903,.F.);
#11903 = EDGE_LOOP('',(#11904,#11912,#11913,#11914,#11923,#11931,#11940,
    #11948,#11957,#11965,#11974,#11983,#11992,#12000));
#11904 = ORIENTED_EDGE('',*,*,#11905,.F.);
#11905 = EDGE_CURVE('',#11371,#11906,#11908,.T.);
#11906 = VERTEX_POINT('',#11907);
#11907 = CARTESIAN_POINT('',(7.,-0.2,2.4));
#11908 = LINE('',#11909,#11910);
#11909 = CARTESIAN_POINT('',(7.,-0.2,13.8));
#11910 = VECTOR('',#11911,1.);
#11911 = DIRECTION('',(-0.,-0.,-1.));
#11912 = ORIENTED_EDGE('',*,*,#11370,.F.);
#11913 = ORIENTED_EDGE('',*,*,#11905,.T.);
#11914 = ORIENTED_EDGE('',*,*,#11915,.T.);
#11915 = EDGE_CURVE('',#11906,#11916,#11918,.T.);
#11916 = VERTEX_POINT('',#11917);
#11917 = CARTESIAN_POINT('',(6.4,1.228285685709,2.4));
#11918 = CIRCLE('',#11919,2.);
#11919 = AXIS2_PLACEMENT_3D('',#11920,#11921,#11922);
#11920 = CARTESIAN_POINT('',(5.,-0.2,2.4));
#11921 = DIRECTION('',(0.,0.,1.));
#11922 = DIRECTION('',(1.,0.,-0.));
#11923 = ORIENTED_EDGE('',*,*,#11924,.T.);
#11924 = EDGE_CURVE('',#11916,#11925,#11927,.T.);
#11925 = VERTEX_POINT('',#11926);
#11926 = CARTESIAN_POINT('',(6.4,1.228285685709,5.1));
#11927 = LINE('',#11928,#11929);
#11928 = CARTESIAN_POINT('',(6.4,1.228285685709,13.8));
#11929 = VECTOR('',#11930,1.);
#11930 = DIRECTION('',(0.,0.,1.));
#11931 = ORIENTED_EDGE('',*,*,#11932,.T.);
#11932 = EDGE_CURVE('',#11925,#11933,#11935,.T.);
#11933 = VERTEX_POINT('',#11934);
#11934 = CARTESIAN_POINT('',(3.6,1.228285685709,5.1));
#11935 = CIRCLE('',#11936,2.);
#11936 = AXIS2_PLACEMENT_3D('',#11937,#11938,#11939);
#11937 = CARTESIAN_POINT('',(5.,-0.2,5.1));
#11938 = DIRECTION('',(0.,0.,1.));
#11939 = DIRECTION('',(1.,0.,-0.));
#11940 = ORIENTED_EDGE('',*,*,#11941,.F.);
#11941 = EDGE_CURVE('',#11942,#11933,#11944,.T.);
#11942 = VERTEX_POINT('',#11943);
#11943 = CARTESIAN_POINT('',(3.6,1.228285685709,2.4));
#11944 = LINE('',#11945,#11946);
#11945 = CARTESIAN_POINT('',(3.6,1.228285685709,13.8));
#11946 = VECTOR('',#11947,1.);
#11947 = DIRECTION('',(0.,0.,1.));
#11948 = ORIENTED_EDGE('',*,*,#11949,.T.);
#11949 = EDGE_CURVE('',#11942,#11950,#11952,.T.);
#11950 = VERTEX_POINT('',#11951);
#11951 = CARTESIAN_POINT('',(3.6,-1.628285685709,2.4));
#11952 = CIRCLE('',#11953,2.);
#11953 = AXIS2_PLACEMENT_3D('',#11954,#11955,#11956);
#11954 = CARTESIAN_POINT('',(5.,-0.2,2.4));
#11955 = DIRECTION('',(0.,0.,1.));
#11956 = DIRECTION('',(1.,0.,-0.));
#11957 = ORIENTED_EDGE('',*,*,#11958,.T.);
#11958 = EDGE_CURVE('',#11950,#11959,#11961,.T.);
#11959 = VERTEX_POINT('',#11960);
#11960 = CARTESIAN_POINT('',(3.6,-1.628285685709,5.1));
#11961 = LINE('',#11962,#11963);
#11962 = CARTESIAN_POINT('',(3.6,-1.628285685709,13.8));
#11963 = VECTOR('',#11964,1.);
#11964 = DIRECTION('',(0.,0.,1.));
#11965 = ORIENTED_EDGE('',*,*,#11966,.T.);
#11966 = EDGE_CURVE('',#11959,#11967,#11969,.T.);
#11967 = VERTEX_POINT('',#11968);
#11968 = CARTESIAN_POINT('',(4.128220211292,-2.,5.1));
#11969 = CIRCLE('',#11970,2.);
#11970 = AXIS2_PLACEMENT_3D('',#11971,#11972,#11973);
#11971 = CARTESIAN_POINT('',(5.,-0.2,5.1));
#11972 = DIRECTION('',(0.,0.,1.));
#11973 = DIRECTION('',(1.,0.,-0.));
#11974 = ORIENTED_EDGE('',*,*,#11975,.T.);
#11975 = EDGE_CURVE('',#11967,#11976,#11978,.T.);
#11976 = VERTEX_POINT('',#11977);
#11977 = CARTESIAN_POINT('',(5.871779788708,-2.,5.1));
#11978 = CIRCLE('',#11979,2.);
#11979 = AXIS2_PLACEMENT_3D('',#11980,#11981,#11982);
#11980 = CARTESIAN_POINT('',(5.,-0.2,5.1));
#11981 = DIRECTION('',(0.,0.,1.));
#11982 = DIRECTION('',(1.,0.,-0.));
#11983 = ORIENTED_EDGE('',*,*,#11984,.T.);
#11984 = EDGE_CURVE('',#11976,#11985,#11987,.T.);
#11985 = VERTEX_POINT('',#11986);
#11986 = CARTESIAN_POINT('',(6.4,-1.628285685709,5.1));
#11987 = CIRCLE('',#11988,2.);
#11988 = AXIS2_PLACEMENT_3D('',#11989,#11990,#11991);
#11989 = CARTESIAN_POINT('',(5.,-0.2,5.1));
#11990 = DIRECTION('',(0.,0.,1.));
#11991 = DIRECTION('',(1.,0.,-0.));
#11992 = ORIENTED_EDGE('',*,*,#11993,.F.);
#11993 = EDGE_CURVE('',#11994,#11985,#11996,.T.);
#11994 = VERTEX_POINT('',#11995);
#11995 = CARTESIAN_POINT('',(6.4,-1.628285685709,2.4));
#11996 = LINE('',#11997,#11998);
#11997 = CARTESIAN_POINT('',(6.4,-1.628285685709,13.8));
#11998 = VECTOR('',#11999,1.);
#11999 = DIRECTION('',(0.,0.,1.));
#12000 = ORIENTED_EDGE('',*,*,#12001,.T.);
#12001 = EDGE_CURVE('',#11994,#11906,#12002,.T.);
#12002 = CIRCLE('',#12003,2.);
#12003 = AXIS2_PLACEMENT_3D('',#12004,#12005,#12006);
#12004 = CARTESIAN_POINT('',(5.,-0.2,2.4));
#12005 = DIRECTION('',(0.,0.,1.));
#12006 = DIRECTION('',(1.,0.,-0.));
#12007 = CYLINDRICAL_SURFACE('',#12008,2.);
#12008 = AXIS2_PLACEMENT_3D('',#12009,#12010,#12011);
#12009 = CARTESIAN_POINT('',(5.,-0.2,13.8));
#12010 = DIRECTION('',(0.,0.,1.));
#12011 = DIRECTION('',(1.,0.,-0.));
#12012 = ADVANCED_FACE('',(#12013),#12019,.F.);
#12013 = FACE_BOUND('',#12014,.F.);
#12014 = EDGE_LOOP('',(#12015,#12016,#12017,#12018));
#12015 = ORIENTED_EDGE('',*,*,#11591,.T.);
#12016 = ORIENTED_EDGE('',*,*,#11607,.T.);
#12017 = ORIENTED_EDGE('',*,*,#11630,.F.);
#12018 = ORIENTED_EDGE('',*,*,#11444,.F.);
#12019 = PLANE('',#12020);
#12020 = AXIS2_PLACEMENT_3D('',#12021,#12022,#12023);
#12021 = CARTESIAN_POINT('',(-3.24,-3.14,0.));
#12022 = DIRECTION('',(1.,0.,0.));
#12023 = DIRECTION('',(0.,-1.,0.));
#12024 = ADVANCED_FACE('',(#12025),#12043,.T.);
#12025 = FACE_BOUND('',#12026,.T.);
#12026 = EDGE_LOOP('',(#12027,#12035,#12041,#12042));
#12027 = ORIENTED_EDGE('',*,*,#12028,.T.);
#12028 = EDGE_CURVE('',#11477,#12029,#12031,.T.);
#12029 = VERTEX_POINT('',#12030);
#12030 = CARTESIAN_POINT('',(6.76,-4.06,7.));
#12031 = LINE('',#12032,#12033);
#12032 = CARTESIAN_POINT('',(6.76,-4.06,0.));
#12033 = VECTOR('',#12034,1.);
#12034 = DIRECTION('',(0.,0.,1.));
#12035 = ORIENTED_EDGE('',*,*,#12036,.T.);
#12036 = EDGE_CURVE('',#12029,#11761,#12037,.T.);
#12037 = LINE('',#12038,#12039);
#12038 = CARTESIAN_POINT('',(6.76,-4.06,7.));
#12039 = VECTOR('',#12040,1.);
#12040 = DIRECTION('',(0.954938084056,0.296805080179,0.));
#12041 = ORIENTED_EDGE('',*,*,#11760,.F.);
#12042 = ORIENTED_EDGE('',*,*,#11484,.F.);
#12043 = PLANE('',#12044);
#12044 = AXIS2_PLACEMENT_3D('',#12045,#12046,#12047);
#12045 = CARTESIAN_POINT('',(6.76,-4.06,0.));
#12046 = DIRECTION('',(-0.296805080179,0.954938084056,0.));
#12047 = DIRECTION('',(0.954938084056,0.296805080179,0.));
#12048 = ADVANCED_FACE('',(#12049),#12067,.T.);
#12049 = FACE_BOUND('',#12050,.T.);
#12050 = EDGE_LOOP('',(#12051,#12059,#12065,#12066));
#12051 = ORIENTED_EDGE('',*,*,#12052,.T.);
#12052 = EDGE_CURVE('',#11469,#12053,#12055,.T.);
#12053 = VERTEX_POINT('',#12054);
#12054 = CARTESIAN_POINT('',(6.76,-3.14,7.));
#12055 = LINE('',#12056,#12057);
#12056 = CARTESIAN_POINT('',(6.76,-3.14,0.));
#12057 = VECTOR('',#12058,1.);
#12058 = DIRECTION('',(0.,0.,1.));
#12059 = ORIENTED_EDGE('',*,*,#12060,.T.);
#12060 = EDGE_CURVE('',#12053,#12029,#12061,.T.);
#12061 = LINE('',#12062,#12063);
#12062 = CARTESIAN_POINT('',(6.76,-3.14,7.));
#12063 = VECTOR('',#12064,1.);
#12064 = DIRECTION('',(0.,-1.,0.));
#12065 = ORIENTED_EDGE('',*,*,#12028,.F.);
#12066 = ORIENTED_EDGE('',*,*,#11476,.F.);
#12067 = PLANE('',#12068);
#12068 = AXIS2_PLACEMENT_3D('',#12069,#12070,#12071);
#12069 = CARTESIAN_POINT('',(6.76,-3.14,0.));
#12070 = DIRECTION('',(1.,0.,0.));
#12071 = DIRECTION('',(0.,-1.,0.));
#12072 = ADVANCED_FACE('',(#12073),#12084,.T.);
#12073 = FACE_BOUND('',#12074,.T.);
#12074 = EDGE_LOOP('',(#12075,#12076,#12082,#12083));
#12075 = ORIENTED_EDGE('',*,*,#11776,.T.);
#12076 = ORIENTED_EDGE('',*,*,#12077,.T.);
#12077 = EDGE_CURVE('',#11769,#12053,#12078,.T.);
#12078 = LINE('',#12079,#12080);
#12079 = CARTESIAN_POINT('',(7.5,-3.37,7.));
#12080 = VECTOR('',#12081,1.);
#12081 = DIRECTION('',(-0.954938084056,0.296805080179,0.));
#12082 = ORIENTED_EDGE('',*,*,#12052,.F.);
#12083 = ORIENTED_EDGE('',*,*,#11468,.F.);
#12084 = PLANE('',#12085);
#12085 = AXIS2_PLACEMENT_3D('',#12086,#12087,#12088);
#12086 = CARTESIAN_POINT('',(7.5,-3.37,0.));
#12087 = DIRECTION('',(-0.296805080179,-0.954938084056,0.));
#12088 = DIRECTION('',(-0.954938084056,0.296805080179,0.));
#12089 = ADVANCED_FACE('',(#12090),#12115,.T.);
#12090 = FACE_BOUND('',#12091,.T.);
#12091 = EDGE_LOOP('',(#12092,#12093,#12101,#12109));
#12092 = ORIENTED_EDGE('',*,*,#11508,.T.);
#12093 = ORIENTED_EDGE('',*,*,#12094,.T.);
#12094 = EDGE_CURVE('',#11511,#12095,#12097,.T.);
#12095 = VERTEX_POINT('',#12096);
#12096 = CARTESIAN_POINT('',(-0.45,-0.5,-3.5));
#12097 = LINE('',#12098,#12099);
#12098 = CARTESIAN_POINT('',(-0.45,-0.5,2.4));
#12099 = VECTOR('',#12100,1.);
#12100 = DIRECTION('',(-0.,-0.,-1.));
#12101 = ORIENTED_EDGE('',*,*,#12102,.T.);
#12102 = EDGE_CURVE('',#12095,#12103,#12105,.T.);
#12103 = VERTEX_POINT('',#12104);
#12104 = CARTESIAN_POINT('',(0.45,-0.5,-3.5));
#12105 = LINE('',#12106,#12107);
#12106 = CARTESIAN_POINT('',(-0.45,-0.5,-3.5));
#12107 = VECTOR('',#12108,1.);
#12108 = DIRECTION('',(1.,0.,0.));
#12109 = ORIENTED_EDGE('',*,*,#12110,.F.);
#12110 = EDGE_CURVE('',#11509,#12103,#12111,.T.);
#12111 = LINE('',#12112,#12113);
#12112 = CARTESIAN_POINT('',(0.45,-0.5,2.4));
#12113 = VECTOR('',#12114,1.);
#12114 = DIRECTION('',(-0.,-0.,-1.));
#12115 = PLANE('',#12116);
#12116 = AXIS2_PLACEMENT_3D('',#12117,#12118,#12119);
#12117 = CARTESIAN_POINT('',(-0.45,-0.5,2.4));
#12118 = DIRECTION('',(0.,-1.,0.));
#12119 = DIRECTION('',(1.,0.,0.));
#12120 = ADVANCED_FACE('',(#12121),#12139,.T.);
#12121 = FACE_BOUND('',#12122,.T.);
#12122 = EDGE_LOOP('',(#12123,#12124,#12132,#12138));
#12123 = ORIENTED_EDGE('',*,*,#11534,.T.);
#12124 = ORIENTED_EDGE('',*,*,#12125,.T.);
#12125 = EDGE_CURVE('',#11527,#12126,#12128,.T.);
#12126 = VERTEX_POINT('',#12127);
#12127 = CARTESIAN_POINT('',(-0.45,0.5,-3.5));
#12128 = LINE('',#12129,#12130);
#12129 = CARTESIAN_POINT('',(-0.45,0.5,2.4));
#12130 = VECTOR('',#12131,1.);
#12131 = DIRECTION('',(-0.,-0.,-1.));
#12132 = ORIENTED_EDGE('',*,*,#12133,.T.);
#12133 = EDGE_CURVE('',#12126,#12095,#12134,.T.);
#12134 = LINE('',#12135,#12136);
#12135 = CARTESIAN_POINT('',(-0.45,0.5,-3.5));
#12136 = VECTOR('',#12137,1.);
#12137 = DIRECTION('',(0.,-1.,0.));
#12138 = ORIENTED_EDGE('',*,*,#12094,.F.);
#12139 = PLANE('',#12140);
#12140 = AXIS2_PLACEMENT_3D('',#12141,#12142,#12143);
#12141 = CARTESIAN_POINT('',(-0.45,0.5,2.4));
#12142 = DIRECTION('',(-1.,0.,0.));
#12143 = DIRECTION('',(0.,-1.,0.));
#12144 = ADVANCED_FACE('',(#12145),#12163,.T.);
#12145 = FACE_BOUND('',#12146,.T.);
#12146 = EDGE_LOOP('',(#12147,#12148,#12156,#12162));
#12147 = ORIENTED_EDGE('',*,*,#11526,.T.);
#12148 = ORIENTED_EDGE('',*,*,#12149,.T.);
#12149 = EDGE_CURVE('',#11519,#12150,#12152,.T.);
#12150 = VERTEX_POINT('',#12151);
#12151 = CARTESIAN_POINT('',(0.45,0.5,-3.5));
#12152 = LINE('',#12153,#12154);
#12153 = CARTESIAN_POINT('',(0.45,0.5,2.4));
#12154 = VECTOR('',#12155,1.);
#12155 = DIRECTION('',(-0.,-0.,-1.));
#12156 = ORIENTED_EDGE('',*,*,#12157,.T.);
#12157 = EDGE_CURVE('',#12150,#12126,#12158,.T.);
#12158 = LINE('',#12159,#12160);
#12159 = CARTESIAN_POINT('',(0.45,0.5,-3.5));
#12160 = VECTOR('',#12161,1.);
#12161 = DIRECTION('',(-1.,0.,0.));
#12162 = ORIENTED_EDGE('',*,*,#12125,.F.);
#12163 = PLANE('',#12164);
#12164 = AXIS2_PLACEMENT_3D('',#12165,#12166,#12167);
#12165 = CARTESIAN_POINT('',(0.45,0.5,2.4));
#12166 = DIRECTION('',(0.,1.,0.));
#12167 = DIRECTION('',(-1.,0.,0.));
#12168 = ADVANCED_FACE('',(#12169),#12180,.T.);
#12169 = FACE_BOUND('',#12170,.T.);
#12170 = EDGE_LOOP('',(#12171,#12172,#12173,#12179));
#12171 = ORIENTED_EDGE('',*,*,#11518,.T.);
#12172 = ORIENTED_EDGE('',*,*,#12110,.T.);
#12173 = ORIENTED_EDGE('',*,*,#12174,.T.);
#12174 = EDGE_CURVE('',#12103,#12150,#12175,.T.);
#12175 = LINE('',#12176,#12177);
#12176 = CARTESIAN_POINT('',(0.45,-0.5,-3.5));
#12177 = VECTOR('',#12178,1.);
#12178 = DIRECTION('',(0.,1.,0.));
#12179 = ORIENTED_EDGE('',*,*,#12149,.F.);
#12180 = PLANE('',#12181);
#12181 = AXIS2_PLACEMENT_3D('',#12182,#12183,#12184);
#12182 = CARTESIAN_POINT('',(0.45,-0.5,2.4));
#12183 = DIRECTION('',(1.,0.,0.));
#12184 = DIRECTION('',(-0.,1.,0.));
#12185 = ADVANCED_FACE('',(#12186),#12211,.T.);
#12186 = FACE_BOUND('',#12187,.T.);
#12187 = EDGE_LOOP('',(#12188,#12189,#12197,#12205));
#12188 = ORIENTED_EDGE('',*,*,#11542,.T.);
#12189 = ORIENTED_EDGE('',*,*,#12190,.T.);
#12190 = EDGE_CURVE('',#11545,#12191,#12193,.T.);
#12191 = VERTEX_POINT('',#12192);
#12192 = CARTESIAN_POINT('',(4.55,-0.5,-3.5));
#12193 = LINE('',#12194,#12195);
#12194 = CARTESIAN_POINT('',(4.55,-0.5,2.4));
#12195 = VECTOR('',#12196,1.);
#12196 = DIRECTION('',(-0.,-0.,-1.));
#12197 = ORIENTED_EDGE('',*,*,#12198,.T.);
#12198 = EDGE_CURVE('',#12191,#12199,#12201,.T.);
#12199 = VERTEX_POINT('',#12200);
#12200 = CARTESIAN_POINT('',(5.45,-0.5,-3.5));
#12201 = LINE('',#12202,#12203);
#12202 = CARTESIAN_POINT('',(4.55,-0.5,-3.5));
#12203 = VECTOR('',#12204,1.);
#12204 = DIRECTION('',(1.,0.,0.));
#12205 = ORIENTED_EDGE('',*,*,#12206,.F.);
#12206 = EDGE_CURVE('',#11543,#12199,#12207,.T.);
#12207 = LINE('',#12208,#12209);
#12208 = CARTESIAN_POINT('',(5.45,-0.5,2.4));
#12209 = VECTOR('',#12210,1.);
#12210 = DIRECTION('',(-0.,-0.,-1.));
#12211 = PLANE('',#12212);
#12212 = AXIS2_PLACEMENT_3D('',#12213,#12214,#12215);
#12213 = CARTESIAN_POINT('',(4.55,-0.5,2.4));
#12214 = DIRECTION('',(0.,-1.,0.));
#12215 = DIRECTION('',(1.,0.,0.));
#12216 = ADVANCED_FACE('',(#12217),#12235,.T.);
#12217 = FACE_BOUND('',#12218,.T.);
#12218 = EDGE_LOOP('',(#12219,#12220,#12228,#12234));
#12219 = ORIENTED_EDGE('',*,*,#11568,.T.);
#12220 = ORIENTED_EDGE('',*,*,#12221,.T.);
#12221 = EDGE_CURVE('',#11561,#12222,#12224,.T.);
#12222 = VERTEX_POINT('',#12223);
#12223 = CARTESIAN_POINT('',(4.55,0.5,-3.5));
#12224 = LINE('',#12225,#12226);
#12225 = CARTESIAN_POINT('',(4.55,0.5,2.4));
#12226 = VECTOR('',#12227,1.);
#12227 = DIRECTION('',(-0.,-0.,-1.));
#12228 = ORIENTED_EDGE('',*,*,#12229,.T.);
#12229 = EDGE_CURVE('',#12222,#12191,#12230,.T.);
#12230 = LINE('',#12231,#12232);
#12231 = CARTESIAN_POINT('',(4.55,0.5,-3.5));
#12232 = VECTOR('',#12233,1.);
#12233 = DIRECTION('',(0.,-1.,0.));
#12234 = ORIENTED_EDGE('',*,*,#12190,.F.);
#12235 = PLANE('',#12236);
#12236 = AXIS2_PLACEMENT_3D('',#12237,#12238,#12239);
#12237 = CARTESIAN_POINT('',(4.55,0.5,2.4));
#12238 = DIRECTION('',(-1.,0.,0.));
#12239 = DIRECTION('',(0.,-1.,0.));
#12240 = ADVANCED_FACE('',(#12241),#12259,.T.);
#12241 = FACE_BOUND('',#12242,.T.);
#12242 = EDGE_LOOP('',(#12243,#12244,#12252,#12258));
#12243 = ORIENTED_EDGE('',*,*,#11560,.T.);
#12244 = ORIENTED_EDGE('',*,*,#12245,.T.);
#12245 = EDGE_CURVE('',#11553,#12246,#12248,.T.);
#12246 = VERTEX_POINT('',#12247);
#12247 = CARTESIAN_POINT('',(5.45,0.5,-3.5));
#12248 = LINE('',#12249,#12250);
#12249 = CARTESIAN_POINT('',(5.45,0.5,2.4));
#12250 = VECTOR('',#12251,1.);
#12251 = DIRECTION('',(-0.,-0.,-1.));
#12252 = ORIENTED_EDGE('',*,*,#12253,.T.);
#12253 = EDGE_CURVE('',#12246,#12222,#12254,.T.);
#12254 = LINE('',#12255,#12256);
#12255 = CARTESIAN_POINT('',(5.45,0.5,-3.5));
#12256 = VECTOR('',#12257,1.);
#12257 = DIRECTION('',(-1.,0.,0.));
#12258 = ORIENTED_EDGE('',*,*,#12221,.F.);
#12259 = PLANE('',#12260);
#12260 = AXIS2_PLACEMENT_3D('',#12261,#12262,#12263);
#12261 = CARTESIAN_POINT('',(5.45,0.5,2.4));
#12262 = DIRECTION('',(0.,1.,0.));
#12263 = DIRECTION('',(-1.,0.,0.));
#12264 = ADVANCED_FACE('',(#12265),#12276,.T.);
#12265 = FACE_BOUND('',#12266,.T.);
#12266 = EDGE_LOOP('',(#12267,#12268,#12269,#12275));
#12267 = ORIENTED_EDGE('',*,*,#11552,.T.);
#12268 = ORIENTED_EDGE('',*,*,#12206,.T.);
#12269 = ORIENTED_EDGE('',*,*,#12270,.T.);
#12270 = EDGE_CURVE('',#12199,#12246,#12271,.T.);
#12271 = LINE('',#12272,#12273);
#12272 = CARTESIAN_POINT('',(5.45,-0.5,-3.5));
#12273 = VECTOR('',#12274,1.);
#12274 = DIRECTION('',(0.,1.,0.));
#12275 = ORIENTED_EDGE('',*,*,#12245,.F.);
#12276 = PLANE('',#12277);
#12277 = AXIS2_PLACEMENT_3D('',#12278,#12279,#12280);
#12278 = CARTESIAN_POINT('',(5.45,-0.5,2.4));
#12279 = DIRECTION('',(1.,0.,0.));
#12280 = DIRECTION('',(-0.,1.,0.));
#12281 = ADVANCED_FACE('',(#12282),#12305,.F.);
#12282 = FACE_BOUND('',#12283,.F.);
#12283 = EDGE_LOOP('',(#12284,#12294,#12299,#12300));
#12284 = ORIENTED_EDGE('',*,*,#12285,.T.);
#12285 = EDGE_CURVE('',#12286,#12288,#12290,.T.);
#12286 = VERTEX_POINT('',#12287);
#12287 = CARTESIAN_POINT('',(3.6,-3.8,2.4));
#12288 = VERTEX_POINT('',#12289);
#12289 = CARTESIAN_POINT('',(6.4,-3.8,2.4));
#12290 = LINE('',#12291,#12292);
#12291 = CARTESIAN_POINT('',(3.6,-3.8,2.4));
#12292 = VECTOR('',#12293,1.);
#12293 = DIRECTION('',(1.,0.,0.));
#12294 = ORIENTED_EDGE('',*,*,#12295,.T.);
#12295 = EDGE_CURVE('',#12288,#11666,#12296,.T.);
#12296 = B_SPLINE_CURVE_WITH_KNOTS('',1,(#12297,#12298),.UNSPECIFIED.,
  .F.,.F.,(2,2),(0.,1.),.PIECEWISE_BEZIER_KNOTS.);
#12297 = CARTESIAN_POINT('',(6.4,-3.8,2.4));
#12298 = CARTESIAN_POINT('',(6.8,-4.6,1.6));
#12299 = ORIENTED_EDGE('',*,*,#11665,.T.);
#12300 = ORIENTED_EDGE('',*,*,#12301,.F.);
#12301 = EDGE_CURVE('',#12286,#11668,#12302,.T.);
#12302 = B_SPLINE_CURVE_WITH_KNOTS('',1,(#12303,#12304),.UNSPECIFIED.,
  .F.,.F.,(2,2),(0.,1.),.PIECEWISE_BEZIER_KNOTS.);
#12303 = CARTESIAN_POINT('',(3.6,-3.8,2.4));
#12304 = CARTESIAN_POINT('',(3.2,-4.6,1.6));
#12305 = B_SPLINE_SURFACE_WITH_KNOTS('',1,1,(
    (#12306,#12307)
    ,(#12308,#12309
    )),.UNSPECIFIED.,.F.,.F.,.F.,(2,2),(2,2),(-3.6,0.),(0.,1.),
  .PIECEWISE_BEZIER_KNOTS.);
#12306 = CARTESIAN_POINT('',(3.6,-3.8,2.4));
#12307 = CARTESIAN_POINT('',(3.2,-4.6,1.6));
#12308 = CARTESIAN_POINT('',(6.4,-3.8,2.4));
#12309 = CARTESIAN_POINT('',(6.8,-4.6,1.6));
#12310 = ADVANCED_FACE('',(#12311),#12328,.F.);
#12311 = FACE_BOUND('',#12312,.F.);
#12312 = EDGE_LOOP('',(#12313,#12321,#12326,#12327));
#12313 = ORIENTED_EDGE('',*,*,#12314,.T.);
#12314 = EDGE_CURVE('',#12288,#12315,#12317,.T.);
#12315 = VERTEX_POINT('',#12316);
#12316 = CARTESIAN_POINT('',(6.4,-3.8,5.1));
#12317 = LINE('',#12318,#12319);
#12318 = CARTESIAN_POINT('',(6.4,-3.8,2.4));
#12319 = VECTOR('',#12320,1.);
#12320 = DIRECTION('',(0.,0.,1.));
#12321 = ORIENTED_EDGE('',*,*,#12322,.T.);
#12322 = EDGE_CURVE('',#12315,#11676,#12323,.T.);
#12323 = B_SPLINE_CURVE_WITH_KNOTS('',1,(#12324,#12325),.UNSPECIFIED.,
  .F.,.F.,(2,2),(0.,1.),.PIECEWISE_BEZIER_KNOTS.);
#12324 = CARTESIAN_POINT('',(6.4,-3.8,5.1));
#12325 = CARTESIAN_POINT('',(6.8,-4.6,6.8));
#12326 = ORIENTED_EDGE('',*,*,#11675,.T.);
#12327 = ORIENTED_EDGE('',*,*,#12295,.F.);
#12328 = B_SPLINE_SURFACE_WITH_KNOTS('',1,1,(
    (#12329,#12330)
    ,(#12331,#12332
    )),.UNSPECIFIED.,.F.,.F.,.F.,(2,2),(2,2),(-5.2,0.),(0.,1.),
  .PIECEWISE_BEZIER_KNOTS.);
#12329 = CARTESIAN_POINT('',(6.4,-3.8,2.4));
#12330 = CARTESIAN_POINT('',(6.8,-4.6,1.6));
#12331 = CARTESIAN_POINT('',(6.4,-3.8,5.1));
#12332 = CARTESIAN_POINT('',(6.8,-4.6,6.8));
#12333 = ADVANCED_FACE('',(#12334),#12351,.F.);
#12334 = FACE_BOUND('',#12335,.F.);
#12335 = EDGE_LOOP('',(#12336,#12344,#12345,#12346));
#12336 = ORIENTED_EDGE('',*,*,#12337,.T.);
#12337 = EDGE_CURVE('',#12338,#12286,#12340,.T.);
#12338 = VERTEX_POINT('',#12339);
#12339 = CARTESIAN_POINT('',(3.6,-3.8,5.1));
#12340 = LINE('',#12341,#12342);
#12341 = CARTESIAN_POINT('',(3.6,-3.8,5.1));
#12342 = VECTOR('',#12343,1.);
#12343 = DIRECTION('',(0.,0.,-1.));
#12344 = ORIENTED_EDGE('',*,*,#12301,.T.);
#12345 = ORIENTED_EDGE('',*,*,#11691,.T.);
#12346 = ORIENTED_EDGE('',*,*,#12347,.F.);
#12347 = EDGE_CURVE('',#12338,#11684,#12348,.T.);
#12348 = B_SPLINE_CURVE_WITH_KNOTS('',1,(#12349,#12350),.UNSPECIFIED.,
  .F.,.F.,(2,2),(0.,1.),.PIECEWISE_BEZIER_KNOTS.);
#12349 = CARTESIAN_POINT('',(3.6,-3.8,5.1));
#12350 = CARTESIAN_POINT('',(3.2,-4.6,6.8));
#12351 = B_SPLINE_SURFACE_WITH_KNOTS('',1,1,(
    (#12352,#12353)
    ,(#12354,#12355
    )),.UNSPECIFIED.,.F.,.F.,.F.,(2,2),(2,2),(-5.2,0.),(0.,1.),
  .PIECEWISE_BEZIER_KNOTS.);
#12352 = CARTESIAN_POINT('',(3.6,-3.8,5.1));
#12353 = CARTESIAN_POINT('',(3.2,-4.6,6.8));
#12354 = CARTESIAN_POINT('',(3.6,-3.8,2.4));
#12355 = CARTESIAN_POINT('',(3.2,-4.6,1.6));
#12356 = ADVANCED_FACE('',(#12357),#12368,.F.);
#12357 = FACE_BOUND('',#12358,.F.);
#12358 = EDGE_LOOP('',(#12359,#12365,#12366,#12367));
#12359 = ORIENTED_EDGE('',*,*,#12360,.T.);
#12360 = EDGE_CURVE('',#12315,#12338,#12361,.T.);
#12361 = LINE('',#12362,#12363);
#12362 = CARTESIAN_POINT('',(6.4,-3.8,5.1));
#12363 = VECTOR('',#12364,1.);
#12364 = DIRECTION('',(-1.,0.,0.));
#12365 = ORIENTED_EDGE('',*,*,#12347,.T.);
#12366 = ORIENTED_EDGE('',*,*,#11683,.T.);
#12367 = ORIENTED_EDGE('',*,*,#12322,.F.);
#12368 = B_SPLINE_SURFACE_WITH_KNOTS('',1,1,(
    (#12369,#12370)
    ,(#12371,#12372
    )),.UNSPECIFIED.,.F.,.F.,.F.,(2,2),(2,2),(-3.6,0.),(0.,1.),
  .PIECEWISE_BEZIER_KNOTS.);
#12369 = CARTESIAN_POINT('',(6.4,-3.8,5.1));
#12370 = CARTESIAN_POINT('',(6.8,-4.6,6.8));
#12371 = CARTESIAN_POINT('',(3.6,-3.8,5.1));
#12372 = CARTESIAN_POINT('',(3.2,-4.6,6.8));
#12373 = ADVANCED_FACE('',(#12374),#12397,.F.);
#12374 = FACE_BOUND('',#12375,.F.);
#12375 = EDGE_LOOP('',(#12376,#12386,#12391,#12392));
#12376 = ORIENTED_EDGE('',*,*,#12377,.T.);
#12377 = EDGE_CURVE('',#12378,#12380,#12382,.T.);
#12378 = VERTEX_POINT('',#12379);
#12379 = CARTESIAN_POINT('',(-1.4,-3.8,2.4));
#12380 = VERTEX_POINT('',#12381);
#12381 = CARTESIAN_POINT('',(1.4,-3.8,2.4));
#12382 = LINE('',#12383,#12384);
#12383 = CARTESIAN_POINT('',(-1.4,-3.8,2.4));
#12384 = VECTOR('',#12385,1.);
#12385 = DIRECTION('',(1.,0.,0.));
#12386 = ORIENTED_EDGE('',*,*,#12387,.T.);
#12387 = EDGE_CURVE('',#12380,#11700,#12388,.T.);
#12388 = B_SPLINE_CURVE_WITH_KNOTS('',1,(#12389,#12390),.UNSPECIFIED.,
  .F.,.F.,(2,2),(0.,1.),.PIECEWISE_BEZIER_KNOTS.);
#12389 = CARTESIAN_POINT('',(1.4,-3.8,2.4));
#12390 = CARTESIAN_POINT('',(1.8,-4.6,1.6));
#12391 = ORIENTED_EDGE('',*,*,#11699,.T.);
#12392 = ORIENTED_EDGE('',*,*,#12393,.F.);
#12393 = EDGE_CURVE('',#12378,#11702,#12394,.T.);
#12394 = B_SPLINE_CURVE_WITH_KNOTS('',1,(#12395,#12396),.UNSPECIFIED.,
  .F.,.F.,(2,2),(0.,1.),.PIECEWISE_BEZIER_KNOTS.);
#12395 = CARTESIAN_POINT('',(-1.4,-3.8,2.4));
#12396 = CARTESIAN_POINT('',(-1.8,-4.6,1.6));
#12397 = B_SPLINE_SURFACE_WITH_KNOTS('',1,1,(
    (#12398,#12399)
    ,(#12400,#12401
    )),.UNSPECIFIED.,.F.,.F.,.F.,(2,2),(2,2),(-3.6,0.),(0.,1.),
  .PIECEWISE_BEZIER_KNOTS.);
#12398 = CARTESIAN_POINT('',(-1.4,-3.8,2.4));
#12399 = CARTESIAN_POINT('',(-1.8,-4.6,1.6));
#12400 = CARTESIAN_POINT('',(1.4,-3.8,2.4));
#12401 = CARTESIAN_POINT('',(1.8,-4.6,1.6));
#12402 = ADVANCED_FACE('',(#12403),#12420,.F.);
#12403 = FACE_BOUND('',#12404,.F.);
#12404 = EDGE_LOOP('',(#12405,#12413,#12418,#12419));
#12405 = ORIENTED_EDGE('',*,*,#12406,.T.);
#12406 = EDGE_CURVE('',#12380,#12407,#12409,.T.);
#12407 = VERTEX_POINT('',#12408);
#12408 = CARTESIAN_POINT('',(1.4,-3.8,5.1));
#12409 = LINE('',#12410,#12411);
#12410 = CARTESIAN_POINT('',(1.4,-3.8,2.4));
#12411 = VECTOR('',#12412,1.);
#12412 = DIRECTION('',(0.,0.,1.));
#12413 = ORIENTED_EDGE('',*,*,#12414,.T.);
#12414 = EDGE_CURVE('',#12407,#11710,#12415,.T.);
#12415 = B_SPLINE_CURVE_WITH_KNOTS('',1,(#12416,#12417),.UNSPECIFIED.,
  .F.,.F.,(2,2),(0.,1.),.PIECEWISE_BEZIER_KNOTS.);
#12416 = CARTESIAN_POINT('',(1.4,-3.8,5.1));
#12417 = CARTESIAN_POINT('',(1.8,-4.6,6.8));
#12418 = ORIENTED_EDGE('',*,*,#11709,.T.);
#12419 = ORIENTED_EDGE('',*,*,#12387,.F.);
#12420 = B_SPLINE_SURFACE_WITH_KNOTS('',1,1,(
    (#12421,#12422)
    ,(#12423,#12424
    )),.UNSPECIFIED.,.F.,.F.,.F.,(2,2),(2,2),(-5.2,0.),(0.,1.),
  .PIECEWISE_BEZIER_KNOTS.);
#12421 = CARTESIAN_POINT('',(1.4,-3.8,2.4));
#12422 = CARTESIAN_POINT('',(1.8,-4.6,1.6));
#12423 = CARTESIAN_POINT('',(1.4,-3.8,5.1));
#12424 = CARTESIAN_POINT('',(1.8,-4.6,6.8));
#12425 = ADVANCED_FACE('',(#12426),#12443,.F.);
#12426 = FACE_BOUND('',#12427,.F.);
#12427 = EDGE_LOOP('',(#12428,#12436,#12437,#12438));
#12428 = ORIENTED_EDGE('',*,*,#12429,.T.);
#12429 = EDGE_CURVE('',#12430,#12378,#12432,.T.);
#12430 = VERTEX_POINT('',#12431);
#12431 = CARTESIAN_POINT('',(-1.4,-3.8,5.1));
#12432 = LINE('',#12433,#12434);
#12433 = CARTESIAN_POINT('',(-1.4,-3.8,5.1));
#12434 = VECTOR('',#12435,1.);
#12435 = DIRECTION('',(0.,0.,-1.));
#12436 = ORIENTED_EDGE('',*,*,#12393,.T.);
#12437 = ORIENTED_EDGE('',*,*,#11725,.T.);
#12438 = ORIENTED_EDGE('',*,*,#12439,.F.);
#12439 = EDGE_CURVE('',#12430,#11718,#12440,.T.);
#12440 = B_SPLINE_CURVE_WITH_KNOTS('',1,(#12441,#12442),.UNSPECIFIED.,
  .F.,.F.,(2,2),(0.,1.),.PIECEWISE_BEZIER_KNOTS.);
#12441 = CARTESIAN_POINT('',(-1.4,-3.8,5.1));
#12442 = CARTESIAN_POINT('',(-1.8,-4.6,6.8));
#12443 = B_SPLINE_SURFACE_WITH_KNOTS('',1,1,(
    (#12444,#12445)
    ,(#12446,#12447
    )),.UNSPECIFIED.,.F.,.F.,.F.,(2,2),(2,2),(-5.2,0.),(0.,1.),
  .PIECEWISE_BEZIER_KNOTS.);
#12444 = CARTESIAN_POINT('',(-1.4,-3.8,5.1));
#12445 = CARTESIAN_POINT('',(-1.8,-4.6,6.8));
#12446 = CARTESIAN_POINT('',(-1.4,-3.8,2.4));
#12447 = CARTESIAN_POINT('',(-1.8,-4.6,1.6));
#12448 = ADVANCED_FACE('',(#12449),#12460,.F.);
#12449 = FACE_BOUND('',#12450,.F.);
#12450 = EDGE_LOOP('',(#12451,#12457,#12458,#12459));
#12451 = ORIENTED_EDGE('',*,*,#12452,.T.);
#12452 = EDGE_CURVE('',#12407,#12430,#12453,.T.);
#12453 = LINE('',#12454,#12455);
#12454 = CARTESIAN_POINT('',(1.4,-3.8,5.1));
#12455 = VECTOR('',#12456,1.);
#12456 = DIRECTION('',(-1.,0.,0.));
#12457 = ORIENTED_EDGE('',*,*,#12439,.T.);
#12458 = ORIENTED_EDGE('',*,*,#11717,.T.);
#12459 = ORIENTED_EDGE('',*,*,#12414,.F.);
#12460 = B_SPLINE_SURFACE_WITH_KNOTS('',1,1,(
    (#12461,#12462)
    ,(#12463,#12464
    )),.UNSPECIFIED.,.F.,.F.,.F.,(2,2),(2,2),(-3.6,0.),(0.,1.),
  .PIECEWISE_BEZIER_KNOTS.);
#12461 = CARTESIAN_POINT('',(1.4,-3.8,5.1));
#12462 = CARTESIAN_POINT('',(1.8,-4.6,6.8));
#12463 = CARTESIAN_POINT('',(-1.4,-3.8,5.1));
#12464 = CARTESIAN_POINT('',(-1.8,-4.6,6.8));
#12465 = ADVANCED_FACE('',(#12466),#12472,.F.);
#12466 = FACE_BOUND('',#12467,.F.);
#12467 = EDGE_LOOP('',(#12468,#12469,#12470,#12471));
#12468 = ORIENTED_EDGE('',*,*,#12077,.T.);
#12469 = ORIENTED_EDGE('',*,*,#12060,.T.);
#12470 = ORIENTED_EDGE('',*,*,#12036,.T.);
#12471 = ORIENTED_EDGE('',*,*,#11768,.T.);
#12472 = PLANE('',#12473);
#12473 = AXIS2_PLACEMENT_3D('',#12474,#12475,#12476);
#12474 = CARTESIAN_POINT('',(7.071908064794,-3.6,7.));
#12475 = DIRECTION('',(0.,0.,1.));
#12476 = DIRECTION('',(1.,0.,-0.));
#12477 = ADVANCED_FACE('',(#12478),#12488,.T.);
#12478 = FACE_BOUND('',#12479,.T.);
#12479 = EDGE_LOOP('',(#12480,#12486,#12487));
#12480 = ORIENTED_EDGE('',*,*,#12481,.F.);
#12481 = EDGE_CURVE('',#11883,#11805,#12482,.T.);
#12482 = LINE('',#12483,#12484);
#12483 = CARTESIAN_POINT('',(1.4,-2.,2.4));
#12484 = VECTOR('',#12485,1.);
#12485 = DIRECTION('',(0.,1.,0.));
#12486 = ORIENTED_EDGE('',*,*,#11890,.T.);
#12487 = ORIENTED_EDGE('',*,*,#11804,.T.);
#12488 = PLANE('',#12489);
#12489 = AXIS2_PLACEMENT_3D('',#12490,#12491,#12492);
#12490 = CARTESIAN_POINT('',(7.704911449589E-03,-1.265782005125,2.4));
#12491 = DIRECTION('',(-4.370286341272E-18,-9.017547605327E-17,1.));
#12492 = DIRECTION('',(0.,1.,9.017547605327E-17));
#12493 = ADVANCED_FACE('',(#12494),#12521,.F.);
#12494 = FACE_BOUND('',#12495,.F.);
#12495 = EDGE_LOOP('',(#12496,#12497,#12498,#12506,#12514,#12520));
#12496 = ORIENTED_EDGE('',*,*,#12481,.F.);
#12497 = ORIENTED_EDGE('',*,*,#11882,.T.);
#12498 = ORIENTED_EDGE('',*,*,#12499,.T.);
#12499 = EDGE_CURVE('',#11874,#12500,#12502,.T.);
#12500 = VERTEX_POINT('',#12501);
#12501 = CARTESIAN_POINT('',(1.4,-1.484523257867,5.1));
#12502 = LINE('',#12503,#12504);
#12503 = CARTESIAN_POINT('',(1.4,-2.,5.1));
#12504 = VECTOR('',#12505,1.);
#12505 = DIRECTION('',(0.,1.,0.));
#12506 = ORIENTED_EDGE('',*,*,#12507,.T.);
#12507 = EDGE_CURVE('',#12500,#12508,#12510,.T.);
#12508 = VERTEX_POINT('',#12509);
#12509 = CARTESIAN_POINT('',(1.4,1.084523257867,5.1));
#12510 = LINE('',#12511,#12512);
#12511 = CARTESIAN_POINT('',(1.4,-2.,5.1));
#12512 = VECTOR('',#12513,1.);
#12513 = DIRECTION('',(0.,1.,0.));
#12514 = ORIENTED_EDGE('',*,*,#12515,.T.);
#12515 = EDGE_CURVE('',#12508,#11814,#12516,.T.);
#12516 = LINE('',#12517,#12518);
#12517 = CARTESIAN_POINT('',(1.4,-2.,5.1));
#12518 = VECTOR('',#12519,1.);
#12519 = DIRECTION('',(0.,1.,0.));
#12520 = ORIENTED_EDGE('',*,*,#11813,.F.);
#12521 = PLANE('',#12522);
#12522 = AXIS2_PLACEMENT_3D('',#12523,#12524,#12525);
#12523 = CARTESIAN_POINT('',(1.4,-2.,2.4));
#12524 = DIRECTION('',(-1.,0.,0.));
#12525 = DIRECTION('',(0.,1.,0.));
#12526 = ADVANCED_FACE('',(#12527),#12546,.T.);
#12527 = FACE_BOUND('',#12528,.T.);
#12528 = EDGE_LOOP('',(#12529,#12538,#12544,#12545));
#12529 = ORIENTED_EDGE('',*,*,#12530,.F.);
#12530 = EDGE_CURVE('',#12531,#12500,#12533,.T.);
#12531 = VERTEX_POINT('',#12532);
#12532 = CARTESIAN_POINT('',(0.60827625303,-2.,5.1));
#12533 = CIRCLE('',#12534,1.9);
#12534 = AXIS2_PLACEMENT_3D('',#12535,#12536,#12537);
#12535 = CARTESIAN_POINT('',(0.,-0.2,5.1));
#12536 = DIRECTION('',(0.,0.,1.));
#12537 = DIRECTION('',(1.,0.,-0.));
#12538 = ORIENTED_EDGE('',*,*,#12539,.T.);
#12539 = EDGE_CURVE('',#12531,#11865,#12540,.T.);
#12540 = LINE('',#12541,#12542);
#12541 = CARTESIAN_POINT('',(-1.4,-2.,5.1));
#12542 = VECTOR('',#12543,1.);
#12543 = DIRECTION('',(1.,0.,0.));
#12544 = ORIENTED_EDGE('',*,*,#11873,.T.);
#12545 = ORIENTED_EDGE('',*,*,#12499,.T.);
#12546 = PLANE('',#12547);
#12547 = AXIS2_PLACEMENT_3D('',#12548,#12549,#12550);
#12548 = CARTESIAN_POINT('',(0.,0.,5.1));
#12549 = DIRECTION('',(0.,0.,1.));
#12550 = DIRECTION('',(1.,0.,-0.));
#12551 = ADVANCED_FACE('',(#12552),#12584,.F.);
#12552 = FACE_BOUND('',#12553,.F.);
#12553 = EDGE_LOOP('',(#12554,#12562,#12563,#12571,#12577,#12578));
#12554 = ORIENTED_EDGE('',*,*,#12555,.F.);
#12555 = EDGE_CURVE('',#12430,#12556,#12558,.T.);
#12556 = VERTEX_POINT('',#12557);
#12557 = CARTESIAN_POINT('',(-1.4,-2.,5.1));
#12558 = LINE('',#12559,#12560);
#12559 = CARTESIAN_POINT('',(-1.4,-104.6,5.1));
#12560 = VECTOR('',#12561,1.);
#12561 = DIRECTION('',(0.,1.,0.));
#12562 = ORIENTED_EDGE('',*,*,#12452,.F.);
#12563 = ORIENTED_EDGE('',*,*,#12564,.T.);
#12564 = EDGE_CURVE('',#12407,#12565,#12567,.T.);
#12565 = VERTEX_POINT('',#12566);
#12566 = CARTESIAN_POINT('',(1.4,-2.,5.1));
#12567 = LINE('',#12568,#12569);
#12568 = CARTESIAN_POINT('',(1.4,-104.6,5.1));
#12569 = VECTOR('',#12570,1.);
#12570 = DIRECTION('',(0.,1.,0.));
#12571 = ORIENTED_EDGE('',*,*,#12572,.F.);
#12572 = EDGE_CURVE('',#11865,#12565,#12573,.T.);
#12573 = LINE('',#12574,#12575);
#12574 = CARTESIAN_POINT('',(-1.4,-2.,5.1));
#12575 = VECTOR('',#12576,1.);
#12576 = DIRECTION('',(1.,0.,0.));
#12577 = ORIENTED_EDGE('',*,*,#11864,.F.);
#12578 = ORIENTED_EDGE('',*,*,#12579,.F.);
#12579 = EDGE_CURVE('',#12556,#11856,#12580,.T.);
#12580 = LINE('',#12581,#12582);
#12581 = CARTESIAN_POINT('',(-1.4,-2.,5.1));
#12582 = VECTOR('',#12583,1.);
#12583 = DIRECTION('',(1.,0.,0.));
#12584 = PLANE('',#12585);
#12585 = AXIS2_PLACEMENT_3D('',#12586,#12587,#12588);
#12586 = CARTESIAN_POINT('',(1.4,-104.6,5.1));
#12587 = DIRECTION('',(0.,0.,1.));
#12588 = DIRECTION('',(-1.,0.,0.));
#12589 = ADVANCED_FACE('',(#12590),#12616,.T.);
#12590 = FACE_BOUND('',#12591,.T.);
#12591 = EDGE_LOOP('',(#12592,#12603,#12609,#12610));
#12592 = ORIENTED_EDGE('',*,*,#12593,.F.);
#12593 = EDGE_CURVE('',#12594,#12596,#12598,.T.);
#12594 = VERTEX_POINT('',#12595);
#12595 = CARTESIAN_POINT('',(-1.4,-1.484523257866,5.1));
#12596 = VERTEX_POINT('',#12597);
#12597 = CARTESIAN_POINT('',(-0.60827625303,-2.,5.1));
#12598 = CIRCLE('',#12599,1.9);
#12599 = AXIS2_PLACEMENT_3D('',#12600,#12601,#12602);
#12600 = CARTESIAN_POINT('',(0.,-0.2,5.1));
#12601 = DIRECTION('',(0.,0.,1.));
#12602 = DIRECTION('',(1.,0.,-0.));
#12603 = ORIENTED_EDGE('',*,*,#12604,.T.);
#12604 = EDGE_CURVE('',#12594,#11848,#12605,.T.);
#12605 = LINE('',#12606,#12607);
#12606 = CARTESIAN_POINT('',(-1.4,2.,5.1));
#12607 = VECTOR('',#12608,1.);
#12608 = DIRECTION('',(0.,-1.,0.));
#12609 = ORIENTED_EDGE('',*,*,#11855,.T.);
#12610 = ORIENTED_EDGE('',*,*,#12611,.T.);
#12611 = EDGE_CURVE('',#11856,#12596,#12612,.T.);
#12612 = LINE('',#12613,#12614);
#12613 = CARTESIAN_POINT('',(-1.4,-2.,5.1));
#12614 = VECTOR('',#12615,1.);
#12615 = DIRECTION('',(1.,0.,0.));
#12616 = PLANE('',#12617);
#12617 = AXIS2_PLACEMENT_3D('',#12618,#12619,#12620);
#12618 = CARTESIAN_POINT('',(0.,0.,5.1));
#12619 = DIRECTION('',(0.,0.,1.));
#12620 = DIRECTION('',(1.,0.,-0.));
#12621 = ADVANCED_FACE('',(#12622),#12647,.F.);
#12622 = FACE_BOUND('',#12623,.F.);
#12623 = EDGE_LOOP('',(#12624,#12625,#12633,#12639,#12640,#12641));
#12624 = ORIENTED_EDGE('',*,*,#11830,.T.);
#12625 = ORIENTED_EDGE('',*,*,#12626,.T.);
#12626 = EDGE_CURVE('',#11822,#12627,#12629,.T.);
#12627 = VERTEX_POINT('',#12628);
#12628 = CARTESIAN_POINT('',(-1.4,1.084523257866,5.1));
#12629 = LINE('',#12630,#12631);
#12630 = CARTESIAN_POINT('',(-1.4,2.,5.1));
#12631 = VECTOR('',#12632,1.);
#12632 = DIRECTION('',(0.,-1.,0.));
#12633 = ORIENTED_EDGE('',*,*,#12634,.T.);
#12634 = EDGE_CURVE('',#12627,#12594,#12635,.T.);
#12635 = LINE('',#12636,#12637);
#12636 = CARTESIAN_POINT('',(-1.4,2.,5.1));
#12637 = VECTOR('',#12638,1.);
#12638 = DIRECTION('',(0.,-1.,0.));
#12639 = ORIENTED_EDGE('',*,*,#12604,.T.);
#12640 = ORIENTED_EDGE('',*,*,#11847,.F.);
#12641 = ORIENTED_EDGE('',*,*,#12642,.F.);
#12642 = EDGE_CURVE('',#11831,#11839,#12643,.T.);
#12643 = LINE('',#12644,#12645);
#12644 = CARTESIAN_POINT('',(-1.4,2.,2.4));
#12645 = VECTOR('',#12646,1.);
#12646 = DIRECTION('',(0.,-1.,0.));
#12647 = PLANE('',#12648);
#12648 = AXIS2_PLACEMENT_3D('',#12649,#12650,#12651);
#12649 = CARTESIAN_POINT('',(-1.4,2.,2.4));
#12650 = DIRECTION('',(1.,0.,0.));
#12651 = DIRECTION('',(0.,-1.,0.));
#12652 = ADVANCED_FACE('',(#12653),#12657,.T.);
#12653 = FACE_BOUND('',#12654,.T.);
#12654 = EDGE_LOOP('',(#12655,#12656));
#12655 = ORIENTED_EDGE('',*,*,#11838,.T.);
#12656 = ORIENTED_EDGE('',*,*,#12642,.F.);
#12657 = PLANE('',#12658);
#12658 = AXIS2_PLACEMENT_3D('',#12659,#12660,#12661);
#12659 = CARTESIAN_POINT('',(7.704911449589E-03,-1.265782005125,2.4));
#12660 = DIRECTION('',(-4.370286341272E-18,-9.017547605327E-17,1.));
#12661 = DIRECTION('',(0.,1.,9.017547605327E-17));
#12662 = ADVANCED_FACE('',(#12663),#12675,.T.);
#12663 = FACE_BOUND('',#12664,.T.);
#12664 = EDGE_LOOP('',(#12665,#12666,#12667,#12674));
#12665 = ORIENTED_EDGE('',*,*,#11821,.T.);
#12666 = ORIENTED_EDGE('',*,*,#12626,.T.);
#12667 = ORIENTED_EDGE('',*,*,#12668,.F.);
#12668 = EDGE_CURVE('',#12508,#12627,#12669,.T.);
#12669 = CIRCLE('',#12670,1.9);
#12670 = AXIS2_PLACEMENT_3D('',#12671,#12672,#12673);
#12671 = CARTESIAN_POINT('',(0.,-0.2,5.1));
#12672 = DIRECTION('',(0.,0.,1.));
#12673 = DIRECTION('',(1.,0.,-0.));
#12674 = ORIENTED_EDGE('',*,*,#12515,.T.);
#12675 = PLANE('',#12676);
#12676 = AXIS2_PLACEMENT_3D('',#12677,#12678,#12679);
#12677 = CARTESIAN_POINT('',(0.,0.,5.1));
#12678 = DIRECTION('',(0.,0.,1.));
#12679 = DIRECTION('',(1.,0.,-0.));
#12680 = ADVANCED_FACE('',(#12681),#12691,.T.);
#12681 = FACE_BOUND('',#12682,.T.);
#12682 = EDGE_LOOP('',(#12683,#12689,#12690));
#12683 = ORIENTED_EDGE('',*,*,#12684,.F.);
#12684 = EDGE_CURVE('',#11994,#11916,#12685,.T.);
#12685 = LINE('',#12686,#12687);
#12686 = CARTESIAN_POINT('',(6.4,-2.,2.4));
#12687 = VECTOR('',#12688,1.);
#12688 = DIRECTION('',(0.,1.,0.));
#12689 = ORIENTED_EDGE('',*,*,#12001,.T.);
#12690 = ORIENTED_EDGE('',*,*,#11915,.T.);
#12691 = PLANE('',#12692);
#12692 = AXIS2_PLACEMENT_3D('',#12693,#12694,#12695);
#12693 = CARTESIAN_POINT('',(5.00770491145,-1.265782005125,2.4));
#12694 = DIRECTION('',(-4.370286341275E-18,-9.017547605327E-17,1.));
#12695 = DIRECTION('',(0.,1.,9.017547605327E-17));
#12696 = ADVANCED_FACE('',(#12697),#12724,.F.);
#12697 = FACE_BOUND('',#12698,.F.);
#12698 = EDGE_LOOP('',(#12699,#12700,#12701,#12709,#12717,#12723));
#12699 = ORIENTED_EDGE('',*,*,#12684,.F.);
#12700 = ORIENTED_EDGE('',*,*,#11993,.T.);
#12701 = ORIENTED_EDGE('',*,*,#12702,.T.);
#12702 = EDGE_CURVE('',#11985,#12703,#12705,.T.);
#12703 = VERTEX_POINT('',#12704);
#12704 = CARTESIAN_POINT('',(6.4,-1.484523257867,5.1));
#12705 = LINE('',#12706,#12707);
#12706 = CARTESIAN_POINT('',(6.4,-2.,5.1));
#12707 = VECTOR('',#12708,1.);
#12708 = DIRECTION('',(0.,1.,0.));
#12709 = ORIENTED_EDGE('',*,*,#12710,.T.);
#12710 = EDGE_CURVE('',#12703,#12711,#12713,.T.);
#12711 = VERTEX_POINT('',#12712);
#12712 = CARTESIAN_POINT('',(6.4,1.084523257867,5.1));
#12713 = LINE('',#12714,#12715);
#12714 = CARTESIAN_POINT('',(6.4,-2.,5.1));
#12715 = VECTOR('',#12716,1.);
#12716 = DIRECTION('',(0.,1.,0.));
#12717 = ORIENTED_EDGE('',*,*,#12718,.T.);
#12718 = EDGE_CURVE('',#12711,#11925,#12719,.T.);
#12719 = LINE('',#12720,#12721);
#12720 = CARTESIAN_POINT('',(6.4,-2.,5.1));
#12721 = VECTOR('',#12722,1.);
#12722 = DIRECTION('',(0.,1.,0.));
#12723 = ORIENTED_EDGE('',*,*,#11924,.F.);
#12724 = PLANE('',#12725);
#12725 = AXIS2_PLACEMENT_3D('',#12726,#12727,#12728);
#12726 = CARTESIAN_POINT('',(6.4,-2.,2.4));
#12727 = DIRECTION('',(-1.,0.,0.));
#12728 = DIRECTION('',(0.,1.,0.));
#12729 = ADVANCED_FACE('',(#12730),#12749,.T.);
#12730 = FACE_BOUND('',#12731,.T.);
#12731 = EDGE_LOOP('',(#12732,#12741,#12747,#12748));
#12732 = ORIENTED_EDGE('',*,*,#12733,.F.);
#12733 = EDGE_CURVE('',#12734,#12703,#12736,.T.);
#12734 = VERTEX_POINT('',#12735);
#12735 = CARTESIAN_POINT('',(5.60827625303,-2.,5.1));
#12736 = CIRCLE('',#12737,1.9);
#12737 = AXIS2_PLACEMENT_3D('',#12738,#12739,#12740);
#12738 = CARTESIAN_POINT('',(5.,-0.2,5.1));
#12739 = DIRECTION('',(0.,0.,1.));
#12740 = DIRECTION('',(1.,0.,-0.));
#12741 = ORIENTED_EDGE('',*,*,#12742,.T.);
#12742 = EDGE_CURVE('',#12734,#11976,#12743,.T.);
#12743 = LINE('',#12744,#12745);
#12744 = CARTESIAN_POINT('',(3.6,-2.,5.1));
#12745 = VECTOR('',#12746,1.);
#12746 = DIRECTION('',(1.,0.,0.));
#12747 = ORIENTED_EDGE('',*,*,#11984,.T.);
#12748 = ORIENTED_EDGE('',*,*,#12702,.T.);
#12749 = PLANE('',#12750);
#12750 = AXIS2_PLACEMENT_3D('',#12751,#12752,#12753);
#12751 = CARTESIAN_POINT('',(5.,0.,5.1));
#12752 = DIRECTION('',(0.,0.,1.));
#12753 = DIRECTION('',(1.,0.,-0.));
#12754 = ADVANCED_FACE('',(#12755),#12787,.F.);
#12755 = FACE_BOUND('',#12756,.F.);
#12756 = EDGE_LOOP('',(#12757,#12765,#12766,#12774,#12780,#12781));
#12757 = ORIENTED_EDGE('',*,*,#12758,.F.);
#12758 = EDGE_CURVE('',#12338,#12759,#12761,.T.);
#12759 = VERTEX_POINT('',#12760);
#12760 = CARTESIAN_POINT('',(3.6,-2.,5.1));
#12761 = LINE('',#12762,#12763);
#12762 = CARTESIAN_POINT('',(3.6,-104.6,5.1));
#12763 = VECTOR('',#12764,1.);
#12764 = DIRECTION('',(0.,1.,0.));
#12765 = ORIENTED_EDGE('',*,*,#12360,.F.);
#12766 = ORIENTED_EDGE('',*,*,#12767,.T.);
#12767 = EDGE_CURVE('',#12315,#12768,#12770,.T.);
#12768 = VERTEX_POINT('',#12769);
#12769 = CARTESIAN_POINT('',(6.4,-2.,5.1));
#12770 = LINE('',#12771,#12772);
#12771 = CARTESIAN_POINT('',(6.4,-104.6,5.1));
#12772 = VECTOR('',#12773,1.);
#12773 = DIRECTION('',(0.,1.,0.));
#12774 = ORIENTED_EDGE('',*,*,#12775,.F.);
#12775 = EDGE_CURVE('',#11976,#12768,#12776,.T.);
#12776 = LINE('',#12777,#12778);
#12777 = CARTESIAN_POINT('',(3.6,-2.,5.1));
#12778 = VECTOR('',#12779,1.);
#12779 = DIRECTION('',(1.,0.,0.));
#12780 = ORIENTED_EDGE('',*,*,#11975,.F.);
#12781 = ORIENTED_EDGE('',*,*,#12782,.F.);
#12782 = EDGE_CURVE('',#12759,#11967,#12783,.T.);
#12783 = LINE('',#12784,#12785);
#12784 = CARTESIAN_POINT('',(3.6,-2.,5.1));
#12785 = VECTOR('',#12786,1.);
#12786 = DIRECTION('',(1.,0.,0.));
#12787 = PLANE('',#12788);
#12788 = AXIS2_PLACEMENT_3D('',#12789,#12790,#12791);
#12789 = CARTESIAN_POINT('',(6.4,-104.6,5.1));
#12790 = DIRECTION('',(0.,0.,1.));
#12791 = DIRECTION('',(-1.,0.,0.));
#12792 = ADVANCED_FACE('',(#12793),#12819,.T.);
#12793 = FACE_BOUND('',#12794,.T.);
#12794 = EDGE_LOOP('',(#12795,#12806,#12812,#12813));
#12795 = ORIENTED_EDGE('',*,*,#12796,.F.);
#12796 = EDGE_CURVE('',#12797,#12799,#12801,.T.);
#12797 = VERTEX_POINT('',#12798);
#12798 = CARTESIAN_POINT('',(3.6,-1.484523257866,5.1));
#12799 = VERTEX_POINT('',#12800);
#12800 = CARTESIAN_POINT('',(4.39172374697,-2.,5.1));
#12801 = CIRCLE('',#12802,1.9);
#12802 = AXIS2_PLACEMENT_3D('',#12803,#12804,#12805);
#12803 = CARTESIAN_POINT('',(5.,-0.2,5.1));
#12804 = DIRECTION('',(0.,0.,1.));
#12805 = DIRECTION('',(1.,0.,-0.));
#12806 = ORIENTED_EDGE('',*,*,#12807,.T.);
#12807 = EDGE_CURVE('',#12797,#11959,#12808,.T.);
#12808 = LINE('',#12809,#12810);
#12809 = CARTESIAN_POINT('',(3.6,2.,5.1));
#12810 = VECTOR('',#12811,1.);
#12811 = DIRECTION('',(0.,-1.,0.));
#12812 = ORIENTED_EDGE('',*,*,#11966,.T.);
#12813 = ORIENTED_EDGE('',*,*,#12814,.T.);
#12814 = EDGE_CURVE('',#11967,#12799,#12815,.T.);
#12815 = LINE('',#12816,#12817);
#12816 = CARTESIAN_POINT('',(3.6,-2.,5.1));
#12817 = VECTOR('',#12818,1.);
#12818 = DIRECTION('',(1.,0.,0.));
#12819 = PLANE('',#12820);
#12820 = AXIS2_PLACEMENT_3D('',#12821,#12822,#12823);
#12821 = CARTESIAN_POINT('',(5.,0.,5.1));
#12822 = DIRECTION('',(0.,0.,1.));
#12823 = DIRECTION('',(1.,0.,-0.));
#12824 = ADVANCED_FACE('',(#12825),#12850,.F.);
#12825 = FACE_BOUND('',#12826,.F.);
#12826 = EDGE_LOOP('',(#12827,#12828,#12836,#12842,#12843,#12844));
#12827 = ORIENTED_EDGE('',*,*,#11941,.T.);
#12828 = ORIENTED_EDGE('',*,*,#12829,.T.);
#12829 = EDGE_CURVE('',#11933,#12830,#12832,.T.);
#12830 = VERTEX_POINT('',#12831);
#12831 = CARTESIAN_POINT('',(3.6,1.084523257866,5.1));
#12832 = LINE('',#12833,#12834);
#12833 = CARTESIAN_POINT('',(3.6,2.,5.1));
#12834 = VECTOR('',#12835,1.);
#12835 = DIRECTION('',(0.,-1.,0.));
#12836 = ORIENTED_EDGE('',*,*,#12837,.T.);
#12837 = EDGE_CURVE('',#12830,#12797,#12838,.T.);
#12838 = LINE('',#12839,#12840);
#12839 = CARTESIAN_POINT('',(3.6,2.,5.1));
#12840 = VECTOR('',#12841,1.);
#12841 = DIRECTION('',(0.,-1.,0.));
#12842 = ORIENTED_EDGE('',*,*,#12807,.T.);
#12843 = ORIENTED_EDGE('',*,*,#11958,.F.);
#12844 = ORIENTED_EDGE('',*,*,#12845,.F.);
#12845 = EDGE_CURVE('',#11942,#11950,#12846,.T.);
#12846 = LINE('',#12847,#12848);
#12847 = CARTESIAN_POINT('',(3.6,2.,2.4));
#12848 = VECTOR('',#12849,1.);
#12849 = DIRECTION('',(0.,-1.,0.));
#12850 = PLANE('',#12851);
#12851 = AXIS2_PLACEMENT_3D('',#12852,#12853,#12854);
#12852 = CARTESIAN_POINT('',(3.6,2.,2.4));
#12853 = DIRECTION('',(1.,0.,0.));
#12854 = DIRECTION('',(0.,-1.,0.));
#12855 = ADVANCED_FACE('',(#12856),#12860,.T.);
#12856 = FACE_BOUND('',#12857,.T.);
#12857 = EDGE_LOOP('',(#12858,#12859));
#12858 = ORIENTED_EDGE('',*,*,#11949,.T.);
#12859 = ORIENTED_EDGE('',*,*,#12845,.F.);
#12860 = PLANE('',#12861);
#12861 = AXIS2_PLACEMENT_3D('',#12862,#12863,#12864);
#12862 = CARTESIAN_POINT('',(5.00770491145,-1.265782005125,2.4));
#12863 = DIRECTION('',(-4.370286341275E-18,-9.017547605327E-17,1.));
#12864 = DIRECTION('',(0.,1.,9.017547605327E-17));
#12865 = ADVANCED_FACE('',(#12866),#12878,.T.);
#12866 = FACE_BOUND('',#12867,.T.);
#12867 = EDGE_LOOP('',(#12868,#12869,#12870,#12877));
#12868 = ORIENTED_EDGE('',*,*,#11932,.T.);
#12869 = ORIENTED_EDGE('',*,*,#12829,.T.);
#12870 = ORIENTED_EDGE('',*,*,#12871,.F.);
#12871 = EDGE_CURVE('',#12711,#12830,#12872,.T.);
#12872 = CIRCLE('',#12873,1.9);
#12873 = AXIS2_PLACEMENT_3D('',#12874,#12875,#12876);
#12874 = CARTESIAN_POINT('',(5.,-0.2,5.1));
#12875 = DIRECTION('',(0.,0.,1.));
#12876 = DIRECTION('',(1.,0.,-0.));
#12877 = ORIENTED_EDGE('',*,*,#12718,.T.);
#12878 = PLANE('',#12879);
#12879 = AXIS2_PLACEMENT_3D('',#12880,#12881,#12882);
#12880 = CARTESIAN_POINT('',(5.,0.,5.1));
#12881 = DIRECTION('',(0.,0.,1.));
#12882 = DIRECTION('',(1.,0.,-0.));
#12883 = ADVANCED_FACE('',(#12884),#12890,.F.);
#12884 = FACE_BOUND('',#12885,.F.);
#12885 = EDGE_LOOP('',(#12886,#12887,#12888,#12889));
#12886 = ORIENTED_EDGE('',*,*,#12102,.T.);
#12887 = ORIENTED_EDGE('',*,*,#12174,.T.);
#12888 = ORIENTED_EDGE('',*,*,#12157,.T.);
#12889 = ORIENTED_EDGE('',*,*,#12133,.T.);
#12890 = PLANE('',#12891);
#12891 = AXIS2_PLACEMENT_3D('',#12892,#12893,#12894);
#12892 = CARTESIAN_POINT('',(1.460819769244E-17,1.460819769244E-17,-3.5)
  );
#12893 = DIRECTION('',(0.,0.,1.));
#12894 = DIRECTION('',(1.,0.,-0.));
#12895 = ADVANCED_FACE('',(#12896),#12902,.F.);
#12896 = FACE_BOUND('',#12897,.F.);
#12897 = EDGE_LOOP('',(#12898,#12899,#12900,#12901));
#12898 = ORIENTED_EDGE('',*,*,#12198,.T.);
#12899 = ORIENTED_EDGE('',*,*,#12270,.T.);
#12900 = ORIENTED_EDGE('',*,*,#12253,.T.);
#12901 = ORIENTED_EDGE('',*,*,#12229,.T.);
#12902 = PLANE('',#12903);
#12903 = AXIS2_PLACEMENT_3D('',#12904,#12905,#12906);
#12904 = CARTESIAN_POINT('',(5.,1.460819769244E-17,-3.5));
#12905 = DIRECTION('',(0.,0.,1.));
#12906 = DIRECTION('',(1.,0.,-0.));
#12907 = ADVANCED_FACE('',(#12908),#12933,.T.);
#12908 = FACE_BOUND('',#12909,.T.);
#12909 = EDGE_LOOP('',(#12910,#12918,#12919,#12927));
#12910 = ORIENTED_EDGE('',*,*,#12911,.F.);
#12911 = EDGE_CURVE('',#12286,#12912,#12914,.T.);
#12912 = VERTEX_POINT('',#12913);
#12913 = CARTESIAN_POINT('',(3.6,-2.,2.4));
#12914 = LINE('',#12915,#12916);
#12915 = CARTESIAN_POINT('',(3.6,-104.6,2.4));
#12916 = VECTOR('',#12917,1.);
#12917 = DIRECTION('',(0.,1.,0.));
#12918 = ORIENTED_EDGE('',*,*,#12285,.T.);
#12919 = ORIENTED_EDGE('',*,*,#12920,.T.);
#12920 = EDGE_CURVE('',#12288,#12921,#12923,.T.);
#12921 = VERTEX_POINT('',#12922);
#12922 = CARTESIAN_POINT('',(6.4,-2.,2.4));
#12923 = LINE('',#12924,#12925);
#12924 = CARTESIAN_POINT('',(6.4,-104.6,2.4));
#12925 = VECTOR('',#12926,1.);
#12926 = DIRECTION('',(0.,1.,0.));
#12927 = ORIENTED_EDGE('',*,*,#12928,.F.);
#12928 = EDGE_CURVE('',#12912,#12921,#12929,.T.);
#12929 = LINE('',#12930,#12931);
#12930 = CARTESIAN_POINT('',(3.6,-2.,2.4));
#12931 = VECTOR('',#12932,1.);
#12932 = DIRECTION('',(1.,0.,0.));
#12933 = PLANE('',#12934);
#12934 = AXIS2_PLACEMENT_3D('',#12935,#12936,#12937);
#12935 = CARTESIAN_POINT('',(5.00770491145,-1.265782005125,2.4));
#12936 = DIRECTION('',(-4.370286341275E-18,-9.017547605327E-17,1.));
#12937 = DIRECTION('',(0.,1.,9.017547605327E-17));
#12938 = ADVANCED_FACE('',(#12939),#12950,.F.);
#12939 = FACE_BOUND('',#12940,.F.);
#12940 = EDGE_LOOP('',(#12941,#12942,#12943,#12944));
#12941 = ORIENTED_EDGE('',*,*,#12767,.F.);
#12942 = ORIENTED_EDGE('',*,*,#12314,.F.);
#12943 = ORIENTED_EDGE('',*,*,#12920,.T.);
#12944 = ORIENTED_EDGE('',*,*,#12945,.T.);
#12945 = EDGE_CURVE('',#12921,#12768,#12946,.T.);
#12946 = LINE('',#12947,#12948);
#12947 = CARTESIAN_POINT('',(6.4,-2.,2.4));
#12948 = VECTOR('',#12949,1.);
#12949 = DIRECTION('',(0.,0.,1.));
#12950 = PLANE('',#12951);
#12951 = AXIS2_PLACEMENT_3D('',#12952,#12953,#12954);
#12952 = CARTESIAN_POINT('',(6.4,-104.6,2.4));
#12953 = DIRECTION('',(1.,0.,0.));
#12954 = DIRECTION('',(0.,0.,1.));
#12955 = ADVANCED_FACE('',(#12956),#12967,.F.);
#12956 = FACE_BOUND('',#12957,.F.);
#12957 = EDGE_LOOP('',(#12958,#12959,#12960,#12961));
#12958 = ORIENTED_EDGE('',*,*,#12911,.F.);
#12959 = ORIENTED_EDGE('',*,*,#12337,.F.);
#12960 = ORIENTED_EDGE('',*,*,#12758,.T.);
#12961 = ORIENTED_EDGE('',*,*,#12962,.F.);
#12962 = EDGE_CURVE('',#12912,#12759,#12963,.T.);
#12963 = LINE('',#12964,#12965);
#12964 = CARTESIAN_POINT('',(3.6,-2.,2.4));
#12965 = VECTOR('',#12966,1.);
#12966 = DIRECTION('',(0.,0.,1.));
#12967 = PLANE('',#12968);
#12968 = AXIS2_PLACEMENT_3D('',#12969,#12970,#12971);
#12969 = CARTESIAN_POINT('',(3.6,-104.6,5.1));
#12970 = DIRECTION('',(-1.,-0.,-0.));
#12971 = DIRECTION('',(0.,0.,-1.));
#12972 = ADVANCED_FACE('',(#12973),#12998,.T.);
#12973 = FACE_BOUND('',#12974,.T.);
#12974 = EDGE_LOOP('',(#12975,#12983,#12984,#12992));
#12975 = ORIENTED_EDGE('',*,*,#12976,.F.);
#12976 = EDGE_CURVE('',#12378,#12977,#12979,.T.);
#12977 = VERTEX_POINT('',#12978);
#12978 = CARTESIAN_POINT('',(-1.4,-2.,2.4));
#12979 = LINE('',#12980,#12981);
#12980 = CARTESIAN_POINT('',(-1.4,-104.6,2.4));
#12981 = VECTOR('',#12982,1.);
#12982 = DIRECTION('',(0.,1.,0.));
#12983 = ORIENTED_EDGE('',*,*,#12377,.T.);
#12984 = ORIENTED_EDGE('',*,*,#12985,.T.);
#12985 = EDGE_CURVE('',#12380,#12986,#12988,.T.);
#12986 = VERTEX_POINT('',#12987);
#12987 = CARTESIAN_POINT('',(1.4,-2.,2.4));
#12988 = LINE('',#12989,#12990);
#12989 = CARTESIAN_POINT('',(1.4,-104.6,2.4));
#12990 = VECTOR('',#12991,1.);
#12991 = DIRECTION('',(0.,1.,0.));
#12992 = ORIENTED_EDGE('',*,*,#12993,.F.);
#12993 = EDGE_CURVE('',#12977,#12986,#12994,.T.);
#12994 = LINE('',#12995,#12996);
#12995 = CARTESIAN_POINT('',(-1.4,-2.,2.4));
#12996 = VECTOR('',#12997,1.);
#12997 = DIRECTION('',(1.,0.,0.));
#12998 = PLANE('',#12999);
#12999 = AXIS2_PLACEMENT_3D('',#13000,#13001,#13002);
#13000 = CARTESIAN_POINT('',(7.704911449589E-03,-1.265782005125,2.4));
#13001 = DIRECTION('',(-4.370286341272E-18,-9.017547605327E-17,1.));
#13002 = DIRECTION('',(0.,1.,9.017547605327E-17));
#13003 = ADVANCED_FACE('',(#13004),#13015,.F.);
#13004 = FACE_BOUND('',#13005,.F.);
#13005 = EDGE_LOOP('',(#13006,#13007,#13008,#13009));
#13006 = ORIENTED_EDGE('',*,*,#12564,.F.);
#13007 = ORIENTED_EDGE('',*,*,#12406,.F.);
#13008 = ORIENTED_EDGE('',*,*,#12985,.T.);
#13009 = ORIENTED_EDGE('',*,*,#13010,.T.);
#13010 = EDGE_CURVE('',#12986,#12565,#13011,.T.);
#13011 = LINE('',#13012,#13013);
#13012 = CARTESIAN_POINT('',(1.4,-2.,2.4));
#13013 = VECTOR('',#13014,1.);
#13014 = DIRECTION('',(0.,0.,1.));
#13015 = PLANE('',#13016);
#13016 = AXIS2_PLACEMENT_3D('',#13017,#13018,#13019);
#13017 = CARTESIAN_POINT('',(1.4,-104.6,2.4));
#13018 = DIRECTION('',(1.,0.,0.));
#13019 = DIRECTION('',(0.,0.,1.));
#13020 = ADVANCED_FACE('',(#13021),#13032,.F.);
#13021 = FACE_BOUND('',#13022,.F.);
#13022 = EDGE_LOOP('',(#13023,#13024,#13025,#13026));
#13023 = ORIENTED_EDGE('',*,*,#12976,.F.);
#13024 = ORIENTED_EDGE('',*,*,#12429,.F.);
#13025 = ORIENTED_EDGE('',*,*,#12555,.T.);
#13026 = ORIENTED_EDGE('',*,*,#13027,.F.);
#13027 = EDGE_CURVE('',#12977,#12556,#13028,.T.);
#13028 = LINE('',#13029,#13030);
#13029 = CARTESIAN_POINT('',(-1.4,-2.,2.4));
#13030 = VECTOR('',#13031,1.);
#13031 = DIRECTION('',(0.,0.,1.));
#13032 = PLANE('',#13033);
#13033 = AXIS2_PLACEMENT_3D('',#13034,#13035,#13036);
#13034 = CARTESIAN_POINT('',(-1.4,-104.6,5.1));
#13035 = DIRECTION('',(-1.,-0.,-0.));
#13036 = DIRECTION('',(0.,0.,-1.));
#13037 = ADVANCED_FACE('',(#13038),#13057,.F.);
#13038 = FACE_BOUND('',#13039,.F.);
#13039 = EDGE_LOOP('',(#13040,#13049,#13056));
#13040 = ORIENTED_EDGE('',*,*,#13041,.T.);
#13041 = EDGE_CURVE('',#12500,#13042,#13044,.T.);
#13042 = VERTEX_POINT('',#13043);
#13043 = CARTESIAN_POINT('',(1.9,-0.2,5.1));
#13044 = CIRCLE('',#13045,1.9);
#13045 = AXIS2_PLACEMENT_3D('',#13046,#13047,#13048);
#13046 = CARTESIAN_POINT('',(0.,-0.2,5.1));
#13047 = DIRECTION('',(0.,0.,1.));
#13048 = DIRECTION('',(1.,0.,-0.));
#13049 = ORIENTED_EDGE('',*,*,#13050,.T.);
#13050 = EDGE_CURVE('',#13042,#12508,#13051,.T.);
#13051 = CIRCLE('',#13052,1.9);
#13052 = AXIS2_PLACEMENT_3D('',#13053,#13054,#13055);
#13053 = CARTESIAN_POINT('',(0.,-0.2,5.1));
#13054 = DIRECTION('',(0.,0.,1.));
#13055 = DIRECTION('',(1.,0.,-0.));
#13056 = ORIENTED_EDGE('',*,*,#12507,.F.);
#13057 = PLANE('',#13058);
#13058 = AXIS2_PLACEMENT_3D('',#13059,#13060,#13061);
#13059 = CARTESIAN_POINT('',(-1.799263332289E-16,-0.2,5.1));
#13060 = DIRECTION('',(0.,0.,1.));
#13061 = DIRECTION('',(1.,0.,-0.));
#13062 = ADVANCED_FACE('',(#13063),#13168,.T.);
#13063 = FACE_BOUND('',#13064,.T.);
#13064 = EDGE_LOOP('',(#13065,#13076,#13084,#13093,#13101,#13110,#13118,
    #13127,#13135,#13142,#13148,#13149,#13150,#13157,#13158,#13165,
    #13166,#13167));
#13065 = ORIENTED_EDGE('',*,*,#13066,.F.);
#13066 = EDGE_CURVE('',#13067,#13069,#13071,.T.);
#13067 = VERTEX_POINT('',#13068);
#13068 = CARTESIAN_POINT('',(0.35,-2.067484939698,13.6));
#13069 = VERTEX_POINT('',#13070);
#13070 = CARTESIAN_POINT('',(1.9,-0.2,13.6));
#13071 = CIRCLE('',#13072,1.9);
#13072 = AXIS2_PLACEMENT_3D('',#13073,#13074,#13075);
#13073 = CARTESIAN_POINT('',(0.,-0.2,13.6));
#13074 = DIRECTION('',(0.,0.,1.));
#13075 = DIRECTION('',(1.,0.,-0.));
#13076 = ORIENTED_EDGE('',*,*,#13077,.T.);
#13077 = EDGE_CURVE('',#13067,#13078,#13080,.T.);
#13078 = VERTEX_POINT('',#13079);
#13079 = CARTESIAN_POINT('',(0.35,-2.067484939698,12.9));
#13080 = LINE('',#13081,#13082);
#13081 = CARTESIAN_POINT('',(0.35,-2.067484939698,5.1));
#13082 = VECTOR('',#13083,1.);
#13083 = DIRECTION('',(-0.,-0.,-1.));
#13084 = ORIENTED_EDGE('',*,*,#13085,.T.);
#13085 = EDGE_CURVE('',#13078,#13086,#13088,.T.);
#13086 = VERTEX_POINT('',#13087);
#13087 = CARTESIAN_POINT('',(-0.35,-2.067484939698,12.9));
#13088 = CIRCLE('',#13089,1.9);
#13089 = AXIS2_PLACEMENT_3D('',#13090,#13091,#13092);
#13090 = CARTESIAN_POINT('',(0.,-0.2,12.9));
#13091 = DIRECTION('',(0.,0.,-1.));
#13092 = DIRECTION('',(1.,0.,0.));
#13093 = ORIENTED_EDGE('',*,*,#13094,.F.);
#13094 = EDGE_CURVE('',#13095,#13086,#13097,.T.);
#13095 = VERTEX_POINT('',#13096);
#13096 = CARTESIAN_POINT('',(-0.35,-2.067484939698,13.6));
#13097 = LINE('',#13098,#13099);
#13098 = CARTESIAN_POINT('',(-0.35,-2.067484939698,5.1));
#13099 = VECTOR('',#13100,1.);
#13100 = DIRECTION('',(-0.,-0.,-1.));
#13101 = ORIENTED_EDGE('',*,*,#13102,.F.);
#13102 = EDGE_CURVE('',#13103,#13095,#13105,.T.);
#13103 = VERTEX_POINT('',#13104);
#13104 = CARTESIAN_POINT('',(-0.35,1.667484939698,13.6));
#13105 = CIRCLE('',#13106,1.9);
#13106 = AXIS2_PLACEMENT_3D('',#13107,#13108,#13109);
#13107 = CARTESIAN_POINT('',(0.,-0.2,13.6));
#13108 = DIRECTION('',(0.,0.,1.));
#13109 = DIRECTION('',(1.,0.,-0.));
#13110 = ORIENTED_EDGE('',*,*,#13111,.T.);
#13111 = EDGE_CURVE('',#13103,#13112,#13114,.T.);
#13112 = VERTEX_POINT('',#13113);
#13113 = CARTESIAN_POINT('',(-0.35,1.667484939698,12.9));
#13114 = LINE('',#13115,#13116);
#13115 = CARTESIAN_POINT('',(-0.35,1.667484939698,5.1));
#13116 = VECTOR('',#13117,1.);
#13117 = DIRECTION('',(-0.,-0.,-1.));
#13118 = ORIENTED_EDGE('',*,*,#13119,.T.);
#13119 = EDGE_CURVE('',#13112,#13120,#13122,.T.);
#13120 = VERTEX_POINT('',#13121);
#13121 = CARTESIAN_POINT('',(0.35,1.667484939698,12.9));
#13122 = CIRCLE('',#13123,1.9);
#13123 = AXIS2_PLACEMENT_3D('',#13124,#13125,#13126);
#13124 = CARTESIAN_POINT('',(0.,-0.2,12.9));
#13125 = DIRECTION('',(0.,0.,-1.));
#13126 = DIRECTION('',(1.,0.,0.));
#13127 = ORIENTED_EDGE('',*,*,#13128,.F.);
#13128 = EDGE_CURVE('',#13129,#13120,#13131,.T.);
#13129 = VERTEX_POINT('',#13130);
#13130 = CARTESIAN_POINT('',(0.35,1.667484939698,13.6));
#13131 = LINE('',#13132,#13133);
#13132 = CARTESIAN_POINT('',(0.35,1.667484939698,5.1));
#13133 = VECTOR('',#13134,1.);
#13134 = DIRECTION('',(-0.,-0.,-1.));
#13135 = ORIENTED_EDGE('',*,*,#13136,.F.);
#13136 = EDGE_CURVE('',#13069,#13129,#13137,.T.);
#13137 = CIRCLE('',#13138,1.9);
#13138 = AXIS2_PLACEMENT_3D('',#13139,#13140,#13141);
#13139 = CARTESIAN_POINT('',(0.,-0.2,13.6));
#13140 = DIRECTION('',(0.,0.,1.));
#13141 = DIRECTION('',(1.,0.,-0.));
#13142 = ORIENTED_EDGE('',*,*,#13143,.F.);
#13143 = EDGE_CURVE('',#13042,#13069,#13144,.T.);
#13144 = LINE('',#13145,#13146);
#13145 = CARTESIAN_POINT('',(1.9,-0.2,5.1));
#13146 = VECTOR('',#13147,1.);
#13147 = DIRECTION('',(0.,0.,1.));
#13148 = ORIENTED_EDGE('',*,*,#13050,.T.);
#13149 = ORIENTED_EDGE('',*,*,#12668,.T.);
#13150 = ORIENTED_EDGE('',*,*,#13151,.T.);
#13151 = EDGE_CURVE('',#12627,#12594,#13152,.T.);
#13152 = CIRCLE('',#13153,1.9);
#13153 = AXIS2_PLACEMENT_3D('',#13154,#13155,#13156);
#13154 = CARTESIAN_POINT('',(0.,-0.2,5.1));
#13155 = DIRECTION('',(0.,0.,1.));
#13156 = DIRECTION('',(1.,0.,-0.));
#13157 = ORIENTED_EDGE('',*,*,#12593,.T.);
#13158 = ORIENTED_EDGE('',*,*,#13159,.T.);
#13159 = EDGE_CURVE('',#12596,#12531,#13160,.T.);
#13160 = CIRCLE('',#13161,1.9);
#13161 = AXIS2_PLACEMENT_3D('',#13162,#13163,#13164);
#13162 = CARTESIAN_POINT('',(0.,-0.2,5.1));
#13163 = DIRECTION('',(0.,0.,1.));
#13164 = DIRECTION('',(1.,0.,-0.));
#13165 = ORIENTED_EDGE('',*,*,#12530,.T.);
#13166 = ORIENTED_EDGE('',*,*,#13041,.T.);
#13167 = ORIENTED_EDGE('',*,*,#13143,.T.);
#13168 = CYLINDRICAL_SURFACE('',#13169,1.9);
#13169 = AXIS2_PLACEMENT_3D('',#13170,#13171,#13172);
#13170 = CARTESIAN_POINT('',(0.,-0.2,5.1));
#13171 = DIRECTION('',(-0.,-0.,-1.));
#13172 = DIRECTION('',(1.,0.,0.));
#13173 = ADVANCED_FACE('',(#13174,#13189),#13223,.F.);
#13174 = FACE_BOUND('',#13175,.F.);
#13175 = EDGE_LOOP('',(#13176,#13177,#13178,#13179,#13185,#13186,#13187,
    #13188));
#13176 = ORIENTED_EDGE('',*,*,#13027,.T.);
#13177 = ORIENTED_EDGE('',*,*,#12579,.T.);
#13178 = ORIENTED_EDGE('',*,*,#12611,.T.);
#13179 = ORIENTED_EDGE('',*,*,#13180,.T.);
#13180 = EDGE_CURVE('',#12596,#12531,#13181,.T.);
#13181 = LINE('',#13182,#13183);
#13182 = CARTESIAN_POINT('',(-1.4,-2.,5.1));
#13183 = VECTOR('',#13184,1.);
#13184 = DIRECTION('',(1.,0.,0.));
#13185 = ORIENTED_EDGE('',*,*,#12539,.T.);
#13186 = ORIENTED_EDGE('',*,*,#12572,.T.);
#13187 = ORIENTED_EDGE('',*,*,#13010,.F.);
#13188 = ORIENTED_EDGE('',*,*,#12993,.F.);
#13189 = FACE_BOUND('',#13190,.F.);
#13190 = EDGE_LOOP('',(#13191,#13201,#13209,#13217));
#13191 = ORIENTED_EDGE('',*,*,#13192,.T.);
#13192 = EDGE_CURVE('',#13193,#13195,#13197,.T.);
#13193 = VERTEX_POINT('',#13194);
#13194 = CARTESIAN_POINT('',(-1.25,-2.,5.));
#13195 = VERTEX_POINT('',#13196);
#13196 = CARTESIAN_POINT('',(-1.25,-2.,2.5));
#13197 = LINE('',#13198,#13199);
#13198 = CARTESIAN_POINT('',(-1.25,-2.,5.));
#13199 = VECTOR('',#13200,1.);
#13200 = DIRECTION('',(0.,0.,-1.));
#13201 = ORIENTED_EDGE('',*,*,#13202,.T.);
#13202 = EDGE_CURVE('',#13195,#13203,#13205,.T.);
#13203 = VERTEX_POINT('',#13204);
#13204 = CARTESIAN_POINT('',(1.25,-2.,2.5));
#13205 = LINE('',#13206,#13207);
#13206 = CARTESIAN_POINT('',(-1.25,-2.,2.5));
#13207 = VECTOR('',#13208,1.);
#13208 = DIRECTION('',(1.,0.,0.));
#13209 = ORIENTED_EDGE('',*,*,#13210,.T.);
#13210 = EDGE_CURVE('',#13203,#13211,#13213,.T.);
#13211 = VERTEX_POINT('',#13212);
#13212 = CARTESIAN_POINT('',(1.25,-2.,5.));
#13213 = LINE('',#13214,#13215);
#13214 = CARTESIAN_POINT('',(1.25,-2.,2.5));
#13215 = VECTOR('',#13216,1.);
#13216 = DIRECTION('',(0.,0.,1.));
#13217 = ORIENTED_EDGE('',*,*,#13218,.T.);
#13218 = EDGE_CURVE('',#13211,#13193,#13219,.T.);
#13219 = LINE('',#13220,#13221);
#13220 = CARTESIAN_POINT('',(1.25,-2.,5.));
#13221 = VECTOR('',#13222,1.);
#13222 = DIRECTION('',(-1.,0.,0.));
#13223 = PLANE('',#13224);
#13224 = AXIS2_PLACEMENT_3D('',#13225,#13226,#13227);
#13225 = CARTESIAN_POINT('',(-1.4,-2.,2.4));
#13226 = DIRECTION('',(0.,1.,0.));
#13227 = DIRECTION('',(1.,0.,0.));
#13228 = ADVANCED_FACE('',(#13229),#13233,.F.);
#13229 = FACE_BOUND('',#13230,.F.);
#13230 = EDGE_LOOP('',(#13231,#13232));
#13231 = ORIENTED_EDGE('',*,*,#12634,.F.);
#13232 = ORIENTED_EDGE('',*,*,#13151,.T.);
#13233 = PLANE('',#13234);
#13234 = AXIS2_PLACEMENT_3D('',#13235,#13236,#13237);
#13235 = CARTESIAN_POINT('',(-1.799263332289E-16,-0.2,5.1));
#13236 = DIRECTION('',(0.,0.,1.));
#13237 = DIRECTION('',(1.,0.,-0.));
#13238 = ADVANCED_FACE('',(#13239),#13258,.F.);
#13239 = FACE_BOUND('',#13240,.F.);
#13240 = EDGE_LOOP('',(#13241,#13250,#13257));
#13241 = ORIENTED_EDGE('',*,*,#13242,.T.);
#13242 = EDGE_CURVE('',#12703,#13243,#13245,.T.);
#13243 = VERTEX_POINT('',#13244);
#13244 = CARTESIAN_POINT('',(6.9,-0.2,5.1));
#13245 = CIRCLE('',#13246,1.9);
#13246 = AXIS2_PLACEMENT_3D('',#13247,#13248,#13249);
#13247 = CARTESIAN_POINT('',(5.,-0.2,5.1));
#13248 = DIRECTION('',(0.,0.,1.));
#13249 = DIRECTION('',(1.,0.,-0.));
#13250 = ORIENTED_EDGE('',*,*,#13251,.T.);
#13251 = EDGE_CURVE('',#13243,#12711,#13252,.T.);
#13252 = CIRCLE('',#13253,1.9);
#13253 = AXIS2_PLACEMENT_3D('',#13254,#13255,#13256);
#13254 = CARTESIAN_POINT('',(5.,-0.2,5.1));
#13255 = DIRECTION('',(0.,0.,1.));
#13256 = DIRECTION('',(1.,0.,-0.));
#13257 = ORIENTED_EDGE('',*,*,#12710,.F.);
#13258 = PLANE('',#13259);
#13259 = AXIS2_PLACEMENT_3D('',#13260,#13261,#13262);
#13260 = CARTESIAN_POINT('',(5.,-0.2,5.1));
#13261 = DIRECTION('',(0.,0.,1.));
#13262 = DIRECTION('',(1.,0.,-0.));
#13263 = ADVANCED_FACE('',(#13264),#13369,.T.);
#13264 = FACE_BOUND('',#13265,.T.);
#13265 = EDGE_LOOP('',(#13266,#13277,#13285,#13294,#13302,#13311,#13319,
    #13328,#13336,#13343,#13349,#13350,#13351,#13358,#13359,#13366,
    #13367,#13368));
#13266 = ORIENTED_EDGE('',*,*,#13267,.F.);
#13267 = EDGE_CURVE('',#13268,#13270,#13272,.T.);
#13268 = VERTEX_POINT('',#13269);
#13269 = CARTESIAN_POINT('',(5.35,-2.067484939698,13.6));
#13270 = VERTEX_POINT('',#13271);
#13271 = CARTESIAN_POINT('',(6.9,-0.2,13.6));
#13272 = CIRCLE('',#13273,1.9);
#13273 = AXIS2_PLACEMENT_3D('',#13274,#13275,#13276);
#13274 = CARTESIAN_POINT('',(5.,-0.2,13.6));
#13275 = DIRECTION('',(0.,0.,1.));
#13276 = DIRECTION('',(1.,0.,-0.));
#13277 = ORIENTED_EDGE('',*,*,#13278,.T.);
#13278 = EDGE_CURVE('',#13268,#13279,#13281,.T.);
#13279 = VERTEX_POINT('',#13280);
#13280 = CARTESIAN_POINT('',(5.35,-2.067484939698,12.9));
#13281 = LINE('',#13282,#13283);
#13282 = CARTESIAN_POINT('',(5.35,-2.067484939698,5.1));
#13283 = VECTOR('',#13284,1.);
#13284 = DIRECTION('',(-0.,-0.,-1.));
#13285 = ORIENTED_EDGE('',*,*,#13286,.T.);
#13286 = EDGE_CURVE('',#13279,#13287,#13289,.T.);
#13287 = VERTEX_POINT('',#13288);
#13288 = CARTESIAN_POINT('',(4.65,-2.067484939698,12.9));
#13289 = CIRCLE('',#13290,1.9);
#13290 = AXIS2_PLACEMENT_3D('',#13291,#13292,#13293);
#13291 = CARTESIAN_POINT('',(5.,-0.2,12.9));
#13292 = DIRECTION('',(0.,0.,-1.));
#13293 = DIRECTION('',(1.,0.,0.));
#13294 = ORIENTED_EDGE('',*,*,#13295,.F.);
#13295 = EDGE_CURVE('',#13296,#13287,#13298,.T.);
#13296 = VERTEX_POINT('',#13297);
#13297 = CARTESIAN_POINT('',(4.65,-2.067484939698,13.6));
#13298 = LINE('',#13299,#13300);
#13299 = CARTESIAN_POINT('',(4.65,-2.067484939698,5.1));
#13300 = VECTOR('',#13301,1.);
#13301 = DIRECTION('',(-0.,-0.,-1.));
#13302 = ORIENTED_EDGE('',*,*,#13303,.F.);
#13303 = EDGE_CURVE('',#13304,#13296,#13306,.T.);
#13304 = VERTEX_POINT('',#13305);
#13305 = CARTESIAN_POINT('',(4.65,1.667484939698,13.6));
#13306 = CIRCLE('',#13307,1.9);
#13307 = AXIS2_PLACEMENT_3D('',#13308,#13309,#13310);
#13308 = CARTESIAN_POINT('',(5.,-0.2,13.6));
#13309 = DIRECTION('',(0.,0.,1.));
#13310 = DIRECTION('',(1.,0.,-0.));
#13311 = ORIENTED_EDGE('',*,*,#13312,.T.);
#13312 = EDGE_CURVE('',#13304,#13313,#13315,.T.);
#13313 = VERTEX_POINT('',#13314);
#13314 = CARTESIAN_POINT('',(4.65,1.667484939698,12.9));
#13315 = LINE('',#13316,#13317);
#13316 = CARTESIAN_POINT('',(4.65,1.667484939698,5.1));
#13317 = VECTOR('',#13318,1.);
#13318 = DIRECTION('',(-0.,-0.,-1.));
#13319 = ORIENTED_EDGE('',*,*,#13320,.T.);
#13320 = EDGE_CURVE('',#13313,#13321,#13323,.T.);
#13321 = VERTEX_POINT('',#13322);
#13322 = CARTESIAN_POINT('',(5.35,1.667484939698,12.9));
#13323 = CIRCLE('',#13324,1.9);
#13324 = AXIS2_PLACEMENT_3D('',#13325,#13326,#13327);
#13325 = CARTESIAN_POINT('',(5.,-0.2,12.9));
#13326 = DIRECTION('',(0.,0.,-1.));
#13327 = DIRECTION('',(1.,0.,0.));
#13328 = ORIENTED_EDGE('',*,*,#13329,.F.);
#13329 = EDGE_CURVE('',#13330,#13321,#13332,.T.);
#13330 = VERTEX_POINT('',#13331);
#13331 = CARTESIAN_POINT('',(5.35,1.667484939698,13.6));
#13332 = LINE('',#13333,#13334);
#13333 = CARTESIAN_POINT('',(5.35,1.667484939698,5.1));
#13334 = VECTOR('',#13335,1.);
#13335 = DIRECTION('',(-0.,-0.,-1.));
#13336 = ORIENTED_EDGE('',*,*,#13337,.F.);
#13337 = EDGE_CURVE('',#13270,#13330,#13338,.T.);
#13338 = CIRCLE('',#13339,1.9);
#13339 = AXIS2_PLACEMENT_3D('',#13340,#13341,#13342);
#13340 = CARTESIAN_POINT('',(5.,-0.2,13.6));
#13341 = DIRECTION('',(0.,0.,1.));
#13342 = DIRECTION('',(1.,0.,-0.));
#13343 = ORIENTED_EDGE('',*,*,#13344,.F.);
#13344 = EDGE_CURVE('',#13243,#13270,#13345,.T.);
#13345 = LINE('',#13346,#13347);
#13346 = CARTESIAN_POINT('',(6.9,-0.2,5.1));
#13347 = VECTOR('',#13348,1.);
#13348 = DIRECTION('',(0.,0.,1.));
#13349 = ORIENTED_EDGE('',*,*,#13251,.T.);
#13350 = ORIENTED_EDGE('',*,*,#12871,.T.);
#13351 = ORIENTED_EDGE('',*,*,#13352,.T.);
#13352 = EDGE_CURVE('',#12830,#12797,#13353,.T.);
#13353 = CIRCLE('',#13354,1.9);
#13354 = AXIS2_PLACEMENT_3D('',#13355,#13356,#13357);
#13355 = CARTESIAN_POINT('',(5.,-0.2,5.1));
#13356 = DIRECTION('',(0.,0.,1.));
#13357 = DIRECTION('',(1.,0.,-0.));
#13358 = ORIENTED_EDGE('',*,*,#12796,.T.);
#13359 = ORIENTED_EDGE('',*,*,#13360,.T.);
#13360 = EDGE_CURVE('',#12799,#12734,#13361,.T.);
#13361 = CIRCLE('',#13362,1.9);
#13362 = AXIS2_PLACEMENT_3D('',#13363,#13364,#13365);
#13363 = CARTESIAN_POINT('',(5.,-0.2,5.1));
#13364 = DIRECTION('',(0.,0.,1.));
#13365 = DIRECTION('',(1.,0.,-0.));
#13366 = ORIENTED_EDGE('',*,*,#12733,.T.);
#13367 = ORIENTED_EDGE('',*,*,#13242,.T.);
#13368 = ORIENTED_EDGE('',*,*,#13344,.T.);
#13369 = CYLINDRICAL_SURFACE('',#13370,1.9);
#13370 = AXIS2_PLACEMENT_3D('',#13371,#13372,#13373);
#13371 = CARTESIAN_POINT('',(5.,-0.2,5.1));
#13372 = DIRECTION('',(-0.,-0.,-1.));
#13373 = DIRECTION('',(1.,0.,0.));
#13374 = ADVANCED_FACE('',(#13375,#13390),#13424,.F.);
#13375 = FACE_BOUND('',#13376,.F.);
#13376 = EDGE_LOOP('',(#13377,#13378,#13379,#13380,#13386,#13387,#13388,
    #13389));
#13377 = ORIENTED_EDGE('',*,*,#12962,.T.);
#13378 = ORIENTED_EDGE('',*,*,#12782,.T.);
#13379 = ORIENTED_EDGE('',*,*,#12814,.T.);
#13380 = ORIENTED_EDGE('',*,*,#13381,.T.);
#13381 = EDGE_CURVE('',#12799,#12734,#13382,.T.);
#13382 = LINE('',#13383,#13384);
#13383 = CARTESIAN_POINT('',(3.6,-2.,5.1));
#13384 = VECTOR('',#13385,1.);
#13385 = DIRECTION('',(1.,0.,0.));
#13386 = ORIENTED_EDGE('',*,*,#12742,.T.);
#13387 = ORIENTED_EDGE('',*,*,#12775,.T.);
#13388 = ORIENTED_EDGE('',*,*,#12945,.F.);
#13389 = ORIENTED_EDGE('',*,*,#12928,.F.);
#13390 = FACE_BOUND('',#13391,.F.);
#13391 = EDGE_LOOP('',(#13392,#13402,#13410,#13418));
#13392 = ORIENTED_EDGE('',*,*,#13393,.T.);
#13393 = EDGE_CURVE('',#13394,#13396,#13398,.T.);
#13394 = VERTEX_POINT('',#13395);
#13395 = CARTESIAN_POINT('',(3.75,-2.,5.));
#13396 = VERTEX_POINT('',#13397);
#13397 = CARTESIAN_POINT('',(3.75,-2.,2.5));
#13398 = LINE('',#13399,#13400);
#13399 = CARTESIAN_POINT('',(3.75,-2.,5.));
#13400 = VECTOR('',#13401,1.);
#13401 = DIRECTION('',(0.,0.,-1.));
#13402 = ORIENTED_EDGE('',*,*,#13403,.T.);
#13403 = EDGE_CURVE('',#13396,#13404,#13406,.T.);
#13404 = VERTEX_POINT('',#13405);
#13405 = CARTESIAN_POINT('',(6.25,-2.,2.5));
#13406 = LINE('',#13407,#13408);
#13407 = CARTESIAN_POINT('',(3.75,-2.,2.5));
#13408 = VECTOR('',#13409,1.);
#13409 = DIRECTION('',(1.,0.,0.));
#13410 = ORIENTED_EDGE('',*,*,#13411,.T.);
#13411 = EDGE_CURVE('',#13404,#13412,#13414,.T.);
#13412 = VERTEX_POINT('',#13413);
#13413 = CARTESIAN_POINT('',(6.25,-2.,5.));
#13414 = LINE('',#13415,#13416);
#13415 = CARTESIAN_POINT('',(6.25,-2.,2.5));
#13416 = VECTOR('',#13417,1.);
#13417 = DIRECTION('',(0.,0.,1.));
#13418 = ORIENTED_EDGE('',*,*,#13419,.T.);
#13419 = EDGE_CURVE('',#13412,#13394,#13420,.T.);
#13420 = LINE('',#13421,#13422);
#13421 = CARTESIAN_POINT('',(6.25,-2.,5.));
#13422 = VECTOR('',#13423,1.);
#13423 = DIRECTION('',(-1.,0.,0.));
#13424 = PLANE('',#13425);
#13425 = AXIS2_PLACEMENT_3D('',#13426,#13427,#13428);
#13426 = CARTESIAN_POINT('',(3.6,-2.,2.4));
#13427 = DIRECTION('',(0.,1.,0.));
#13428 = DIRECTION('',(1.,0.,0.));
#13429 = ADVANCED_FACE('',(#13430),#13434,.F.);
#13430 = FACE_BOUND('',#13431,.F.);
#13431 = EDGE_LOOP('',(#13432,#13433));
#13432 = ORIENTED_EDGE('',*,*,#12837,.F.);
#13433 = ORIENTED_EDGE('',*,*,#13352,.T.);
#13434 = PLANE('',#13435);
#13435 = AXIS2_PLACEMENT_3D('',#13436,#13437,#13438);
#13436 = CARTESIAN_POINT('',(5.,-0.2,5.1));
#13437 = DIRECTION('',(0.,0.,1.));
#13438 = DIRECTION('',(1.,0.,-0.));
#13439 = ADVANCED_FACE('',(#13440),#13450,.T.);
#13440 = FACE_BOUND('',#13441,.T.);
#13441 = EDGE_LOOP('',(#13442,#13443,#13444));
#13442 = ORIENTED_EDGE('',*,*,#13066,.T.);
#13443 = ORIENTED_EDGE('',*,*,#13136,.T.);
#13444 = ORIENTED_EDGE('',*,*,#13445,.F.);
#13445 = EDGE_CURVE('',#13067,#13129,#13446,.T.);
#13446 = LINE('',#13447,#13448);
#13447 = CARTESIAN_POINT('',(0.35,-2.2,13.6));
#13448 = VECTOR('',#13449,1.);
#13449 = DIRECTION('',(0.,1.,0.));
#13450 = PLANE('',#13451);
#13451 = AXIS2_PLACEMENT_3D('',#13452,#13453,#13454);
#13452 = CARTESIAN_POINT('',(-1.799263332289E-16,-0.2,13.6));
#13453 = DIRECTION('',(0.,0.,1.));
#13454 = DIRECTION('',(1.,0.,-0.));
#13455 = ADVANCED_FACE('',(#13456),#13467,.F.);
#13456 = FACE_BOUND('',#13457,.F.);
#13457 = EDGE_LOOP('',(#13458,#13459,#13460,#13466));
#13458 = ORIENTED_EDGE('',*,*,#13445,.F.);
#13459 = ORIENTED_EDGE('',*,*,#13077,.T.);
#13460 = ORIENTED_EDGE('',*,*,#13461,.T.);
#13461 = EDGE_CURVE('',#13078,#13120,#13462,.T.);
#13462 = LINE('',#13463,#13464);
#13463 = CARTESIAN_POINT('',(0.35,-2.2,12.9));
#13464 = VECTOR('',#13465,1.);
#13465 = DIRECTION('',(0.,1.,0.));
#13466 = ORIENTED_EDGE('',*,*,#13128,.F.);
#13467 = PLANE('',#13468);
#13468 = AXIS2_PLACEMENT_3D('',#13469,#13470,#13471);
#13469 = CARTESIAN_POINT('',(0.35,-2.2,13.6));
#13470 = DIRECTION('',(1.,0.,0.));
#13471 = DIRECTION('',(-0.,1.,0.));
#13472 = ADVANCED_FACE('',(#13473),#13484,.T.);
#13473 = FACE_BOUND('',#13474,.T.);
#13474 = EDGE_LOOP('',(#13475,#13481,#13482,#13483));
#13475 = ORIENTED_EDGE('',*,*,#13476,.T.);
#13476 = EDGE_CURVE('',#13112,#13086,#13477,.T.);
#13477 = LINE('',#13478,#13479);
#13478 = CARTESIAN_POINT('',(-0.35,1.8,12.9));
#13479 = VECTOR('',#13480,1.);
#13480 = DIRECTION('',(0.,-1.,0.));
#13481 = ORIENTED_EDGE('',*,*,#13085,.F.);
#13482 = ORIENTED_EDGE('',*,*,#13461,.T.);
#13483 = ORIENTED_EDGE('',*,*,#13119,.F.);
#13484 = PLANE('',#13485);
#13485 = AXIS2_PLACEMENT_3D('',#13486,#13487,#13488);
#13486 = CARTESIAN_POINT('',(0.,-0.2,12.9));
#13487 = DIRECTION('',(0.,-2.098034322396E-32,1.));
#13488 = DIRECTION('',(0.,1.,2.098034322396E-32));
#13489 = ADVANCED_FACE('',(#13490),#13501,.F.);
#13490 = FACE_BOUND('',#13491,.F.);
#13491 = EDGE_LOOP('',(#13492,#13498,#13499,#13500));
#13492 = ORIENTED_EDGE('',*,*,#13493,.F.);
#13493 = EDGE_CURVE('',#13103,#13095,#13494,.T.);
#13494 = LINE('',#13495,#13496);
#13495 = CARTESIAN_POINT('',(-0.35,1.8,13.6));
#13496 = VECTOR('',#13497,1.);
#13497 = DIRECTION('',(0.,-1.,0.));
#13498 = ORIENTED_EDGE('',*,*,#13111,.T.);
#13499 = ORIENTED_EDGE('',*,*,#13476,.T.);
#13500 = ORIENTED_EDGE('',*,*,#13094,.F.);
#13501 = PLANE('',#13502);
#13502 = AXIS2_PLACEMENT_3D('',#13503,#13504,#13505);
#13503 = CARTESIAN_POINT('',(-0.35,1.8,13.6));
#13504 = DIRECTION('',(-1.,0.,0.));
#13505 = DIRECTION('',(0.,-1.,0.));
#13506 = ADVANCED_FACE('',(#13507),#13511,.T.);
#13507 = FACE_BOUND('',#13508,.T.);
#13508 = EDGE_LOOP('',(#13509,#13510));
#13509 = ORIENTED_EDGE('',*,*,#13493,.F.);
#13510 = ORIENTED_EDGE('',*,*,#13102,.T.);
#13511 = PLANE('',#13512);
#13512 = AXIS2_PLACEMENT_3D('',#13513,#13514,#13515);
#13513 = CARTESIAN_POINT('',(-1.799263332289E-16,-0.2,13.6));
#13514 = DIRECTION('',(0.,0.,1.));
#13515 = DIRECTION('',(1.,0.,-0.));
#13516 = ADVANCED_FACE('',(#13517),#13521,.F.);
#13517 = FACE_BOUND('',#13518,.F.);
#13518 = EDGE_LOOP('',(#13519,#13520));
#13519 = ORIENTED_EDGE('',*,*,#13159,.T.);
#13520 = ORIENTED_EDGE('',*,*,#13180,.F.);
#13521 = PLANE('',#13522);
#13522 = AXIS2_PLACEMENT_3D('',#13523,#13524,#13525);
#13523 = CARTESIAN_POINT('',(-1.799263332289E-16,-0.2,5.1));
#13524 = DIRECTION('',(0.,0.,1.));
#13525 = DIRECTION('',(1.,0.,-0.));
#13526 = ADVANCED_FACE('',(#13527),#13552,.T.);
#13527 = FACE_BOUND('',#13528,.T.);
#13528 = EDGE_LOOP('',(#13529,#13537,#13538,#13546));
#13529 = ORIENTED_EDGE('',*,*,#13530,.T.);
#13530 = EDGE_CURVE('',#13531,#13193,#13533,.T.);
#13531 = VERTEX_POINT('',#13532);
#13532 = CARTESIAN_POINT('',(-1.25,2.,5.));
#13533 = LINE('',#13534,#13535);
#13534 = CARTESIAN_POINT('',(-1.25,2.,5.));
#13535 = VECTOR('',#13536,1.);
#13536 = DIRECTION('',(0.,-1.,0.));
#13537 = ORIENTED_EDGE('',*,*,#13192,.T.);
#13538 = ORIENTED_EDGE('',*,*,#13539,.F.);
#13539 = EDGE_CURVE('',#13540,#13195,#13542,.T.);
#13540 = VERTEX_POINT('',#13541);
#13541 = CARTESIAN_POINT('',(-1.25,2.,2.5));
#13542 = LINE('',#13543,#13544);
#13543 = CARTESIAN_POINT('',(-1.25,2.,2.5));
#13544 = VECTOR('',#13545,1.);
#13545 = DIRECTION('',(0.,-1.,0.));
#13546 = ORIENTED_EDGE('',*,*,#13547,.F.);
#13547 = EDGE_CURVE('',#13531,#13540,#13548,.T.);
#13548 = LINE('',#13549,#13550);
#13549 = CARTESIAN_POINT('',(-1.25,2.,5.));
#13550 = VECTOR('',#13551,1.);
#13551 = DIRECTION('',(0.,0.,-1.));
#13552 = PLANE('',#13553);
#13553 = AXIS2_PLACEMENT_3D('',#13554,#13555,#13556);
#13554 = CARTESIAN_POINT('',(-1.25,2.,5.));
#13555 = DIRECTION('',(1.,0.,0.));
#13556 = DIRECTION('',(0.,0.,-1.));
#13557 = ADVANCED_FACE('',(#13558),#13576,.T.);
#13558 = FACE_BOUND('',#13559,.T.);
#13559 = EDGE_LOOP('',(#13560,#13568,#13569,#13570));
#13560 = ORIENTED_EDGE('',*,*,#13561,.T.);
#13561 = EDGE_CURVE('',#13562,#13211,#13564,.T.);
#13562 = VERTEX_POINT('',#13563);
#13563 = CARTESIAN_POINT('',(1.25,2.,5.));
#13564 = LINE('',#13565,#13566);
#13565 = CARTESIAN_POINT('',(1.25,2.,5.));
#13566 = VECTOR('',#13567,1.);
#13567 = DIRECTION('',(0.,-1.,0.));
#13568 = ORIENTED_EDGE('',*,*,#13218,.T.);
#13569 = ORIENTED_EDGE('',*,*,#13530,.F.);
#13570 = ORIENTED_EDGE('',*,*,#13571,.F.);
#13571 = EDGE_CURVE('',#13562,#13531,#13572,.T.);
#13572 = LINE('',#13573,#13574);
#13573 = CARTESIAN_POINT('',(1.25,2.,5.));
#13574 = VECTOR('',#13575,1.);
#13575 = DIRECTION('',(-1.,0.,0.));
#13576 = PLANE('',#13577);
#13577 = AXIS2_PLACEMENT_3D('',#13578,#13579,#13580);
#13578 = CARTESIAN_POINT('',(1.25,2.,5.));
#13579 = DIRECTION('',(-0.,-0.,-1.));
#13580 = DIRECTION('',(-1.,0.,0.));
#13581 = ADVANCED_FACE('',(#13582),#13600,.T.);
#13582 = FACE_BOUND('',#13583,.T.);
#13583 = EDGE_LOOP('',(#13584,#13592,#13593,#13594));
#13584 = ORIENTED_EDGE('',*,*,#13585,.T.);
#13585 = EDGE_CURVE('',#13586,#13203,#13588,.T.);
#13586 = VERTEX_POINT('',#13587);
#13587 = CARTESIAN_POINT('',(1.25,2.,2.5));
#13588 = LINE('',#13589,#13590);
#13589 = CARTESIAN_POINT('',(1.25,2.,2.5));
#13590 = VECTOR('',#13591,1.);
#13591 = DIRECTION('',(0.,-1.,0.));
#13592 = ORIENTED_EDGE('',*,*,#13210,.T.);
#13593 = ORIENTED_EDGE('',*,*,#13561,.F.);
#13594 = ORIENTED_EDGE('',*,*,#13595,.F.);
#13595 = EDGE_CURVE('',#13586,#13562,#13596,.T.);
#13596 = LINE('',#13597,#13598);
#13597 = CARTESIAN_POINT('',(1.25,2.,2.5));
#13598 = VECTOR('',#13599,1.);
#13599 = DIRECTION('',(0.,0.,1.));
#13600 = PLANE('',#13601);
#13601 = AXIS2_PLACEMENT_3D('',#13602,#13603,#13604);
#13602 = CARTESIAN_POINT('',(1.25,2.,2.5));
#13603 = DIRECTION('',(-1.,0.,0.));
#13604 = DIRECTION('',(0.,0.,1.));
#13605 = ADVANCED_FACE('',(#13606),#13617,.T.);
#13606 = FACE_BOUND('',#13607,.T.);
#13607 = EDGE_LOOP('',(#13608,#13609,#13610,#13611));
#13608 = ORIENTED_EDGE('',*,*,#13539,.T.);
#13609 = ORIENTED_EDGE('',*,*,#13202,.T.);
#13610 = ORIENTED_EDGE('',*,*,#13585,.F.);
#13611 = ORIENTED_EDGE('',*,*,#13612,.F.);
#13612 = EDGE_CURVE('',#13540,#13586,#13613,.T.);
#13613 = LINE('',#13614,#13615);
#13614 = CARTESIAN_POINT('',(-1.25,2.,2.5));
#13615 = VECTOR('',#13616,1.);
#13616 = DIRECTION('',(1.,0.,0.));
#13617 = PLANE('',#13618);
#13618 = AXIS2_PLACEMENT_3D('',#13619,#13620,#13621);
#13619 = CARTESIAN_POINT('',(-1.25,2.,2.5));
#13620 = DIRECTION('',(0.,0.,1.));
#13621 = DIRECTION('',(1.,0.,-0.));
#13622 = ADVANCED_FACE('',(#13623),#13633,.T.);
#13623 = FACE_BOUND('',#13624,.T.);
#13624 = EDGE_LOOP('',(#13625,#13626,#13627));
#13625 = ORIENTED_EDGE('',*,*,#13267,.T.);
#13626 = ORIENTED_EDGE('',*,*,#13337,.T.);
#13627 = ORIENTED_EDGE('',*,*,#13628,.F.);
#13628 = EDGE_CURVE('',#13268,#13330,#13629,.T.);
#13629 = LINE('',#13630,#13631);
#13630 = CARTESIAN_POINT('',(5.35,-2.2,13.6));
#13631 = VECTOR('',#13632,1.);
#13632 = DIRECTION('',(0.,1.,0.));
#13633 = PLANE('',#13634);
#13634 = AXIS2_PLACEMENT_3D('',#13635,#13636,#13637);
#13635 = CARTESIAN_POINT('',(5.,-0.2,13.6));
#13636 = DIRECTION('',(0.,0.,1.));
#13637 = DIRECTION('',(1.,0.,-0.));
#13638 = ADVANCED_FACE('',(#13639),#13650,.F.);
#13639 = FACE_BOUND('',#13640,.F.);
#13640 = EDGE_LOOP('',(#13641,#13642,#13643,#13649));
#13641 = ORIENTED_EDGE('',*,*,#13628,.F.);
#13642 = ORIENTED_EDGE('',*,*,#13278,.T.);
#13643 = ORIENTED_EDGE('',*,*,#13644,.T.);
#13644 = EDGE_CURVE('',#13279,#13321,#13645,.T.);
#13645 = LINE('',#13646,#13647);
#13646 = CARTESIAN_POINT('',(5.35,-2.2,12.9));
#13647 = VECTOR('',#13648,1.);
#13648 = DIRECTION('',(0.,1.,0.));
#13649 = ORIENTED_EDGE('',*,*,#13329,.F.);
#13650 = PLANE('',#13651);
#13651 = AXIS2_PLACEMENT_3D('',#13652,#13653,#13654);
#13652 = CARTESIAN_POINT('',(5.35,-2.2,13.6));
#13653 = DIRECTION('',(1.,0.,0.));
#13654 = DIRECTION('',(-0.,1.,0.));
#13655 = ADVANCED_FACE('',(#13656),#13667,.T.);
#13656 = FACE_BOUND('',#13657,.T.);
#13657 = EDGE_LOOP('',(#13658,#13664,#13665,#13666));
#13658 = ORIENTED_EDGE('',*,*,#13659,.T.);
#13659 = EDGE_CURVE('',#13313,#13287,#13660,.T.);
#13660 = LINE('',#13661,#13662);
#13661 = CARTESIAN_POINT('',(4.65,1.8,12.9));
#13662 = VECTOR('',#13663,1.);
#13663 = DIRECTION('',(0.,-1.,0.));
#13664 = ORIENTED_EDGE('',*,*,#13286,.F.);
#13665 = ORIENTED_EDGE('',*,*,#13644,.T.);
#13666 = ORIENTED_EDGE('',*,*,#13320,.F.);
#13667 = PLANE('',#13668);
#13668 = AXIS2_PLACEMENT_3D('',#13669,#13670,#13671);
#13669 = CARTESIAN_POINT('',(5.,-0.2,12.9));
#13670 = DIRECTION('',(0.,-2.098034322396E-32,1.));
#13671 = DIRECTION('',(0.,1.,2.098034322396E-32));
#13672 = ADVANCED_FACE('',(#13673),#13684,.F.);
#13673 = FACE_BOUND('',#13674,.F.);
#13674 = EDGE_LOOP('',(#13675,#13681,#13682,#13683));
#13675 = ORIENTED_EDGE('',*,*,#13676,.F.);
#13676 = EDGE_CURVE('',#13304,#13296,#13677,.T.);
#13677 = LINE('',#13678,#13679);
#13678 = CARTESIAN_POINT('',(4.65,1.8,13.6));
#13679 = VECTOR('',#13680,1.);
#13680 = DIRECTION('',(0.,-1.,0.));
#13681 = ORIENTED_EDGE('',*,*,#13312,.T.);
#13682 = ORIENTED_EDGE('',*,*,#13659,.T.);
#13683 = ORIENTED_EDGE('',*,*,#13295,.F.);
#13684 = PLANE('',#13685);
#13685 = AXIS2_PLACEMENT_3D('',#13686,#13687,#13688);
#13686 = CARTESIAN_POINT('',(4.65,1.8,13.6));
#13687 = DIRECTION('',(-1.,0.,0.));
#13688 = DIRECTION('',(0.,-1.,0.));
#13689 = ADVANCED_FACE('',(#13690),#13694,.T.);
#13690 = FACE_BOUND('',#13691,.T.);
#13691 = EDGE_LOOP('',(#13692,#13693));
#13692 = ORIENTED_EDGE('',*,*,#13676,.F.);
#13693 = ORIENTED_EDGE('',*,*,#13303,.T.);
#13694 = PLANE('',#13695);
#13695 = AXIS2_PLACEMENT_3D('',#13696,#13697,#13698);
#13696 = CARTESIAN_POINT('',(5.,-0.2,13.6));
#13697 = DIRECTION('',(0.,0.,1.));
#13698 = DIRECTION('',(1.,0.,-0.));
#13699 = ADVANCED_FACE('',(#13700),#13704,.F.);
#13700 = FACE_BOUND('',#13701,.F.);
#13701 = EDGE_LOOP('',(#13702,#13703));
#13702 = ORIENTED_EDGE('',*,*,#13360,.T.);
#13703 = ORIENTED_EDGE('',*,*,#13381,.F.);
#13704 = PLANE('',#13705);
#13705 = AXIS2_PLACEMENT_3D('',#13706,#13707,#13708);
#13706 = CARTESIAN_POINT('',(5.,-0.2,5.1));
#13707 = DIRECTION('',(0.,0.,1.));
#13708 = DIRECTION('',(1.,0.,-0.));
#13709 = ADVANCED_FACE('',(#13710),#13735,.T.);
#13710 = FACE_BOUND('',#13711,.T.);
#13711 = EDGE_LOOP('',(#13712,#13720,#13721,#13729));
#13712 = ORIENTED_EDGE('',*,*,#13713,.T.);
#13713 = EDGE_CURVE('',#13714,#13394,#13716,.T.);
#13714 = VERTEX_POINT('',#13715);
#13715 = CARTESIAN_POINT('',(3.75,2.,5.));
#13716 = LINE('',#13717,#13718);
#13717 = CARTESIAN_POINT('',(3.75,2.,5.));
#13718 = VECTOR('',#13719,1.);
#13719 = DIRECTION('',(0.,-1.,0.));
#13720 = ORIENTED_EDGE('',*,*,#13393,.T.);
#13721 = ORIENTED_EDGE('',*,*,#13722,.F.);
#13722 = EDGE_CURVE('',#13723,#13396,#13725,.T.);
#13723 = VERTEX_POINT('',#13724);
#13724 = CARTESIAN_POINT('',(3.75,2.,2.5));
#13725 = LINE('',#13726,#13727);
#13726 = CARTESIAN_POINT('',(3.75,2.,2.5));
#13727 = VECTOR('',#13728,1.);
#13728 = DIRECTION('',(0.,-1.,0.));
#13729 = ORIENTED_EDGE('',*,*,#13730,.F.);
#13730 = EDGE_CURVE('',#13714,#13723,#13731,.T.);
#13731 = LINE('',#13732,#13733);
#13732 = CARTESIAN_POINT('',(3.75,2.,5.));
#13733 = VECTOR('',#13734,1.);
#13734 = DIRECTION('',(0.,0.,-1.));
#13735 = PLANE('',#13736);
#13736 = AXIS2_PLACEMENT_3D('',#13737,#13738,#13739);
#13737 = CARTESIAN_POINT('',(3.75,2.,5.));
#13738 = DIRECTION('',(1.,0.,0.));
#13739 = DIRECTION('',(0.,0.,-1.));
#13740 = ADVANCED_FACE('',(#13741),#13759,.T.);
#13741 = FACE_BOUND('',#13742,.T.);
#13742 = EDGE_LOOP('',(#13743,#13751,#13752,#13753));
#13743 = ORIENTED_EDGE('',*,*,#13744,.T.);
#13744 = EDGE_CURVE('',#13745,#13412,#13747,.T.);
#13745 = VERTEX_POINT('',#13746);
#13746 = CARTESIAN_POINT('',(6.25,2.,5.));
#13747 = LINE('',#13748,#13749);
#13748 = CARTESIAN_POINT('',(6.25,2.,5.));
#13749 = VECTOR('',#13750,1.);
#13750 = DIRECTION('',(0.,-1.,0.));
#13751 = ORIENTED_EDGE('',*,*,#13419,.T.);
#13752 = ORIENTED_EDGE('',*,*,#13713,.F.);
#13753 = ORIENTED_EDGE('',*,*,#13754,.F.);
#13754 = EDGE_CURVE('',#13745,#13714,#13755,.T.);
#13755 = LINE('',#13756,#13757);
#13756 = CARTESIAN_POINT('',(6.25,2.,5.));
#13757 = VECTOR('',#13758,1.);
#13758 = DIRECTION('',(-1.,0.,0.));
#13759 = PLANE('',#13760);
#13760 = AXIS2_PLACEMENT_3D('',#13761,#13762,#13763);
#13761 = CARTESIAN_POINT('',(6.25,2.,5.));
#13762 = DIRECTION('',(-0.,-0.,-1.));
#13763 = DIRECTION('',(-1.,0.,0.));
#13764 = ADVANCED_FACE('',(#13765),#13783,.T.);
#13765 = FACE_BOUND('',#13766,.T.);
#13766 = EDGE_LOOP('',(#13767,#13775,#13776,#13777));
#13767 = ORIENTED_EDGE('',*,*,#13768,.T.);
#13768 = EDGE_CURVE('',#13769,#13404,#13771,.T.);
#13769 = VERTEX_POINT('',#13770);
#13770 = CARTESIAN_POINT('',(6.25,2.,2.5));
#13771 = LINE('',#13772,#13773);
#13772 = CARTESIAN_POINT('',(6.25,2.,2.5));
#13773 = VECTOR('',#13774,1.);
#13774 = DIRECTION('',(0.,-1.,0.));
#13775 = ORIENTED_EDGE('',*,*,#13411,.T.);
#13776 = ORIENTED_EDGE('',*,*,#13744,.F.);
#13777 = ORIENTED_EDGE('',*,*,#13778,.F.);
#13778 = EDGE_CURVE('',#13769,#13745,#13779,.T.);
#13779 = LINE('',#13780,#13781);
#13780 = CARTESIAN_POINT('',(6.25,2.,2.5));
#13781 = VECTOR('',#13782,1.);
#13782 = DIRECTION('',(0.,0.,1.));
#13783 = PLANE('',#13784);
#13784 = AXIS2_PLACEMENT_3D('',#13785,#13786,#13787);
#13785 = CARTESIAN_POINT('',(6.25,2.,2.5));
#13786 = DIRECTION('',(-1.,0.,0.));
#13787 = DIRECTION('',(0.,0.,1.));
#13788 = ADVANCED_FACE('',(#13789),#13800,.T.);
#13789 = FACE_BOUND('',#13790,.T.);
#13790 = EDGE_LOOP('',(#13791,#13792,#13793,#13794));
#13791 = ORIENTED_EDGE('',*,*,#13722,.T.);
#13792 = ORIENTED_EDGE('',*,*,#13403,.T.);
#13793 = ORIENTED_EDGE('',*,*,#13768,.F.);
#13794 = ORIENTED_EDGE('',*,*,#13795,.F.);
#13795 = EDGE_CURVE('',#13723,#13769,#13796,.T.);
#13796 = LINE('',#13797,#13798);
#13797 = CARTESIAN_POINT('',(3.75,2.,2.5));
#13798 = VECTOR('',#13799,1.);
#13799 = DIRECTION('',(1.,0.,0.));
#13800 = PLANE('',#13801);
#13801 = AXIS2_PLACEMENT_3D('',#13802,#13803,#13804);
#13802 = CARTESIAN_POINT('',(3.75,2.,2.5));
#13803 = DIRECTION('',(0.,0.,1.));
#13804 = DIRECTION('',(1.,0.,-0.));
#13805 = ADVANCED_FACE('',(#13806),#13812,.T.);
#13806 = FACE_BOUND('',#13807,.T.);
#13807 = EDGE_LOOP('',(#13808,#13809,#13810,#13811));
#13808 = ORIENTED_EDGE('',*,*,#13571,.T.);
#13809 = ORIENTED_EDGE('',*,*,#13547,.T.);
#13810 = ORIENTED_EDGE('',*,*,#13612,.T.);
#13811 = ORIENTED_EDGE('',*,*,#13595,.T.);
#13812 = PLANE('',#13813);
#13813 = AXIS2_PLACEMENT_3D('',#13814,#13815,#13816);
#13814 = CARTESIAN_POINT('',(4.440892098501E-16,2.,3.75));
#13815 = DIRECTION('',(-2.868585109895E-30,-1.,-5.288584893962E-30));
#13816 = DIRECTION('',(0.,5.288584893962E-30,-1.));
#13817 = ADVANCED_FACE('',(#13818),#13824,.T.);
#13818 = FACE_BOUND('',#13819,.T.);
#13819 = EDGE_LOOP('',(#13820,#13821,#13822,#13823));
#13820 = ORIENTED_EDGE('',*,*,#13754,.T.);
#13821 = ORIENTED_EDGE('',*,*,#13730,.T.);
#13822 = ORIENTED_EDGE('',*,*,#13795,.T.);
#13823 = ORIENTED_EDGE('',*,*,#13778,.T.);
#13824 = PLANE('',#13825);
#13825 = AXIS2_PLACEMENT_3D('',#13826,#13827,#13828);
#13826 = CARTESIAN_POINT('',(5.,2.,3.75));
#13827 = DIRECTION('',(-0.,-1.,-0.));
#13828 = DIRECTION('',(0.,0.,-1.));
#13829 = ( GEOMETRIC_REPRESENTATION_CONTEXT(3) 
GLOBAL_UNCERTAINTY_ASSIGNED_CONTEXT((#13833)) 
GLOBAL_UNIT_ASSIGNED_CONTEXT((#13830,#13831,#13832)) 
REPRESENTATION_CONTEXT('Context #1',
  '3D Context with UNIT and UNCERTAINTY') );
#13830 = ( LENGTH_UNIT() NAMED_UNIT(*) SI_UNIT(.MILLI.,.METRE.) );
#13831 = ( NAMED_UNIT(*) PLANE_ANGLE_UNIT() SI_UNIT($,.RADIAN.) );
#13832 = ( NAMED_UNIT(*) SI_UNIT($,.STERADIAN.) SOLID_ANGLE_UNIT() );
#13833 = UNCERTAINTY_MEASURE_WITH_UNIT(LENGTH_MEASURE(1.E-07),#13830,
  'distance_accuracy_value','confusion accuracy');
#13834 = CONTEXT_DEPENDENT_SHAPE_REPRESENTATION(#13835,#13837);
#13835 = ( REPRESENTATION_RELATIONSHIP('','',#11207,#10) 
REPRESENTATION_RELATIONSHIP_WITH_TRANSFORMATION(#13836) 
SHAPE_REPRESENTATION_RELATIONSHIP() );
#13836 = ITEM_DEFINED_TRANSFORMATION('','',#11,#55);
#13837 = PRODUCT_DEFINITION_SHAPE('Placement','Placement of an item',
  #13838);
#13838 = NEXT_ASSEMBLY_USAGE_OCCURRENCE('11','J1','',#5,#11202,$);
#13839 = PRODUCT_RELATED_PRODUCT_CATEGORY('part',$,(#11204));
#13840 = SHAPE_DEFINITION_REPRESENTATION(#13841,#13847);
#13841 = PRODUCT_DEFINITION_SHAPE('','',#13842);
#13842 = PRODUCT_DEFINITION('design','',#13843,#13846);
#13843 = PRODUCT_DEFINITION_FORMATION('','',#13844);
#13844 = PRODUCT('SOT-23','SOT-23','',(#13845));
#13845 = PRODUCT_CONTEXT('',#2,'mechanical');
#13846 = PRODUCT_DEFINITION_CONTEXT('part definition',#2,'design');
#13847 = ADVANCED_BREP_SHAPE_REPRESENTATION('',(#11,#13848),#15830);
#13848 = MANIFOLD_SOLID_BREP('',#13849);
#13849 = CLOSED_SHELL('',(#13850,#13888,#13951,#13974,#14003,#14026,
    #14081,#14120,#14143,#14166,#14183,#14206,#14294,#14310,#14340,
    #14373,#14404,#14437,#14454,#14471,#14504,#14534,#14557,#14580,
    #14597,#14626,#14680,#14703,#14726,#14749,#14788,#14810,#14854,
    #14929,#14953,#15021,#15038,#15113,#15137,#15205,#15280,#15304,
    #15372,#15389,#15406,#15452,#15468,#15484,#15501,#15513,#15530,
    #15547,#15564,#15581,#15598,#15615,#15627,#15644,#15661,#15678,
    #15695,#15712,#15724,#15741,#15758,#15775,#15792,#15809,#15821));
#13850 = ADVANCED_FACE('',(#13851),#13883,.F.);
#13851 = FACE_BOUND('',#13852,.F.);
#13852 = EDGE_LOOP('',(#13853,#13863,#13870,#13878));
#13853 = ORIENTED_EDGE('',*,*,#13854,.T.);
#13854 = EDGE_CURVE('',#13855,#13857,#13859,.T.);
#13855 = VERTEX_POINT('',#13856);
#13856 = CARTESIAN_POINT('',(-0.571621551758,1.433243103516,0.1));
#13857 = VERTEX_POINT('',#13858);
#13858 = CARTESIAN_POINT('',(0.571621551758,1.433243103516,0.1));
#13859 = LINE('',#13860,#13861);
#13860 = CARTESIAN_POINT('',(-0.571621551758,1.433243103516,0.1));
#13861 = VECTOR('',#13862,1.);
#13862 = DIRECTION('',(1.,1.110223024625E-16,0.));
#13863 = ORIENTED_EDGE('',*,*,#13864,.T.);
#13864 = EDGE_CURVE('',#13857,#13865,#13867,.T.);
#13865 = VERTEX_POINT('',#13866);
#13866 = CARTESIAN_POINT('',(0.605,1.5,0.575));
#13867 = B_SPLINE_CURVE_WITH_KNOTS('',1,(#13868,#13869),.UNSPECIFIED.,
  .F.,.F.,(2,2),(0.,1.),.PIECEWISE_BEZIER_KNOTS.);
#13868 = CARTESIAN_POINT('',(0.571621551758,1.433243103516,0.1));
#13869 = CARTESIAN_POINT('',(0.605,1.5,0.575));
#13870 = ORIENTED_EDGE('',*,*,#13871,.F.);
#13871 = EDGE_CURVE('',#13872,#13865,#13874,.T.);
#13872 = VERTEX_POINT('',#13873);
#13873 = CARTESIAN_POINT('',(-0.605,1.5,0.575));
#13874 = LINE('',#13875,#13876);
#13875 = CARTESIAN_POINT('',(-0.605,1.5,0.575));
#13876 = VECTOR('',#13877,1.);
#13877 = DIRECTION('',(1.,1.110223024625E-16,0.));
#13878 = ORIENTED_EDGE('',*,*,#13879,.F.);
#13879 = EDGE_CURVE('',#13855,#13872,#13880,.T.);
#13880 = B_SPLINE_CURVE_WITH_KNOTS('',1,(#13881,#13882),.UNSPECIFIED.,
  .F.,.F.,(2,2),(0.,1.),.PIECEWISE_BEZIER_KNOTS.);
#13881 = CARTESIAN_POINT('',(-0.571621551758,1.433243103516,0.1));
#13882 = CARTESIAN_POINT('',(-0.605,1.5,0.575));
#13883 = B_SPLINE_SURFACE_WITH_KNOTS('',1,1,(
    (#13884,#13885)
    ,(#13886,#13887
    )),.UNSPECIFIED.,.F.,.F.,.F.,(2,2),(2,2),(0.,1.21),(0.,1.),
  .PIECEWISE_BEZIER_KNOTS.);
#13884 = CARTESIAN_POINT('',(-0.571621551758,1.433243103516,0.1));
#13885 = CARTESIAN_POINT('',(-0.605,1.5,0.575));
#13886 = CARTESIAN_POINT('',(0.571621551758,1.433243103516,0.1));
#13887 = CARTESIAN_POINT('',(0.605,1.5,0.575));
#13888 = ADVANCED_FACE('',(#13889),#13946,.T.);
#13889 = FACE_BOUND('',#13890,.T.);
#13890 = EDGE_LOOP('',(#13891,#13892,#13900,#13908,#13916,#13924,#13932,
    #13940));
#13891 = ORIENTED_EDGE('',*,*,#13854,.T.);
#13892 = ORIENTED_EDGE('',*,*,#13893,.T.);
#13893 = EDGE_CURVE('',#13857,#13894,#13896,.T.);
#13894 = VERTEX_POINT('',#13895);
#13895 = CARTESIAN_POINT('',(0.633243103516,1.371621551758,0.1));
#13896 = LINE('',#13897,#13898);
#13897 = CARTESIAN_POINT('',(0.571621551758,1.433243103516,0.1));
#13898 = VECTOR('',#13899,1.);
#13899 = DIRECTION('',(0.707106781187,-0.707106781187,0.));
#13900 = ORIENTED_EDGE('',*,*,#13901,.T.);
#13901 = EDGE_CURVE('',#13894,#13902,#13904,.T.);
#13902 = VERTEX_POINT('',#13903);
#13903 = CARTESIAN_POINT('',(0.633243103516,-1.371621551758,0.1));
#13904 = LINE('',#13905,#13906);
#13905 = CARTESIAN_POINT('',(0.633243103516,1.371621551758,0.1));
#13906 = VECTOR('',#13907,1.);
#13907 = DIRECTION('',(1.110223024625E-16,-1.,0.));
#13908 = ORIENTED_EDGE('',*,*,#13909,.T.);
#13909 = EDGE_CURVE('',#13902,#13910,#13912,.T.);
#13910 = VERTEX_POINT('',#13911);
#13911 = CARTESIAN_POINT('',(0.571621551758,-1.433243103516,0.1));
#13912 = LINE('',#13913,#13914);
#13913 = CARTESIAN_POINT('',(0.633243103516,-1.371621551758,0.1));
#13914 = VECTOR('',#13915,1.);
#13915 = DIRECTION('',(-0.707106781187,-0.707106781187,0.));
#13916 = ORIENTED_EDGE('',*,*,#13917,.T.);
#13917 = EDGE_CURVE('',#13910,#13918,#13920,.T.);
#13918 = VERTEX_POINT('',#13919);
#13919 = CARTESIAN_POINT('',(-0.571621551758,-1.433243103516,0.1));
#13920 = LINE('',#13921,#13922);
#13921 = CARTESIAN_POINT('',(0.571621551758,-1.433243103516,0.1));
#13922 = VECTOR('',#13923,1.);
#13923 = DIRECTION('',(-1.,-1.110223024625E-16,0.));
#13924 = ORIENTED_EDGE('',*,*,#13925,.T.);
#13925 = EDGE_CURVE('',#13918,#13926,#13928,.T.);
#13926 = VERTEX_POINT('',#13927);
#13927 = CARTESIAN_POINT('',(-0.633243103516,-1.371621551758,0.1));
#13928 = LINE('',#13929,#13930);
#13929 = CARTESIAN_POINT('',(-0.571621551758,-1.433243103516,0.1));
#13930 = VECTOR('',#13931,1.);
#13931 = DIRECTION('',(-0.707106781187,0.707106781187,0.));
#13932 = ORIENTED_EDGE('',*,*,#13933,.T.);
#13933 = EDGE_CURVE('',#13926,#13934,#13936,.T.);
#13934 = VERTEX_POINT('',#13935);
#13935 = CARTESIAN_POINT('',(-0.633243103516,1.371621551758,0.1));
#13936 = LINE('',#13937,#13938);
#13937 = CARTESIAN_POINT('',(-0.633243103516,-1.371621551758,0.1));
#13938 = VECTOR('',#13939,1.);
#13939 = DIRECTION('',(-1.110223024625E-16,1.,0.));
#13940 = ORIENTED_EDGE('',*,*,#13941,.T.);
#13941 = EDGE_CURVE('',#13934,#13855,#13942,.T.);
#13942 = LINE('',#13943,#13944);
#13943 = CARTESIAN_POINT('',(-0.633243103516,1.371621551758,0.1));
#13944 = VECTOR('',#13945,1.);
#13945 = DIRECTION('',(0.707106781187,0.707106781187,0.));
#13946 = PLANE('',#13947);
#13947 = AXIS2_PLACEMENT_3D('',#13948,#13949,#13950);
#13948 = CARTESIAN_POINT('',(-0.571621551758,1.433243103516,0.1));
#13949 = DIRECTION('',(0.,0.,-1.));
#13950 = DIRECTION('',(0.370454302632,-0.928850692879,0.));
#13951 = ADVANCED_FACE('',(#13952),#13969,.F.);
#13952 = FACE_BOUND('',#13953,.F.);
#13953 = EDGE_LOOP('',(#13954,#13955,#13962,#13968));
#13954 = ORIENTED_EDGE('',*,*,#13893,.T.);
#13955 = ORIENTED_EDGE('',*,*,#13956,.T.);
#13956 = EDGE_CURVE('',#13894,#13957,#13959,.T.);
#13957 = VERTEX_POINT('',#13958);
#13958 = CARTESIAN_POINT('',(0.7,1.405,0.575));
#13959 = B_SPLINE_CURVE_WITH_KNOTS('',1,(#13960,#13961),.UNSPECIFIED.,
  .F.,.F.,(2,2),(0.,1.),.PIECEWISE_BEZIER_KNOTS.);
#13960 = CARTESIAN_POINT('',(0.633243103516,1.371621551758,0.1));
#13961 = CARTESIAN_POINT('',(0.7,1.405,0.575));
#13962 = ORIENTED_EDGE('',*,*,#13963,.F.);
#13963 = EDGE_CURVE('',#13865,#13957,#13964,.T.);
#13964 = LINE('',#13965,#13966);
#13965 = CARTESIAN_POINT('',(0.605,1.5,0.575));
#13966 = VECTOR('',#13967,1.);
#13967 = DIRECTION('',(0.707106781187,-0.707106781187,0.));
#13968 = ORIENTED_EDGE('',*,*,#13864,.F.);
#13969 = B_SPLINE_SURFACE_WITH_KNOTS('',1,1,(
    (#13970,#13971)
    ,(#13972,#13973
    )),.UNSPECIFIED.,.F.,.F.,.F.,(2,2),(2,2),(0.,0.134350288425),(0.,1.)
  ,.PIECEWISE_BEZIER_KNOTS.);
#13970 = CARTESIAN_POINT('',(0.571621551758,1.433243103516,0.1));
#13971 = CARTESIAN_POINT('',(0.605,1.5,0.575));
#13972 = CARTESIAN_POINT('',(0.633243103516,1.371621551758,0.1));
#13973 = CARTESIAN_POINT('',(0.7,1.405,0.575));
#13974 = ADVANCED_FACE('',(#13975),#13998,.F.);
#13975 = FACE_BOUND('',#13976,.F.);
#13976 = EDGE_LOOP('',(#13977,#13978,#13985,#13993));
#13977 = ORIENTED_EDGE('',*,*,#13871,.T.);
#13978 = ORIENTED_EDGE('',*,*,#13979,.T.);
#13979 = EDGE_CURVE('',#13865,#13980,#13982,.T.);
#13980 = VERTEX_POINT('',#13981);
#13981 = CARTESIAN_POINT('',(0.605,1.5,0.725));
#13982 = B_SPLINE_CURVE_WITH_KNOTS('',1,(#13983,#13984),.UNSPECIFIED.,
  .F.,.F.,(2,2),(0.,1.),.PIECEWISE_BEZIER_KNOTS.);
#13983 = CARTESIAN_POINT('',(0.605,1.5,0.575));
#13984 = CARTESIAN_POINT('',(0.605,1.5,0.725));
#13985 = ORIENTED_EDGE('',*,*,#13986,.F.);
#13986 = EDGE_CURVE('',#13987,#13980,#13989,.T.);
#13987 = VERTEX_POINT('',#13988);
#13988 = CARTESIAN_POINT('',(-0.605,1.5,0.725));
#13989 = LINE('',#13990,#13991);
#13990 = CARTESIAN_POINT('',(-0.605,1.5,0.725));
#13991 = VECTOR('',#13992,1.);
#13992 = DIRECTION('',(1.,1.110223024625E-16,0.));
#13993 = ORIENTED_EDGE('',*,*,#13994,.F.);
#13994 = EDGE_CURVE('',#13872,#13987,#13995,.T.);
#13995 = B_SPLINE_CURVE_WITH_KNOTS('',1,(#13996,#13997),.UNSPECIFIED.,
  .F.,.F.,(2,2),(0.,1.),.PIECEWISE_BEZIER_KNOTS.);
#13996 = CARTESIAN_POINT('',(-0.605,1.5,0.575));
#13997 = CARTESIAN_POINT('',(-0.605,1.5,0.725));
#13998 = PLANE('',#13999);
#13999 = AXIS2_PLACEMENT_3D('',#14000,#14001,#14002);
#14000 = CARTESIAN_POINT('',(-0.605,1.5,0.725));
#14001 = DIRECTION('',(1.110223024625E-16,-1.,0.));
#14002 = DIRECTION('',(1.,1.110223024625E-16,0.));
#14003 = ADVANCED_FACE('',(#14004),#14021,.F.);
#14004 = FACE_BOUND('',#14005,.F.);
#14005 = EDGE_LOOP('',(#14006,#14007,#14008,#14016));
#14006 = ORIENTED_EDGE('',*,*,#13941,.T.);
#14007 = ORIENTED_EDGE('',*,*,#13879,.T.);
#14008 = ORIENTED_EDGE('',*,*,#14009,.F.);
#14009 = EDGE_CURVE('',#14010,#13872,#14012,.T.);
#14010 = VERTEX_POINT('',#14011);
#14011 = CARTESIAN_POINT('',(-0.7,1.405,0.575));
#14012 = LINE('',#14013,#14014);
#14013 = CARTESIAN_POINT('',(-0.7,1.405,0.575));
#14014 = VECTOR('',#14015,1.);
#14015 = DIRECTION('',(0.707106781187,0.707106781187,0.));
#14016 = ORIENTED_EDGE('',*,*,#14017,.F.);
#14017 = EDGE_CURVE('',#13934,#14010,#14018,.T.);
#14018 = B_SPLINE_CURVE_WITH_KNOTS('',1,(#14019,#14020),.UNSPECIFIED.,
  .F.,.F.,(2,2),(0.,1.),.PIECEWISE_BEZIER_KNOTS.);
#14019 = CARTESIAN_POINT('',(-0.633243103516,1.371621551758,0.1));
#14020 = CARTESIAN_POINT('',(-0.7,1.405,0.575));
#14021 = B_SPLINE_SURFACE_WITH_KNOTS('',1,1,(
    (#14022,#14023)
    ,(#14024,#14025
    )),.UNSPECIFIED.,.F.,.F.,.F.,(2,2),(2,2),(0.,0.134350288425),(0.,1.)
  ,.PIECEWISE_BEZIER_KNOTS.);
#14022 = CARTESIAN_POINT('',(-0.633243103516,1.371621551758,0.1));
#14023 = CARTESIAN_POINT('',(-0.7,1.405,0.575));
#14024 = CARTESIAN_POINT('',(-0.571621551758,1.433243103516,0.1));
#14025 = CARTESIAN_POINT('',(-0.605,1.5,0.575));
#14026 = ADVANCED_FACE('',(#14027),#14076,.F.);
#14027 = FACE_BOUND('',#14028,.F.);
#14028 = EDGE_LOOP('',(#14029,#14030,#14031,#14039,#14047,#14055,#14063,
    #14071));
#14029 = ORIENTED_EDGE('',*,*,#13933,.T.);
#14030 = ORIENTED_EDGE('',*,*,#14017,.T.);
#14031 = ORIENTED_EDGE('',*,*,#14032,.F.);
#14032 = EDGE_CURVE('',#14033,#14010,#14035,.T.);
#14033 = VERTEX_POINT('',#14034);
#14034 = CARTESIAN_POINT('',(-0.7,1.15,0.575));
#14035 = LINE('',#14036,#14037);
#14036 = CARTESIAN_POINT('',(-0.7,-1.405,0.575));
#14037 = VECTOR('',#14038,1.);
#14038 = DIRECTION('',(-1.110223024625E-16,1.,0.));
#14039 = ORIENTED_EDGE('',*,*,#14040,.F.);
#14040 = EDGE_CURVE('',#14041,#14033,#14043,.T.);
#14041 = VERTEX_POINT('',#14042);
#14042 = CARTESIAN_POINT('',(-0.7,0.75,0.575));
#14043 = LINE('',#14044,#14045);
#14044 = CARTESIAN_POINT('',(-0.7,0.75,0.575));
#14045 = VECTOR('',#14046,1.);
#14046 = DIRECTION('',(1.144237745222E-17,1.,0.));
#14047 = ORIENTED_EDGE('',*,*,#14048,.F.);
#14048 = EDGE_CURVE('',#14049,#14041,#14051,.T.);
#14049 = VERTEX_POINT('',#14050);
#14050 = CARTESIAN_POINT('',(-0.7,-0.75,0.575));
#14051 = LINE('',#14052,#14053);
#14052 = CARTESIAN_POINT('',(-0.7,-1.405,0.575));
#14053 = VECTOR('',#14054,1.);
#14054 = DIRECTION('',(-1.110223024625E-16,1.,0.));
#14055 = ORIENTED_EDGE('',*,*,#14056,.F.);
#14056 = EDGE_CURVE('',#14057,#14049,#14059,.T.);
#14057 = VERTEX_POINT('',#14058);
#14058 = CARTESIAN_POINT('',(-0.7,-1.15,0.575));
#14059 = LINE('',#14060,#14061);
#14060 = CARTESIAN_POINT('',(-0.7,-1.15,0.575));
#14061 = VECTOR('',#14062,1.);
#14062 = DIRECTION('',(1.144237745222E-17,1.,0.));
#14063 = ORIENTED_EDGE('',*,*,#14064,.F.);
#14064 = EDGE_CURVE('',#14065,#14057,#14067,.T.);
#14065 = VERTEX_POINT('',#14066);
#14066 = CARTESIAN_POINT('',(-0.7,-1.405,0.575));
#14067 = LINE('',#14068,#14069);
#14068 = CARTESIAN_POINT('',(-0.7,-1.405,0.575));
#14069 = VECTOR('',#14070,1.);
#14070 = DIRECTION('',(-1.110223024625E-16,1.,0.));
#14071 = ORIENTED_EDGE('',*,*,#14072,.F.);
#14072 = EDGE_CURVE('',#13926,#14065,#14073,.T.);
#14073 = B_SPLINE_CURVE_WITH_KNOTS('',1,(#14074,#14075),.UNSPECIFIED.,
  .F.,.F.,(2,2),(0.,1.),.PIECEWISE_BEZIER_KNOTS.);
#14074 = CARTESIAN_POINT('',(-0.633243103516,-1.371621551758,0.1));
#14075 = CARTESIAN_POINT('',(-0.7,-1.405,0.575));
#14076 = B_SPLINE_SURFACE_WITH_KNOTS('',1,1,(
    (#14077,#14078)
    ,(#14079,#14080
    )),.UNSPECIFIED.,.F.,.F.,.F.,(2,2),(2,2),(0.,2.81),(0.,1.),
  .PIECEWISE_BEZIER_KNOTS.);
#14077 = CARTESIAN_POINT('',(-0.633243103516,-1.371621551758,0.1));
#14078 = CARTESIAN_POINT('',(-0.7,-1.405,0.575));
#14079 = CARTESIAN_POINT('',(-0.633243103516,1.371621551758,0.1));
#14080 = CARTESIAN_POINT('',(-0.7,1.405,0.575));
#14081 = ADVANCED_FACE('',(#14082),#14115,.F.);
#14082 = FACE_BOUND('',#14083,.F.);
#14083 = EDGE_LOOP('',(#14084,#14085,#14092,#14100,#14108,#14114));
#14084 = ORIENTED_EDGE('',*,*,#13901,.T.);
#14085 = ORIENTED_EDGE('',*,*,#14086,.T.);
#14086 = EDGE_CURVE('',#13902,#14087,#14089,.T.);
#14087 = VERTEX_POINT('',#14088);
#14088 = CARTESIAN_POINT('',(0.7,-1.405,0.575));
#14089 = B_SPLINE_CURVE_WITH_KNOTS('',1,(#14090,#14091),.UNSPECIFIED.,
  .F.,.F.,(2,2),(0.,1.),.PIECEWISE_BEZIER_KNOTS.);
#14090 = CARTESIAN_POINT('',(0.633243103516,-1.371621551758,0.1));
#14091 = CARTESIAN_POINT('',(0.7,-1.405,0.575));
#14092 = ORIENTED_EDGE('',*,*,#14093,.F.);
#14093 = EDGE_CURVE('',#14094,#14087,#14096,.T.);
#14094 = VERTEX_POINT('',#14095);
#14095 = CARTESIAN_POINT('',(0.7,-0.2,0.575));
#14096 = LINE('',#14097,#14098);
#14097 = CARTESIAN_POINT('',(0.7,1.405,0.575));
#14098 = VECTOR('',#14099,1.);
#14099 = DIRECTION('',(1.110223024625E-16,-1.,0.));
#14100 = ORIENTED_EDGE('',*,*,#14101,.F.);
#14101 = EDGE_CURVE('',#14102,#14094,#14104,.T.);
#14102 = VERTEX_POINT('',#14103);
#14103 = CARTESIAN_POINT('',(0.7,0.2,0.575));
#14104 = LINE('',#14105,#14106);
#14105 = CARTESIAN_POINT('',(0.7,0.2,0.575));
#14106 = VECTOR('',#14107,1.);
#14107 = DIRECTION('',(1.110223024625E-16,-1.,0.));
#14108 = ORIENTED_EDGE('',*,*,#14109,.F.);
#14109 = EDGE_CURVE('',#13957,#14102,#14110,.T.);
#14110 = LINE('',#14111,#14112);
#14111 = CARTESIAN_POINT('',(0.7,1.405,0.575));
#14112 = VECTOR('',#14113,1.);
#14113 = DIRECTION('',(1.110223024625E-16,-1.,0.));
#14114 = ORIENTED_EDGE('',*,*,#13956,.F.);
#14115 = B_SPLINE_SURFACE_WITH_KNOTS('',1,1,(
    (#14116,#14117)
    ,(#14118,#14119
    )),.UNSPECIFIED.,.F.,.F.,.F.,(2,2),(2,2),(0.,2.81),(0.,1.),
  .PIECEWISE_BEZIER_KNOTS.);
#14116 = CARTESIAN_POINT('',(0.633243103516,1.371621551758,0.1));
#14117 = CARTESIAN_POINT('',(0.7,1.405,0.575));
#14118 = CARTESIAN_POINT('',(0.633243103516,-1.371621551758,0.1));
#14119 = CARTESIAN_POINT('',(0.7,-1.405,0.575));
#14120 = ADVANCED_FACE('',(#14121),#14138,.F.);
#14121 = FACE_BOUND('',#14122,.F.);
#14122 = EDGE_LOOP('',(#14123,#14124,#14125,#14133));
#14123 = ORIENTED_EDGE('',*,*,#13925,.T.);
#14124 = ORIENTED_EDGE('',*,*,#14072,.T.);
#14125 = ORIENTED_EDGE('',*,*,#14126,.F.);
#14126 = EDGE_CURVE('',#14127,#14065,#14129,.T.);
#14127 = VERTEX_POINT('',#14128);
#14128 = CARTESIAN_POINT('',(-0.605,-1.5,0.575));
#14129 = LINE('',#14130,#14131);
#14130 = CARTESIAN_POINT('',(-0.605,-1.5,0.575));
#14131 = VECTOR('',#14132,1.);
#14132 = DIRECTION('',(-0.707106781187,0.707106781187,0.));
#14133 = ORIENTED_EDGE('',*,*,#14134,.F.);
#14134 = EDGE_CURVE('',#13918,#14127,#14135,.T.);
#14135 = B_SPLINE_CURVE_WITH_KNOTS('',1,(#14136,#14137),.UNSPECIFIED.,
  .F.,.F.,(2,2),(0.,1.),.PIECEWISE_BEZIER_KNOTS.);
#14136 = CARTESIAN_POINT('',(-0.571621551758,-1.433243103516,0.1));
#14137 = CARTESIAN_POINT('',(-0.605,-1.5,0.575));
#14138 = B_SPLINE_SURFACE_WITH_KNOTS('',1,1,(
    (#14139,#14140)
    ,(#14141,#14142
    )),.UNSPECIFIED.,.F.,.F.,.F.,(2,2),(2,2),(0.,0.134350288425),(0.,1.)
  ,.PIECEWISE_BEZIER_KNOTS.);
#14139 = CARTESIAN_POINT('',(-0.571621551758,-1.433243103516,0.1));
#14140 = CARTESIAN_POINT('',(-0.605,-1.5,0.575));
#14141 = CARTESIAN_POINT('',(-0.633243103516,-1.371621551758,0.1));
#14142 = CARTESIAN_POINT('',(-0.7,-1.405,0.575));
#14143 = ADVANCED_FACE('',(#14144),#14161,.F.);
#14144 = FACE_BOUND('',#14145,.F.);
#14145 = EDGE_LOOP('',(#14146,#14147,#14154,#14160));
#14146 = ORIENTED_EDGE('',*,*,#13909,.T.);
#14147 = ORIENTED_EDGE('',*,*,#14148,.T.);
#14148 = EDGE_CURVE('',#13910,#14149,#14151,.T.);
#14149 = VERTEX_POINT('',#14150);
#14150 = CARTESIAN_POINT('',(0.605,-1.5,0.575));
#14151 = B_SPLINE_CURVE_WITH_KNOTS('',1,(#14152,#14153),.UNSPECIFIED.,
  .F.,.F.,(2,2),(0.,1.),.PIECEWISE_BEZIER_KNOTS.);
#14152 = CARTESIAN_POINT('',(0.571621551758,-1.433243103516,0.1));
#14153 = CARTESIAN_POINT('',(0.605,-1.5,0.575));
#14154 = ORIENTED_EDGE('',*,*,#14155,.F.);
#14155 = EDGE_CURVE('',#14087,#14149,#14156,.T.);
#14156 = LINE('',#14157,#14158);
#14157 = CARTESIAN_POINT('',(0.7,-1.405,0.575));
#14158 = VECTOR('',#14159,1.);
#14159 = DIRECTION('',(-0.707106781187,-0.707106781187,0.));
#14160 = ORIENTED_EDGE('',*,*,#14086,.F.);
#14161 = B_SPLINE_SURFACE_WITH_KNOTS('',1,1,(
    (#14162,#14163)
    ,(#14164,#14165
    )),.UNSPECIFIED.,.F.,.F.,.F.,(2,2),(2,2),(0.,0.134350288425),(0.,1.)
  ,.PIECEWISE_BEZIER_KNOTS.);
#14162 = CARTESIAN_POINT('',(0.633243103516,-1.371621551758,0.1));
#14163 = CARTESIAN_POINT('',(0.7,-1.405,0.575));
#14164 = CARTESIAN_POINT('',(0.571621551758,-1.433243103516,0.1));
#14165 = CARTESIAN_POINT('',(0.605,-1.5,0.575));
#14166 = ADVANCED_FACE('',(#14167),#14178,.F.);
#14167 = FACE_BOUND('',#14168,.F.);
#14168 = EDGE_LOOP('',(#14169,#14170,#14171,#14177));
#14169 = ORIENTED_EDGE('',*,*,#13917,.T.);
#14170 = ORIENTED_EDGE('',*,*,#14134,.T.);
#14171 = ORIENTED_EDGE('',*,*,#14172,.F.);
#14172 = EDGE_CURVE('',#14149,#14127,#14173,.T.);
#14173 = LINE('',#14174,#14175);
#14174 = CARTESIAN_POINT('',(0.605,-1.5,0.575));
#14175 = VECTOR('',#14176,1.);
#14176 = DIRECTION('',(-1.,-1.110223024625E-16,0.));
#14177 = ORIENTED_EDGE('',*,*,#14148,.F.);
#14178 = B_SPLINE_SURFACE_WITH_KNOTS('',1,1,(
    (#14179,#14180)
    ,(#14181,#14182
    )),.UNSPECIFIED.,.F.,.F.,.F.,(2,2),(2,2),(0.,1.21),(0.,1.),
  .PIECEWISE_BEZIER_KNOTS.);
#14179 = CARTESIAN_POINT('',(0.571621551758,-1.433243103516,0.1));
#14180 = CARTESIAN_POINT('',(0.605,-1.5,0.575));
#14181 = CARTESIAN_POINT('',(-0.571621551758,-1.433243103516,0.1));
#14182 = CARTESIAN_POINT('',(-0.605,-1.5,0.575));
#14183 = ADVANCED_FACE('',(#14184),#14201,.F.);
#14184 = FACE_BOUND('',#14185,.F.);
#14185 = EDGE_LOOP('',(#14186,#14187,#14194,#14200));
#14186 = ORIENTED_EDGE('',*,*,#13963,.T.);
#14187 = ORIENTED_EDGE('',*,*,#14188,.T.);
#14188 = EDGE_CURVE('',#13957,#14189,#14191,.T.);
#14189 = VERTEX_POINT('',#14190);
#14190 = CARTESIAN_POINT('',(0.7,1.405,0.725));
#14191 = B_SPLINE_CURVE_WITH_KNOTS('',1,(#14192,#14193),.UNSPECIFIED.,
  .F.,.F.,(2,2),(0.,1.),.PIECEWISE_BEZIER_KNOTS.);
#14192 = CARTESIAN_POINT('',(0.7,1.405,0.575));
#14193 = CARTESIAN_POINT('',(0.7,1.405,0.725));
#14194 = ORIENTED_EDGE('',*,*,#14195,.F.);
#14195 = EDGE_CURVE('',#13980,#14189,#14196,.T.);
#14196 = LINE('',#14197,#14198);
#14197 = CARTESIAN_POINT('',(0.605,1.5,0.725));
#14198 = VECTOR('',#14199,1.);
#14199 = DIRECTION('',(0.707106781187,-0.707106781187,0.));
#14200 = ORIENTED_EDGE('',*,*,#13979,.F.);
#14201 = PLANE('',#14202);
#14202 = AXIS2_PLACEMENT_3D('',#14203,#14204,#14205);
#14203 = CARTESIAN_POINT('',(0.605,1.5,0.725));
#14204 = DIRECTION('',(-0.707106781187,-0.707106781187,0.));
#14205 = DIRECTION('',(0.707106781187,-0.707106781187,0.));
#14206 = ADVANCED_FACE('',(#14207),#14289,.F.);
#14207 = FACE_BOUND('',#14208,.F.);
#14208 = EDGE_LOOP('',(#14209,#14217,#14218,#14219,#14227,#14235,#14243,
    #14251,#14259,#14267,#14275,#14283));
#14209 = ORIENTED_EDGE('',*,*,#14210,.T.);
#14210 = EDGE_CURVE('',#14211,#13987,#14213,.T.);
#14211 = VERTEX_POINT('',#14212);
#14212 = CARTESIAN_POINT('',(-0.7,1.405,0.725));
#14213 = LINE('',#14214,#14215);
#14214 = CARTESIAN_POINT('',(-0.7,1.405,0.725));
#14215 = VECTOR('',#14216,1.);
#14216 = DIRECTION('',(0.707106781187,0.707106781187,0.));
#14217 = ORIENTED_EDGE('',*,*,#13986,.T.);
#14218 = ORIENTED_EDGE('',*,*,#14195,.T.);
#14219 = ORIENTED_EDGE('',*,*,#14220,.T.);
#14220 = EDGE_CURVE('',#14189,#14221,#14223,.T.);
#14221 = VERTEX_POINT('',#14222);
#14222 = CARTESIAN_POINT('',(0.7,0.2,0.725));
#14223 = LINE('',#14224,#14225);
#14224 = CARTESIAN_POINT('',(0.7,1.405,0.725));
#14225 = VECTOR('',#14226,1.);
#14226 = DIRECTION('',(1.110223024625E-16,-1.,0.));
#14227 = ORIENTED_EDGE('',*,*,#14228,.T.);
#14228 = EDGE_CURVE('',#14221,#14229,#14231,.T.);
#14229 = VERTEX_POINT('',#14230);
#14230 = CARTESIAN_POINT('',(0.675,0.2,0.725));
#14231 = LINE('',#14232,#14233);
#14232 = CARTESIAN_POINT('',(0.7,0.2,0.725));
#14233 = VECTOR('',#14234,1.);
#14234 = DIRECTION('',(-1.,-1.110223024625E-16,0.));
#14235 = ORIENTED_EDGE('',*,*,#14236,.F.);
#14236 = EDGE_CURVE('',#14237,#14229,#14239,.T.);
#14237 = VERTEX_POINT('',#14238);
#14238 = CARTESIAN_POINT('',(0.675,1.3925,0.725));
#14239 = LINE('',#14240,#14241);
#14240 = CARTESIAN_POINT('',(0.675,1.3925,0.725));
#14241 = VECTOR('',#14242,1.);
#14242 = DIRECTION('',(1.110223024625E-16,-1.,0.));
#14243 = ORIENTED_EDGE('',*,*,#14244,.F.);
#14244 = EDGE_CURVE('',#14245,#14237,#14247,.T.);
#14245 = VERTEX_POINT('',#14246);
#14246 = CARTESIAN_POINT('',(0.5925,1.475,0.725));
#14247 = LINE('',#14248,#14249);
#14248 = CARTESIAN_POINT('',(0.5925,1.475,0.725));
#14249 = VECTOR('',#14250,1.);
#14250 = DIRECTION('',(0.707106781187,-0.707106781187,0.));
#14251 = ORIENTED_EDGE('',*,*,#14252,.F.);
#14252 = EDGE_CURVE('',#14253,#14245,#14255,.T.);
#14253 = VERTEX_POINT('',#14254);
#14254 = CARTESIAN_POINT('',(-0.5925,1.475,0.725));
#14255 = LINE('',#14256,#14257);
#14256 = CARTESIAN_POINT('',(-0.5925,1.475,0.725));
#14257 = VECTOR('',#14258,1.);
#14258 = DIRECTION('',(1.,1.110223024625E-16,0.));
#14259 = ORIENTED_EDGE('',*,*,#14260,.F.);
#14260 = EDGE_CURVE('',#14261,#14253,#14263,.T.);
#14261 = VERTEX_POINT('',#14262);
#14262 = CARTESIAN_POINT('',(-0.675,1.3925,0.725));
#14263 = LINE('',#14264,#14265);
#14264 = CARTESIAN_POINT('',(-0.675,1.3925,0.725));
#14265 = VECTOR('',#14266,1.);
#14266 = DIRECTION('',(0.707106781187,0.707106781187,0.));
#14267 = ORIENTED_EDGE('',*,*,#14268,.F.);
#14268 = EDGE_CURVE('',#14269,#14261,#14271,.T.);
#14269 = VERTEX_POINT('',#14270);
#14270 = CARTESIAN_POINT('',(-0.675,1.15,0.725));
#14271 = LINE('',#14272,#14273);
#14272 = CARTESIAN_POINT('',(-0.675,-1.3925,0.725));
#14273 = VECTOR('',#14274,1.);
#14274 = DIRECTION('',(-1.110223024625E-16,1.,0.));
#14275 = ORIENTED_EDGE('',*,*,#14276,.F.);
#14276 = EDGE_CURVE('',#14277,#14269,#14279,.T.);
#14277 = VERTEX_POINT('',#14278);
#14278 = CARTESIAN_POINT('',(-0.7,1.15,0.725));
#14279 = LINE('',#14280,#14281);
#14280 = CARTESIAN_POINT('',(-0.7,1.15,0.725));
#14281 = VECTOR('',#14282,1.);
#14282 = DIRECTION('',(1.,-1.144237745222E-17,0.));
#14283 = ORIENTED_EDGE('',*,*,#14284,.T.);
#14284 = EDGE_CURVE('',#14277,#14211,#14285,.T.);
#14285 = LINE('',#14286,#14287);
#14286 = CARTESIAN_POINT('',(-0.7,-1.405,0.725));
#14287 = VECTOR('',#14288,1.);
#14288 = DIRECTION('',(-1.110223024625E-16,1.,0.));
#14289 = PLANE('',#14290);
#14290 = AXIS2_PLACEMENT_3D('',#14291,#14292,#14293);
#14291 = CARTESIAN_POINT('',(-1.486299604971E-16,1.4875,0.725));
#14292 = DIRECTION('',(1.022886882533E-31,-6.310887241768E-27,-1.));
#14293 = DIRECTION('',(1.,1.217738924546E-16,1.022886882525E-31));
#14294 = ADVANCED_FACE('',(#14295),#14305,.F.);
#14295 = FACE_BOUND('',#14296,.F.);
#14296 = EDGE_LOOP('',(#14297,#14298,#14299,#14300));
#14297 = ORIENTED_EDGE('',*,*,#14009,.T.);
#14298 = ORIENTED_EDGE('',*,*,#13994,.T.);
#14299 = ORIENTED_EDGE('',*,*,#14210,.F.);
#14300 = ORIENTED_EDGE('',*,*,#14301,.F.);
#14301 = EDGE_CURVE('',#14010,#14211,#14302,.T.);
#14302 = B_SPLINE_CURVE_WITH_KNOTS('',1,(#14303,#14304),.UNSPECIFIED.,
  .F.,.F.,(2,2),(0.,1.),.PIECEWISE_BEZIER_KNOTS.);
#14303 = CARTESIAN_POINT('',(-0.7,1.405,0.575));
#14304 = CARTESIAN_POINT('',(-0.7,1.405,0.725));
#14305 = PLANE('',#14306);
#14306 = AXIS2_PLACEMENT_3D('',#14307,#14308,#14309);
#14307 = CARTESIAN_POINT('',(-0.7,1.405,0.725));
#14308 = DIRECTION('',(0.707106781187,-0.707106781187,0.));
#14309 = DIRECTION('',(0.707106781187,0.707106781187,0.));
#14310 = ADVANCED_FACE('',(#14311),#14335,.F.);
#14311 = FACE_BOUND('',#14312,.F.);
#14312 = EDGE_LOOP('',(#14313,#14320,#14321,#14329));
#14313 = ORIENTED_EDGE('',*,*,#14314,.F.);
#14314 = EDGE_CURVE('',#14065,#14315,#14317,.T.);
#14315 = VERTEX_POINT('',#14316);
#14316 = CARTESIAN_POINT('',(-0.7,-1.405,0.725));
#14317 = B_SPLINE_CURVE_WITH_KNOTS('',1,(#14318,#14319),.UNSPECIFIED.,
  .F.,.F.,(2,2),(0.,1.),.PIECEWISE_BEZIER_KNOTS.);
#14318 = CARTESIAN_POINT('',(-0.7,-1.405,0.575));
#14319 = CARTESIAN_POINT('',(-0.7,-1.405,0.725));
#14320 = ORIENTED_EDGE('',*,*,#14064,.T.);
#14321 = ORIENTED_EDGE('',*,*,#14322,.T.);
#14322 = EDGE_CURVE('',#14057,#14323,#14325,.T.);
#14323 = VERTEX_POINT('',#14324);
#14324 = CARTESIAN_POINT('',(-0.7,-1.15,0.725));
#14325 = LINE('',#14326,#14327);
#14326 = CARTESIAN_POINT('',(-0.7,-1.15,0.529763586955));
#14327 = VECTOR('',#14328,1.);
#14328 = DIRECTION('',(0.,0.,1.));
#14329 = ORIENTED_EDGE('',*,*,#14330,.F.);
#14330 = EDGE_CURVE('',#14315,#14323,#14331,.T.);
#14331 = LINE('',#14332,#14333);
#14332 = CARTESIAN_POINT('',(-0.7,-1.405,0.725));
#14333 = VECTOR('',#14334,1.);
#14334 = DIRECTION('',(-1.110223024625E-16,1.,0.));
#14335 = PLANE('',#14336);
#14336 = AXIS2_PLACEMENT_3D('',#14337,#14338,#14339);
#14337 = CARTESIAN_POINT('',(-0.7,-1.405,0.725));
#14338 = DIRECTION('',(1.,1.110223024625E-16,0.));
#14339 = DIRECTION('',(-1.110223024625E-16,1.,0.));
#14340 = ADVANCED_FACE('',(#14341),#14368,.F.);
#14341 = FACE_BOUND('',#14342,.F.);
#14342 = EDGE_LOOP('',(#14343,#14344,#14353,#14361));
#14343 = ORIENTED_EDGE('',*,*,#14056,.T.);
#14344 = ORIENTED_EDGE('',*,*,#14345,.T.);
#14345 = EDGE_CURVE('',#14049,#14346,#14348,.T.);
#14346 = VERTEX_POINT('',#14347);
#14347 = CARTESIAN_POINT('',(-0.798480775301,-0.75,0.492364817767));
#14348 = CIRCLE('',#14349,0.1);
#14349 = AXIS2_PLACEMENT_3D('',#14350,#14351,#14352);
#14350 = CARTESIAN_POINT('',(-0.7,-0.75,0.475));
#14351 = DIRECTION('',(-1.144237745222E-17,-1.,-5.473822126269E-48));
#14352 = DIRECTION('',(2.22044604925E-15,-2.540718180781E-32,1.));
#14353 = ORIENTED_EDGE('',*,*,#14354,.F.);
#14354 = EDGE_CURVE('',#14355,#14346,#14357,.T.);
#14355 = VERTEX_POINT('',#14356);
#14356 = CARTESIAN_POINT('',(-0.798480775301,-1.15,0.492364817767));
#14357 = LINE('',#14358,#14359);
#14358 = CARTESIAN_POINT('',(-0.798480775301,-1.15,0.492364817767));
#14359 = VECTOR('',#14360,1.);
#14360 = DIRECTION('',(1.144237745222E-17,1.,0.));
#14361 = ORIENTED_EDGE('',*,*,#14362,.F.);
#14362 = EDGE_CURVE('',#14057,#14355,#14363,.T.);
#14363 = CIRCLE('',#14364,0.1);
#14364 = AXIS2_PLACEMENT_3D('',#14365,#14366,#14367);
#14365 = CARTESIAN_POINT('',(-0.7,-1.15,0.475));
#14366 = DIRECTION('',(-1.144237745222E-17,-1.,-5.473822126269E-48));
#14367 = DIRECTION('',(2.22044604925E-15,-2.540718180781E-32,1.));
#14368 = CYLINDRICAL_SURFACE('',#14369,0.1);
#14369 = AXIS2_PLACEMENT_3D('',#14370,#14371,#14372);
#14370 = CARTESIAN_POINT('',(-0.7,-1.15,0.475));
#14371 = DIRECTION('',(-1.144237745222E-17,-1.,0.));
#14372 = DIRECTION('',(2.22044604925E-15,-2.540718180781E-32,1.));
#14373 = ADVANCED_FACE('',(#14374),#14399,.F.);
#14374 = FACE_BOUND('',#14375,.F.);
#14375 = EDGE_LOOP('',(#14376,#14384,#14385,#14393));
#14376 = ORIENTED_EDGE('',*,*,#14377,.F.);
#14377 = EDGE_CURVE('',#14049,#14378,#14380,.T.);
#14378 = VERTEX_POINT('',#14379);
#14379 = CARTESIAN_POINT('',(-0.7,-0.75,0.725));
#14380 = LINE('',#14381,#14382);
#14381 = CARTESIAN_POINT('',(-0.7,-0.75,0.529763586955));
#14382 = VECTOR('',#14383,1.);
#14383 = DIRECTION('',(0.,0.,1.));
#14384 = ORIENTED_EDGE('',*,*,#14048,.T.);
#14385 = ORIENTED_EDGE('',*,*,#14386,.T.);
#14386 = EDGE_CURVE('',#14041,#14387,#14389,.T.);
#14387 = VERTEX_POINT('',#14388);
#14388 = CARTESIAN_POINT('',(-0.7,0.75,0.725));
#14389 = LINE('',#14390,#14391);
#14390 = CARTESIAN_POINT('',(-0.7,0.75,0.529763586955));
#14391 = VECTOR('',#14392,1.);
#14392 = DIRECTION('',(0.,0.,1.));
#14393 = ORIENTED_EDGE('',*,*,#14394,.F.);
#14394 = EDGE_CURVE('',#14378,#14387,#14395,.T.);
#14395 = LINE('',#14396,#14397);
#14396 = CARTESIAN_POINT('',(-0.7,-1.405,0.725));
#14397 = VECTOR('',#14398,1.);
#14398 = DIRECTION('',(-1.110223024625E-16,1.,0.));
#14399 = PLANE('',#14400);
#14400 = AXIS2_PLACEMENT_3D('',#14401,#14402,#14403);
#14401 = CARTESIAN_POINT('',(-0.7,-1.405,0.725));
#14402 = DIRECTION('',(1.,1.110223024625E-16,0.));
#14403 = DIRECTION('',(-1.110223024625E-16,1.,0.));
#14404 = ADVANCED_FACE('',(#14405),#14432,.F.);
#14405 = FACE_BOUND('',#14406,.F.);
#14406 = EDGE_LOOP('',(#14407,#14408,#14417,#14425));
#14407 = ORIENTED_EDGE('',*,*,#14040,.T.);
#14408 = ORIENTED_EDGE('',*,*,#14409,.T.);
#14409 = EDGE_CURVE('',#14033,#14410,#14412,.T.);
#14410 = VERTEX_POINT('',#14411);
#14411 = CARTESIAN_POINT('',(-0.798480775301,1.15,0.492364817767));
#14412 = CIRCLE('',#14413,0.1);
#14413 = AXIS2_PLACEMENT_3D('',#14414,#14415,#14416);
#14414 = CARTESIAN_POINT('',(-0.7,1.15,0.475));
#14415 = DIRECTION('',(-1.144237745222E-17,-1.,-5.473822126269E-48));
#14416 = DIRECTION('',(2.22044604925E-15,-2.540718180781E-32,1.));
#14417 = ORIENTED_EDGE('',*,*,#14418,.F.);
#14418 = EDGE_CURVE('',#14419,#14410,#14421,.T.);
#14419 = VERTEX_POINT('',#14420);
#14420 = CARTESIAN_POINT('',(-0.798480775301,0.75,0.492364817767));
#14421 = LINE('',#14422,#14423);
#14422 = CARTESIAN_POINT('',(-0.798480775301,0.75,0.492364817767));
#14423 = VECTOR('',#14424,1.);
#14424 = DIRECTION('',(1.144237745222E-17,1.,0.));
#14425 = ORIENTED_EDGE('',*,*,#14426,.F.);
#14426 = EDGE_CURVE('',#14041,#14419,#14427,.T.);
#14427 = CIRCLE('',#14428,0.1);
#14428 = AXIS2_PLACEMENT_3D('',#14429,#14430,#14431);
#14429 = CARTESIAN_POINT('',(-0.7,0.75,0.475));
#14430 = DIRECTION('',(-1.144237745222E-17,-1.,-5.473822126269E-48));
#14431 = DIRECTION('',(2.22044604925E-15,-2.540718180781E-32,1.));
#14432 = CYLINDRICAL_SURFACE('',#14433,0.1);
#14433 = AXIS2_PLACEMENT_3D('',#14434,#14435,#14436);
#14434 = CARTESIAN_POINT('',(-0.7,0.75,0.475));
#14435 = DIRECTION('',(-1.144237745222E-17,-1.,0.));
#14436 = DIRECTION('',(2.22044604925E-15,-2.540718180781E-32,1.));
#14437 = ADVANCED_FACE('',(#14438),#14449,.F.);
#14438 = FACE_BOUND('',#14439,.F.);
#14439 = EDGE_LOOP('',(#14440,#14446,#14447,#14448));
#14440 = ORIENTED_EDGE('',*,*,#14441,.F.);
#14441 = EDGE_CURVE('',#14033,#14277,#14442,.T.);
#14442 = LINE('',#14443,#14444);
#14443 = CARTESIAN_POINT('',(-0.7,1.15,0.529763586955));
#14444 = VECTOR('',#14445,1.);
#14445 = DIRECTION('',(0.,0.,1.));
#14446 = ORIENTED_EDGE('',*,*,#14032,.T.);
#14447 = ORIENTED_EDGE('',*,*,#14301,.T.);
#14448 = ORIENTED_EDGE('',*,*,#14284,.F.);
#14449 = PLANE('',#14450);
#14450 = AXIS2_PLACEMENT_3D('',#14451,#14452,#14453);
#14451 = CARTESIAN_POINT('',(-0.7,-1.405,0.725));
#14452 = DIRECTION('',(1.,1.110223024625E-16,0.));
#14453 = DIRECTION('',(-1.110223024625E-16,1.,0.));
#14454 = ADVANCED_FACE('',(#14455),#14466,.F.);
#14455 = FACE_BOUND('',#14456,.F.);
#14456 = EDGE_LOOP('',(#14457,#14458,#14459,#14465));
#14457 = ORIENTED_EDGE('',*,*,#14188,.F.);
#14458 = ORIENTED_EDGE('',*,*,#14109,.T.);
#14459 = ORIENTED_EDGE('',*,*,#14460,.T.);
#14460 = EDGE_CURVE('',#14102,#14221,#14461,.T.);
#14461 = LINE('',#14462,#14463);
#14462 = CARTESIAN_POINT('',(0.7,0.2,0.529763586955));
#14463 = VECTOR('',#14464,1.);
#14464 = DIRECTION('',(0.,0.,1.));
#14465 = ORIENTED_EDGE('',*,*,#14220,.F.);
#14466 = PLANE('',#14467);
#14467 = AXIS2_PLACEMENT_3D('',#14468,#14469,#14470);
#14468 = CARTESIAN_POINT('',(0.7,1.405,0.725));
#14469 = DIRECTION('',(-1.,-1.110223024625E-16,0.));
#14470 = DIRECTION('',(1.110223024625E-16,-1.,0.));
#14471 = ADVANCED_FACE('',(#14472),#14499,.F.);
#14472 = FACE_BOUND('',#14473,.F.);
#14473 = EDGE_LOOP('',(#14474,#14475,#14484,#14492));
#14474 = ORIENTED_EDGE('',*,*,#14101,.T.);
#14475 = ORIENTED_EDGE('',*,*,#14476,.T.);
#14476 = EDGE_CURVE('',#14094,#14477,#14479,.T.);
#14477 = VERTEX_POINT('',#14478);
#14478 = CARTESIAN_POINT('',(0.798480775301,-0.2,0.492364817767));
#14479 = CIRCLE('',#14480,0.1);
#14480 = AXIS2_PLACEMENT_3D('',#14481,#14482,#14483);
#14481 = CARTESIAN_POINT('',(0.7,-0.2,0.475));
#14482 = DIRECTION('',(-1.110223024625E-16,1.,0.));
#14483 = DIRECTION('',(-2.22044604925E-15,-2.465190328815E-31,1.));
#14484 = ORIENTED_EDGE('',*,*,#14485,.F.);
#14485 = EDGE_CURVE('',#14486,#14477,#14488,.T.);
#14486 = VERTEX_POINT('',#14487);
#14487 = CARTESIAN_POINT('',(0.798480775301,0.2,0.492364817767));
#14488 = LINE('',#14489,#14490);
#14489 = CARTESIAN_POINT('',(0.798480775301,0.2,0.492364817767));
#14490 = VECTOR('',#14491,1.);
#14491 = DIRECTION('',(1.110223024625E-16,-1.,0.));
#14492 = ORIENTED_EDGE('',*,*,#14493,.F.);
#14493 = EDGE_CURVE('',#14102,#14486,#14494,.T.);
#14494 = CIRCLE('',#14495,0.1);
#14495 = AXIS2_PLACEMENT_3D('',#14496,#14497,#14498);
#14496 = CARTESIAN_POINT('',(0.7,0.2,0.475));
#14497 = DIRECTION('',(-1.110223024625E-16,1.,0.));
#14498 = DIRECTION('',(-2.22044604925E-15,-2.465190328815E-31,1.));
#14499 = CYLINDRICAL_SURFACE('',#14500,0.1);
#14500 = AXIS2_PLACEMENT_3D('',#14501,#14502,#14503);
#14501 = CARTESIAN_POINT('',(0.7,0.2,0.475));
#14502 = DIRECTION('',(-1.110223024625E-16,1.,0.));
#14503 = DIRECTION('',(-2.22044604925E-15,-2.465190328815E-31,1.));
#14504 = ADVANCED_FACE('',(#14505),#14529,.F.);
#14505 = FACE_BOUND('',#14506,.F.);
#14506 = EDGE_LOOP('',(#14507,#14515,#14516,#14523));
#14507 = ORIENTED_EDGE('',*,*,#14508,.F.);
#14508 = EDGE_CURVE('',#14094,#14509,#14511,.T.);
#14509 = VERTEX_POINT('',#14510);
#14510 = CARTESIAN_POINT('',(0.7,-0.2,0.725));
#14511 = LINE('',#14512,#14513);
#14512 = CARTESIAN_POINT('',(0.7,-0.2,0.529763586955));
#14513 = VECTOR('',#14514,1.);
#14514 = DIRECTION('',(0.,0.,1.));
#14515 = ORIENTED_EDGE('',*,*,#14093,.T.);
#14516 = ORIENTED_EDGE('',*,*,#14517,.T.);
#14517 = EDGE_CURVE('',#14087,#14518,#14520,.T.);
#14518 = VERTEX_POINT('',#14519);
#14519 = CARTESIAN_POINT('',(0.7,-1.405,0.725));
#14520 = B_SPLINE_CURVE_WITH_KNOTS('',1,(#14521,#14522),.UNSPECIFIED.,
  .F.,.F.,(2,2),(0.,1.),.PIECEWISE_BEZIER_KNOTS.);
#14521 = CARTESIAN_POINT('',(0.7,-1.405,0.575));
#14522 = CARTESIAN_POINT('',(0.7,-1.405,0.725));
#14523 = ORIENTED_EDGE('',*,*,#14524,.F.);
#14524 = EDGE_CURVE('',#14509,#14518,#14525,.T.);
#14525 = LINE('',#14526,#14527);
#14526 = CARTESIAN_POINT('',(0.7,1.405,0.725));
#14527 = VECTOR('',#14528,1.);
#14528 = DIRECTION('',(1.110223024625E-16,-1.,0.));
#14529 = PLANE('',#14530);
#14530 = AXIS2_PLACEMENT_3D('',#14531,#14532,#14533);
#14531 = CARTESIAN_POINT('',(0.7,1.405,0.725));
#14532 = DIRECTION('',(-1.,-1.110223024625E-16,0.));
#14533 = DIRECTION('',(1.110223024625E-16,-1.,0.));
#14534 = ADVANCED_FACE('',(#14535),#14552,.F.);
#14535 = FACE_BOUND('',#14536,.F.);
#14536 = EDGE_LOOP('',(#14537,#14538,#14539,#14547));
#14537 = ORIENTED_EDGE('',*,*,#14126,.T.);
#14538 = ORIENTED_EDGE('',*,*,#14314,.T.);
#14539 = ORIENTED_EDGE('',*,*,#14540,.F.);
#14540 = EDGE_CURVE('',#14541,#14315,#14543,.T.);
#14541 = VERTEX_POINT('',#14542);
#14542 = CARTESIAN_POINT('',(-0.605,-1.5,0.725));
#14543 = LINE('',#14544,#14545);
#14544 = CARTESIAN_POINT('',(-0.605,-1.5,0.725));
#14545 = VECTOR('',#14546,1.);
#14546 = DIRECTION('',(-0.707106781187,0.707106781187,0.));
#14547 = ORIENTED_EDGE('',*,*,#14548,.F.);
#14548 = EDGE_CURVE('',#14127,#14541,#14549,.T.);
#14549 = B_SPLINE_CURVE_WITH_KNOTS('',1,(#14550,#14551),.UNSPECIFIED.,
  .F.,.F.,(2,2),(0.,1.),.PIECEWISE_BEZIER_KNOTS.);
#14550 = CARTESIAN_POINT('',(-0.605,-1.5,0.575));
#14551 = CARTESIAN_POINT('',(-0.605,-1.5,0.725));
#14552 = PLANE('',#14553);
#14553 = AXIS2_PLACEMENT_3D('',#14554,#14555,#14556);
#14554 = CARTESIAN_POINT('',(-0.605,-1.5,0.725));
#14555 = DIRECTION('',(0.707106781187,0.707106781187,0.));
#14556 = DIRECTION('',(-0.707106781187,0.707106781187,0.));
#14557 = ADVANCED_FACE('',(#14558),#14575,.F.);
#14558 = FACE_BOUND('',#14559,.F.);
#14559 = EDGE_LOOP('',(#14560,#14561,#14568,#14574));
#14560 = ORIENTED_EDGE('',*,*,#14155,.T.);
#14561 = ORIENTED_EDGE('',*,*,#14562,.T.);
#14562 = EDGE_CURVE('',#14149,#14563,#14565,.T.);
#14563 = VERTEX_POINT('',#14564);
#14564 = CARTESIAN_POINT('',(0.605,-1.5,0.725));
#14565 = B_SPLINE_CURVE_WITH_KNOTS('',1,(#14566,#14567),.UNSPECIFIED.,
  .F.,.F.,(2,2),(0.,1.),.PIECEWISE_BEZIER_KNOTS.);
#14566 = CARTESIAN_POINT('',(0.605,-1.5,0.575));
#14567 = CARTESIAN_POINT('',(0.605,-1.5,0.725));
#14568 = ORIENTED_EDGE('',*,*,#14569,.F.);
#14569 = EDGE_CURVE('',#14518,#14563,#14570,.T.);
#14570 = LINE('',#14571,#14572);
#14571 = CARTESIAN_POINT('',(0.7,-1.405,0.725));
#14572 = VECTOR('',#14573,1.);
#14573 = DIRECTION('',(-0.707106781187,-0.707106781187,0.));
#14574 = ORIENTED_EDGE('',*,*,#14517,.F.);
#14575 = PLANE('',#14576);
#14576 = AXIS2_PLACEMENT_3D('',#14577,#14578,#14579);
#14577 = CARTESIAN_POINT('',(0.7,-1.405,0.725));
#14578 = DIRECTION('',(-0.707106781187,0.707106781187,0.));
#14579 = DIRECTION('',(-0.707106781187,-0.707106781187,0.));
#14580 = ADVANCED_FACE('',(#14581),#14592,.F.);
#14581 = FACE_BOUND('',#14582,.F.);
#14582 = EDGE_LOOP('',(#14583,#14584,#14585,#14591));
#14583 = ORIENTED_EDGE('',*,*,#14172,.T.);
#14584 = ORIENTED_EDGE('',*,*,#14548,.T.);
#14585 = ORIENTED_EDGE('',*,*,#14586,.F.);
#14586 = EDGE_CURVE('',#14563,#14541,#14587,.T.);
#14587 = LINE('',#14588,#14589);
#14588 = CARTESIAN_POINT('',(0.605,-1.5,0.725));
#14589 = VECTOR('',#14590,1.);
#14590 = DIRECTION('',(-1.,-1.110223024625E-16,0.));
#14591 = ORIENTED_EDGE('',*,*,#14562,.F.);
#14592 = PLANE('',#14593);
#14593 = AXIS2_PLACEMENT_3D('',#14594,#14595,#14596);
#14594 = CARTESIAN_POINT('',(0.605,-1.5,0.725));
#14595 = DIRECTION('',(-1.110223024625E-16,1.,0.));
#14596 = DIRECTION('',(-1.,-1.110223024625E-16,0.));
#14597 = ADVANCED_FACE('',(#14598),#14621,.F.);
#14598 = FACE_BOUND('',#14599,.F.);
#14599 = EDGE_LOOP('',(#14600,#14608,#14614,#14615));
#14600 = ORIENTED_EDGE('',*,*,#14601,.F.);
#14601 = EDGE_CURVE('',#14387,#14602,#14604,.T.);
#14602 = VERTEX_POINT('',#14603);
#14603 = CARTESIAN_POINT('',(-0.675,0.75,0.725));
#14604 = LINE('',#14605,#14606);
#14605 = CARTESIAN_POINT('',(-0.7,0.75,0.725));
#14606 = VECTOR('',#14607,1.);
#14607 = DIRECTION('',(1.,-1.144237745222E-17,0.));
#14608 = ORIENTED_EDGE('',*,*,#14609,.T.);
#14609 = EDGE_CURVE('',#14387,#14277,#14610,.T.);
#14610 = LINE('',#14611,#14612);
#14611 = CARTESIAN_POINT('',(-0.7,0.75,0.725));
#14612 = VECTOR('',#14613,1.);
#14613 = DIRECTION('',(1.144237745222E-17,1.,0.));
#14614 = ORIENTED_EDGE('',*,*,#14276,.T.);
#14615 = ORIENTED_EDGE('',*,*,#14616,.F.);
#14616 = EDGE_CURVE('',#14602,#14269,#14617,.T.);
#14617 = LINE('',#14618,#14619);
#14618 = CARTESIAN_POINT('',(-0.675,-1.3925,0.725));
#14619 = VECTOR('',#14620,1.);
#14620 = DIRECTION('',(-1.110223024625E-16,1.,0.));
#14621 = PLANE('',#14622);
#14622 = AXIS2_PLACEMENT_3D('',#14623,#14624,#14625);
#14623 = CARTESIAN_POINT('',(-0.7,0.75,0.725));
#14624 = DIRECTION('',(0.,0.,-1.));
#14625 = DIRECTION('',(1.,-1.144237745222E-17,0.));
#14626 = ADVANCED_FACE('',(#14627),#14675,.F.);
#14627 = FACE_BOUND('',#14628,.F.);
#14628 = EDGE_LOOP('',(#14629,#14639,#14647,#14653,#14654,#14655,#14662,
    #14670));
#14629 = ORIENTED_EDGE('',*,*,#14630,.T.);
#14630 = EDGE_CURVE('',#14631,#14633,#14635,.T.);
#14631 = VERTEX_POINT('',#14632);
#14632 = CARTESIAN_POINT('',(-0.675,-1.3925,0.725));
#14633 = VERTEX_POINT('',#14634);
#14634 = CARTESIAN_POINT('',(-0.675,-1.15,0.725));
#14635 = LINE('',#14636,#14637);
#14636 = CARTESIAN_POINT('',(-0.675,-1.3925,0.725));
#14637 = VECTOR('',#14638,1.);
#14638 = DIRECTION('',(-1.110223024625E-16,1.,0.));
#14639 = ORIENTED_EDGE('',*,*,#14640,.T.);
#14640 = EDGE_CURVE('',#14633,#14641,#14643,.T.);
#14641 = VERTEX_POINT('',#14642);
#14642 = CARTESIAN_POINT('',(-0.675,-0.75,0.725));
#14643 = LINE('',#14644,#14645);
#14644 = CARTESIAN_POINT('',(-0.675,-1.3925,0.725));
#14645 = VECTOR('',#14646,1.);
#14646 = DIRECTION('',(-1.110223024625E-16,1.,0.));
#14647 = ORIENTED_EDGE('',*,*,#14648,.T.);
#14648 = EDGE_CURVE('',#14641,#14602,#14649,.T.);
#14649 = LINE('',#14650,#14651);
#14650 = CARTESIAN_POINT('',(-0.675,-1.3925,0.725));
#14651 = VECTOR('',#14652,1.);
#14652 = DIRECTION('',(-1.110223024625E-16,1.,0.));
#14653 = ORIENTED_EDGE('',*,*,#14616,.T.);
#14654 = ORIENTED_EDGE('',*,*,#14268,.T.);
#14655 = ORIENTED_EDGE('',*,*,#14656,.T.);
#14656 = EDGE_CURVE('',#14261,#14657,#14659,.T.);
#14657 = VERTEX_POINT('',#14658);
#14658 = CARTESIAN_POINT('',(-0.608243103516,1.359121551758,1.2));
#14659 = B_SPLINE_CURVE_WITH_KNOTS('',1,(#14660,#14661),.UNSPECIFIED.,
  .F.,.F.,(2,2),(0.,1.),.PIECEWISE_BEZIER_KNOTS.);
#14660 = CARTESIAN_POINT('',(-0.675,1.3925,0.725));
#14661 = CARTESIAN_POINT('',(-0.608243103516,1.359121551758,1.2));
#14662 = ORIENTED_EDGE('',*,*,#14663,.F.);
#14663 = EDGE_CURVE('',#14664,#14657,#14666,.T.);
#14664 = VERTEX_POINT('',#14665);
#14665 = CARTESIAN_POINT('',(-0.608243103516,-1.359121551758,1.2));
#14666 = LINE('',#14667,#14668);
#14667 = CARTESIAN_POINT('',(-0.608243103516,-1.359121551758,1.2));
#14668 = VECTOR('',#14669,1.);
#14669 = DIRECTION('',(-1.110223024625E-16,1.,0.));
#14670 = ORIENTED_EDGE('',*,*,#14671,.F.);
#14671 = EDGE_CURVE('',#14631,#14664,#14672,.T.);
#14672 = B_SPLINE_CURVE_WITH_KNOTS('',1,(#14673,#14674),.UNSPECIFIED.,
  .F.,.F.,(2,2),(0.,1.),.PIECEWISE_BEZIER_KNOTS.);
#14673 = CARTESIAN_POINT('',(-0.675,-1.3925,0.725));
#14674 = CARTESIAN_POINT('',(-0.608243103516,-1.359121551758,1.2));
#14675 = B_SPLINE_SURFACE_WITH_KNOTS('',1,1,(
    (#14676,#14677)
    ,(#14678,#14679
    )),.UNSPECIFIED.,.F.,.F.,.F.,(2,2),(2,2),(0.,2.785),(0.,1.),
  .PIECEWISE_BEZIER_KNOTS.);
#14676 = CARTESIAN_POINT('',(-0.675,-1.3925,0.725));
#14677 = CARTESIAN_POINT('',(-0.608243103516,-1.359121551758,1.2));
#14678 = CARTESIAN_POINT('',(-0.675,1.3925,0.725));
#14679 = CARTESIAN_POINT('',(-0.608243103516,1.359121551758,1.2));
#14680 = ADVANCED_FACE('',(#14681),#14698,.F.);
#14681 = FACE_BOUND('',#14682,.F.);
#14682 = EDGE_LOOP('',(#14683,#14684,#14691,#14697));
#14683 = ORIENTED_EDGE('',*,*,#14260,.T.);
#14684 = ORIENTED_EDGE('',*,*,#14685,.T.);
#14685 = EDGE_CURVE('',#14253,#14686,#14688,.T.);
#14686 = VERTEX_POINT('',#14687);
#14687 = CARTESIAN_POINT('',(-0.559121551758,1.408243103516,1.2));
#14688 = B_SPLINE_CURVE_WITH_KNOTS('',1,(#14689,#14690),.UNSPECIFIED.,
  .F.,.F.,(2,2),(0.,1.),.PIECEWISE_BEZIER_KNOTS.);
#14689 = CARTESIAN_POINT('',(-0.5925,1.475,0.725));
#14690 = CARTESIAN_POINT('',(-0.559121551758,1.408243103516,1.2));
#14691 = ORIENTED_EDGE('',*,*,#14692,.F.);
#14692 = EDGE_CURVE('',#14657,#14686,#14693,.T.);
#14693 = LINE('',#14694,#14695);
#14694 = CARTESIAN_POINT('',(-0.608243103516,1.359121551758,1.2));
#14695 = VECTOR('',#14696,1.);
#14696 = DIRECTION('',(0.707106781187,0.707106781187,0.));
#14697 = ORIENTED_EDGE('',*,*,#14656,.F.);
#14698 = B_SPLINE_SURFACE_WITH_KNOTS('',1,1,(
    (#14699,#14700)
    ,(#14701,#14702
    )),.UNSPECIFIED.,.F.,.F.,.F.,(2,2),(2,2),(0.,0.116672618896),(0.,1.)
  ,.PIECEWISE_BEZIER_KNOTS.);
#14699 = CARTESIAN_POINT('',(-0.675,1.3925,0.725));
#14700 = CARTESIAN_POINT('',(-0.608243103516,1.359121551758,1.2));
#14701 = CARTESIAN_POINT('',(-0.5925,1.475,0.725));
#14702 = CARTESIAN_POINT('',(-0.559121551758,1.408243103516,1.2));
#14703 = ADVANCED_FACE('',(#14704),#14721,.F.);
#14704 = FACE_BOUND('',#14705,.F.);
#14705 = EDGE_LOOP('',(#14706,#14707,#14714,#14720));
#14706 = ORIENTED_EDGE('',*,*,#14252,.T.);
#14707 = ORIENTED_EDGE('',*,*,#14708,.T.);
#14708 = EDGE_CURVE('',#14245,#14709,#14711,.T.);
#14709 = VERTEX_POINT('',#14710);
#14710 = CARTESIAN_POINT('',(0.559121551758,1.408243103516,1.2));
#14711 = B_SPLINE_CURVE_WITH_KNOTS('',1,(#14712,#14713),.UNSPECIFIED.,
  .F.,.F.,(2,2),(0.,1.),.PIECEWISE_BEZIER_KNOTS.);
#14712 = CARTESIAN_POINT('',(0.5925,1.475,0.725));
#14713 = CARTESIAN_POINT('',(0.559121551758,1.408243103516,1.2));
#14714 = ORIENTED_EDGE('',*,*,#14715,.F.);
#14715 = EDGE_CURVE('',#14686,#14709,#14716,.T.);
#14716 = LINE('',#14717,#14718);
#14717 = CARTESIAN_POINT('',(-0.559121551758,1.408243103516,1.2));
#14718 = VECTOR('',#14719,1.);
#14719 = DIRECTION('',(1.,1.110223024625E-16,0.));
#14720 = ORIENTED_EDGE('',*,*,#14685,.F.);
#14721 = B_SPLINE_SURFACE_WITH_KNOTS('',1,1,(
    (#14722,#14723)
    ,(#14724,#14725
    )),.UNSPECIFIED.,.F.,.F.,.F.,(2,2),(2,2),(0.,1.185),(0.,1.),
  .PIECEWISE_BEZIER_KNOTS.);
#14722 = CARTESIAN_POINT('',(-0.5925,1.475,0.725));
#14723 = CARTESIAN_POINT('',(-0.559121551758,1.408243103516,1.2));
#14724 = CARTESIAN_POINT('',(0.5925,1.475,0.725));
#14725 = CARTESIAN_POINT('',(0.559121551758,1.408243103516,1.2));
#14726 = ADVANCED_FACE('',(#14727),#14744,.F.);
#14727 = FACE_BOUND('',#14728,.F.);
#14728 = EDGE_LOOP('',(#14729,#14730,#14737,#14743));
#14729 = ORIENTED_EDGE('',*,*,#14244,.T.);
#14730 = ORIENTED_EDGE('',*,*,#14731,.T.);
#14731 = EDGE_CURVE('',#14237,#14732,#14734,.T.);
#14732 = VERTEX_POINT('',#14733);
#14733 = CARTESIAN_POINT('',(0.608243103516,1.359121551758,1.2));
#14734 = B_SPLINE_CURVE_WITH_KNOTS('',1,(#14735,#14736),.UNSPECIFIED.,
  .F.,.F.,(2,2),(0.,1.),.PIECEWISE_BEZIER_KNOTS.);
#14735 = CARTESIAN_POINT('',(0.675,1.3925,0.725));
#14736 = CARTESIAN_POINT('',(0.608243103516,1.359121551758,1.2));
#14737 = ORIENTED_EDGE('',*,*,#14738,.F.);
#14738 = EDGE_CURVE('',#14709,#14732,#14739,.T.);
#14739 = LINE('',#14740,#14741);
#14740 = CARTESIAN_POINT('',(0.559121551758,1.408243103516,1.2));
#14741 = VECTOR('',#14742,1.);
#14742 = DIRECTION('',(0.707106781187,-0.707106781187,0.));
#14743 = ORIENTED_EDGE('',*,*,#14708,.F.);
#14744 = B_SPLINE_SURFACE_WITH_KNOTS('',1,1,(
    (#14745,#14746)
    ,(#14747,#14748
    )),.UNSPECIFIED.,.F.,.F.,.F.,(2,2),(2,2),(0.,0.116672618896),(0.,1.)
  ,.PIECEWISE_BEZIER_KNOTS.);
#14745 = CARTESIAN_POINT('',(0.5925,1.475,0.725));
#14746 = CARTESIAN_POINT('',(0.559121551758,1.408243103516,1.2));
#14747 = CARTESIAN_POINT('',(0.675,1.3925,0.725));
#14748 = CARTESIAN_POINT('',(0.608243103516,1.359121551758,1.2));
#14749 = ADVANCED_FACE('',(#14750),#14783,.F.);
#14750 = FACE_BOUND('',#14751,.F.);
#14751 = EDGE_LOOP('',(#14752,#14753,#14761,#14769,#14776,#14782));
#14752 = ORIENTED_EDGE('',*,*,#14236,.T.);
#14753 = ORIENTED_EDGE('',*,*,#14754,.T.);
#14754 = EDGE_CURVE('',#14229,#14755,#14757,.T.);
#14755 = VERTEX_POINT('',#14756);
#14756 = CARTESIAN_POINT('',(0.675,-0.2,0.725));
#14757 = LINE('',#14758,#14759);
#14758 = CARTESIAN_POINT('',(0.675,1.3925,0.725));
#14759 = VECTOR('',#14760,1.);
#14760 = DIRECTION('',(1.110223024625E-16,-1.,0.));
#14761 = ORIENTED_EDGE('',*,*,#14762,.T.);
#14762 = EDGE_CURVE('',#14755,#14763,#14765,.T.);
#14763 = VERTEX_POINT('',#14764);
#14764 = CARTESIAN_POINT('',(0.675,-1.3925,0.725));
#14765 = LINE('',#14766,#14767);
#14766 = CARTESIAN_POINT('',(0.675,1.3925,0.725));
#14767 = VECTOR('',#14768,1.);
#14768 = DIRECTION('',(1.110223024625E-16,-1.,0.));
#14769 = ORIENTED_EDGE('',*,*,#14770,.T.);
#14770 = EDGE_CURVE('',#14763,#14771,#14773,.T.);
#14771 = VERTEX_POINT('',#14772);
#14772 = CARTESIAN_POINT('',(0.608243103516,-1.359121551758,1.2));
#14773 = B_SPLINE_CURVE_WITH_KNOTS('',1,(#14774,#14775),.UNSPECIFIED.,
  .F.,.F.,(2,2),(0.,1.),.PIECEWISE_BEZIER_KNOTS.);
#14774 = CARTESIAN_POINT('',(0.675,-1.3925,0.725));
#14775 = CARTESIAN_POINT('',(0.608243103516,-1.359121551758,1.2));
#14776 = ORIENTED_EDGE('',*,*,#14777,.F.);
#14777 = EDGE_CURVE('',#14732,#14771,#14778,.T.);
#14778 = LINE('',#14779,#14780);
#14779 = CARTESIAN_POINT('',(0.608243103516,1.359121551758,1.2));
#14780 = VECTOR('',#14781,1.);
#14781 = DIRECTION('',(1.110223024625E-16,-1.,0.));
#14782 = ORIENTED_EDGE('',*,*,#14731,.F.);
#14783 = B_SPLINE_SURFACE_WITH_KNOTS('',1,1,(
    (#14784,#14785)
    ,(#14786,#14787
    )),.UNSPECIFIED.,.F.,.F.,.F.,(2,2),(2,2),(0.,2.785),(0.,1.),
  .PIECEWISE_BEZIER_KNOTS.);
#14784 = CARTESIAN_POINT('',(0.675,1.3925,0.725));
#14785 = CARTESIAN_POINT('',(0.608243103516,1.359121551758,1.2));
#14786 = CARTESIAN_POINT('',(0.675,-1.3925,0.725));
#14787 = CARTESIAN_POINT('',(0.608243103516,-1.359121551758,1.2));
#14788 = ADVANCED_FACE('',(#14789),#14805,.F.);
#14789 = FACE_BOUND('',#14790,.F.);
#14790 = EDGE_LOOP('',(#14791,#14792,#14798,#14804));
#14791 = ORIENTED_EDGE('',*,*,#14228,.F.);
#14792 = ORIENTED_EDGE('',*,*,#14793,.T.);
#14793 = EDGE_CURVE('',#14221,#14509,#14794,.T.);
#14794 = LINE('',#14795,#14796);
#14795 = CARTESIAN_POINT('',(0.7,0.2,0.725));
#14796 = VECTOR('',#14797,1.);
#14797 = DIRECTION('',(1.110223024625E-16,-1.,0.));
#14798 = ORIENTED_EDGE('',*,*,#14799,.T.);
#14799 = EDGE_CURVE('',#14509,#14755,#14800,.T.);
#14800 = LINE('',#14801,#14802);
#14801 = CARTESIAN_POINT('',(0.7,-0.2,0.725));
#14802 = VECTOR('',#14803,1.);
#14803 = DIRECTION('',(-1.,-1.110223024625E-16,0.));
#14804 = ORIENTED_EDGE('',*,*,#14754,.F.);
#14805 = PLANE('',#14806);
#14806 = AXIS2_PLACEMENT_3D('',#14807,#14808,#14809);
#14807 = CARTESIAN_POINT('',(0.7,0.2,0.725));
#14808 = DIRECTION('',(0.,0.,-1.));
#14809 = DIRECTION('',(-1.,-1.110223024625E-16,-0.));
#14810 = ADVANCED_FACE('',(#14811),#14849,.F.);
#14811 = FACE_BOUND('',#14812,.F.);
#14812 = EDGE_LOOP('',(#14813,#14814,#14815,#14816,#14817,#14818,#14819,
    #14825,#14826,#14834,#14842,#14848));
#14813 = ORIENTED_EDGE('',*,*,#14799,.F.);
#14814 = ORIENTED_EDGE('',*,*,#14524,.T.);
#14815 = ORIENTED_EDGE('',*,*,#14569,.T.);
#14816 = ORIENTED_EDGE('',*,*,#14586,.T.);
#14817 = ORIENTED_EDGE('',*,*,#14540,.T.);
#14818 = ORIENTED_EDGE('',*,*,#14330,.T.);
#14819 = ORIENTED_EDGE('',*,*,#14820,.T.);
#14820 = EDGE_CURVE('',#14323,#14633,#14821,.T.);
#14821 = LINE('',#14822,#14823);
#14822 = CARTESIAN_POINT('',(-0.7,-1.15,0.725));
#14823 = VECTOR('',#14824,1.);
#14824 = DIRECTION('',(1.,-1.144237745222E-17,0.));
#14825 = ORIENTED_EDGE('',*,*,#14630,.F.);
#14826 = ORIENTED_EDGE('',*,*,#14827,.F.);
#14827 = EDGE_CURVE('',#14828,#14631,#14830,.T.);
#14828 = VERTEX_POINT('',#14829);
#14829 = CARTESIAN_POINT('',(-0.5925,-1.475,0.725));
#14830 = LINE('',#14831,#14832);
#14831 = CARTESIAN_POINT('',(-0.5925,-1.475,0.725));
#14832 = VECTOR('',#14833,1.);
#14833 = DIRECTION('',(-0.707106781187,0.707106781187,0.));
#14834 = ORIENTED_EDGE('',*,*,#14835,.F.);
#14835 = EDGE_CURVE('',#14836,#14828,#14838,.T.);
#14836 = VERTEX_POINT('',#14837);
#14837 = CARTESIAN_POINT('',(0.5925,-1.475,0.725));
#14838 = LINE('',#14839,#14840);
#14839 = CARTESIAN_POINT('',(0.5925,-1.475,0.725));
#14840 = VECTOR('',#14841,1.);
#14841 = DIRECTION('',(-1.,-1.110223024625E-16,0.));
#14842 = ORIENTED_EDGE('',*,*,#14843,.F.);
#14843 = EDGE_CURVE('',#14763,#14836,#14844,.T.);
#14844 = LINE('',#14845,#14846);
#14845 = CARTESIAN_POINT('',(0.675,-1.3925,0.725));
#14846 = VECTOR('',#14847,1.);
#14847 = DIRECTION('',(-0.707106781187,-0.707106781187,0.));
#14848 = ORIENTED_EDGE('',*,*,#14762,.F.);
#14849 = PLANE('',#14850);
#14850 = AXIS2_PLACEMENT_3D('',#14851,#14852,#14853);
#14851 = CARTESIAN_POINT('',(-1.486299604971E-16,1.4875,0.725));
#14852 = DIRECTION('',(1.022886882533E-31,-6.310887241768E-27,-1.));
#14853 = DIRECTION('',(1.,1.217738924546E-16,1.022886882525E-31));
#14854 = ADVANCED_FACE('',(#14855),#14924,.F.);
#14855 = FACE_BOUND('',#14856,.F.);
#14856 = EDGE_LOOP('',(#14857,#14858,#14859,#14867,#14876,#14884,#14892,
    #14900,#14909,#14917));
#14857 = ORIENTED_EDGE('',*,*,#14322,.F.);
#14858 = ORIENTED_EDGE('',*,*,#14362,.T.);
#14859 = ORIENTED_EDGE('',*,*,#14860,.T.);
#14860 = EDGE_CURVE('',#14355,#14861,#14863,.T.);
#14861 = VERTEX_POINT('',#14862);
#14862 = CARTESIAN_POINT('',(-0.843471632406,-1.15,0.206587955583));
#14863 = LINE('',#14864,#14865);
#14864 = CARTESIAN_POINT('',(-0.798480775301,-1.15,0.492364817767));
#14865 = VECTOR('',#14866,1.);
#14866 = DIRECTION('',(-0.155518033909,1.779496044609E-18,
    -0.987833053268));
#14867 = ORIENTED_EDGE('',*,*,#14868,.T.);
#14868 = EDGE_CURVE('',#14861,#14869,#14871,.T.);
#14869 = VERTEX_POINT('',#14870);
#14870 = CARTESIAN_POINT('',(-1.089673570659,-1.15,5.551115123126E-17));
#14871 = CIRCLE('',#14872,0.25);
#14872 = AXIS2_PLACEMENT_3D('',#14873,#14874,#14875);
#14873 = CARTESIAN_POINT('',(-1.089673570659,-1.15,0.25));
#14874 = DIRECTION('',(1.144237745222E-17,1.,3.851859888774E-34));
#14875 = DIRECTION('',(0.984807753012,-1.126854202784E-17,
    -0.173648177667));
#14876 = ORIENTED_EDGE('',*,*,#14877,.T.);
#14877 = EDGE_CURVE('',#14869,#14878,#14880,.T.);
#14878 = VERTEX_POINT('',#14879);
#14879 = CARTESIAN_POINT('',(-1.25,-1.15,5.551115123126E-17));
#14880 = LINE('',#14881,#14882);
#14881 = CARTESIAN_POINT('',(-1.089673570659,-1.15,5.551115123126E-17));
#14882 = VECTOR('',#14883,1.);
#14883 = DIRECTION('',(-1.,1.144237745222E-17,0.));
#14884 = ORIENTED_EDGE('',*,*,#14885,.T.);
#14885 = EDGE_CURVE('',#14878,#14886,#14888,.T.);
#14886 = VERTEX_POINT('',#14887);
#14887 = CARTESIAN_POINT('',(-1.25,-1.15,0.15));
#14888 = LINE('',#14889,#14890);
#14889 = CARTESIAN_POINT('',(-1.25,-1.15,5.551115123126E-17));
#14890 = VECTOR('',#14891,1.);
#14891 = DIRECTION('',(0.,0.,1.));
#14892 = ORIENTED_EDGE('',*,*,#14893,.T.);
#14893 = EDGE_CURVE('',#14886,#14894,#14896,.T.);
#14894 = VERTEX_POINT('',#14895);
#14895 = CARTESIAN_POINT('',(-1.089673570659,-1.15,0.15));
#14896 = LINE('',#14897,#14898);
#14897 = CARTESIAN_POINT('',(-1.25,-1.15,0.15));
#14898 = VECTOR('',#14899,1.);
#14899 = DIRECTION('',(1.,-1.144237745222E-17,0.));
#14900 = ORIENTED_EDGE('',*,*,#14901,.T.);
#14901 = EDGE_CURVE('',#14894,#14902,#14904,.T.);
#14902 = VERTEX_POINT('',#14903);
#14903 = CARTESIAN_POINT('',(-0.991192795358,-1.15,0.232635182233));
#14904 = CIRCLE('',#14905,0.1);
#14905 = AXIS2_PLACEMENT_3D('',#14906,#14907,#14908);
#14906 = CARTESIAN_POINT('',(-1.089673570659,-1.15,0.25));
#14907 = DIRECTION('',(-1.144237745222E-17,-1.,1.094764425254E-47));
#14908 = DIRECTION('',(-2.22044604925E-15,2.540718180781E-32,-1.));
#14909 = ORIENTED_EDGE('',*,*,#14910,.T.);
#14910 = EDGE_CURVE('',#14902,#14911,#14913,.T.);
#14911 = VERTEX_POINT('',#14912);
#14912 = CARTESIAN_POINT('',(-0.946201938253,-1.15,0.518412044417));
#14913 = LINE('',#14914,#14915);
#14914 = CARTESIAN_POINT('',(-0.991192795358,-1.15,0.232635182233));
#14915 = VECTOR('',#14916,1.);
#14916 = DIRECTION('',(0.155518033909,-1.779496044609E-18,0.987833053268
    ));
#14917 = ORIENTED_EDGE('',*,*,#14918,.T.);
#14918 = EDGE_CURVE('',#14911,#14323,#14919,.T.);
#14919 = CIRCLE('',#14920,0.25);
#14920 = AXIS2_PLACEMENT_3D('',#14921,#14922,#14923);
#14921 = CARTESIAN_POINT('',(-0.7,-1.15,0.475));
#14922 = DIRECTION('',(1.144237745222E-17,1.,0.));
#14923 = DIRECTION('',(-0.984807753012,1.126854202784E-17,0.173648177667
    ));
#14924 = PLANE('',#14925);
#14925 = AXIS2_PLACEMENT_3D('',#14926,#14927,#14928);
#14926 = CARTESIAN_POINT('',(-0.931323080229,-1.15,0.33452717391));
#14927 = DIRECTION('',(1.144237745222E-17,1.,0.));
#14928 = DIRECTION('',(0.,-0.,1.));
#14929 = ADVANCED_FACE('',(#14930),#14948,.F.);
#14930 = FACE_BOUND('',#14931,.F.);
#14931 = EDGE_LOOP('',(#14932,#14933,#14941,#14947));
#14932 = ORIENTED_EDGE('',*,*,#14354,.T.);
#14933 = ORIENTED_EDGE('',*,*,#14934,.T.);
#14934 = EDGE_CURVE('',#14346,#14935,#14937,.T.);
#14935 = VERTEX_POINT('',#14936);
#14936 = CARTESIAN_POINT('',(-0.843471632406,-0.75,0.206587955583));
#14937 = LINE('',#14938,#14939);
#14938 = CARTESIAN_POINT('',(-0.798480775301,-0.75,0.492364817767));
#14939 = VECTOR('',#14940,1.);
#14940 = DIRECTION('',(-0.155518033909,1.779496044609E-18,
    -0.987833053268));
#14941 = ORIENTED_EDGE('',*,*,#14942,.F.);
#14942 = EDGE_CURVE('',#14861,#14935,#14943,.T.);
#14943 = LINE('',#14944,#14945);
#14944 = CARTESIAN_POINT('',(-0.843471632406,-1.15,0.206587955583));
#14945 = VECTOR('',#14946,1.);
#14946 = DIRECTION('',(1.144237745222E-17,1.,0.));
#14947 = ORIENTED_EDGE('',*,*,#14860,.F.);
#14948 = PLANE('',#14949);
#14949 = AXIS2_PLACEMENT_3D('',#14950,#14951,#14952);
#14950 = CARTESIAN_POINT('',(-0.798480775301,-1.15,0.492364817767));
#14951 = DIRECTION('',(-0.987833053268,1.130315865527E-17,0.155518033909
    ));
#14952 = DIRECTION('',(-0.155518033909,1.779496044609E-18,
    -0.987833053268));
#14953 = ADVANCED_FACE('',(#14954),#15016,.T.);
#14954 = FACE_BOUND('',#14955,.T.);
#14955 = EDGE_LOOP('',(#14956,#14957,#14958,#14959,#14968,#14976,#14984,
    #14992,#15001,#15009));
#14956 = ORIENTED_EDGE('',*,*,#14377,.F.);
#14957 = ORIENTED_EDGE('',*,*,#14345,.T.);
#14958 = ORIENTED_EDGE('',*,*,#14934,.T.);
#14959 = ORIENTED_EDGE('',*,*,#14960,.T.);
#14960 = EDGE_CURVE('',#14935,#14961,#14963,.T.);
#14961 = VERTEX_POINT('',#14962);
#14962 = CARTESIAN_POINT('',(-1.089673570659,-0.75,5.551115123126E-17));
#14963 = CIRCLE('',#14964,0.25);
#14964 = AXIS2_PLACEMENT_3D('',#14965,#14966,#14967);
#14965 = CARTESIAN_POINT('',(-1.089673570659,-0.75,0.25));
#14966 = DIRECTION('',(1.144237745222E-17,1.,3.851859888774E-34));
#14967 = DIRECTION('',(0.984807753012,-1.126854202784E-17,
    -0.173648177667));
#14968 = ORIENTED_EDGE('',*,*,#14969,.T.);
#14969 = EDGE_CURVE('',#14961,#14970,#14972,.T.);
#14970 = VERTEX_POINT('',#14971);
#14971 = CARTESIAN_POINT('',(-1.25,-0.75,5.551115123126E-17));
#14972 = LINE('',#14973,#14974);
#14973 = CARTESIAN_POINT('',(-1.089673570659,-0.75,5.551115123126E-17));
#14974 = VECTOR('',#14975,1.);
#14975 = DIRECTION('',(-1.,1.144237745222E-17,0.));
#14976 = ORIENTED_EDGE('',*,*,#14977,.T.);
#14977 = EDGE_CURVE('',#14970,#14978,#14980,.T.);
#14978 = VERTEX_POINT('',#14979);
#14979 = CARTESIAN_POINT('',(-1.25,-0.75,0.15));
#14980 = LINE('',#14981,#14982);
#14981 = CARTESIAN_POINT('',(-1.25,-0.75,5.551115123126E-17));
#14982 = VECTOR('',#14983,1.);
#14983 = DIRECTION('',(0.,0.,1.));
#14984 = ORIENTED_EDGE('',*,*,#14985,.T.);
#14985 = EDGE_CURVE('',#14978,#14986,#14988,.T.);
#14986 = VERTEX_POINT('',#14987);
#14987 = CARTESIAN_POINT('',(-1.089673570659,-0.75,0.15));
#14988 = LINE('',#14989,#14990);
#14989 = CARTESIAN_POINT('',(-1.25,-0.75,0.15));
#14990 = VECTOR('',#14991,1.);
#14991 = DIRECTION('',(1.,-1.144237745222E-17,0.));
#14992 = ORIENTED_EDGE('',*,*,#14993,.T.);
#14993 = EDGE_CURVE('',#14986,#14994,#14996,.T.);
#14994 = VERTEX_POINT('',#14995);
#14995 = CARTESIAN_POINT('',(-0.991192795358,-0.75,0.232635182233));
#14996 = CIRCLE('',#14997,0.1);
#14997 = AXIS2_PLACEMENT_3D('',#14998,#14999,#15000);
#14998 = CARTESIAN_POINT('',(-1.089673570659,-0.75,0.25));
#14999 = DIRECTION('',(-1.144237745222E-17,-1.,1.094764425254E-47));
#15000 = DIRECTION('',(-2.22044604925E-15,2.540718180781E-32,-1.));
#15001 = ORIENTED_EDGE('',*,*,#15002,.T.);
#15002 = EDGE_CURVE('',#14994,#15003,#15005,.T.);
#15003 = VERTEX_POINT('',#15004);
#15004 = CARTESIAN_POINT('',(-0.946201938253,-0.75,0.518412044417));
#15005 = LINE('',#15006,#15007);
#15006 = CARTESIAN_POINT('',(-0.991192795358,-0.75,0.232635182233));
#15007 = VECTOR('',#15008,1.);
#15008 = DIRECTION('',(0.155518033909,-1.779496044609E-18,0.987833053268
    ));
#15009 = ORIENTED_EDGE('',*,*,#15010,.T.);
#15010 = EDGE_CURVE('',#15003,#14378,#15011,.T.);
#15011 = CIRCLE('',#15012,0.25);
#15012 = AXIS2_PLACEMENT_3D('',#15013,#15014,#15015);
#15013 = CARTESIAN_POINT('',(-0.7,-0.75,0.475));
#15014 = DIRECTION('',(1.144237745222E-17,1.,0.));
#15015 = DIRECTION('',(-0.984807753012,1.126854202784E-17,0.173648177667
    ));
#15016 = PLANE('',#15017);
#15017 = AXIS2_PLACEMENT_3D('',#15018,#15019,#15020);
#15018 = CARTESIAN_POINT('',(-0.931323080229,-0.75,0.33452717391));
#15019 = DIRECTION('',(1.144237745222E-17,1.,0.));
#15020 = DIRECTION('',(0.,-0.,1.));
#15021 = ADVANCED_FACE('',(#15022),#15033,.F.);
#15022 = FACE_BOUND('',#15023,.F.);
#15023 = EDGE_LOOP('',(#15024,#15025,#15026,#15027));
#15024 = ORIENTED_EDGE('',*,*,#14394,.T.);
#15025 = ORIENTED_EDGE('',*,*,#14601,.T.);
#15026 = ORIENTED_EDGE('',*,*,#14648,.F.);
#15027 = ORIENTED_EDGE('',*,*,#15028,.F.);
#15028 = EDGE_CURVE('',#14378,#14641,#15029,.T.);
#15029 = LINE('',#15030,#15031);
#15030 = CARTESIAN_POINT('',(-0.7,-0.75,0.725));
#15031 = VECTOR('',#15032,1.);
#15032 = DIRECTION('',(1.,-1.144237745222E-17,0.));
#15033 = PLANE('',#15034);
#15034 = AXIS2_PLACEMENT_3D('',#15035,#15036,#15037);
#15035 = CARTESIAN_POINT('',(-1.486299604971E-16,1.4875,0.725));
#15036 = DIRECTION('',(1.022886882533E-31,-6.310887241768E-27,-1.));
#15037 = DIRECTION('',(1.,1.217738924546E-16,1.022886882525E-31));
#15038 = ADVANCED_FACE('',(#15039),#15108,.F.);
#15039 = FACE_BOUND('',#15040,.F.);
#15040 = EDGE_LOOP('',(#15041,#15042,#15043,#15051,#15060,#15068,#15076,
    #15084,#15093,#15101));
#15041 = ORIENTED_EDGE('',*,*,#14386,.F.);
#15042 = ORIENTED_EDGE('',*,*,#14426,.T.);
#15043 = ORIENTED_EDGE('',*,*,#15044,.T.);
#15044 = EDGE_CURVE('',#14419,#15045,#15047,.T.);
#15045 = VERTEX_POINT('',#15046);
#15046 = CARTESIAN_POINT('',(-0.843471632406,0.75,0.206587955583));
#15047 = LINE('',#15048,#15049);
#15048 = CARTESIAN_POINT('',(-0.798480775301,0.75,0.492364817767));
#15049 = VECTOR('',#15050,1.);
#15050 = DIRECTION('',(-0.155518033909,1.779496044609E-18,
    -0.987833053268));
#15051 = ORIENTED_EDGE('',*,*,#15052,.T.);
#15052 = EDGE_CURVE('',#15045,#15053,#15055,.T.);
#15053 = VERTEX_POINT('',#15054);
#15054 = CARTESIAN_POINT('',(-1.089673570659,0.75,5.551115123126E-17));
#15055 = CIRCLE('',#15056,0.25);
#15056 = AXIS2_PLACEMENT_3D('',#15057,#15058,#15059);
#15057 = CARTESIAN_POINT('',(-1.089673570659,0.75,0.25));
#15058 = DIRECTION('',(1.144237745222E-17,1.,3.851859888774E-34));
#15059 = DIRECTION('',(0.984807753012,-1.126854202784E-17,
    -0.173648177667));
#15060 = ORIENTED_EDGE('',*,*,#15061,.T.);
#15061 = EDGE_CURVE('',#15053,#15062,#15064,.T.);
#15062 = VERTEX_POINT('',#15063);
#15063 = CARTESIAN_POINT('',(-1.25,0.75,5.551115123126E-17));
#15064 = LINE('',#15065,#15066);
#15065 = CARTESIAN_POINT('',(-1.089673570659,0.75,5.551115123126E-17));
#15066 = VECTOR('',#15067,1.);
#15067 = DIRECTION('',(-1.,1.144237745222E-17,0.));
#15068 = ORIENTED_EDGE('',*,*,#15069,.T.);
#15069 = EDGE_CURVE('',#15062,#15070,#15072,.T.);
#15070 = VERTEX_POINT('',#15071);
#15071 = CARTESIAN_POINT('',(-1.25,0.75,0.15));
#15072 = LINE('',#15073,#15074);
#15073 = CARTESIAN_POINT('',(-1.25,0.75,5.551115123126E-17));
#15074 = VECTOR('',#15075,1.);
#15075 = DIRECTION('',(0.,0.,1.));
#15076 = ORIENTED_EDGE('',*,*,#15077,.T.);
#15077 = EDGE_CURVE('',#15070,#15078,#15080,.T.);
#15078 = VERTEX_POINT('',#15079);
#15079 = CARTESIAN_POINT('',(-1.089673570659,0.75,0.15));
#15080 = LINE('',#15081,#15082);
#15081 = CARTESIAN_POINT('',(-1.25,0.75,0.15));
#15082 = VECTOR('',#15083,1.);
#15083 = DIRECTION('',(1.,-1.144237745222E-17,0.));
#15084 = ORIENTED_EDGE('',*,*,#15085,.T.);
#15085 = EDGE_CURVE('',#15078,#15086,#15088,.T.);
#15086 = VERTEX_POINT('',#15087);
#15087 = CARTESIAN_POINT('',(-0.991192795358,0.75,0.232635182233));
#15088 = CIRCLE('',#15089,0.1);
#15089 = AXIS2_PLACEMENT_3D('',#15090,#15091,#15092);
#15090 = CARTESIAN_POINT('',(-1.089673570659,0.75,0.25));
#15091 = DIRECTION('',(-1.144237745222E-17,-1.,1.094764425254E-47));
#15092 = DIRECTION('',(-2.22044604925E-15,2.540718180781E-32,-1.));
#15093 = ORIENTED_EDGE('',*,*,#15094,.T.);
#15094 = EDGE_CURVE('',#15086,#15095,#15097,.T.);
#15095 = VERTEX_POINT('',#15096);
#15096 = CARTESIAN_POINT('',(-0.946201938253,0.75,0.518412044417));
#15097 = LINE('',#15098,#15099);
#15098 = CARTESIAN_POINT('',(-0.991192795358,0.75,0.232635182233));
#15099 = VECTOR('',#15100,1.);
#15100 = DIRECTION('',(0.155518033909,-1.779496044609E-18,0.987833053268
    ));
#15101 = ORIENTED_EDGE('',*,*,#15102,.T.);
#15102 = EDGE_CURVE('',#15095,#14387,#15103,.T.);
#15103 = CIRCLE('',#15104,0.25);
#15104 = AXIS2_PLACEMENT_3D('',#15105,#15106,#15107);
#15105 = CARTESIAN_POINT('',(-0.7,0.75,0.475));
#15106 = DIRECTION('',(1.144237745222E-17,1.,0.));
#15107 = DIRECTION('',(-0.984807753012,1.126854202784E-17,0.173648177667
    ));
#15108 = PLANE('',#15109);
#15109 = AXIS2_PLACEMENT_3D('',#15110,#15111,#15112);
#15110 = CARTESIAN_POINT('',(-0.931323080229,0.75,0.33452717391));
#15111 = DIRECTION('',(1.144237745222E-17,1.,0.));
#15112 = DIRECTION('',(0.,-0.,1.));
#15113 = ADVANCED_FACE('',(#15114),#15132,.F.);
#15114 = FACE_BOUND('',#15115,.F.);
#15115 = EDGE_LOOP('',(#15116,#15117,#15125,#15131));
#15116 = ORIENTED_EDGE('',*,*,#14418,.T.);
#15117 = ORIENTED_EDGE('',*,*,#15118,.T.);
#15118 = EDGE_CURVE('',#14410,#15119,#15121,.T.);
#15119 = VERTEX_POINT('',#15120);
#15120 = CARTESIAN_POINT('',(-0.843471632406,1.15,0.206587955583));
#15121 = LINE('',#15122,#15123);
#15122 = CARTESIAN_POINT('',(-0.798480775301,1.15,0.492364817767));
#15123 = VECTOR('',#15124,1.);
#15124 = DIRECTION('',(-0.155518033909,1.779496044609E-18,
    -0.987833053268));
#15125 = ORIENTED_EDGE('',*,*,#15126,.F.);
#15126 = EDGE_CURVE('',#15045,#15119,#15127,.T.);
#15127 = LINE('',#15128,#15129);
#15128 = CARTESIAN_POINT('',(-0.843471632406,0.75,0.206587955583));
#15129 = VECTOR('',#15130,1.);
#15130 = DIRECTION('',(1.144237745222E-17,1.,0.));
#15131 = ORIENTED_EDGE('',*,*,#15044,.F.);
#15132 = PLANE('',#15133);
#15133 = AXIS2_PLACEMENT_3D('',#15134,#15135,#15136);
#15134 = CARTESIAN_POINT('',(-0.798480775301,0.75,0.492364817767));
#15135 = DIRECTION('',(-0.987833053268,1.130315865527E-17,0.155518033909
    ));
#15136 = DIRECTION('',(-0.155518033909,1.779496044609E-18,
    -0.987833053268));
#15137 = ADVANCED_FACE('',(#15138),#15200,.T.);
#15138 = FACE_BOUND('',#15139,.T.);
#15139 = EDGE_LOOP('',(#15140,#15141,#15142,#15143,#15152,#15160,#15168,
    #15176,#15185,#15193));
#15140 = ORIENTED_EDGE('',*,*,#14441,.F.);
#15141 = ORIENTED_EDGE('',*,*,#14409,.T.);
#15142 = ORIENTED_EDGE('',*,*,#15118,.T.);
#15143 = ORIENTED_EDGE('',*,*,#15144,.T.);
#15144 = EDGE_CURVE('',#15119,#15145,#15147,.T.);
#15145 = VERTEX_POINT('',#15146);
#15146 = CARTESIAN_POINT('',(-1.089673570659,1.15,5.551115123126E-17));
#15147 = CIRCLE('',#15148,0.25);
#15148 = AXIS2_PLACEMENT_3D('',#15149,#15150,#15151);
#15149 = CARTESIAN_POINT('',(-1.089673570659,1.15,0.25));
#15150 = DIRECTION('',(1.144237745222E-17,1.,3.851859888774E-34));
#15151 = DIRECTION('',(0.984807753012,-1.126854202784E-17,
    -0.173648177667));
#15152 = ORIENTED_EDGE('',*,*,#15153,.T.);
#15153 = EDGE_CURVE('',#15145,#15154,#15156,.T.);
#15154 = VERTEX_POINT('',#15155);
#15155 = CARTESIAN_POINT('',(-1.25,1.15,5.551115123126E-17));
#15156 = LINE('',#15157,#15158);
#15157 = CARTESIAN_POINT('',(-1.089673570659,1.15,5.551115123126E-17));
#15158 = VECTOR('',#15159,1.);
#15159 = DIRECTION('',(-1.,1.144237745222E-17,0.));
#15160 = ORIENTED_EDGE('',*,*,#15161,.T.);
#15161 = EDGE_CURVE('',#15154,#15162,#15164,.T.);
#15162 = VERTEX_POINT('',#15163);
#15163 = CARTESIAN_POINT('',(-1.25,1.15,0.15));
#15164 = LINE('',#15165,#15166);
#15165 = CARTESIAN_POINT('',(-1.25,1.15,5.551115123126E-17));
#15166 = VECTOR('',#15167,1.);
#15167 = DIRECTION('',(0.,0.,1.));
#15168 = ORIENTED_EDGE('',*,*,#15169,.T.);
#15169 = EDGE_CURVE('',#15162,#15170,#15172,.T.);
#15170 = VERTEX_POINT('',#15171);
#15171 = CARTESIAN_POINT('',(-1.089673570659,1.15,0.15));
#15172 = LINE('',#15173,#15174);
#15173 = CARTESIAN_POINT('',(-1.25,1.15,0.15));
#15174 = VECTOR('',#15175,1.);
#15175 = DIRECTION('',(1.,-1.144237745222E-17,0.));
#15176 = ORIENTED_EDGE('',*,*,#15177,.T.);
#15177 = EDGE_CURVE('',#15170,#15178,#15180,.T.);
#15178 = VERTEX_POINT('',#15179);
#15179 = CARTESIAN_POINT('',(-0.991192795358,1.15,0.232635182233));
#15180 = CIRCLE('',#15181,0.1);
#15181 = AXIS2_PLACEMENT_3D('',#15182,#15183,#15184);
#15182 = CARTESIAN_POINT('',(-1.089673570659,1.15,0.25));
#15183 = DIRECTION('',(-1.144237745222E-17,-1.,1.094764425254E-47));
#15184 = DIRECTION('',(-2.22044604925E-15,2.540718180781E-32,-1.));
#15185 = ORIENTED_EDGE('',*,*,#15186,.T.);
#15186 = EDGE_CURVE('',#15178,#15187,#15189,.T.);
#15187 = VERTEX_POINT('',#15188);
#15188 = CARTESIAN_POINT('',(-0.946201938253,1.15,0.518412044417));
#15189 = LINE('',#15190,#15191);
#15190 = CARTESIAN_POINT('',(-0.991192795358,1.15,0.232635182233));
#15191 = VECTOR('',#15192,1.);
#15192 = DIRECTION('',(0.155518033909,-1.779496044609E-18,0.987833053268
    ));
#15193 = ORIENTED_EDGE('',*,*,#15194,.T.);
#15194 = EDGE_CURVE('',#15187,#14277,#15195,.T.);
#15195 = CIRCLE('',#15196,0.25);
#15196 = AXIS2_PLACEMENT_3D('',#15197,#15198,#15199);
#15197 = CARTESIAN_POINT('',(-0.7,1.15,0.475));
#15198 = DIRECTION('',(1.144237745222E-17,1.,0.));
#15199 = DIRECTION('',(-0.984807753012,1.126854202784E-17,0.173648177667
    ));
#15200 = PLANE('',#15201);
#15201 = AXIS2_PLACEMENT_3D('',#15202,#15203,#15204);
#15202 = CARTESIAN_POINT('',(-0.931323080229,1.15,0.33452717391));
#15203 = DIRECTION('',(1.144237745222E-17,1.,0.));
#15204 = DIRECTION('',(0.,-0.,1.));
#15205 = ADVANCED_FACE('',(#15206),#15275,.F.);
#15206 = FACE_BOUND('',#15207,.F.);
#15207 = EDGE_LOOP('',(#15208,#15209,#15210,#15218,#15227,#15235,#15243,
    #15251,#15260,#15268));
#15208 = ORIENTED_EDGE('',*,*,#14460,.F.);
#15209 = ORIENTED_EDGE('',*,*,#14493,.T.);
#15210 = ORIENTED_EDGE('',*,*,#15211,.T.);
#15211 = EDGE_CURVE('',#14486,#15212,#15214,.T.);
#15212 = VERTEX_POINT('',#15213);
#15213 = CARTESIAN_POINT('',(0.843471632406,0.2,0.206587955583));
#15214 = LINE('',#15215,#15216);
#15215 = CARTESIAN_POINT('',(0.798480775301,0.2,0.492364817767));
#15216 = VECTOR('',#15217,1.);
#15217 = DIRECTION('',(0.155518033909,1.726597019897E-17,-0.987833053268
    ));
#15218 = ORIENTED_EDGE('',*,*,#15219,.T.);
#15219 = EDGE_CURVE('',#15212,#15220,#15222,.T.);
#15220 = VERTEX_POINT('',#15221);
#15221 = CARTESIAN_POINT('',(1.089673570659,0.2,5.551115123126E-17));
#15222 = CIRCLE('',#15223,0.25);
#15223 = AXIS2_PLACEMENT_3D('',#15224,#15225,#15226);
#15224 = CARTESIAN_POINT('',(1.089673570659,0.2,0.25));
#15225 = DIRECTION('',(1.110223024625E-16,-1.,0.));
#15226 = DIRECTION('',(-0.984807753012,-1.093356242223E-16,
    -0.173648177667));
#15227 = ORIENTED_EDGE('',*,*,#15228,.T.);
#15228 = EDGE_CURVE('',#15220,#15229,#15231,.T.);
#15229 = VERTEX_POINT('',#15230);
#15230 = CARTESIAN_POINT('',(1.25,0.2,5.551115123126E-17));
#15231 = LINE('',#15232,#15233);
#15232 = CARTESIAN_POINT('',(1.089673570659,0.2,5.551115123126E-17));
#15233 = VECTOR('',#15234,1.);
#15234 = DIRECTION('',(1.,1.110223024625E-16,0.));
#15235 = ORIENTED_EDGE('',*,*,#15236,.T.);
#15236 = EDGE_CURVE('',#15229,#15237,#15239,.T.);
#15237 = VERTEX_POINT('',#15238);
#15238 = CARTESIAN_POINT('',(1.25,0.2,0.15));
#15239 = LINE('',#15240,#15241);
#15240 = CARTESIAN_POINT('',(1.25,0.2,5.551115123126E-17));
#15241 = VECTOR('',#15242,1.);
#15242 = DIRECTION('',(0.,0.,1.));
#15243 = ORIENTED_EDGE('',*,*,#15244,.T.);
#15244 = EDGE_CURVE('',#15237,#15245,#15247,.T.);
#15245 = VERTEX_POINT('',#15246);
#15246 = CARTESIAN_POINT('',(1.089673570659,0.2,0.15));
#15247 = LINE('',#15248,#15249);
#15248 = CARTESIAN_POINT('',(1.25,0.2,0.15));
#15249 = VECTOR('',#15250,1.);
#15250 = DIRECTION('',(-1.,-1.110223024625E-16,0.));
#15251 = ORIENTED_EDGE('',*,*,#15252,.T.);
#15252 = EDGE_CURVE('',#15245,#15253,#15255,.T.);
#15253 = VERTEX_POINT('',#15254);
#15254 = CARTESIAN_POINT('',(0.991192795358,0.2,0.232635182233));
#15255 = CIRCLE('',#15256,0.1);
#15256 = AXIS2_PLACEMENT_3D('',#15257,#15258,#15259);
#15257 = CARTESIAN_POINT('',(1.089673570659,0.2,0.25));
#15258 = DIRECTION('',(-1.110223024625E-16,1.,0.));
#15259 = DIRECTION('',(2.22044604925E-15,2.465190328815E-31,-1.));
#15260 = ORIENTED_EDGE('',*,*,#15261,.T.);
#15261 = EDGE_CURVE('',#15253,#15262,#15264,.T.);
#15262 = VERTEX_POINT('',#15263);
#15263 = CARTESIAN_POINT('',(0.946201938253,0.2,0.518412044417));
#15264 = LINE('',#15265,#15266);
#15265 = CARTESIAN_POINT('',(0.991192795358,0.2,0.232635182233));
#15266 = VECTOR('',#15267,1.);
#15267 = DIRECTION('',(-0.155518033909,-1.726597019897E-17,
    0.987833053268));
#15268 = ORIENTED_EDGE('',*,*,#15269,.T.);
#15269 = EDGE_CURVE('',#15262,#14221,#15270,.T.);
#15270 = CIRCLE('',#15271,0.25);
#15271 = AXIS2_PLACEMENT_3D('',#15272,#15273,#15274);
#15272 = CARTESIAN_POINT('',(0.7,0.2,0.475));
#15273 = DIRECTION('',(1.110223024625E-16,-1.,0.));
#15274 = DIRECTION('',(0.984807753012,1.093356242223E-16,0.173648177667)
  );
#15275 = PLANE('',#15276);
#15276 = AXIS2_PLACEMENT_3D('',#15277,#15278,#15279);
#15277 = CARTESIAN_POINT('',(0.931323080229,0.2,0.33452717391));
#15278 = DIRECTION('',(1.110223024625E-16,-1.,0.));
#15279 = DIRECTION('',(0.,0.,1.));
#15280 = ADVANCED_FACE('',(#15281),#15299,.F.);
#15281 = FACE_BOUND('',#15282,.F.);
#15282 = EDGE_LOOP('',(#15283,#15284,#15292,#15298));
#15283 = ORIENTED_EDGE('',*,*,#14485,.T.);
#15284 = ORIENTED_EDGE('',*,*,#15285,.T.);
#15285 = EDGE_CURVE('',#14477,#15286,#15288,.T.);
#15286 = VERTEX_POINT('',#15287);
#15287 = CARTESIAN_POINT('',(0.843471632406,-0.2,0.206587955583));
#15288 = LINE('',#15289,#15290);
#15289 = CARTESIAN_POINT('',(0.798480775301,-0.2,0.492364817767));
#15290 = VECTOR('',#15291,1.);
#15291 = DIRECTION('',(0.155518033909,1.726597019897E-17,-0.987833053268
    ));
#15292 = ORIENTED_EDGE('',*,*,#15293,.F.);
#15293 = EDGE_CURVE('',#15212,#15286,#15294,.T.);
#15294 = LINE('',#15295,#15296);
#15295 = CARTESIAN_POINT('',(0.843471632406,0.2,0.206587955583));
#15296 = VECTOR('',#15297,1.);
#15297 = DIRECTION('',(1.110223024625E-16,-1.,0.));
#15298 = ORIENTED_EDGE('',*,*,#15211,.F.);
#15299 = PLANE('',#15300);
#15300 = AXIS2_PLACEMENT_3D('',#15301,#15302,#15303);
#15301 = CARTESIAN_POINT('',(0.798480775301,0.2,0.492364817767));
#15302 = DIRECTION('',(0.987833053268,1.096715000224E-16,0.155518033909)
  );
#15303 = DIRECTION('',(0.155518033909,1.726597019897E-17,-0.987833053268
    ));
#15304 = ADVANCED_FACE('',(#15305),#15367,.T.);
#15305 = FACE_BOUND('',#15306,.T.);
#15306 = EDGE_LOOP('',(#15307,#15308,#15309,#15310,#15319,#15327,#15335,
    #15343,#15352,#15360));
#15307 = ORIENTED_EDGE('',*,*,#14508,.F.);
#15308 = ORIENTED_EDGE('',*,*,#14476,.T.);
#15309 = ORIENTED_EDGE('',*,*,#15285,.T.);
#15310 = ORIENTED_EDGE('',*,*,#15311,.T.);
#15311 = EDGE_CURVE('',#15286,#15312,#15314,.T.);
#15312 = VERTEX_POINT('',#15313);
#15313 = CARTESIAN_POINT('',(1.089673570659,-0.2,5.551115123126E-17));
#15314 = CIRCLE('',#15315,0.25);
#15315 = AXIS2_PLACEMENT_3D('',#15316,#15317,#15318);
#15316 = CARTESIAN_POINT('',(1.089673570659,-0.2,0.25));
#15317 = DIRECTION('',(1.110223024625E-16,-1.,0.));
#15318 = DIRECTION('',(-0.984807753012,-1.093356242223E-16,
    -0.173648177667));
#15319 = ORIENTED_EDGE('',*,*,#15320,.T.);
#15320 = EDGE_CURVE('',#15312,#15321,#15323,.T.);
#15321 = VERTEX_POINT('',#15322);
#15322 = CARTESIAN_POINT('',(1.25,-0.2,5.551115123126E-17));
#15323 = LINE('',#15324,#15325);
#15324 = CARTESIAN_POINT('',(1.089673570659,-0.2,5.551115123126E-17));
#15325 = VECTOR('',#15326,1.);
#15326 = DIRECTION('',(1.,1.110223024625E-16,0.));
#15327 = ORIENTED_EDGE('',*,*,#15328,.T.);
#15328 = EDGE_CURVE('',#15321,#15329,#15331,.T.);
#15329 = VERTEX_POINT('',#15330);
#15330 = CARTESIAN_POINT('',(1.25,-0.2,0.15));
#15331 = LINE('',#15332,#15333);
#15332 = CARTESIAN_POINT('',(1.25,-0.2,5.551115123126E-17));
#15333 = VECTOR('',#15334,1.);
#15334 = DIRECTION('',(0.,0.,1.));
#15335 = ORIENTED_EDGE('',*,*,#15336,.T.);
#15336 = EDGE_CURVE('',#15329,#15337,#15339,.T.);
#15337 = VERTEX_POINT('',#15338);
#15338 = CARTESIAN_POINT('',(1.089673570659,-0.2,0.15));
#15339 = LINE('',#15340,#15341);
#15340 = CARTESIAN_POINT('',(1.25,-0.2,0.15));
#15341 = VECTOR('',#15342,1.);
#15342 = DIRECTION('',(-1.,-1.110223024625E-16,0.));
#15343 = ORIENTED_EDGE('',*,*,#15344,.T.);
#15344 = EDGE_CURVE('',#15337,#15345,#15347,.T.);
#15345 = VERTEX_POINT('',#15346);
#15346 = CARTESIAN_POINT('',(0.991192795358,-0.2,0.232635182233));
#15347 = CIRCLE('',#15348,0.1);
#15348 = AXIS2_PLACEMENT_3D('',#15349,#15350,#15351);
#15349 = CARTESIAN_POINT('',(1.089673570659,-0.2,0.25));
#15350 = DIRECTION('',(-1.110223024625E-16,1.,0.));
#15351 = DIRECTION('',(2.22044604925E-15,2.465190328815E-31,-1.));
#15352 = ORIENTED_EDGE('',*,*,#15353,.T.);
#15353 = EDGE_CURVE('',#15345,#15354,#15356,.T.);
#15354 = VERTEX_POINT('',#15355);
#15355 = CARTESIAN_POINT('',(0.946201938253,-0.2,0.518412044417));
#15356 = LINE('',#15357,#15358);
#15357 = CARTESIAN_POINT('',(0.991192795358,-0.2,0.232635182233));
#15358 = VECTOR('',#15359,1.);
#15359 = DIRECTION('',(-0.155518033909,-1.726597019897E-17,
    0.987833053268));
#15360 = ORIENTED_EDGE('',*,*,#15361,.T.);
#15361 = EDGE_CURVE('',#15354,#14509,#15362,.T.);
#15362 = CIRCLE('',#15363,0.25);
#15363 = AXIS2_PLACEMENT_3D('',#15364,#15365,#15366);
#15364 = CARTESIAN_POINT('',(0.7,-0.2,0.475));
#15365 = DIRECTION('',(1.110223024625E-16,-1.,0.));
#15366 = DIRECTION('',(0.984807753012,1.093356242223E-16,0.173648177667)
  );
#15367 = PLANE('',#15368);
#15368 = AXIS2_PLACEMENT_3D('',#15369,#15370,#15371);
#15369 = CARTESIAN_POINT('',(0.931323080229,-0.2,0.33452717391));
#15370 = DIRECTION('',(1.110223024625E-16,-1.,0.));
#15371 = DIRECTION('',(0.,0.,1.));
#15372 = ADVANCED_FACE('',(#15373),#15384,.T.);
#15373 = FACE_BOUND('',#15374,.T.);
#15374 = EDGE_LOOP('',(#15375,#15376,#15377,#15378));
#15375 = ORIENTED_EDGE('',*,*,#15102,.T.);
#15376 = ORIENTED_EDGE('',*,*,#14609,.T.);
#15377 = ORIENTED_EDGE('',*,*,#15194,.F.);
#15378 = ORIENTED_EDGE('',*,*,#15379,.F.);
#15379 = EDGE_CURVE('',#15095,#15187,#15380,.T.);
#15380 = LINE('',#15381,#15382);
#15381 = CARTESIAN_POINT('',(-0.946201938253,0.75,0.518412044417));
#15382 = VECTOR('',#15383,1.);
#15383 = DIRECTION('',(1.144237745222E-17,1.,0.));
#15384 = CYLINDRICAL_SURFACE('',#15385,0.25);
#15385 = AXIS2_PLACEMENT_3D('',#15386,#15387,#15388);
#15386 = CARTESIAN_POINT('',(-0.7,0.75,0.475));
#15387 = DIRECTION('',(-1.144237745222E-17,-1.,0.));
#15388 = DIRECTION('',(-0.984807753012,1.126854202784E-17,0.173648177667
    ));
#15389 = ADVANCED_FACE('',(#15390),#15401,.F.);
#15390 = FACE_BOUND('',#15391,.F.);
#15391 = EDGE_LOOP('',(#15392,#15393,#15399,#15400));
#15392 = ORIENTED_EDGE('',*,*,#14820,.F.);
#15393 = ORIENTED_EDGE('',*,*,#15394,.T.);
#15394 = EDGE_CURVE('',#14323,#14378,#15395,.T.);
#15395 = LINE('',#15396,#15397);
#15396 = CARTESIAN_POINT('',(-0.7,-1.15,0.725));
#15397 = VECTOR('',#15398,1.);
#15398 = DIRECTION('',(1.144237745222E-17,1.,0.));
#15399 = ORIENTED_EDGE('',*,*,#15028,.T.);
#15400 = ORIENTED_EDGE('',*,*,#14640,.F.);
#15401 = PLANE('',#15402);
#15402 = AXIS2_PLACEMENT_3D('',#15403,#15404,#15405);
#15403 = CARTESIAN_POINT('',(-0.7,-1.15,0.725));
#15404 = DIRECTION('',(0.,0.,-1.));
#15405 = DIRECTION('',(1.,-1.144237745222E-17,0.));
#15406 = ADVANCED_FACE('',(#15407,#15436),#15447,.T.);
#15407 = FACE_BOUND('',#15408,.T.);
#15408 = EDGE_LOOP('',(#15409,#15410,#15411,#15412,#15420,#15428,#15434,
    #15435));
#15409 = ORIENTED_EDGE('',*,*,#14715,.F.);
#15410 = ORIENTED_EDGE('',*,*,#14692,.F.);
#15411 = ORIENTED_EDGE('',*,*,#14663,.F.);
#15412 = ORIENTED_EDGE('',*,*,#15413,.F.);
#15413 = EDGE_CURVE('',#15414,#14664,#15416,.T.);
#15414 = VERTEX_POINT('',#15415);
#15415 = CARTESIAN_POINT('',(-0.559121551758,-1.408243103516,1.2));
#15416 = LINE('',#15417,#15418);
#15417 = CARTESIAN_POINT('',(-0.559121551758,-1.408243103516,1.2));
#15418 = VECTOR('',#15419,1.);
#15419 = DIRECTION('',(-0.707106781187,0.707106781187,0.));
#15420 = ORIENTED_EDGE('',*,*,#15421,.F.);
#15421 = EDGE_CURVE('',#15422,#15414,#15424,.T.);
#15422 = VERTEX_POINT('',#15423);
#15423 = CARTESIAN_POINT('',(0.559121551758,-1.408243103516,1.2));
#15424 = LINE('',#15425,#15426);
#15425 = CARTESIAN_POINT('',(0.559121551758,-1.408243103516,1.2));
#15426 = VECTOR('',#15427,1.);
#15427 = DIRECTION('',(-1.,-1.110223024625E-16,0.));
#15428 = ORIENTED_EDGE('',*,*,#15429,.F.);
#15429 = EDGE_CURVE('',#14771,#15422,#15430,.T.);
#15430 = LINE('',#15431,#15432);
#15431 = CARTESIAN_POINT('',(0.608243103516,-1.359121551758,1.2));
#15432 = VECTOR('',#15433,1.);
#15433 = DIRECTION('',(-0.707106781187,-0.707106781187,0.));
#15434 = ORIENTED_EDGE('',*,*,#14777,.F.);
#15435 = ORIENTED_EDGE('',*,*,#14738,.F.);
#15436 = FACE_BOUND('',#15437,.T.);
#15437 = EDGE_LOOP('',(#15438));
#15438 = ORIENTED_EDGE('',*,*,#15439,.T.);
#15439 = EDGE_CURVE('',#15440,#15440,#15442,.T.);
#15440 = VERTEX_POINT('',#15441);
#15441 = CARTESIAN_POINT('',(-0.428243103516,1.178243103516,1.2));
#15442 = CIRCLE('',#15443,5.E-02);
#15443 = AXIS2_PLACEMENT_3D('',#15444,#15445,#15446);
#15444 = CARTESIAN_POINT('',(-0.428243103516,1.228243103516,1.2));
#15445 = DIRECTION('',(0.,-0.,-1.));
#15446 = DIRECTION('',(1.110223024625E-16,-1.,0.));
#15447 = PLANE('',#15448);
#15448 = AXIS2_PLACEMENT_3D('',#15449,#15450,#15451);
#15449 = CARTESIAN_POINT('',(-0.559121551758,1.408243103516,1.2));
#15450 = DIRECTION('',(0.,0.,1.));
#15451 = DIRECTION('',(0.369013679242,-0.929423963825,0.));
#15452 = ADVANCED_FACE('',(#15453),#15463,.F.);
#15453 = FACE_BOUND('',#15454,.F.);
#15454 = EDGE_LOOP('',(#15455,#15456,#15457,#15458));
#15455 = ORIENTED_EDGE('',*,*,#14827,.T.);
#15456 = ORIENTED_EDGE('',*,*,#14671,.T.);
#15457 = ORIENTED_EDGE('',*,*,#15413,.F.);
#15458 = ORIENTED_EDGE('',*,*,#15459,.F.);
#15459 = EDGE_CURVE('',#14828,#15414,#15460,.T.);
#15460 = B_SPLINE_CURVE_WITH_KNOTS('',1,(#15461,#15462),.UNSPECIFIED.,
  .F.,.F.,(2,2),(0.,1.),.PIECEWISE_BEZIER_KNOTS.);
#15461 = CARTESIAN_POINT('',(-0.5925,-1.475,0.725));
#15462 = CARTESIAN_POINT('',(-0.559121551758,-1.408243103516,1.2));
#15463 = B_SPLINE_SURFACE_WITH_KNOTS('',1,1,(
    (#15464,#15465)
    ,(#15466,#15467
    )),.UNSPECIFIED.,.F.,.F.,.F.,(2,2),(2,2),(0.,0.116672618896),(0.,1.)
  ,.PIECEWISE_BEZIER_KNOTS.);
#15464 = CARTESIAN_POINT('',(-0.5925,-1.475,0.725));
#15465 = CARTESIAN_POINT('',(-0.559121551758,-1.408243103516,1.2));
#15466 = CARTESIAN_POINT('',(-0.675,-1.3925,0.725));
#15467 = CARTESIAN_POINT('',(-0.608243103516,-1.359121551758,1.2));
#15468 = ADVANCED_FACE('',(#15469),#15479,.F.);
#15469 = FACE_BOUND('',#15470,.F.);
#15470 = EDGE_LOOP('',(#15471,#15472,#15477,#15478));
#15471 = ORIENTED_EDGE('',*,*,#14843,.T.);
#15472 = ORIENTED_EDGE('',*,*,#15473,.T.);
#15473 = EDGE_CURVE('',#14836,#15422,#15474,.T.);
#15474 = B_SPLINE_CURVE_WITH_KNOTS('',1,(#15475,#15476),.UNSPECIFIED.,
  .F.,.F.,(2,2),(0.,1.),.PIECEWISE_BEZIER_KNOTS.);
#15475 = CARTESIAN_POINT('',(0.5925,-1.475,0.725));
#15476 = CARTESIAN_POINT('',(0.559121551758,-1.408243103516,1.2));
#15477 = ORIENTED_EDGE('',*,*,#15429,.F.);
#15478 = ORIENTED_EDGE('',*,*,#14770,.F.);
#15479 = B_SPLINE_SURFACE_WITH_KNOTS('',1,1,(
    (#15480,#15481)
    ,(#15482,#15483
    )),.UNSPECIFIED.,.F.,.F.,.F.,(2,2),(2,2),(0.,0.116672618896),(0.,1.)
  ,.PIECEWISE_BEZIER_KNOTS.);
#15480 = CARTESIAN_POINT('',(0.675,-1.3925,0.725));
#15481 = CARTESIAN_POINT('',(0.608243103516,-1.359121551758,1.2));
#15482 = CARTESIAN_POINT('',(0.5925,-1.475,0.725));
#15483 = CARTESIAN_POINT('',(0.559121551758,-1.408243103516,1.2));
#15484 = ADVANCED_FACE('',(#15485),#15496,.T.);
#15485 = FACE_BOUND('',#15486,.T.);
#15486 = EDGE_LOOP('',(#15487,#15488,#15489,#15490));
#15487 = ORIENTED_EDGE('',*,*,#15269,.T.);
#15488 = ORIENTED_EDGE('',*,*,#14793,.T.);
#15489 = ORIENTED_EDGE('',*,*,#15361,.F.);
#15490 = ORIENTED_EDGE('',*,*,#15491,.F.);
#15491 = EDGE_CURVE('',#15262,#15354,#15492,.T.);
#15492 = LINE('',#15493,#15494);
#15493 = CARTESIAN_POINT('',(0.946201938253,0.2,0.518412044417));
#15494 = VECTOR('',#15495,1.);
#15495 = DIRECTION('',(1.110223024625E-16,-1.,0.));
#15496 = CYLINDRICAL_SURFACE('',#15497,0.25);
#15497 = AXIS2_PLACEMENT_3D('',#15498,#15499,#15500);
#15498 = CARTESIAN_POINT('',(0.7,0.2,0.475));
#15499 = DIRECTION('',(-1.110223024625E-16,1.,0.));
#15500 = DIRECTION('',(0.984807753012,1.093356242223E-16,0.173648177667)
  );
#15501 = ADVANCED_FACE('',(#15502),#15508,.F.);
#15502 = FACE_BOUND('',#15503,.F.);
#15503 = EDGE_LOOP('',(#15504,#15505,#15506,#15507));
#15504 = ORIENTED_EDGE('',*,*,#14835,.T.);
#15505 = ORIENTED_EDGE('',*,*,#15459,.T.);
#15506 = ORIENTED_EDGE('',*,*,#15421,.F.);
#15507 = ORIENTED_EDGE('',*,*,#15473,.F.);
#15508 = B_SPLINE_SURFACE_WITH_KNOTS('',1,1,(
    (#15509,#15510)
    ,(#15511,#15512
    )),.UNSPECIFIED.,.F.,.F.,.F.,(2,2),(2,2),(0.,1.185),(0.,1.),
  .PIECEWISE_BEZIER_KNOTS.);
#15509 = CARTESIAN_POINT('',(0.5925,-1.475,0.725));
#15510 = CARTESIAN_POINT('',(0.559121551758,-1.408243103516,1.2));
#15511 = CARTESIAN_POINT('',(-0.5925,-1.475,0.725));
#15512 = CARTESIAN_POINT('',(-0.559121551758,-1.408243103516,1.2));
#15513 = ADVANCED_FACE('',(#15514),#15525,.T.);
#15514 = FACE_BOUND('',#15515,.T.);
#15515 = EDGE_LOOP('',(#15516,#15517,#15518,#15519));
#15516 = ORIENTED_EDGE('',*,*,#14918,.T.);
#15517 = ORIENTED_EDGE('',*,*,#15394,.T.);
#15518 = ORIENTED_EDGE('',*,*,#15010,.F.);
#15519 = ORIENTED_EDGE('',*,*,#15520,.F.);
#15520 = EDGE_CURVE('',#14911,#15003,#15521,.T.);
#15521 = LINE('',#15522,#15523);
#15522 = CARTESIAN_POINT('',(-0.946201938253,-1.15,0.518412044417));
#15523 = VECTOR('',#15524,1.);
#15524 = DIRECTION('',(1.144237745222E-17,1.,0.));
#15525 = CYLINDRICAL_SURFACE('',#15526,0.25);
#15526 = AXIS2_PLACEMENT_3D('',#15527,#15528,#15529);
#15527 = CARTESIAN_POINT('',(-0.7,-1.15,0.475));
#15528 = DIRECTION('',(-1.144237745222E-17,-1.,0.));
#15529 = DIRECTION('',(-0.984807753012,1.126854202784E-17,0.173648177667
    ));
#15530 = ADVANCED_FACE('',(#15531),#15542,.F.);
#15531 = FACE_BOUND('',#15532,.F.);
#15532 = EDGE_LOOP('',(#15533,#15539,#15540,#15541));
#15533 = ORIENTED_EDGE('',*,*,#15534,.T.);
#15534 = EDGE_CURVE('',#14902,#14994,#15535,.T.);
#15535 = LINE('',#15536,#15537);
#15536 = CARTESIAN_POINT('',(-0.991192795358,-1.15,0.232635182233));
#15537 = VECTOR('',#15538,1.);
#15538 = DIRECTION('',(1.144237745222E-17,1.,0.));
#15539 = ORIENTED_EDGE('',*,*,#15002,.T.);
#15540 = ORIENTED_EDGE('',*,*,#15520,.F.);
#15541 = ORIENTED_EDGE('',*,*,#14910,.F.);
#15542 = PLANE('',#15543);
#15543 = AXIS2_PLACEMENT_3D('',#15544,#15545,#15546);
#15544 = CARTESIAN_POINT('',(-0.991192795358,-1.15,0.232635182233));
#15545 = DIRECTION('',(0.987833053268,-1.130315865527E-17,
    -0.155518033909));
#15546 = DIRECTION('',(0.155518033909,-1.779496044609E-18,0.987833053268
    ));
#15547 = ADVANCED_FACE('',(#15548),#15559,.F.);
#15548 = FACE_BOUND('',#15549,.F.);
#15549 = EDGE_LOOP('',(#15550,#15556,#15557,#15558));
#15550 = ORIENTED_EDGE('',*,*,#15551,.T.);
#15551 = EDGE_CURVE('',#14894,#14986,#15552,.T.);
#15552 = LINE('',#15553,#15554);
#15553 = CARTESIAN_POINT('',(-1.089673570659,-1.15,0.15));
#15554 = VECTOR('',#15555,1.);
#15555 = DIRECTION('',(1.144237745222E-17,1.,0.));
#15556 = ORIENTED_EDGE('',*,*,#14993,.T.);
#15557 = ORIENTED_EDGE('',*,*,#15534,.F.);
#15558 = ORIENTED_EDGE('',*,*,#14901,.F.);
#15559 = CYLINDRICAL_SURFACE('',#15560,0.1);
#15560 = AXIS2_PLACEMENT_3D('',#15561,#15562,#15563);
#15561 = CARTESIAN_POINT('',(-1.089673570659,-1.15,0.25));
#15562 = DIRECTION('',(-1.144237745222E-17,-1.,0.));
#15563 = DIRECTION('',(-2.22044604925E-15,2.540718180781E-32,-1.));
#15564 = ADVANCED_FACE('',(#15565),#15576,.F.);
#15565 = FACE_BOUND('',#15566,.F.);
#15566 = EDGE_LOOP('',(#15567,#15573,#15574,#15575));
#15567 = ORIENTED_EDGE('',*,*,#15568,.T.);
#15568 = EDGE_CURVE('',#14886,#14978,#15569,.T.);
#15569 = LINE('',#15570,#15571);
#15570 = CARTESIAN_POINT('',(-1.25,-1.15,0.15));
#15571 = VECTOR('',#15572,1.);
#15572 = DIRECTION('',(1.144237745222E-17,1.,0.));
#15573 = ORIENTED_EDGE('',*,*,#14985,.T.);
#15574 = ORIENTED_EDGE('',*,*,#15551,.F.);
#15575 = ORIENTED_EDGE('',*,*,#14893,.F.);
#15576 = PLANE('',#15577);
#15577 = AXIS2_PLACEMENT_3D('',#15578,#15579,#15580);
#15578 = CARTESIAN_POINT('',(-1.25,-1.15,0.15));
#15579 = DIRECTION('',(0.,0.,-1.));
#15580 = DIRECTION('',(1.,-1.144237745222E-17,0.));
#15581 = ADVANCED_FACE('',(#15582),#15593,.F.);
#15582 = FACE_BOUND('',#15583,.F.);
#15583 = EDGE_LOOP('',(#15584,#15590,#15591,#15592));
#15584 = ORIENTED_EDGE('',*,*,#15585,.T.);
#15585 = EDGE_CURVE('',#14878,#14970,#15586,.T.);
#15586 = LINE('',#15587,#15588);
#15587 = CARTESIAN_POINT('',(-1.25,-1.15,5.551115123126E-17));
#15588 = VECTOR('',#15589,1.);
#15589 = DIRECTION('',(1.144237745222E-17,1.,0.));
#15590 = ORIENTED_EDGE('',*,*,#14977,.T.);
#15591 = ORIENTED_EDGE('',*,*,#15568,.F.);
#15592 = ORIENTED_EDGE('',*,*,#14885,.F.);
#15593 = PLANE('',#15594);
#15594 = AXIS2_PLACEMENT_3D('',#15595,#15596,#15597);
#15595 = CARTESIAN_POINT('',(-1.25,-1.15,5.551115123126E-17));
#15596 = DIRECTION('',(1.,-1.144237745222E-17,0.));
#15597 = DIRECTION('',(0.,0.,1.));
#15598 = ADVANCED_FACE('',(#15599),#15610,.F.);
#15599 = FACE_BOUND('',#15600,.F.);
#15600 = EDGE_LOOP('',(#15601,#15607,#15608,#15609));
#15601 = ORIENTED_EDGE('',*,*,#15602,.T.);
#15602 = EDGE_CURVE('',#14869,#14961,#15603,.T.);
#15603 = LINE('',#15604,#15605);
#15604 = CARTESIAN_POINT('',(-1.089673570659,-1.15,5.551115123126E-17));
#15605 = VECTOR('',#15606,1.);
#15606 = DIRECTION('',(1.144237745222E-17,1.,0.));
#15607 = ORIENTED_EDGE('',*,*,#14969,.T.);
#15608 = ORIENTED_EDGE('',*,*,#15585,.F.);
#15609 = ORIENTED_EDGE('',*,*,#14877,.F.);
#15610 = PLANE('',#15611);
#15611 = AXIS2_PLACEMENT_3D('',#15612,#15613,#15614);
#15612 = CARTESIAN_POINT('',(-1.089673570659,-1.15,5.551115123126E-17));
#15613 = DIRECTION('',(0.,0.,1.));
#15614 = DIRECTION('',(-1.,1.144237745222E-17,0.));
#15615 = ADVANCED_FACE('',(#15616),#15622,.T.);
#15616 = FACE_BOUND('',#15617,.T.);
#15617 = EDGE_LOOP('',(#15618,#15619,#15620,#15621));
#15618 = ORIENTED_EDGE('',*,*,#14868,.T.);
#15619 = ORIENTED_EDGE('',*,*,#15602,.T.);
#15620 = ORIENTED_EDGE('',*,*,#14960,.F.);
#15621 = ORIENTED_EDGE('',*,*,#14942,.F.);
#15622 = CYLINDRICAL_SURFACE('',#15623,0.25);
#15623 = AXIS2_PLACEMENT_3D('',#15624,#15625,#15626);
#15624 = CARTESIAN_POINT('',(-1.089673570659,-1.15,0.25));
#15625 = DIRECTION('',(-1.144237745222E-17,-1.,0.));
#15626 = DIRECTION('',(0.984807753012,-1.126854202784E-17,
    -0.173648177667));
#15627 = ADVANCED_FACE('',(#15628),#15639,.F.);
#15628 = FACE_BOUND('',#15629,.F.);
#15629 = EDGE_LOOP('',(#15630,#15636,#15637,#15638));
#15630 = ORIENTED_EDGE('',*,*,#15631,.T.);
#15631 = EDGE_CURVE('',#15086,#15178,#15632,.T.);
#15632 = LINE('',#15633,#15634);
#15633 = CARTESIAN_POINT('',(-0.991192795358,0.75,0.232635182233));
#15634 = VECTOR('',#15635,1.);
#15635 = DIRECTION('',(1.144237745222E-17,1.,0.));
#15636 = ORIENTED_EDGE('',*,*,#15186,.T.);
#15637 = ORIENTED_EDGE('',*,*,#15379,.F.);
#15638 = ORIENTED_EDGE('',*,*,#15094,.F.);
#15639 = PLANE('',#15640);
#15640 = AXIS2_PLACEMENT_3D('',#15641,#15642,#15643);
#15641 = CARTESIAN_POINT('',(-0.991192795358,0.75,0.232635182233));
#15642 = DIRECTION('',(0.987833053268,-1.130315865527E-17,
    -0.155518033909));
#15643 = DIRECTION('',(0.155518033909,-1.779496044609E-18,0.987833053268
    ));
#15644 = ADVANCED_FACE('',(#15645),#15656,.F.);
#15645 = FACE_BOUND('',#15646,.F.);
#15646 = EDGE_LOOP('',(#15647,#15653,#15654,#15655));
#15647 = ORIENTED_EDGE('',*,*,#15648,.T.);
#15648 = EDGE_CURVE('',#15078,#15170,#15649,.T.);
#15649 = LINE('',#15650,#15651);
#15650 = CARTESIAN_POINT('',(-1.089673570659,0.75,0.15));
#15651 = VECTOR('',#15652,1.);
#15652 = DIRECTION('',(1.144237745222E-17,1.,0.));
#15653 = ORIENTED_EDGE('',*,*,#15177,.T.);
#15654 = ORIENTED_EDGE('',*,*,#15631,.F.);
#15655 = ORIENTED_EDGE('',*,*,#15085,.F.);
#15656 = CYLINDRICAL_SURFACE('',#15657,0.1);
#15657 = AXIS2_PLACEMENT_3D('',#15658,#15659,#15660);
#15658 = CARTESIAN_POINT('',(-1.089673570659,0.75,0.25));
#15659 = DIRECTION('',(-1.144237745222E-17,-1.,0.));
#15660 = DIRECTION('',(-2.22044604925E-15,2.540718180781E-32,-1.));
#15661 = ADVANCED_FACE('',(#15662),#15673,.F.);
#15662 = FACE_BOUND('',#15663,.F.);
#15663 = EDGE_LOOP('',(#15664,#15670,#15671,#15672));
#15664 = ORIENTED_EDGE('',*,*,#15665,.T.);
#15665 = EDGE_CURVE('',#15070,#15162,#15666,.T.);
#15666 = LINE('',#15667,#15668);
#15667 = CARTESIAN_POINT('',(-1.25,0.75,0.15));
#15668 = VECTOR('',#15669,1.);
#15669 = DIRECTION('',(1.144237745222E-17,1.,0.));
#15670 = ORIENTED_EDGE('',*,*,#15169,.T.);
#15671 = ORIENTED_EDGE('',*,*,#15648,.F.);
#15672 = ORIENTED_EDGE('',*,*,#15077,.F.);
#15673 = PLANE('',#15674);
#15674 = AXIS2_PLACEMENT_3D('',#15675,#15676,#15677);
#15675 = CARTESIAN_POINT('',(-1.25,0.75,0.15));
#15676 = DIRECTION('',(0.,0.,-1.));
#15677 = DIRECTION('',(1.,-1.144237745222E-17,0.));
#15678 = ADVANCED_FACE('',(#15679),#15690,.F.);
#15679 = FACE_BOUND('',#15680,.F.);
#15680 = EDGE_LOOP('',(#15681,#15687,#15688,#15689));
#15681 = ORIENTED_EDGE('',*,*,#15682,.T.);
#15682 = EDGE_CURVE('',#15062,#15154,#15683,.T.);
#15683 = LINE('',#15684,#15685);
#15684 = CARTESIAN_POINT('',(-1.25,0.75,5.551115123126E-17));
#15685 = VECTOR('',#15686,1.);
#15686 = DIRECTION('',(1.144237745222E-17,1.,0.));
#15687 = ORIENTED_EDGE('',*,*,#15161,.T.);
#15688 = ORIENTED_EDGE('',*,*,#15665,.F.);
#15689 = ORIENTED_EDGE('',*,*,#15069,.F.);
#15690 = PLANE('',#15691);
#15691 = AXIS2_PLACEMENT_3D('',#15692,#15693,#15694);
#15692 = CARTESIAN_POINT('',(-1.25,0.75,5.551115123126E-17));
#15693 = DIRECTION('',(1.,-1.144237745222E-17,0.));
#15694 = DIRECTION('',(0.,0.,1.));
#15695 = ADVANCED_FACE('',(#15696),#15707,.F.);
#15696 = FACE_BOUND('',#15697,.F.);
#15697 = EDGE_LOOP('',(#15698,#15704,#15705,#15706));
#15698 = ORIENTED_EDGE('',*,*,#15699,.T.);
#15699 = EDGE_CURVE('',#15053,#15145,#15700,.T.);
#15700 = LINE('',#15701,#15702);
#15701 = CARTESIAN_POINT('',(-1.089673570659,0.75,5.551115123126E-17));
#15702 = VECTOR('',#15703,1.);
#15703 = DIRECTION('',(1.144237745222E-17,1.,0.));
#15704 = ORIENTED_EDGE('',*,*,#15153,.T.);
#15705 = ORIENTED_EDGE('',*,*,#15682,.F.);
#15706 = ORIENTED_EDGE('',*,*,#15061,.F.);
#15707 = PLANE('',#15708);
#15708 = AXIS2_PLACEMENT_3D('',#15709,#15710,#15711);
#15709 = CARTESIAN_POINT('',(-1.089673570659,0.75,5.551115123126E-17));
#15710 = DIRECTION('',(0.,0.,1.));
#15711 = DIRECTION('',(-1.,1.144237745222E-17,0.));
#15712 = ADVANCED_FACE('',(#15713),#15719,.T.);
#15713 = FACE_BOUND('',#15714,.T.);
#15714 = EDGE_LOOP('',(#15715,#15716,#15717,#15718));
#15715 = ORIENTED_EDGE('',*,*,#15052,.T.);
#15716 = ORIENTED_EDGE('',*,*,#15699,.T.);
#15717 = ORIENTED_EDGE('',*,*,#15144,.F.);
#15718 = ORIENTED_EDGE('',*,*,#15126,.F.);
#15719 = CYLINDRICAL_SURFACE('',#15720,0.25);
#15720 = AXIS2_PLACEMENT_3D('',#15721,#15722,#15723);
#15721 = CARTESIAN_POINT('',(-1.089673570659,0.75,0.25));
#15722 = DIRECTION('',(-1.144237745222E-17,-1.,0.));
#15723 = DIRECTION('',(0.984807753012,-1.126854202784E-17,
    -0.173648177667));
#15724 = ADVANCED_FACE('',(#15725),#15736,.F.);
#15725 = FACE_BOUND('',#15726,.F.);
#15726 = EDGE_LOOP('',(#15727,#15733,#15734,#15735));
#15727 = ORIENTED_EDGE('',*,*,#15728,.T.);
#15728 = EDGE_CURVE('',#15253,#15345,#15729,.T.);
#15729 = LINE('',#15730,#15731);
#15730 = CARTESIAN_POINT('',(0.991192795358,0.2,0.232635182233));
#15731 = VECTOR('',#15732,1.);
#15732 = DIRECTION('',(1.110223024625E-16,-1.,0.));
#15733 = ORIENTED_EDGE('',*,*,#15353,.T.);
#15734 = ORIENTED_EDGE('',*,*,#15491,.F.);
#15735 = ORIENTED_EDGE('',*,*,#15261,.F.);
#15736 = PLANE('',#15737);
#15737 = AXIS2_PLACEMENT_3D('',#15738,#15739,#15740);
#15738 = CARTESIAN_POINT('',(0.991192795358,0.2,0.232635182233));
#15739 = DIRECTION('',(-0.987833053268,-1.096715000224E-16,
    -0.155518033909));
#15740 = DIRECTION('',(-0.155518033909,-1.726597019897E-17,
    0.987833053268));
#15741 = ADVANCED_FACE('',(#15742),#15753,.F.);
#15742 = FACE_BOUND('',#15743,.F.);
#15743 = EDGE_LOOP('',(#15744,#15750,#15751,#15752));
#15744 = ORIENTED_EDGE('',*,*,#15745,.T.);
#15745 = EDGE_CURVE('',#15245,#15337,#15746,.T.);
#15746 = LINE('',#15747,#15748);
#15747 = CARTESIAN_POINT('',(1.089673570659,0.2,0.15));
#15748 = VECTOR('',#15749,1.);
#15749 = DIRECTION('',(1.110223024625E-16,-1.,0.));
#15750 = ORIENTED_EDGE('',*,*,#15344,.T.);
#15751 = ORIENTED_EDGE('',*,*,#15728,.F.);
#15752 = ORIENTED_EDGE('',*,*,#15252,.F.);
#15753 = CYLINDRICAL_SURFACE('',#15754,0.1);
#15754 = AXIS2_PLACEMENT_3D('',#15755,#15756,#15757);
#15755 = CARTESIAN_POINT('',(1.089673570659,0.2,0.25));
#15756 = DIRECTION('',(-1.110223024625E-16,1.,0.));
#15757 = DIRECTION('',(2.22044604925E-15,2.465190328815E-31,-1.));
#15758 = ADVANCED_FACE('',(#15759),#15770,.F.);
#15759 = FACE_BOUND('',#15760,.F.);
#15760 = EDGE_LOOP('',(#15761,#15767,#15768,#15769));
#15761 = ORIENTED_EDGE('',*,*,#15762,.T.);
#15762 = EDGE_CURVE('',#15237,#15329,#15763,.T.);
#15763 = LINE('',#15764,#15765);
#15764 = CARTESIAN_POINT('',(1.25,0.2,0.15));
#15765 = VECTOR('',#15766,1.);
#15766 = DIRECTION('',(1.110223024625E-16,-1.,0.));
#15767 = ORIENTED_EDGE('',*,*,#15336,.T.);
#15768 = ORIENTED_EDGE('',*,*,#15745,.F.);
#15769 = ORIENTED_EDGE('',*,*,#15244,.F.);
#15770 = PLANE('',#15771);
#15771 = AXIS2_PLACEMENT_3D('',#15772,#15773,#15774);
#15772 = CARTESIAN_POINT('',(1.25,0.2,0.15));
#15773 = DIRECTION('',(0.,0.,-1.));
#15774 = DIRECTION('',(-1.,-1.110223024625E-16,-0.));
#15775 = ADVANCED_FACE('',(#15776),#15787,.F.);
#15776 = FACE_BOUND('',#15777,.F.);
#15777 = EDGE_LOOP('',(#15778,#15784,#15785,#15786));
#15778 = ORIENTED_EDGE('',*,*,#15779,.T.);
#15779 = EDGE_CURVE('',#15229,#15321,#15780,.T.);
#15780 = LINE('',#15781,#15782);
#15781 = CARTESIAN_POINT('',(1.25,0.2,5.551115123126E-17));
#15782 = VECTOR('',#15783,1.);
#15783 = DIRECTION('',(1.110223024625E-16,-1.,0.));
#15784 = ORIENTED_EDGE('',*,*,#15328,.T.);
#15785 = ORIENTED_EDGE('',*,*,#15762,.F.);
#15786 = ORIENTED_EDGE('',*,*,#15236,.F.);
#15787 = PLANE('',#15788);
#15788 = AXIS2_PLACEMENT_3D('',#15789,#15790,#15791);
#15789 = CARTESIAN_POINT('',(1.25,0.2,5.551115123126E-17));
#15790 = DIRECTION('',(-1.,-1.110223024625E-16,0.));
#15791 = DIRECTION('',(0.,0.,1.));
#15792 = ADVANCED_FACE('',(#15793),#15804,.F.);
#15793 = FACE_BOUND('',#15794,.F.);
#15794 = EDGE_LOOP('',(#15795,#15801,#15802,#15803));
#15795 = ORIENTED_EDGE('',*,*,#15796,.T.);
#15796 = EDGE_CURVE('',#15220,#15312,#15797,.T.);
#15797 = LINE('',#15798,#15799);
#15798 = CARTESIAN_POINT('',(1.089673570659,0.2,5.551115123126E-17));
#15799 = VECTOR('',#15800,1.);
#15800 = DIRECTION('',(1.110223024625E-16,-1.,0.));
#15801 = ORIENTED_EDGE('',*,*,#15320,.T.);
#15802 = ORIENTED_EDGE('',*,*,#15779,.F.);
#15803 = ORIENTED_EDGE('',*,*,#15228,.F.);
#15804 = PLANE('',#15805);
#15805 = AXIS2_PLACEMENT_3D('',#15806,#15807,#15808);
#15806 = CARTESIAN_POINT('',(1.089673570659,0.2,5.551115123126E-17));
#15807 = DIRECTION('',(0.,0.,1.));
#15808 = DIRECTION('',(1.,1.110223024625E-16,-0.));
#15809 = ADVANCED_FACE('',(#15810),#15816,.T.);
#15810 = FACE_BOUND('',#15811,.T.);
#15811 = EDGE_LOOP('',(#15812,#15813,#15814,#15815));
#15812 = ORIENTED_EDGE('',*,*,#15219,.T.);
#15813 = ORIENTED_EDGE('',*,*,#15796,.T.);
#15814 = ORIENTED_EDGE('',*,*,#15311,.F.);
#15815 = ORIENTED_EDGE('',*,*,#15293,.F.);
#15816 = CYLINDRICAL_SURFACE('',#15817,0.25);
#15817 = AXIS2_PLACEMENT_3D('',#15818,#15819,#15820);
#15818 = CARTESIAN_POINT('',(1.089673570659,0.2,0.25));
#15819 = DIRECTION('',(-1.110223024625E-16,1.,0.));
#15820 = DIRECTION('',(-0.984807753012,-1.093356242223E-16,
    -0.173648177667));
#15821 = ADVANCED_FACE('',(#15822),#15825,.F.);
#15822 = FACE_BOUND('',#15823,.T.);
#15823 = EDGE_LOOP('',(#15824));
#15824 = ORIENTED_EDGE('',*,*,#15439,.F.);
#15825 = PLANE('',#15826);
#15826 = AXIS2_PLACEMENT_3D('',#15827,#15828,#15829);
#15827 = CARTESIAN_POINT('',(-0.428243103516,1.228243103516,1.2));
#15828 = DIRECTION('',(0.,0.,-1.));
#15829 = DIRECTION('',(1.110223024625E-16,-1.,0.));
#15830 = ( GEOMETRIC_REPRESENTATION_CONTEXT(3) 
GLOBAL_UNCERTAINTY_ASSIGNED_CONTEXT((#15834)) 
GLOBAL_UNIT_ASSIGNED_CONTEXT((#15831,#15832,#15833)) 
REPRESENTATION_CONTEXT('Context #1',
  '3D Context with UNIT and UNCERTAINTY') );
#15831 = ( LENGTH_UNIT() NAMED_UNIT(*) SI_UNIT(.MILLI.,.METRE.) );
#15832 = ( NAMED_UNIT(*) PLANE_ANGLE_UNIT() SI_UNIT($,.RADIAN.) );
#15833 = ( NAMED_UNIT(*) SI_UNIT($,.STERADIAN.) SOLID_ANGLE_UNIT() );
#15834 = UNCERTAINTY_MEASURE_WITH_UNIT(LENGTH_MEASURE(1.E-07),#15831,
  'distance_accuracy_value','confusion accuracy');
#15835 = CONTEXT_DEPENDENT_SHAPE_REPRESENTATION(#15836,#15838);
#15836 = ( REPRESENTATION_RELATIONSHIP('','',#13847,#10) 
REPRESENTATION_RELATIONSHIP_WITH_TRANSFORMATION(#15837) 
SHAPE_REPRESENTATION_RELATIONSHIP() );
#15837 = ITEM_DEFINED_TRANSFORMATION('','',#11,#59);
#15838 = PRODUCT_DEFINITION_SHAPE('Placement','Placement of an item',
  #15839);
#15839 = NEXT_ASSEMBLY_USAGE_OCCURRENCE('12','Q1','',#5,#13842,$);
#15840 = PRODUCT_RELATED_PRODUCT_CATEGORY('part',$,(#13844));
#15841 = SHAPE_DEFINITION_REPRESENTATION(#15842,#15848);
#15842 = PRODUCT_DEFINITION_SHAPE('','',#15843);
#15843 = PRODUCT_DEFINITION('design','',#15844,#15847);
#15844 = PRODUCT_DEFINITION_FORMATION('','',#15845);
#15845 = PRODUCT('D_MiniMELF','D_MiniMELF','',(#15846));
#15846 = PRODUCT_CONTEXT('',#2,'mechanical');
#15847 = PRODUCT_DEFINITION_CONTEXT('part definition',#2,'design');
#15848 = ADVANCED_BREP_SHAPE_REPRESENTATION('',(#11,#15849),#16142);
#15849 = MANIFOLD_SOLID_BREP('',#15850);
#15850 = CLOSED_SHELL('',(#15851,#15884,#15904,#15924,#15949,#15974,
    #15994,#16014,#16039,#16064,#16094,#16124,#16133));
#15851 = ADVANCED_FACE('',(#15852),#15879,.T.);
#15852 = FACE_BOUND('',#15853,.T.);
#15853 = EDGE_LOOP('',(#15854,#15864,#15871,#15872));
#15854 = ORIENTED_EDGE('',*,*,#15855,.T.);
#15855 = EDGE_CURVE('',#15856,#15858,#15860,.T.);
#15856 = VERTEX_POINT('',#15857);
#15857 = CARTESIAN_POINT('',(-0.52,-4.502971492425E-17,
    4.502971492425E-17));
#15858 = VERTEX_POINT('',#15859);
#15859 = CARTESIAN_POINT('',(-0.72,-6.234883604896E-17,
    6.234883604896E-17));
#15860 = LINE('',#15861,#15862);
#15861 = CARTESIAN_POINT('',(-0.52,-4.502971492425E-17,
    4.502971492425E-17));
#15862 = VECTOR('',#15863,1.);
#15863 = DIRECTION('',(-1.,-8.659560562355E-17,8.659560562355E-17));
#15864 = ORIENTED_EDGE('',*,*,#15865,.T.);
#15865 = EDGE_CURVE('',#15858,#15858,#15866,.T.);
#15866 = CIRCLE('',#15867,0.7);
#15867 = AXIS2_PLACEMENT_3D('',#15868,#15869,#15870);
#15868 = CARTESIAN_POINT('',(-0.72,-6.234883604896E-17,0.7));
#15869 = DIRECTION('',(1.,8.659560562355E-17,-8.659560562355E-17));
#15870 = DIRECTION('',(-8.659560562355E-17,-7.395570986447E-32,-1.));
#15871 = ORIENTED_EDGE('',*,*,#15855,.F.);
#15872 = ORIENTED_EDGE('',*,*,#15873,.F.);
#15873 = EDGE_CURVE('',#15856,#15856,#15874,.T.);
#15874 = CIRCLE('',#15875,0.7);
#15875 = AXIS2_PLACEMENT_3D('',#15876,#15877,#15878);
#15876 = CARTESIAN_POINT('',(-0.52,-4.502971492425E-17,0.7));
#15877 = DIRECTION('',(1.,8.659560562355E-17,-8.659560562355E-17));
#15878 = DIRECTION('',(-8.659560562355E-17,-9.860761315263E-32,-1.));
#15879 = CYLINDRICAL_SURFACE('',#15880,0.7);
#15880 = AXIS2_PLACEMENT_3D('',#15881,#15882,#15883);
#15881 = CARTESIAN_POINT('',(-0.52,-4.502971492425E-17,0.7));
#15882 = DIRECTION('',(-1.,-8.659560562355E-17,8.659560562355E-17));
#15883 = DIRECTION('',(-8.659560562355E-17,-9.860761315263E-32,-1.));
#15884 = ADVANCED_FACE('',(#15885,#15888),#15899,.T.);
#15885 = FACE_BOUND('',#15886,.F.);
#15886 = EDGE_LOOP('',(#15887));
#15887 = ORIENTED_EDGE('',*,*,#15873,.F.);
#15888 = FACE_BOUND('',#15889,.F.);
#15889 = EDGE_LOOP('',(#15890));
#15890 = ORIENTED_EDGE('',*,*,#15891,.F.);
#15891 = EDGE_CURVE('',#15892,#15892,#15894,.T.);
#15892 = VERTEX_POINT('',#15893);
#15893 = CARTESIAN_POINT('',(-0.52,1.110223024625E-17,2.5E-02));
#15894 = CIRCLE('',#15895,0.675);
#15895 = AXIS2_PLACEMENT_3D('',#15896,#15897,#15898);
#15896 = CARTESIAN_POINT('',(-0.52,3.10862446895E-16,0.7));
#15897 = DIRECTION('',(-1.,-0.,0.));
#15898 = DIRECTION('',(0.,-4.440892098501E-16,-1.));
#15899 = PLANE('',#15900);
#15900 = AXIS2_PLACEMENT_3D('',#15901,#15902,#15903);
#15901 = CARTESIAN_POINT('',(-0.52,-4.502971492425E-17,0.7));
#15902 = DIRECTION('',(1.,8.659560562355E-17,-8.659560562355E-17));
#15903 = DIRECTION('',(-8.659560562355E-17,1.7080354225E-17,-1.));
#15904 = ADVANCED_FACE('',(#15905,#15908),#15919,.T.);
#15905 = FACE_BOUND('',#15906,.F.);
#15906 = EDGE_LOOP('',(#15907));
#15907 = ORIENTED_EDGE('',*,*,#15865,.T.);
#15908 = FACE_BOUND('',#15909,.F.);
#15909 = EDGE_LOOP('',(#15910));
#15910 = ORIENTED_EDGE('',*,*,#15911,.T.);
#15911 = EDGE_CURVE('',#15912,#15912,#15914,.T.);
#15912 = VERTEX_POINT('',#15913);
#15913 = CARTESIAN_POINT('',(-0.72,1.110223024625E-17,2.5E-02));
#15914 = CIRCLE('',#15915,0.675);
#15915 = AXIS2_PLACEMENT_3D('',#15916,#15917,#15918);
#15916 = CARTESIAN_POINT('',(-0.72,3.10862446895E-16,0.7));
#15917 = DIRECTION('',(-1.,-0.,0.));
#15918 = DIRECTION('',(0.,-4.440892098501E-16,-1.));
#15919 = PLANE('',#15920);
#15920 = AXIS2_PLACEMENT_3D('',#15921,#15922,#15923);
#15921 = CARTESIAN_POINT('',(-0.72,-6.234883604896E-17,0.7));
#15922 = DIRECTION('',(-1.,-8.659560562355E-17,8.659560562355E-17));
#15923 = DIRECTION('',(8.659560562355E-17,7.395570986447E-32,1.));
#15924 = ADVANCED_FACE('',(#15925),#15944,.T.);
#15925 = FACE_BOUND('',#15926,.T.);
#15926 = EDGE_LOOP('',(#15927,#15936,#15942,#15943));
#15927 = ORIENTED_EDGE('',*,*,#15928,.T.);
#15928 = EDGE_CURVE('',#15929,#15929,#15931,.T.);
#15929 = VERTEX_POINT('',#15930);
#15930 = CARTESIAN_POINT('',(0.9,1.110223024625E-17,2.5E-02));
#15931 = CIRCLE('',#15932,0.675);
#15932 = AXIS2_PLACEMENT_3D('',#15933,#15934,#15935);
#15933 = CARTESIAN_POINT('',(0.9,3.10862446895E-16,0.7));
#15934 = DIRECTION('',(-1.,-0.,0.));
#15935 = DIRECTION('',(0.,-4.440892098501E-16,-1.));
#15936 = ORIENTED_EDGE('',*,*,#15937,.T.);
#15937 = EDGE_CURVE('',#15929,#15892,#15938,.T.);
#15938 = LINE('',#15939,#15940);
#15939 = CARTESIAN_POINT('',(1.35,1.110223024625E-17,2.5E-02));
#15940 = VECTOR('',#15941,1.);
#15941 = DIRECTION('',(-1.,0.,0.));
#15942 = ORIENTED_EDGE('',*,*,#15891,.F.);
#15943 = ORIENTED_EDGE('',*,*,#15937,.F.);
#15944 = CYLINDRICAL_SURFACE('',#15945,0.675);
#15945 = AXIS2_PLACEMENT_3D('',#15946,#15947,#15948);
#15946 = CARTESIAN_POINT('',(1.35,3.10862446895E-16,0.7));
#15947 = DIRECTION('',(-1.,0.,-0.));
#15948 = DIRECTION('',(0.,-4.440892098501E-16,-1.));
#15949 = ADVANCED_FACE('',(#15950),#15969,.T.);
#15950 = FACE_BOUND('',#15951,.T.);
#15951 = EDGE_LOOP('',(#15952,#15953,#15961,#15968));
#15952 = ORIENTED_EDGE('',*,*,#15911,.T.);
#15953 = ORIENTED_EDGE('',*,*,#15954,.T.);
#15954 = EDGE_CURVE('',#15912,#15955,#15957,.T.);
#15955 = VERTEX_POINT('',#15956);
#15956 = CARTESIAN_POINT('',(-0.9,1.110223024625E-17,2.5E-02));
#15957 = LINE('',#15958,#15959);
#15958 = CARTESIAN_POINT('',(1.35,1.110223024625E-17,2.5E-02));
#15959 = VECTOR('',#15960,1.);
#15960 = DIRECTION('',(-1.,0.,0.));
#15961 = ORIENTED_EDGE('',*,*,#15962,.F.);
#15962 = EDGE_CURVE('',#15955,#15955,#15963,.T.);
#15963 = CIRCLE('',#15964,0.675);
#15964 = AXIS2_PLACEMENT_3D('',#15965,#15966,#15967);
#15965 = CARTESIAN_POINT('',(-0.9,3.10862446895E-16,0.7));
#15966 = DIRECTION('',(-1.,-0.,0.));
#15967 = DIRECTION('',(0.,-4.440892098501E-16,-1.));
#15968 = ORIENTED_EDGE('',*,*,#15954,.F.);
#15969 = CYLINDRICAL_SURFACE('',#15970,0.675);
#15970 = AXIS2_PLACEMENT_3D('',#15971,#15972,#15973);
#15971 = CARTESIAN_POINT('',(1.35,3.10862446895E-16,0.7));
#15972 = DIRECTION('',(-1.,0.,-0.));
#15973 = DIRECTION('',(0.,-4.440892098501E-16,-1.));
#15974 = ADVANCED_FACE('',(#15975,#15986),#15989,.T.);
#15975 = FACE_BOUND('',#15976,.T.);
#15976 = EDGE_LOOP('',(#15977));
#15977 = ORIENTED_EDGE('',*,*,#15978,.T.);
#15978 = EDGE_CURVE('',#15979,#15979,#15981,.T.);
#15979 = VERTEX_POINT('',#15980);
#15980 = CARTESIAN_POINT('',(0.9,0.,0.));
#15981 = CIRCLE('',#15982,0.7);
#15982 = AXIS2_PLACEMENT_3D('',#15983,#15984,#15985);
#15983 = CARTESIAN_POINT('',(0.9,3.10862446895E-16,0.7));
#15984 = DIRECTION('',(-1.,-0.,0.));
#15985 = DIRECTION('',(0.,-4.440892098501E-16,-1.));
#15986 = FACE_BOUND('',#15987,.T.);
#15987 = EDGE_LOOP('',(#15988));
#15988 = ORIENTED_EDGE('',*,*,#15928,.F.);
#15989 = PLANE('',#15990);
#15990 = AXIS2_PLACEMENT_3D('',#15991,#15992,#15993);
#15991 = CARTESIAN_POINT('',(0.9,3.10862446895E-16,0.7));
#15992 = DIRECTION('',(-1.,0.,-0.));
#15993 = DIRECTION('',(0.,-4.440892098501E-16,-1.));
#15994 = ADVANCED_FACE('',(#15995,#16006),#16009,.F.);
#15995 = FACE_BOUND('',#15996,.F.);
#15996 = EDGE_LOOP('',(#15997));
#15997 = ORIENTED_EDGE('',*,*,#15998,.T.);
#15998 = EDGE_CURVE('',#15999,#15999,#16001,.T.);
#15999 = VERTEX_POINT('',#16000);
#16000 = CARTESIAN_POINT('',(-0.9,0.,0.));
#16001 = CIRCLE('',#16002,0.7);
#16002 = AXIS2_PLACEMENT_3D('',#16003,#16004,#16005);
#16003 = CARTESIAN_POINT('',(-0.9,3.10862446895E-16,0.7));
#16004 = DIRECTION('',(-1.,-0.,0.));
#16005 = DIRECTION('',(0.,-4.440892098501E-16,-1.));
#16006 = FACE_BOUND('',#16007,.F.);
#16007 = EDGE_LOOP('',(#16008));
#16008 = ORIENTED_EDGE('',*,*,#15962,.F.);
#16009 = PLANE('',#16010);
#16010 = AXIS2_PLACEMENT_3D('',#16011,#16012,#16013);
#16011 = CARTESIAN_POINT('',(-0.9,3.10862446895E-16,0.7));
#16012 = DIRECTION('',(-1.,0.,-0.));
#16013 = DIRECTION('',(0.,-4.440892098501E-16,-1.));
#16014 = ADVANCED_FACE('',(#16015),#16034,.T.);
#16015 = FACE_BOUND('',#16016,.T.);
#16016 = EDGE_LOOP('',(#16017,#16025,#16032,#16033));
#16017 = ORIENTED_EDGE('',*,*,#16018,.T.);
#16018 = EDGE_CURVE('',#15979,#16019,#16021,.T.);
#16019 = VERTEX_POINT('',#16020);
#16020 = CARTESIAN_POINT('',(1.7,0.,0.));
#16021 = LINE('',#16022,#16023);
#16022 = CARTESIAN_POINT('',(0.9,4.440892098501E-33,1.E-17));
#16023 = VECTOR('',#16024,1.);
#16024 = DIRECTION('',(1.,0.,0.));
#16025 = ORIENTED_EDGE('',*,*,#16026,.T.);
#16026 = EDGE_CURVE('',#16019,#16019,#16027,.T.);
#16027 = CIRCLE('',#16028,0.7);
#16028 = AXIS2_PLACEMENT_3D('',#16029,#16030,#16031);
#16029 = CARTESIAN_POINT('',(1.7,3.10862446895E-16,0.7));
#16030 = DIRECTION('',(-1.,-0.,0.));
#16031 = DIRECTION('',(0.,-4.440892098501E-16,-1.));
#16032 = ORIENTED_EDGE('',*,*,#16018,.F.);
#16033 = ORIENTED_EDGE('',*,*,#15978,.F.);
#16034 = CYLINDRICAL_SURFACE('',#16035,0.7);
#16035 = AXIS2_PLACEMENT_3D('',#16036,#16037,#16038);
#16036 = CARTESIAN_POINT('',(0.9,3.10862446895E-16,0.7));
#16037 = DIRECTION('',(1.,0.,0.));
#16038 = DIRECTION('',(0.,-4.440892098501E-16,-1.));
#16039 = ADVANCED_FACE('',(#16040),#16059,.T.);
#16040 = FACE_BOUND('',#16041,.T.);
#16041 = EDGE_LOOP('',(#16042,#16050,#16051,#16052));
#16042 = ORIENTED_EDGE('',*,*,#16043,.T.);
#16043 = EDGE_CURVE('',#16044,#15999,#16046,.T.);
#16044 = VERTEX_POINT('',#16045);
#16045 = CARTESIAN_POINT('',(-1.7,0.,0.));
#16046 = LINE('',#16047,#16048);
#16047 = CARTESIAN_POINT('',(-1.7,-1.33226762955E-32,-3.E-17));
#16048 = VECTOR('',#16049,1.);
#16049 = DIRECTION('',(1.,0.,0.));
#16050 = ORIENTED_EDGE('',*,*,#15998,.T.);
#16051 = ORIENTED_EDGE('',*,*,#16043,.F.);
#16052 = ORIENTED_EDGE('',*,*,#16053,.F.);
#16053 = EDGE_CURVE('',#16044,#16044,#16054,.T.);
#16054 = CIRCLE('',#16055,0.7);
#16055 = AXIS2_PLACEMENT_3D('',#16056,#16057,#16058);
#16056 = CARTESIAN_POINT('',(-1.7,3.10862446895E-16,0.7));
#16057 = DIRECTION('',(-1.,-0.,0.));
#16058 = DIRECTION('',(0.,-4.440892098501E-16,-1.));
#16059 = CYLINDRICAL_SURFACE('',#16060,0.7);
#16060 = AXIS2_PLACEMENT_3D('',#16061,#16062,#16063);
#16061 = CARTESIAN_POINT('',(-1.7,3.10862446895E-16,0.7));
#16062 = DIRECTION('',(1.,0.,0.));
#16063 = DIRECTION('',(0.,-4.440892098501E-16,-1.));
#16064 = ADVANCED_FACE('',(#16065),#16085,.F.);
#16065 = FACE_BOUND('',#16066,.F.);
#16066 = EDGE_LOOP('',(#16067,#16068,#16077,#16084));
#16067 = ORIENTED_EDGE('',*,*,#16026,.T.);
#16068 = ORIENTED_EDGE('',*,*,#16069,.T.);
#16069 = EDGE_CURVE('',#16019,#16070,#16072,.T.);
#16070 = VERTEX_POINT('',#16071);
#16071 = CARTESIAN_POINT('',(1.8,4.440892098501E-17,0.1));
#16072 = CIRCLE('',#16073,0.1);
#16073 = AXIS2_PLACEMENT_3D('',#16074,#16075,#16076);
#16074 = CARTESIAN_POINT('',(1.7,4.440892098501E-17,0.1));
#16075 = DIRECTION('',(0.,-1.,4.440892098501E-16));
#16076 = DIRECTION('',(1.,0.,0.));
#16077 = ORIENTED_EDGE('',*,*,#16078,.F.);
#16078 = EDGE_CURVE('',#16070,#16070,#16079,.T.);
#16079 = CIRCLE('',#16080,0.6);
#16080 = AXIS2_PLACEMENT_3D('',#16081,#16082,#16083);
#16081 = CARTESIAN_POINT('',(1.8,3.10862446895E-16,0.7));
#16082 = DIRECTION('',(-1.,-0.,0.));
#16083 = DIRECTION('',(0.,-4.440892098501E-16,-1.));
#16084 = ORIENTED_EDGE('',*,*,#16069,.F.);
#16085 = SURFACE_OF_REVOLUTION('',#16086,#16091);
#16086 = CIRCLE('',#16087,0.1);
#16087 = AXIS2_PLACEMENT_3D('',#16088,#16089,#16090);
#16088 = CARTESIAN_POINT('',(1.7,4.440892098501E-17,0.1));
#16089 = DIRECTION('',(0.,-1.,4.440892098501E-16));
#16090 = DIRECTION('',(1.,0.,0.));
#16091 = AXIS1_PLACEMENT('',#16092,#16093);
#16092 = CARTESIAN_POINT('',(-8.2,3.10862446895E-16,0.7));
#16093 = DIRECTION('',(-1.,0.,-0.));
#16094 = ADVANCED_FACE('',(#16095),#16115,.F.);
#16095 = FACE_BOUND('',#16096,.F.);
#16096 = EDGE_LOOP('',(#16097,#16106,#16113,#16114));
#16097 = ORIENTED_EDGE('',*,*,#16098,.T.);
#16098 = EDGE_CURVE('',#16099,#16099,#16101,.T.);
#16099 = VERTEX_POINT('',#16100);
#16100 = CARTESIAN_POINT('',(-1.8,4.440892098501E-17,0.1));
#16101 = CIRCLE('',#16102,0.6);
#16102 = AXIS2_PLACEMENT_3D('',#16103,#16104,#16105);
#16103 = CARTESIAN_POINT('',(-1.8,3.10862446895E-16,0.7));
#16104 = DIRECTION('',(-1.,-0.,0.));
#16105 = DIRECTION('',(0.,-4.440892098501E-16,-1.));
#16106 = ORIENTED_EDGE('',*,*,#16107,.T.);
#16107 = EDGE_CURVE('',#16099,#16044,#16108,.T.);
#16108 = CIRCLE('',#16109,0.1);
#16109 = AXIS2_PLACEMENT_3D('',#16110,#16111,#16112);
#16110 = CARTESIAN_POINT('',(-1.7,4.440892098501E-17,0.1));
#16111 = DIRECTION('',(0.,-1.,4.440892098501E-16));
#16112 = DIRECTION('',(1.,0.,0.));
#16113 = ORIENTED_EDGE('',*,*,#16053,.F.);
#16114 = ORIENTED_EDGE('',*,*,#16107,.F.);
#16115 = SURFACE_OF_REVOLUTION('',#16116,#16121);
#16116 = CIRCLE('',#16117,0.1);
#16117 = AXIS2_PLACEMENT_3D('',#16118,#16119,#16120);
#16118 = CARTESIAN_POINT('',(-1.7,4.440892098501E-17,0.1));
#16119 = DIRECTION('',(0.,-1.,4.440892098501E-16));
#16120 = DIRECTION('',(1.,0.,0.));
#16121 = AXIS1_PLACEMENT('',#16122,#16123);
#16122 = CARTESIAN_POINT('',(-8.2,3.10862446895E-16,0.7));
#16123 = DIRECTION('',(-1.,0.,-0.));
#16124 = ADVANCED_FACE('',(#16125),#16128,.F.);
#16125 = FACE_BOUND('',#16126,.F.);
#16126 = EDGE_LOOP('',(#16127));
#16127 = ORIENTED_EDGE('',*,*,#16078,.T.);
#16128 = PLANE('',#16129);
#16129 = AXIS2_PLACEMENT_3D('',#16130,#16131,#16132);
#16130 = CARTESIAN_POINT('',(1.8,3.10862446895E-16,0.7));
#16131 = DIRECTION('',(-1.,0.,-0.));
#16132 = DIRECTION('',(0.,-4.440892098501E-16,-1.));
#16133 = ADVANCED_FACE('',(#16134),#16137,.T.);
#16134 = FACE_BOUND('',#16135,.F.);
#16135 = EDGE_LOOP('',(#16136));
#16136 = ORIENTED_EDGE('',*,*,#16098,.F.);
#16137 = PLANE('',#16138);
#16138 = AXIS2_PLACEMENT_3D('',#16139,#16140,#16141);
#16139 = CARTESIAN_POINT('',(-1.8,3.10862446895E-16,0.7));
#16140 = DIRECTION('',(-1.,0.,-0.));
#16141 = DIRECTION('',(0.,-4.440892098501E-16,-1.));
#16142 = ( GEOMETRIC_REPRESENTATION_CONTEXT(3) 
GLOBAL_UNCERTAINTY_ASSIGNED_CONTEXT((#16146)) 
GLOBAL_UNIT_ASSIGNED_CONTEXT((#16143,#16144,#16145)) 
REPRESENTATION_CONTEXT('Context #1',
  '3D Context with UNIT and UNCERTAINTY') );
#16143 = ( LENGTH_UNIT() NAMED_UNIT(*) SI_UNIT(.MILLI.,.METRE.) );
#16144 = ( NAMED_UNIT(*) PLANE_ANGLE_UNIT() SI_UNIT($,.RADIAN.) );
#16145 = ( NAMED_UNIT(*) SI_UNIT($,.STERADIAN.) SOLID_ANGLE_UNIT() );
#16146 = UNCERTAINTY_MEASURE_WITH_UNIT(LENGTH_MEASURE(1.E-07),#16143,
  'distance_accuracy_value','confusion accuracy');
#16147 = CONTEXT_DEPENDENT_SHAPE_REPRESENTATION(#16148,#16150);
#16148 = ( REPRESENTATION_RELATIONSHIP('','',#15848,#10) 
REPRESENTATION_RELATIONSHIP_WITH_TRANSFORMATION(#16149) 
SHAPE_REPRESENTATION_RELATIONSHIP() );
#16149 = ITEM_DEFINED_TRANSFORMATION('','',#11,#63);
#16150 = PRODUCT_DEFINITION_SHAPE('Placement','Placement of an item',
  #16151);
#16151 = NEXT_ASSEMBLY_USAGE_OCCURRENCE('13','D7','',#5,#15843,$);
#16152 = PRODUCT_RELATED_PRODUCT_CATEGORY('part',$,(#15845));
#16153 = CONTEXT_DEPENDENT_SHAPE_REPRESENTATION(#16154,#16156);
#16154 = ( REPRESENTATION_RELATIONSHIP('','',#15848,#10) 
REPRESENTATION_RELATIONSHIP_WITH_TRANSFORMATION(#16155) 
SHAPE_REPRESENTATION_RELATIONSHIP() );
#16155 = ITEM_DEFINED_TRANSFORMATION('','',#11,#67);
#16156 = PRODUCT_DEFINITION_SHAPE('Placement','Placement of an item',
  #16157);
#16157 = NEXT_ASSEMBLY_USAGE_OCCURRENCE('14','D5','',#5,#15843,$);
#16158 = CONTEXT_DEPENDENT_SHAPE_REPRESENTATION(#16159,#16161);
#16159 = ( REPRESENTATION_RELATIONSHIP('','',#104,#10) 
REPRESENTATION_RELATIONSHIP_WITH_TRANSFORMATION(#16160) 
SHAPE_REPRESENTATION_RELATIONSHIP() );
#16160 = ITEM_DEFINED_TRANSFORMATION('','',#11,#71);
#16161 = PRODUCT_DEFINITION_SHAPE('Placement','Placement of an item',
  #16162);
#16162 = NEXT_ASSEMBLY_USAGE_OCCURRENCE('15','R3','',#5,#99,$);
#16163 = CONTEXT_DEPENDENT_SHAPE_REPRESENTATION(#16164,#16166);
#16164 = ( REPRESENTATION_RELATIONSHIP('','',#9897,#10) 
REPRESENTATION_RELATIONSHIP_WITH_TRANSFORMATION(#16165) 
SHAPE_REPRESENTATION_RELATIONSHIP() );
#16165 = ITEM_DEFINED_TRANSFORMATION('','',#11,#75);
#16166 = PRODUCT_DEFINITION_SHAPE('Placement','Placement of an item',
  #16167);
#16167 = NEXT_ASSEMBLY_USAGE_OCCURRENCE('16','D3','',#5,#9892,$);
#16168 = CONTEXT_DEPENDENT_SHAPE_REPRESENTATION(#16169,#16171);
#16169 = ( REPRESENTATION_RELATIONSHIP('','',#15848,#10) 
REPRESENTATION_RELATIONSHIP_WITH_TRANSFORMATION(#16170) 
SHAPE_REPRESENTATION_RELATIONSHIP() );
#16170 = ITEM_DEFINED_TRANSFORMATION('','',#11,#79);
#16171 = PRODUCT_DEFINITION_SHAPE('Placement','Placement of an item',
  #16172);
#16172 = NEXT_ASSEMBLY_USAGE_OCCURRENCE('17','D6','',#5,#15843,$);
#16173 = CONTEXT_DEPENDENT_SHAPE_REPRESENTATION(#16174,#16176);
#16174 = ( REPRESENTATION_RELATIONSHIP('','',#104,#10) 
REPRESENTATION_RELATIONSHIP_WITH_TRANSFORMATION(#16175) 
SHAPE_REPRESENTATION_RELATIONSHIP() );
#16175 = ITEM_DEFINED_TRANSFORMATION('','',#11,#83);
#16176 = PRODUCT_DEFINITION_SHAPE('Placement','Placement of an item',
  #16177);
#16177 = NEXT_ASSEMBLY_USAGE_OCCURRENCE('18','R4','',#5,#99,$);
#16178 = SHAPE_DEFINITION_REPRESENTATION(#16179,#16185);
#16179 = PRODUCT_DEFINITION_SHAPE('','',#16180);
#16180 = PRODUCT_DEFINITION('design','',#16181,#16184);
#16181 = PRODUCT_DEFINITION_FORMATION('','',#16182);
#16182 = PRODUCT('opentherm shield_PCB','opentherm shield_PCB','',(
    #16183));
#16183 = PRODUCT_CONTEXT('',#2,'mechanical');
#16184 = PRODUCT_DEFINITION_CONTEXT('part definition',#2,'design');
#16185 = ADVANCED_BREP_SHAPE_REPRESENTATION('',(#11,#16186),#17038);
#16186 = MANIFOLD_SOLID_BREP('',#16187);
#16187 = CLOSED_SHELL('',(#16188,#16228,#16259,#16290,#16505,#16720,
    #16732,#16749,#16766,#16783,#16800,#16817,#16834,#16851,#16868,
    #16885,#16902,#16919,#16936,#16953,#16970,#16987,#17004,#17021));
#16188 = ADVANCED_FACE('',(#16189),#16223,.T.);
#16189 = FACE_BOUND('',#16190,.T.);
#16190 = EDGE_LOOP('',(#16191,#16201,#16209,#16217));
#16191 = ORIENTED_EDGE('',*,*,#16192,.T.);
#16192 = EDGE_CURVE('',#16193,#16195,#16197,.T.);
#16193 = VERTEX_POINT('',#16194);
#16194 = CARTESIAN_POINT('',(185.,-126.,0.));
#16195 = VERTEX_POINT('',#16196);
#16196 = CARTESIAN_POINT('',(185.,-126.,1.51));
#16197 = LINE('',#16198,#16199);
#16198 = CARTESIAN_POINT('',(185.,-126.,0.));
#16199 = VECTOR('',#16200,1.);
#16200 = DIRECTION('',(0.,0.,1.));
#16201 = ORIENTED_EDGE('',*,*,#16202,.T.);
#16202 = EDGE_CURVE('',#16195,#16203,#16205,.T.);
#16203 = VERTEX_POINT('',#16204);
#16204 = CARTESIAN_POINT('',(150.,-126.,1.51));
#16205 = LINE('',#16206,#16207);
#16206 = CARTESIAN_POINT('',(185.,-126.,1.51));
#16207 = VECTOR('',#16208,1.);
#16208 = DIRECTION('',(-1.,0.,0.));
#16209 = ORIENTED_EDGE('',*,*,#16210,.F.);
#16210 = EDGE_CURVE('',#16211,#16203,#16213,.T.);
#16211 = VERTEX_POINT('',#16212);
#16212 = CARTESIAN_POINT('',(150.,-126.,0.));
#16213 = LINE('',#16214,#16215);
#16214 = CARTESIAN_POINT('',(150.,-126.,0.));
#16215 = VECTOR('',#16216,1.);
#16216 = DIRECTION('',(0.,0.,1.));
#16217 = ORIENTED_EDGE('',*,*,#16218,.F.);
#16218 = EDGE_CURVE('',#16193,#16211,#16219,.T.);
#16219 = LINE('',#16220,#16221);
#16220 = CARTESIAN_POINT('',(185.,-126.,0.));
#16221 = VECTOR('',#16222,1.);
#16222 = DIRECTION('',(-1.,0.,0.));
#16223 = PLANE('',#16224);
#16224 = AXIS2_PLACEMENT_3D('',#16225,#16226,#16227);
#16225 = CARTESIAN_POINT('',(185.,-126.,0.));
#16226 = DIRECTION('',(0.,-1.,0.));
#16227 = DIRECTION('',(-1.,0.,0.));
#16228 = ADVANCED_FACE('',(#16229),#16254,.T.);
#16229 = FACE_BOUND('',#16230,.T.);
#16230 = EDGE_LOOP('',(#16231,#16241,#16247,#16248));
#16231 = ORIENTED_EDGE('',*,*,#16232,.T.);
#16232 = EDGE_CURVE('',#16233,#16235,#16237,.T.);
#16233 = VERTEX_POINT('',#16234);
#16234 = CARTESIAN_POINT('',(185.,-97.,0.));
#16235 = VERTEX_POINT('',#16236);
#16236 = CARTESIAN_POINT('',(185.,-97.,1.51));
#16237 = LINE('',#16238,#16239);
#16238 = CARTESIAN_POINT('',(185.,-97.,0.));
#16239 = VECTOR('',#16240,1.);
#16240 = DIRECTION('',(0.,0.,1.));
#16241 = ORIENTED_EDGE('',*,*,#16242,.T.);
#16242 = EDGE_CURVE('',#16235,#16195,#16243,.T.);
#16243 = LINE('',#16244,#16245);
#16244 = CARTESIAN_POINT('',(185.,-97.,1.51));
#16245 = VECTOR('',#16246,1.);
#16246 = DIRECTION('',(0.,-1.,0.));
#16247 = ORIENTED_EDGE('',*,*,#16192,.F.);
#16248 = ORIENTED_EDGE('',*,*,#16249,.F.);
#16249 = EDGE_CURVE('',#16233,#16193,#16250,.T.);
#16250 = LINE('',#16251,#16252);
#16251 = CARTESIAN_POINT('',(185.,-97.,0.));
#16252 = VECTOR('',#16253,1.);
#16253 = DIRECTION('',(0.,-1.,0.));
#16254 = PLANE('',#16255);
#16255 = AXIS2_PLACEMENT_3D('',#16256,#16257,#16258);
#16256 = CARTESIAN_POINT('',(185.,-97.,0.));
#16257 = DIRECTION('',(1.,0.,-0.));
#16258 = DIRECTION('',(0.,-1.,0.));
#16259 = ADVANCED_FACE('',(#16260),#16285,.T.);
#16260 = FACE_BOUND('',#16261,.T.);
#16261 = EDGE_LOOP('',(#16262,#16263,#16271,#16279));
#16262 = ORIENTED_EDGE('',*,*,#16210,.T.);
#16263 = ORIENTED_EDGE('',*,*,#16264,.T.);
#16264 = EDGE_CURVE('',#16203,#16265,#16267,.T.);
#16265 = VERTEX_POINT('',#16266);
#16266 = CARTESIAN_POINT('',(150.,-97.,1.51));
#16267 = LINE('',#16268,#16269);
#16268 = CARTESIAN_POINT('',(150.,-126.,1.51));
#16269 = VECTOR('',#16270,1.);
#16270 = DIRECTION('',(0.,1.,0.));
#16271 = ORIENTED_EDGE('',*,*,#16272,.F.);
#16272 = EDGE_CURVE('',#16273,#16265,#16275,.T.);
#16273 = VERTEX_POINT('',#16274);
#16274 = CARTESIAN_POINT('',(150.,-97.,0.));
#16275 = LINE('',#16276,#16277);
#16276 = CARTESIAN_POINT('',(150.,-97.,0.));
#16277 = VECTOR('',#16278,1.);
#16278 = DIRECTION('',(0.,0.,1.));
#16279 = ORIENTED_EDGE('',*,*,#16280,.F.);
#16280 = EDGE_CURVE('',#16211,#16273,#16281,.T.);
#16281 = LINE('',#16282,#16283);
#16282 = CARTESIAN_POINT('',(150.,-126.,0.));
#16283 = VECTOR('',#16284,1.);
#16284 = DIRECTION('',(0.,1.,0.));
#16285 = PLANE('',#16286);
#16286 = AXIS2_PLACEMENT_3D('',#16287,#16288,#16289);
#16287 = CARTESIAN_POINT('',(150.,-126.,0.));
#16288 = DIRECTION('',(-1.,0.,0.));
#16289 = DIRECTION('',(0.,1.,0.));
#16290 = ADVANCED_FACE('',(#16291,#16302,#16313,#16324,#16335,#16346,
    #16357,#16368,#16379,#16390,#16401,#16412,#16423,#16434,#16445,
    #16456,#16467,#16478,#16489),#16500,.F.);
#16291 = FACE_BOUND('',#16292,.F.);
#16292 = EDGE_LOOP('',(#16293,#16294,#16295,#16301));
#16293 = ORIENTED_EDGE('',*,*,#16218,.F.);
#16294 = ORIENTED_EDGE('',*,*,#16249,.F.);
#16295 = ORIENTED_EDGE('',*,*,#16296,.F.);
#16296 = EDGE_CURVE('',#16273,#16233,#16297,.T.);
#16297 = LINE('',#16298,#16299);
#16298 = CARTESIAN_POINT('',(150.,-97.,0.));
#16299 = VECTOR('',#16300,1.);
#16300 = DIRECTION('',(1.,0.,0.));
#16301 = ORIENTED_EDGE('',*,*,#16280,.F.);
#16302 = FACE_BOUND('',#16303,.F.);
#16303 = EDGE_LOOP('',(#16304));
#16304 = ORIENTED_EDGE('',*,*,#16305,.T.);
#16305 = EDGE_CURVE('',#16306,#16306,#16308,.T.);
#16306 = VERTEX_POINT('',#16307);
#16307 = CARTESIAN_POINT('',(165.,-123.36,0.));
#16308 = CIRCLE('',#16309,0.5);
#16309 = AXIS2_PLACEMENT_3D('',#16310,#16311,#16312);
#16310 = CARTESIAN_POINT('',(165.,-122.86,0.));
#16311 = DIRECTION('',(-0.,0.,-1.));
#16312 = DIRECTION('',(-0.,-1.,0.));
#16313 = FACE_BOUND('',#16314,.F.);
#16314 = EDGE_LOOP('',(#16315));
#16315 = ORIENTED_EDGE('',*,*,#16316,.T.);
#16316 = EDGE_CURVE('',#16317,#16317,#16319,.T.);
#16317 = VERTEX_POINT('',#16318);
#16318 = CARTESIAN_POINT('',(167.54,-123.36,0.));
#16319 = CIRCLE('',#16320,0.5);
#16320 = AXIS2_PLACEMENT_3D('',#16321,#16322,#16323);
#16321 = CARTESIAN_POINT('',(167.54,-122.86,0.));
#16322 = DIRECTION('',(-0.,0.,-1.));
#16323 = DIRECTION('',(-0.,-1.,0.));
#16324 = FACE_BOUND('',#16325,.F.);
#16325 = EDGE_LOOP('',(#16326));
#16326 = ORIENTED_EDGE('',*,*,#16327,.T.);
#16327 = EDGE_CURVE('',#16328,#16328,#16330,.T.);
#16328 = VERTEX_POINT('',#16329);
#16329 = CARTESIAN_POINT('',(155.5775,-115.15,0.));
#16330 = CIRCLE('',#16331,0.65);
#16331 = AXIS2_PLACEMENT_3D('',#16332,#16333,#16334);
#16332 = CARTESIAN_POINT('',(155.5775,-114.5,0.));
#16333 = DIRECTION('',(-0.,0.,-1.));
#16334 = DIRECTION('',(-0.,-1.,0.));
#16335 = FACE_BOUND('',#16336,.F.);
#16336 = EDGE_LOOP('',(#16337));
#16337 = ORIENTED_EDGE('',*,*,#16338,.T.);
#16338 = EDGE_CURVE('',#16339,#16339,#16341,.T.);
#16339 = VERTEX_POINT('',#16340);
#16340 = CARTESIAN_POINT('',(170.08,-123.36,0.));
#16341 = CIRCLE('',#16342,0.5);
#16342 = AXIS2_PLACEMENT_3D('',#16343,#16344,#16345);
#16343 = CARTESIAN_POINT('',(170.08,-122.86,0.));
#16344 = DIRECTION('',(-0.,0.,-1.));
#16345 = DIRECTION('',(-0.,-1.,0.));
#16346 = FACE_BOUND('',#16347,.F.);
#16347 = EDGE_LOOP('',(#16348));
#16348 = ORIENTED_EDGE('',*,*,#16349,.T.);
#16349 = EDGE_CURVE('',#16350,#16350,#16352,.T.);
#16350 = VERTEX_POINT('',#16351);
#16351 = CARTESIAN_POINT('',(172.62,-123.36,0.));
#16352 = CIRCLE('',#16353,0.5);
#16353 = AXIS2_PLACEMENT_3D('',#16354,#16355,#16356);
#16354 = CARTESIAN_POINT('',(172.62,-122.86,0.));
#16355 = DIRECTION('',(-0.,0.,-1.));
#16356 = DIRECTION('',(-0.,-1.,0.));
#16357 = FACE_BOUND('',#16358,.F.);
#16358 = EDGE_LOOP('',(#16359));
#16359 = ORIENTED_EDGE('',*,*,#16360,.T.);
#16360 = EDGE_CURVE('',#16361,#16361,#16363,.T.);
#16361 = VERTEX_POINT('',#16362);
#16362 = CARTESIAN_POINT('',(175.16,-123.36,0.));
#16363 = CIRCLE('',#16364,0.5);
#16364 = AXIS2_PLACEMENT_3D('',#16365,#16366,#16367);
#16365 = CARTESIAN_POINT('',(175.16,-122.86,0.));
#16366 = DIRECTION('',(-0.,0.,-1.));
#16367 = DIRECTION('',(-0.,-1.,0.));
#16368 = FACE_BOUND('',#16369,.F.);
#16369 = EDGE_LOOP('',(#16370));
#16370 = ORIENTED_EDGE('',*,*,#16371,.T.);
#16371 = EDGE_CURVE('',#16372,#16372,#16374,.T.);
#16372 = VERTEX_POINT('',#16373);
#16373 = CARTESIAN_POINT('',(177.7,-123.36,0.));
#16374 = CIRCLE('',#16375,0.5);
#16375 = AXIS2_PLACEMENT_3D('',#16376,#16377,#16378);
#16376 = CARTESIAN_POINT('',(177.7,-122.86,0.));
#16377 = DIRECTION('',(-0.,0.,-1.));
#16378 = DIRECTION('',(-0.,-1.,0.));
#16379 = FACE_BOUND('',#16380,.F.);
#16380 = EDGE_LOOP('',(#16381));
#16381 = ORIENTED_EDGE('',*,*,#16382,.T.);
#16382 = EDGE_CURVE('',#16383,#16383,#16385,.T.);
#16383 = VERTEX_POINT('',#16384);
#16384 = CARTESIAN_POINT('',(180.24,-123.36,0.));
#16385 = CIRCLE('',#16386,0.5);
#16386 = AXIS2_PLACEMENT_3D('',#16387,#16388,#16389);
#16387 = CARTESIAN_POINT('',(180.24,-122.86,0.));
#16388 = DIRECTION('',(-0.,0.,-1.));
#16389 = DIRECTION('',(-0.,-1.,0.));
#16390 = FACE_BOUND('',#16391,.F.);
#16391 = EDGE_LOOP('',(#16392));
#16392 = ORIENTED_EDGE('',*,*,#16393,.T.);
#16393 = EDGE_CURVE('',#16394,#16394,#16396,.T.);
#16394 = VERTEX_POINT('',#16395);
#16395 = CARTESIAN_POINT('',(182.78,-123.36,0.));
#16396 = CIRCLE('',#16397,0.5);
#16397 = AXIS2_PLACEMENT_3D('',#16398,#16399,#16400);
#16398 = CARTESIAN_POINT('',(182.78,-122.86,0.));
#16399 = DIRECTION('',(-0.,0.,-1.));
#16400 = DIRECTION('',(-0.,-1.,0.));
#16401 = FACE_BOUND('',#16402,.F.);
#16402 = EDGE_LOOP('',(#16403));
#16403 = ORIENTED_EDGE('',*,*,#16404,.T.);
#16404 = EDGE_CURVE('',#16405,#16405,#16407,.T.);
#16405 = VERTEX_POINT('',#16406);
#16406 = CARTESIAN_POINT('',(155.5775,-110.15,0.));
#16407 = CIRCLE('',#16408,0.65);
#16408 = AXIS2_PLACEMENT_3D('',#16409,#16410,#16411);
#16409 = CARTESIAN_POINT('',(155.5775,-109.5,0.));
#16410 = DIRECTION('',(-0.,0.,-1.));
#16411 = DIRECTION('',(-0.,-1.,0.));
#16412 = FACE_BOUND('',#16413,.F.);
#16413 = EDGE_LOOP('',(#16414));
#16414 = ORIENTED_EDGE('',*,*,#16415,.T.);
#16415 = EDGE_CURVE('',#16416,#16416,#16418,.T.);
#16416 = VERTEX_POINT('',#16417);
#16417 = CARTESIAN_POINT('',(165.,-100.5,0.));
#16418 = CIRCLE('',#16419,0.5);
#16419 = AXIS2_PLACEMENT_3D('',#16420,#16421,#16422);
#16420 = CARTESIAN_POINT('',(165.,-100.,0.));
#16421 = DIRECTION('',(-0.,0.,-1.));
#16422 = DIRECTION('',(-0.,-1.,0.));
#16423 = FACE_BOUND('',#16424,.F.);
#16424 = EDGE_LOOP('',(#16425));
#16425 = ORIENTED_EDGE('',*,*,#16426,.T.);
#16426 = EDGE_CURVE('',#16427,#16427,#16429,.T.);
#16427 = VERTEX_POINT('',#16428);
#16428 = CARTESIAN_POINT('',(167.54,-100.5,0.));
#16429 = CIRCLE('',#16430,0.5);
#16430 = AXIS2_PLACEMENT_3D('',#16431,#16432,#16433);
#16431 = CARTESIAN_POINT('',(167.54,-100.,0.));
#16432 = DIRECTION('',(-0.,0.,-1.));
#16433 = DIRECTION('',(-0.,-1.,0.));
#16434 = FACE_BOUND('',#16435,.F.);
#16435 = EDGE_LOOP('',(#16436));
#16436 = ORIENTED_EDGE('',*,*,#16437,.T.);
#16437 = EDGE_CURVE('',#16438,#16438,#16440,.T.);
#16438 = VERTEX_POINT('',#16439);
#16439 = CARTESIAN_POINT('',(170.08,-100.5,0.));
#16440 = CIRCLE('',#16441,0.5);
#16441 = AXIS2_PLACEMENT_3D('',#16442,#16443,#16444);
#16442 = CARTESIAN_POINT('',(170.08,-100.,0.));
#16443 = DIRECTION('',(-0.,0.,-1.));
#16444 = DIRECTION('',(-0.,-1.,0.));
#16445 = FACE_BOUND('',#16446,.F.);
#16446 = EDGE_LOOP('',(#16447));
#16447 = ORIENTED_EDGE('',*,*,#16448,.T.);
#16448 = EDGE_CURVE('',#16449,#16449,#16451,.T.);
#16449 = VERTEX_POINT('',#16450);
#16450 = CARTESIAN_POINT('',(172.62,-100.5,0.));
#16451 = CIRCLE('',#16452,0.5);
#16452 = AXIS2_PLACEMENT_3D('',#16453,#16454,#16455);
#16453 = CARTESIAN_POINT('',(172.62,-100.,0.));
#16454 = DIRECTION('',(-0.,0.,-1.));
#16455 = DIRECTION('',(-0.,-1.,0.));
#16456 = FACE_BOUND('',#16457,.F.);
#16457 = EDGE_LOOP('',(#16458));
#16458 = ORIENTED_EDGE('',*,*,#16459,.T.);
#16459 = EDGE_CURVE('',#16460,#16460,#16462,.T.);
#16460 = VERTEX_POINT('',#16461);
#16461 = CARTESIAN_POINT('',(175.16,-100.5,0.));
#16462 = CIRCLE('',#16463,0.5);
#16463 = AXIS2_PLACEMENT_3D('',#16464,#16465,#16466);
#16464 = CARTESIAN_POINT('',(175.16,-100.,0.));
#16465 = DIRECTION('',(-0.,0.,-1.));
#16466 = DIRECTION('',(-0.,-1.,0.));
#16467 = FACE_BOUND('',#16468,.F.);
#16468 = EDGE_LOOP('',(#16469));
#16469 = ORIENTED_EDGE('',*,*,#16470,.T.);
#16470 = EDGE_CURVE('',#16471,#16471,#16473,.T.);
#16471 = VERTEX_POINT('',#16472);
#16472 = CARTESIAN_POINT('',(177.7,-100.5,0.));
#16473 = CIRCLE('',#16474,0.5);
#16474 = AXIS2_PLACEMENT_3D('',#16475,#16476,#16477);
#16475 = CARTESIAN_POINT('',(177.7,-100.,0.));
#16476 = DIRECTION('',(-0.,0.,-1.));
#16477 = DIRECTION('',(-0.,-1.,0.));
#16478 = FACE_BOUND('',#16479,.F.);
#16479 = EDGE_LOOP('',(#16480));
#16480 = ORIENTED_EDGE('',*,*,#16481,.T.);
#16481 = EDGE_CURVE('',#16482,#16482,#16484,.T.);
#16482 = VERTEX_POINT('',#16483);
#16483 = CARTESIAN_POINT('',(180.24,-100.5,0.));
#16484 = CIRCLE('',#16485,0.5);
#16485 = AXIS2_PLACEMENT_3D('',#16486,#16487,#16488);
#16486 = CARTESIAN_POINT('',(180.24,-100.,0.));
#16487 = DIRECTION('',(-0.,0.,-1.));
#16488 = DIRECTION('',(-0.,-1.,0.));
#16489 = FACE_BOUND('',#16490,.F.);
#16490 = EDGE_LOOP('',(#16491));
#16491 = ORIENTED_EDGE('',*,*,#16492,.T.);
#16492 = EDGE_CURVE('',#16493,#16493,#16495,.T.);
#16493 = VERTEX_POINT('',#16494);
#16494 = CARTESIAN_POINT('',(182.78,-100.5,0.));
#16495 = CIRCLE('',#16496,0.5);
#16496 = AXIS2_PLACEMENT_3D('',#16497,#16498,#16499);
#16497 = CARTESIAN_POINT('',(182.78,-100.,0.));
#16498 = DIRECTION('',(-0.,0.,-1.));
#16499 = DIRECTION('',(-0.,-1.,0.));
#16500 = PLANE('',#16501);
#16501 = AXIS2_PLACEMENT_3D('',#16502,#16503,#16504);
#16502 = CARTESIAN_POINT('',(0.,0.,0.));
#16503 = DIRECTION('',(0.,0.,1.));
#16504 = DIRECTION('',(1.,0.,-0.));
#16505 = ADVANCED_FACE('',(#16506,#16517,#16528,#16539,#16550,#16561,
    #16572,#16583,#16594,#16605,#16616,#16627,#16638,#16649,#16660,
    #16671,#16682,#16693,#16704),#16715,.T.);
#16506 = FACE_BOUND('',#16507,.T.);
#16507 = EDGE_LOOP('',(#16508,#16509,#16510,#16516));
#16508 = ORIENTED_EDGE('',*,*,#16202,.F.);
#16509 = ORIENTED_EDGE('',*,*,#16242,.F.);
#16510 = ORIENTED_EDGE('',*,*,#16511,.F.);
#16511 = EDGE_CURVE('',#16265,#16235,#16512,.T.);
#16512 = LINE('',#16513,#16514);
#16513 = CARTESIAN_POINT('',(150.,-97.,1.51));
#16514 = VECTOR('',#16515,1.);
#16515 = DIRECTION('',(1.,0.,0.));
#16516 = ORIENTED_EDGE('',*,*,#16264,.F.);
#16517 = FACE_BOUND('',#16518,.T.);
#16518 = EDGE_LOOP('',(#16519));
#16519 = ORIENTED_EDGE('',*,*,#16520,.T.);
#16520 = EDGE_CURVE('',#16521,#16521,#16523,.T.);
#16521 = VERTEX_POINT('',#16522);
#16522 = CARTESIAN_POINT('',(165.,-123.36,1.51));
#16523 = CIRCLE('',#16524,0.5);
#16524 = AXIS2_PLACEMENT_3D('',#16525,#16526,#16527);
#16525 = CARTESIAN_POINT('',(165.,-122.86,1.51));
#16526 = DIRECTION('',(-0.,0.,-1.));
#16527 = DIRECTION('',(-0.,-1.,0.));
#16528 = FACE_BOUND('',#16529,.T.);
#16529 = EDGE_LOOP('',(#16530));
#16530 = ORIENTED_EDGE('',*,*,#16531,.T.);
#16531 = EDGE_CURVE('',#16532,#16532,#16534,.T.);
#16532 = VERTEX_POINT('',#16533);
#16533 = CARTESIAN_POINT('',(167.54,-123.36,1.51));
#16534 = CIRCLE('',#16535,0.5);
#16535 = AXIS2_PLACEMENT_3D('',#16536,#16537,#16538);
#16536 = CARTESIAN_POINT('',(167.54,-122.86,1.51));
#16537 = DIRECTION('',(-0.,0.,-1.));
#16538 = DIRECTION('',(-0.,-1.,0.));
#16539 = FACE_BOUND('',#16540,.T.);
#16540 = EDGE_LOOP('',(#16541));
#16541 = ORIENTED_EDGE('',*,*,#16542,.T.);
#16542 = EDGE_CURVE('',#16543,#16543,#16545,.T.);
#16543 = VERTEX_POINT('',#16544);
#16544 = CARTESIAN_POINT('',(155.5775,-115.15,1.51));
#16545 = CIRCLE('',#16546,0.65);
#16546 = AXIS2_PLACEMENT_3D('',#16547,#16548,#16549);
#16547 = CARTESIAN_POINT('',(155.5775,-114.5,1.51));
#16548 = DIRECTION('',(-0.,0.,-1.));
#16549 = DIRECTION('',(-0.,-1.,0.));
#16550 = FACE_BOUND('',#16551,.T.);
#16551 = EDGE_LOOP('',(#16552));
#16552 = ORIENTED_EDGE('',*,*,#16553,.T.);
#16553 = EDGE_CURVE('',#16554,#16554,#16556,.T.);
#16554 = VERTEX_POINT('',#16555);
#16555 = CARTESIAN_POINT('',(170.08,-123.36,1.51));
#16556 = CIRCLE('',#16557,0.5);
#16557 = AXIS2_PLACEMENT_3D('',#16558,#16559,#16560);
#16558 = CARTESIAN_POINT('',(170.08,-122.86,1.51));
#16559 = DIRECTION('',(-0.,0.,-1.));
#16560 = DIRECTION('',(-0.,-1.,0.));
#16561 = FACE_BOUND('',#16562,.T.);
#16562 = EDGE_LOOP('',(#16563));
#16563 = ORIENTED_EDGE('',*,*,#16564,.T.);
#16564 = EDGE_CURVE('',#16565,#16565,#16567,.T.);
#16565 = VERTEX_POINT('',#16566);
#16566 = CARTESIAN_POINT('',(172.62,-123.36,1.51));
#16567 = CIRCLE('',#16568,0.5);
#16568 = AXIS2_PLACEMENT_3D('',#16569,#16570,#16571);
#16569 = CARTESIAN_POINT('',(172.62,-122.86,1.51));
#16570 = DIRECTION('',(-0.,0.,-1.));
#16571 = DIRECTION('',(-0.,-1.,0.));
#16572 = FACE_BOUND('',#16573,.T.);
#16573 = EDGE_LOOP('',(#16574));
#16574 = ORIENTED_EDGE('',*,*,#16575,.T.);
#16575 = EDGE_CURVE('',#16576,#16576,#16578,.T.);
#16576 = VERTEX_POINT('',#16577);
#16577 = CARTESIAN_POINT('',(175.16,-123.36,1.51));
#16578 = CIRCLE('',#16579,0.5);
#16579 = AXIS2_PLACEMENT_3D('',#16580,#16581,#16582);
#16580 = CARTESIAN_POINT('',(175.16,-122.86,1.51));
#16581 = DIRECTION('',(-0.,0.,-1.));
#16582 = DIRECTION('',(-0.,-1.,0.));
#16583 = FACE_BOUND('',#16584,.T.);
#16584 = EDGE_LOOP('',(#16585));
#16585 = ORIENTED_EDGE('',*,*,#16586,.T.);
#16586 = EDGE_CURVE('',#16587,#16587,#16589,.T.);
#16587 = VERTEX_POINT('',#16588);
#16588 = CARTESIAN_POINT('',(177.7,-123.36,1.51));
#16589 = CIRCLE('',#16590,0.5);
#16590 = AXIS2_PLACEMENT_3D('',#16591,#16592,#16593);
#16591 = CARTESIAN_POINT('',(177.7,-122.86,1.51));
#16592 = DIRECTION('',(-0.,0.,-1.));
#16593 = DIRECTION('',(-0.,-1.,0.));
#16594 = FACE_BOUND('',#16595,.T.);
#16595 = EDGE_LOOP('',(#16596));
#16596 = ORIENTED_EDGE('',*,*,#16597,.T.);
#16597 = EDGE_CURVE('',#16598,#16598,#16600,.T.);
#16598 = VERTEX_POINT('',#16599);
#16599 = CARTESIAN_POINT('',(180.24,-123.36,1.51));
#16600 = CIRCLE('',#16601,0.5);
#16601 = AXIS2_PLACEMENT_3D('',#16602,#16603,#16604);
#16602 = CARTESIAN_POINT('',(180.24,-122.86,1.51));
#16603 = DIRECTION('',(-0.,0.,-1.));
#16604 = DIRECTION('',(-0.,-1.,0.));
#16605 = FACE_BOUND('',#16606,.T.);
#16606 = EDGE_LOOP('',(#16607));
#16607 = ORIENTED_EDGE('',*,*,#16608,.T.);
#16608 = EDGE_CURVE('',#16609,#16609,#16611,.T.);
#16609 = VERTEX_POINT('',#16610);
#16610 = CARTESIAN_POINT('',(182.78,-123.36,1.51));
#16611 = CIRCLE('',#16612,0.5);
#16612 = AXIS2_PLACEMENT_3D('',#16613,#16614,#16615);
#16613 = CARTESIAN_POINT('',(182.78,-122.86,1.51));
#16614 = DIRECTION('',(-0.,0.,-1.));
#16615 = DIRECTION('',(-0.,-1.,0.));
#16616 = FACE_BOUND('',#16617,.T.);
#16617 = EDGE_LOOP('',(#16618));
#16618 = ORIENTED_EDGE('',*,*,#16619,.T.);
#16619 = EDGE_CURVE('',#16620,#16620,#16622,.T.);
#16620 = VERTEX_POINT('',#16621);
#16621 = CARTESIAN_POINT('',(155.5775,-110.15,1.51));
#16622 = CIRCLE('',#16623,0.65);
#16623 = AXIS2_PLACEMENT_3D('',#16624,#16625,#16626);
#16624 = CARTESIAN_POINT('',(155.5775,-109.5,1.51));
#16625 = DIRECTION('',(-0.,0.,-1.));
#16626 = DIRECTION('',(-0.,-1.,0.));
#16627 = FACE_BOUND('',#16628,.T.);
#16628 = EDGE_LOOP('',(#16629));
#16629 = ORIENTED_EDGE('',*,*,#16630,.T.);
#16630 = EDGE_CURVE('',#16631,#16631,#16633,.T.);
#16631 = VERTEX_POINT('',#16632);
#16632 = CARTESIAN_POINT('',(165.,-100.5,1.51));
#16633 = CIRCLE('',#16634,0.5);
#16634 = AXIS2_PLACEMENT_3D('',#16635,#16636,#16637);
#16635 = CARTESIAN_POINT('',(165.,-100.,1.51));
#16636 = DIRECTION('',(-0.,0.,-1.));
#16637 = DIRECTION('',(-0.,-1.,0.));
#16638 = FACE_BOUND('',#16639,.T.);
#16639 = EDGE_LOOP('',(#16640));
#16640 = ORIENTED_EDGE('',*,*,#16641,.T.);
#16641 = EDGE_CURVE('',#16642,#16642,#16644,.T.);
#16642 = VERTEX_POINT('',#16643);
#16643 = CARTESIAN_POINT('',(167.54,-100.5,1.51));
#16644 = CIRCLE('',#16645,0.5);
#16645 = AXIS2_PLACEMENT_3D('',#16646,#16647,#16648);
#16646 = CARTESIAN_POINT('',(167.54,-100.,1.51));
#16647 = DIRECTION('',(-0.,0.,-1.));
#16648 = DIRECTION('',(-0.,-1.,0.));
#16649 = FACE_BOUND('',#16650,.T.);
#16650 = EDGE_LOOP('',(#16651));
#16651 = ORIENTED_EDGE('',*,*,#16652,.T.);
#16652 = EDGE_CURVE('',#16653,#16653,#16655,.T.);
#16653 = VERTEX_POINT('',#16654);
#16654 = CARTESIAN_POINT('',(170.08,-100.5,1.51));
#16655 = CIRCLE('',#16656,0.5);
#16656 = AXIS2_PLACEMENT_3D('',#16657,#16658,#16659);
#16657 = CARTESIAN_POINT('',(170.08,-100.,1.51));
#16658 = DIRECTION('',(-0.,0.,-1.));
#16659 = DIRECTION('',(-0.,-1.,0.));
#16660 = FACE_BOUND('',#16661,.T.);
#16661 = EDGE_LOOP('',(#16662));
#16662 = ORIENTED_EDGE('',*,*,#16663,.T.);
#16663 = EDGE_CURVE('',#16664,#16664,#16666,.T.);
#16664 = VERTEX_POINT('',#16665);
#16665 = CARTESIAN_POINT('',(172.62,-100.5,1.51));
#16666 = CIRCLE('',#16667,0.5);
#16667 = AXIS2_PLACEMENT_3D('',#16668,#16669,#16670);
#16668 = CARTESIAN_POINT('',(172.62,-100.,1.51));
#16669 = DIRECTION('',(-0.,0.,-1.));
#16670 = DIRECTION('',(-0.,-1.,0.));
#16671 = FACE_BOUND('',#16672,.T.);
#16672 = EDGE_LOOP('',(#16673));
#16673 = ORIENTED_EDGE('',*,*,#16674,.T.);
#16674 = EDGE_CURVE('',#16675,#16675,#16677,.T.);
#16675 = VERTEX_POINT('',#16676);
#16676 = CARTESIAN_POINT('',(175.16,-100.5,1.51));
#16677 = CIRCLE('',#16678,0.5);
#16678 = AXIS2_PLACEMENT_3D('',#16679,#16680,#16681);
#16679 = CARTESIAN_POINT('',(175.16,-100.,1.51));
#16680 = DIRECTION('',(-0.,0.,-1.));
#16681 = DIRECTION('',(-0.,-1.,0.));
#16682 = FACE_BOUND('',#16683,.T.);
#16683 = EDGE_LOOP('',(#16684));
#16684 = ORIENTED_EDGE('',*,*,#16685,.T.);
#16685 = EDGE_CURVE('',#16686,#16686,#16688,.T.);
#16686 = VERTEX_POINT('',#16687);
#16687 = CARTESIAN_POINT('',(177.7,-100.5,1.51));
#16688 = CIRCLE('',#16689,0.5);
#16689 = AXIS2_PLACEMENT_3D('',#16690,#16691,#16692);
#16690 = CARTESIAN_POINT('',(177.7,-100.,1.51));
#16691 = DIRECTION('',(-0.,0.,-1.));
#16692 = DIRECTION('',(-0.,-1.,0.));
#16693 = FACE_BOUND('',#16694,.T.);
#16694 = EDGE_LOOP('',(#16695));
#16695 = ORIENTED_EDGE('',*,*,#16696,.T.);
#16696 = EDGE_CURVE('',#16697,#16697,#16699,.T.);
#16697 = VERTEX_POINT('',#16698);
#16698 = CARTESIAN_POINT('',(180.24,-100.5,1.51));
#16699 = CIRCLE('',#16700,0.5);
#16700 = AXIS2_PLACEMENT_3D('',#16701,#16702,#16703);
#16701 = CARTESIAN_POINT('',(180.24,-100.,1.51));
#16702 = DIRECTION('',(-0.,0.,-1.));
#16703 = DIRECTION('',(-0.,-1.,0.));
#16704 = FACE_BOUND('',#16705,.T.);
#16705 = EDGE_LOOP('',(#16706));
#16706 = ORIENTED_EDGE('',*,*,#16707,.T.);
#16707 = EDGE_CURVE('',#16708,#16708,#16710,.T.);
#16708 = VERTEX_POINT('',#16709);
#16709 = CARTESIAN_POINT('',(182.78,-100.5,1.51));
#16710 = CIRCLE('',#16711,0.5);
#16711 = AXIS2_PLACEMENT_3D('',#16712,#16713,#16714);
#16712 = CARTESIAN_POINT('',(182.78,-100.,1.51));
#16713 = DIRECTION('',(-0.,0.,-1.));
#16714 = DIRECTION('',(-0.,-1.,0.));
#16715 = PLANE('',#16716);
#16716 = AXIS2_PLACEMENT_3D('',#16717,#16718,#16719);
#16717 = CARTESIAN_POINT('',(0.,0.,1.51));
#16718 = DIRECTION('',(0.,0.,1.));
#16719 = DIRECTION('',(1.,0.,-0.));
#16720 = ADVANCED_FACE('',(#16721),#16727,.T.);
#16721 = FACE_BOUND('',#16722,.T.);
#16722 = EDGE_LOOP('',(#16723,#16724,#16725,#16726));
#16723 = ORIENTED_EDGE('',*,*,#16272,.T.);
#16724 = ORIENTED_EDGE('',*,*,#16511,.T.);
#16725 = ORIENTED_EDGE('',*,*,#16232,.F.);
#16726 = ORIENTED_EDGE('',*,*,#16296,.F.);
#16727 = PLANE('',#16728);
#16728 = AXIS2_PLACEMENT_3D('',#16729,#16730,#16731);
#16729 = CARTESIAN_POINT('',(150.,-97.,0.));
#16730 = DIRECTION('',(0.,1.,0.));
#16731 = DIRECTION('',(1.,0.,0.));
#16732 = ADVANCED_FACE('',(#16733),#16744,.F.);
#16733 = FACE_BOUND('',#16734,.T.);
#16734 = EDGE_LOOP('',(#16735,#16736,#16742,#16743));
#16735 = ORIENTED_EDGE('',*,*,#16305,.T.);
#16736 = ORIENTED_EDGE('',*,*,#16737,.T.);
#16737 = EDGE_CURVE('',#16306,#16521,#16738,.T.);
#16738 = LINE('',#16739,#16740);
#16739 = CARTESIAN_POINT('',(165.,-123.36,-4.6E-02));
#16740 = VECTOR('',#16741,1.);
#16741 = DIRECTION('',(0.,0.,1.));
#16742 = ORIENTED_EDGE('',*,*,#16520,.F.);
#16743 = ORIENTED_EDGE('',*,*,#16737,.F.);
#16744 = CYLINDRICAL_SURFACE('',#16745,0.5);
#16745 = AXIS2_PLACEMENT_3D('',#16746,#16747,#16748);
#16746 = CARTESIAN_POINT('',(165.,-122.86,-4.6E-02));
#16747 = DIRECTION('',(-0.,-0.,-1.));
#16748 = DIRECTION('',(-0.,-1.,0.));
#16749 = ADVANCED_FACE('',(#16750),#16761,.F.);
#16750 = FACE_BOUND('',#16751,.T.);
#16751 = EDGE_LOOP('',(#16752,#16753,#16759,#16760));
#16752 = ORIENTED_EDGE('',*,*,#16316,.T.);
#16753 = ORIENTED_EDGE('',*,*,#16754,.T.);
#16754 = EDGE_CURVE('',#16317,#16532,#16755,.T.);
#16755 = LINE('',#16756,#16757);
#16756 = CARTESIAN_POINT('',(167.54,-123.36,-4.6E-02));
#16757 = VECTOR('',#16758,1.);
#16758 = DIRECTION('',(0.,0.,1.));
#16759 = ORIENTED_EDGE('',*,*,#16531,.F.);
#16760 = ORIENTED_EDGE('',*,*,#16754,.F.);
#16761 = CYLINDRICAL_SURFACE('',#16762,0.5);
#16762 = AXIS2_PLACEMENT_3D('',#16763,#16764,#16765);
#16763 = CARTESIAN_POINT('',(167.54,-122.86,-4.6E-02));
#16764 = DIRECTION('',(-0.,-0.,-1.));
#16765 = DIRECTION('',(-0.,-1.,0.));
#16766 = ADVANCED_FACE('',(#16767),#16778,.F.);
#16767 = FACE_BOUND('',#16768,.T.);
#16768 = EDGE_LOOP('',(#16769,#16770,#16776,#16777));
#16769 = ORIENTED_EDGE('',*,*,#16327,.T.);
#16770 = ORIENTED_EDGE('',*,*,#16771,.T.);
#16771 = EDGE_CURVE('',#16328,#16543,#16772,.T.);
#16772 = LINE('',#16773,#16774);
#16773 = CARTESIAN_POINT('',(155.5775,-115.15,-4.6E-02));
#16774 = VECTOR('',#16775,1.);
#16775 = DIRECTION('',(0.,0.,1.));
#16776 = ORIENTED_EDGE('',*,*,#16542,.F.);
#16777 = ORIENTED_EDGE('',*,*,#16771,.F.);
#16778 = CYLINDRICAL_SURFACE('',#16779,0.65);
#16779 = AXIS2_PLACEMENT_3D('',#16780,#16781,#16782);
#16780 = CARTESIAN_POINT('',(155.5775,-114.5,-4.6E-02));
#16781 = DIRECTION('',(-0.,-0.,-1.));
#16782 = DIRECTION('',(-0.,-1.,0.));
#16783 = ADVANCED_FACE('',(#16784),#16795,.F.);
#16784 = FACE_BOUND('',#16785,.T.);
#16785 = EDGE_LOOP('',(#16786,#16787,#16793,#16794));
#16786 = ORIENTED_EDGE('',*,*,#16338,.T.);
#16787 = ORIENTED_EDGE('',*,*,#16788,.T.);
#16788 = EDGE_CURVE('',#16339,#16554,#16789,.T.);
#16789 = LINE('',#16790,#16791);
#16790 = CARTESIAN_POINT('',(170.08,-123.36,-4.6E-02));
#16791 = VECTOR('',#16792,1.);
#16792 = DIRECTION('',(0.,0.,1.));
#16793 = ORIENTED_EDGE('',*,*,#16553,.F.);
#16794 = ORIENTED_EDGE('',*,*,#16788,.F.);
#16795 = CYLINDRICAL_SURFACE('',#16796,0.5);
#16796 = AXIS2_PLACEMENT_3D('',#16797,#16798,#16799);
#16797 = CARTESIAN_POINT('',(170.08,-122.86,-4.6E-02));
#16798 = DIRECTION('',(-0.,-0.,-1.));
#16799 = DIRECTION('',(-0.,-1.,0.));
#16800 = ADVANCED_FACE('',(#16801),#16812,.F.);
#16801 = FACE_BOUND('',#16802,.T.);
#16802 = EDGE_LOOP('',(#16803,#16804,#16810,#16811));
#16803 = ORIENTED_EDGE('',*,*,#16349,.T.);
#16804 = ORIENTED_EDGE('',*,*,#16805,.T.);
#16805 = EDGE_CURVE('',#16350,#16565,#16806,.T.);
#16806 = LINE('',#16807,#16808);
#16807 = CARTESIAN_POINT('',(172.62,-123.36,-4.6E-02));
#16808 = VECTOR('',#16809,1.);
#16809 = DIRECTION('',(0.,0.,1.));
#16810 = ORIENTED_EDGE('',*,*,#16564,.F.);
#16811 = ORIENTED_EDGE('',*,*,#16805,.F.);
#16812 = CYLINDRICAL_SURFACE('',#16813,0.5);
#16813 = AXIS2_PLACEMENT_3D('',#16814,#16815,#16816);
#16814 = CARTESIAN_POINT('',(172.62,-122.86,-4.6E-02));
#16815 = DIRECTION('',(-0.,-0.,-1.));
#16816 = DIRECTION('',(-0.,-1.,0.));
#16817 = ADVANCED_FACE('',(#16818),#16829,.F.);
#16818 = FACE_BOUND('',#16819,.T.);
#16819 = EDGE_LOOP('',(#16820,#16821,#16827,#16828));
#16820 = ORIENTED_EDGE('',*,*,#16360,.T.);
#16821 = ORIENTED_EDGE('',*,*,#16822,.T.);
#16822 = EDGE_CURVE('',#16361,#16576,#16823,.T.);
#16823 = LINE('',#16824,#16825);
#16824 = CARTESIAN_POINT('',(175.16,-123.36,-4.6E-02));
#16825 = VECTOR('',#16826,1.);
#16826 = DIRECTION('',(0.,0.,1.));
#16827 = ORIENTED_EDGE('',*,*,#16575,.F.);
#16828 = ORIENTED_EDGE('',*,*,#16822,.F.);
#16829 = CYLINDRICAL_SURFACE('',#16830,0.5);
#16830 = AXIS2_PLACEMENT_3D('',#16831,#16832,#16833);
#16831 = CARTESIAN_POINT('',(175.16,-122.86,-4.6E-02));
#16832 = DIRECTION('',(-0.,-0.,-1.));
#16833 = DIRECTION('',(-0.,-1.,0.));
#16834 = ADVANCED_FACE('',(#16835),#16846,.F.);
#16835 = FACE_BOUND('',#16836,.T.);
#16836 = EDGE_LOOP('',(#16837,#16838,#16844,#16845));
#16837 = ORIENTED_EDGE('',*,*,#16371,.T.);
#16838 = ORIENTED_EDGE('',*,*,#16839,.T.);
#16839 = EDGE_CURVE('',#16372,#16587,#16840,.T.);
#16840 = LINE('',#16841,#16842);
#16841 = CARTESIAN_POINT('',(177.7,-123.36,-4.6E-02));
#16842 = VECTOR('',#16843,1.);
#16843 = DIRECTION('',(0.,0.,1.));
#16844 = ORIENTED_EDGE('',*,*,#16586,.F.);
#16845 = ORIENTED_EDGE('',*,*,#16839,.F.);
#16846 = CYLINDRICAL_SURFACE('',#16847,0.5);
#16847 = AXIS2_PLACEMENT_3D('',#16848,#16849,#16850);
#16848 = CARTESIAN_POINT('',(177.7,-122.86,-4.6E-02));
#16849 = DIRECTION('',(-0.,-0.,-1.));
#16850 = DIRECTION('',(-0.,-1.,0.));
#16851 = ADVANCED_FACE('',(#16852),#16863,.F.);
#16852 = FACE_BOUND('',#16853,.T.);
#16853 = EDGE_LOOP('',(#16854,#16855,#16861,#16862));
#16854 = ORIENTED_EDGE('',*,*,#16382,.T.);
#16855 = ORIENTED_EDGE('',*,*,#16856,.T.);
#16856 = EDGE_CURVE('',#16383,#16598,#16857,.T.);
#16857 = LINE('',#16858,#16859);
#16858 = CARTESIAN_POINT('',(180.24,-123.36,-4.6E-02));
#16859 = VECTOR('',#16860,1.);
#16860 = DIRECTION('',(0.,0.,1.));
#16861 = ORIENTED_EDGE('',*,*,#16597,.F.);
#16862 = ORIENTED_EDGE('',*,*,#16856,.F.);
#16863 = CYLINDRICAL_SURFACE('',#16864,0.5);
#16864 = AXIS2_PLACEMENT_3D('',#16865,#16866,#16867);
#16865 = CARTESIAN_POINT('',(180.24,-122.86,-4.6E-02));
#16866 = DIRECTION('',(-0.,-0.,-1.));
#16867 = DIRECTION('',(-0.,-1.,0.));
#16868 = ADVANCED_FACE('',(#16869),#16880,.F.);
#16869 = FACE_BOUND('',#16870,.T.);
#16870 = EDGE_LOOP('',(#16871,#16872,#16878,#16879));
#16871 = ORIENTED_EDGE('',*,*,#16393,.T.);
#16872 = ORIENTED_EDGE('',*,*,#16873,.T.);
#16873 = EDGE_CURVE('',#16394,#16609,#16874,.T.);
#16874 = LINE('',#16875,#16876);
#16875 = CARTESIAN_POINT('',(182.78,-123.36,-4.6E-02));
#16876 = VECTOR('',#16877,1.);
#16877 = DIRECTION('',(0.,0.,1.));
#16878 = ORIENTED_EDGE('',*,*,#16608,.F.);
#16879 = ORIENTED_EDGE('',*,*,#16873,.F.);
#16880 = CYLINDRICAL_SURFACE('',#16881,0.5);
#16881 = AXIS2_PLACEMENT_3D('',#16882,#16883,#16884);
#16882 = CARTESIAN_POINT('',(182.78,-122.86,-4.6E-02));
#16883 = DIRECTION('',(-0.,-0.,-1.));
#16884 = DIRECTION('',(-0.,-1.,0.));
#16885 = ADVANCED_FACE('',(#16886),#16897,.F.);
#16886 = FACE_BOUND('',#16887,.T.);
#16887 = EDGE_LOOP('',(#16888,#16889,#16895,#16896));
#16888 = ORIENTED_EDGE('',*,*,#16404,.T.);
#16889 = ORIENTED_EDGE('',*,*,#16890,.T.);
#16890 = EDGE_CURVE('',#16405,#16620,#16891,.T.);
#16891 = LINE('',#16892,#16893);
#16892 = CARTESIAN_POINT('',(155.5775,-110.15,-4.6E-02));
#16893 = VECTOR('',#16894,1.);
#16894 = DIRECTION('',(0.,0.,1.));
#16895 = ORIENTED_EDGE('',*,*,#16619,.F.);
#16896 = ORIENTED_EDGE('',*,*,#16890,.F.);
#16897 = CYLINDRICAL_SURFACE('',#16898,0.65);
#16898 = AXIS2_PLACEMENT_3D('',#16899,#16900,#16901);
#16899 = CARTESIAN_POINT('',(155.5775,-109.5,-4.6E-02));
#16900 = DIRECTION('',(-0.,-0.,-1.));
#16901 = DIRECTION('',(-0.,-1.,0.));
#16902 = ADVANCED_FACE('',(#16903),#16914,.F.);
#16903 = FACE_BOUND('',#16904,.T.);
#16904 = EDGE_LOOP('',(#16905,#16906,#16912,#16913));
#16905 = ORIENTED_EDGE('',*,*,#16415,.T.);
#16906 = ORIENTED_EDGE('',*,*,#16907,.T.);
#16907 = EDGE_CURVE('',#16416,#16631,#16908,.T.);
#16908 = LINE('',#16909,#16910);
#16909 = CARTESIAN_POINT('',(165.,-100.5,-4.6E-02));
#16910 = VECTOR('',#16911,1.);
#16911 = DIRECTION('',(0.,0.,1.));
#16912 = ORIENTED_EDGE('',*,*,#16630,.F.);
#16913 = ORIENTED_EDGE('',*,*,#16907,.F.);
#16914 = CYLINDRICAL_SURFACE('',#16915,0.5);
#16915 = AXIS2_PLACEMENT_3D('',#16916,#16917,#16918);
#16916 = CARTESIAN_POINT('',(165.,-100.,-4.6E-02));
#16917 = DIRECTION('',(-0.,-0.,-1.));
#16918 = DIRECTION('',(-0.,-1.,0.));
#16919 = ADVANCED_FACE('',(#16920),#16931,.F.);
#16920 = FACE_BOUND('',#16921,.T.);
#16921 = EDGE_LOOP('',(#16922,#16923,#16929,#16930));
#16922 = ORIENTED_EDGE('',*,*,#16426,.T.);
#16923 = ORIENTED_EDGE('',*,*,#16924,.T.);
#16924 = EDGE_CURVE('',#16427,#16642,#16925,.T.);
#16925 = LINE('',#16926,#16927);
#16926 = CARTESIAN_POINT('',(167.54,-100.5,-4.6E-02));
#16927 = VECTOR('',#16928,1.);
#16928 = DIRECTION('',(0.,0.,1.));
#16929 = ORIENTED_EDGE('',*,*,#16641,.F.);
#16930 = ORIENTED_EDGE('',*,*,#16924,.F.);
#16931 = CYLINDRICAL_SURFACE('',#16932,0.5);
#16932 = AXIS2_PLACEMENT_3D('',#16933,#16934,#16935);
#16933 = CARTESIAN_POINT('',(167.54,-100.,-4.6E-02));
#16934 = DIRECTION('',(-0.,-0.,-1.));
#16935 = DIRECTION('',(-0.,-1.,0.));
#16936 = ADVANCED_FACE('',(#16937),#16948,.F.);
#16937 = FACE_BOUND('',#16938,.T.);
#16938 = EDGE_LOOP('',(#16939,#16940,#16946,#16947));
#16939 = ORIENTED_EDGE('',*,*,#16437,.T.);
#16940 = ORIENTED_EDGE('',*,*,#16941,.T.);
#16941 = EDGE_CURVE('',#16438,#16653,#16942,.T.);
#16942 = LINE('',#16943,#16944);
#16943 = CARTESIAN_POINT('',(170.08,-100.5,-4.6E-02));
#16944 = VECTOR('',#16945,1.);
#16945 = DIRECTION('',(0.,0.,1.));
#16946 = ORIENTED_EDGE('',*,*,#16652,.F.);
#16947 = ORIENTED_EDGE('',*,*,#16941,.F.);
#16948 = CYLINDRICAL_SURFACE('',#16949,0.5);
#16949 = AXIS2_PLACEMENT_3D('',#16950,#16951,#16952);
#16950 = CARTESIAN_POINT('',(170.08,-100.,-4.6E-02));
#16951 = DIRECTION('',(-0.,-0.,-1.));
#16952 = DIRECTION('',(-0.,-1.,0.));
#16953 = ADVANCED_FACE('',(#16954),#16965,.F.);
#16954 = FACE_BOUND('',#16955,.T.);
#16955 = EDGE_LOOP('',(#16956,#16957,#16963,#16964));
#16956 = ORIENTED_EDGE('',*,*,#16448,.T.);
#16957 = ORIENTED_EDGE('',*,*,#16958,.T.);
#16958 = EDGE_CURVE('',#16449,#16664,#16959,.T.);
#16959 = LINE('',#16960,#16961);
#16960 = CARTESIAN_POINT('',(172.62,-100.5,-4.6E-02));
#16961 = VECTOR('',#16962,1.);
#16962 = DIRECTION('',(0.,0.,1.));
#16963 = ORIENTED_EDGE('',*,*,#16663,.F.);
#16964 = ORIENTED_EDGE('',*,*,#16958,.F.);
#16965 = CYLINDRICAL_SURFACE('',#16966,0.5);
#16966 = AXIS2_PLACEMENT_3D('',#16967,#16968,#16969);
#16967 = CARTESIAN_POINT('',(172.62,-100.,-4.6E-02));
#16968 = DIRECTION('',(-0.,-0.,-1.));
#16969 = DIRECTION('',(-0.,-1.,0.));
#16970 = ADVANCED_FACE('',(#16971),#16982,.F.);
#16971 = FACE_BOUND('',#16972,.T.);
#16972 = EDGE_LOOP('',(#16973,#16974,#16980,#16981));
#16973 = ORIENTED_EDGE('',*,*,#16459,.T.);
#16974 = ORIENTED_EDGE('',*,*,#16975,.T.);
#16975 = EDGE_CURVE('',#16460,#16675,#16976,.T.);
#16976 = LINE('',#16977,#16978);
#16977 = CARTESIAN_POINT('',(175.16,-100.5,-4.6E-02));
#16978 = VECTOR('',#16979,1.);
#16979 = DIRECTION('',(0.,0.,1.));
#16980 = ORIENTED_EDGE('',*,*,#16674,.F.);
#16981 = ORIENTED_EDGE('',*,*,#16975,.F.);
#16982 = CYLINDRICAL_SURFACE('',#16983,0.5);
#16983 = AXIS2_PLACEMENT_3D('',#16984,#16985,#16986);
#16984 = CARTESIAN_POINT('',(175.16,-100.,-4.6E-02));
#16985 = DIRECTION('',(-0.,-0.,-1.));
#16986 = DIRECTION('',(-0.,-1.,0.));
#16987 = ADVANCED_FACE('',(#16988),#16999,.F.);
#16988 = FACE_BOUND('',#16989,.T.);
#16989 = EDGE_LOOP('',(#16990,#16991,#16997,#16998));
#16990 = ORIENTED_EDGE('',*,*,#16470,.T.);
#16991 = ORIENTED_EDGE('',*,*,#16992,.T.);
#16992 = EDGE_CURVE('',#16471,#16686,#16993,.T.);
#16993 = LINE('',#16994,#16995);
#16994 = CARTESIAN_POINT('',(177.7,-100.5,-4.6E-02));
#16995 = VECTOR('',#16996,1.);
#16996 = DIRECTION('',(0.,0.,1.));
#16997 = ORIENTED_EDGE('',*,*,#16685,.F.);
#16998 = ORIENTED_EDGE('',*,*,#16992,.F.);
#16999 = CYLINDRICAL_SURFACE('',#17000,0.5);
#17000 = AXIS2_PLACEMENT_3D('',#17001,#17002,#17003);
#17001 = CARTESIAN_POINT('',(177.7,-100.,-4.6E-02));
#17002 = DIRECTION('',(-0.,-0.,-1.));
#17003 = DIRECTION('',(-0.,-1.,0.));
#17004 = ADVANCED_FACE('',(#17005),#17016,.F.);
#17005 = FACE_BOUND('',#17006,.T.);
#17006 = EDGE_LOOP('',(#17007,#17008,#17014,#17015));
#17007 = ORIENTED_EDGE('',*,*,#16481,.T.);
#17008 = ORIENTED_EDGE('',*,*,#17009,.T.);
#17009 = EDGE_CURVE('',#16482,#16697,#17010,.T.);
#17010 = LINE('',#17011,#17012);
#17011 = CARTESIAN_POINT('',(180.24,-100.5,-4.6E-02));
#17012 = VECTOR('',#17013,1.);
#17013 = DIRECTION('',(0.,0.,1.));
#17014 = ORIENTED_EDGE('',*,*,#16696,.F.);
#17015 = ORIENTED_EDGE('',*,*,#17009,.F.);
#17016 = CYLINDRICAL_SURFACE('',#17017,0.5);
#17017 = AXIS2_PLACEMENT_3D('',#17018,#17019,#17020);
#17018 = CARTESIAN_POINT('',(180.24,-100.,-4.6E-02));
#17019 = DIRECTION('',(-0.,-0.,-1.));
#17020 = DIRECTION('',(-0.,-1.,0.));
#17021 = ADVANCED_FACE('',(#17022),#17033,.F.);
#17022 = FACE_BOUND('',#17023,.T.);
#17023 = EDGE_LOOP('',(#17024,#17025,#17031,#17032));
#17024 = ORIENTED_EDGE('',*,*,#16492,.T.);
#17025 = ORIENTED_EDGE('',*,*,#17026,.T.);
#17026 = EDGE_CURVE('',#16493,#16708,#17027,.T.);
#17027 = LINE('',#17028,#17029);
#17028 = CARTESIAN_POINT('',(182.78,-100.5,-4.6E-02));
#17029 = VECTOR('',#17030,1.);
#17030 = DIRECTION('',(0.,0.,1.));
#17031 = ORIENTED_EDGE('',*,*,#16707,.F.);
#17032 = ORIENTED_EDGE('',*,*,#17026,.F.);
#17033 = CYLINDRICAL_SURFACE('',#17034,0.5);
#17034 = AXIS2_PLACEMENT_3D('',#17035,#17036,#17037);
#17035 = CARTESIAN_POINT('',(182.78,-100.,-4.6E-02));
#17036 = DIRECTION('',(-0.,-0.,-1.));
#17037 = DIRECTION('',(-0.,-1.,0.));
#17038 = ( GEOMETRIC_REPRESENTATION_CONTEXT(3) 
GLOBAL_UNCERTAINTY_ASSIGNED_CONTEXT((#17042)) 
GLOBAL_UNIT_ASSIGNED_CONTEXT((#17039,#17040,#17041)) 
REPRESENTATION_CONTEXT('Context #1',
  '3D Context with UNIT and UNCERTAINTY') );
#17039 = ( LENGTH_UNIT() NAMED_UNIT(*) SI_UNIT(.MILLI.,.METRE.) );
#17040 = ( NAMED_UNIT(*) PLANE_ANGLE_UNIT() SI_UNIT($,.RADIAN.) );
#17041 = ( NAMED_UNIT(*) SI_UNIT($,.STERADIAN.) SOLID_ANGLE_UNIT() );
#17042 = UNCERTAINTY_MEASURE_WITH_UNIT(LENGTH_MEASURE(1.E-07),#17039,
  'distance_accuracy_value','confusion accuracy');
#17043 = CONTEXT_DEPENDENT_SHAPE_REPRESENTATION(#17044,#17046);
#17044 = ( REPRESENTATION_RELATIONSHIP('','',#16185,#10) 
REPRESENTATION_RELATIONSHIP_WITH_TRANSFORMATION(#17045) 
SHAPE_REPRESENTATION_RELATIONSHIP() );
#17045 = ITEM_DEFINED_TRANSFORMATION('','',#11,#87);
#17046 = PRODUCT_DEFINITION_SHAPE('Placement','Placement of an item',
  #17047);
#17047 = NEXT_ASSEMBLY_USAGE_OCCURRENCE('19','=>[0:1:1:9]','',#5,#16180,
  $);
#17048 = PRODUCT_RELATED_PRODUCT_CATEGORY('part',$,(#16182));
#17049 = MECHANICAL_DESIGN_GEOMETRIC_PRESENTATION_REPRESENTATION('',(
    #17050,#17058,#17065,#17072,#17080,#17087,#17095,#17102,#17109,
    #17116,#17123,#17130,#17137),#16142);
#17050 = STYLED_ITEM('color',(#17051),#15851);
#17051 = PRESENTATION_STYLE_ASSIGNMENT((#17052));
#17052 = SURFACE_STYLE_USAGE(.BOTH.,#17053);
#17053 = SURFACE_SIDE_STYLE('',(#17054));
#17054 = SURFACE_STYLE_FILL_AREA(#17055);
#17055 = FILL_AREA_STYLE('',(#17056));
#17056 = FILL_AREA_STYLE_COLOUR('',#17057);
#17057 = DRAUGHTING_PRE_DEFINED_COLOUR('blue');
#17058 = STYLED_ITEM('color',(#17059),#15884);
#17059 = PRESENTATION_STYLE_ASSIGNMENT((#17060));
#17060 = SURFACE_STYLE_USAGE(.BOTH.,#17061);
#17061 = SURFACE_SIDE_STYLE('',(#17062));
#17062 = SURFACE_STYLE_FILL_AREA(#17063);
#17063 = FILL_AREA_STYLE('',(#17064));
#17064 = FILL_AREA_STYLE_COLOUR('',#17057);
#17065 = STYLED_ITEM('color',(#17066),#15904);
#17066 = PRESENTATION_STYLE_ASSIGNMENT((#17067));
#17067 = SURFACE_STYLE_USAGE(.BOTH.,#17068);
#17068 = SURFACE_SIDE_STYLE('',(#17069));
#17069 = SURFACE_STYLE_FILL_AREA(#17070);
#17070 = FILL_AREA_STYLE('',(#17071));
#17071 = FILL_AREA_STYLE_COLOUR('',#17057);
#17072 = STYLED_ITEM('color',(#17073),#15924);
#17073 = PRESENTATION_STYLE_ASSIGNMENT((#17074));
#17074 = SURFACE_STYLE_USAGE(.BOTH.,#17075);
#17075 = SURFACE_SIDE_STYLE('',(#17076));
#17076 = SURFACE_STYLE_FILL_AREA(#17077);
#17077 = FILL_AREA_STYLE('',(#17078));
#17078 = FILL_AREA_STYLE_COLOUR('',#17079);
#17079 = COLOUR_RGB('',0.699999984889,9.999999991362E-02,
  5.000000142576E-02);
#17080 = STYLED_ITEM('color',(#17081),#15949);
#17081 = PRESENTATION_STYLE_ASSIGNMENT((#17082));
#17082 = SURFACE_STYLE_USAGE(.BOTH.,#17083);
#17083 = SURFACE_SIDE_STYLE('',(#17084));
#17084 = SURFACE_STYLE_FILL_AREA(#17085);
#17085 = FILL_AREA_STYLE('',(#17086));
#17086 = FILL_AREA_STYLE_COLOUR('',#17079);
#17087 = STYLED_ITEM('color',(#17088),#15974);
#17088 = PRESENTATION_STYLE_ASSIGNMENT((#17089));
#17089 = SURFACE_STYLE_USAGE(.BOTH.,#17090);
#17090 = SURFACE_SIDE_STYLE('',(#17091));
#17091 = SURFACE_STYLE_FILL_AREA(#17092);
#17092 = FILL_AREA_STYLE('',(#17093));
#17093 = FILL_AREA_STYLE_COLOUR('',#17094);
#17094 = COLOUR_RGB('',0.823999987314,0.819999987296,0.781000009244);
#17095 = STYLED_ITEM('color',(#17096),#15994);
#17096 = PRESENTATION_STYLE_ASSIGNMENT((#17097));
#17097 = SURFACE_STYLE_USAGE(.BOTH.,#17098);
#17098 = SURFACE_SIDE_STYLE('',(#17099));
#17099 = SURFACE_STYLE_FILL_AREA(#17100);
#17100 = FILL_AREA_STYLE('',(#17101));
#17101 = FILL_AREA_STYLE_COLOUR('',#17094);
#17102 = STYLED_ITEM('color',(#17103),#16014);
#17103 = PRESENTATION_STYLE_ASSIGNMENT((#17104));
#17104 = SURFACE_STYLE_USAGE(.BOTH.,#17105);
#17105 = SURFACE_SIDE_STYLE('',(#17106));
#17106 = SURFACE_STYLE_FILL_AREA(#17107);
#17107 = FILL_AREA_STYLE('',(#17108));
#17108 = FILL_AREA_STYLE_COLOUR('',#17094);
#17109 = STYLED_ITEM('color',(#17110),#16039);
#17110 = PRESENTATION_STYLE_ASSIGNMENT((#17111));
#17111 = SURFACE_STYLE_USAGE(.BOTH.,#17112);
#17112 = SURFACE_SIDE_STYLE('',(#17113));
#17113 = SURFACE_STYLE_FILL_AREA(#17114);
#17114 = FILL_AREA_STYLE('',(#17115));
#17115 = FILL_AREA_STYLE_COLOUR('',#17094);
#17116 = STYLED_ITEM('color',(#17117),#16064);
#17117 = PRESENTATION_STYLE_ASSIGNMENT((#17118));
#17118 = SURFACE_STYLE_USAGE(.BOTH.,#17119);
#17119 = SURFACE_SIDE_STYLE('',(#17120));
#17120 = SURFACE_STYLE_FILL_AREA(#17121);
#17121 = FILL_AREA_STYLE('',(#17122));
#17122 = FILL_AREA_STYLE_COLOUR('',#17094);
#17123 = STYLED_ITEM('color',(#17124),#16094);
#17124 = PRESENTATION_STYLE_ASSIGNMENT((#17125));
#17125 = SURFACE_STYLE_USAGE(.BOTH.,#17126);
#17126 = SURFACE_SIDE_STYLE('',(#17127));
#17127 = SURFACE_STYLE_FILL_AREA(#17128);
#17128 = FILL_AREA_STYLE('',(#17129));
#17129 = FILL_AREA_STYLE_COLOUR('',#17094);
#17130 = STYLED_ITEM('color',(#17131),#16124);
#17131 = PRESENTATION_STYLE_ASSIGNMENT((#17132));
#17132 = SURFACE_STYLE_USAGE(.BOTH.,#17133);
#17133 = SURFACE_SIDE_STYLE('',(#17134));
#17134 = SURFACE_STYLE_FILL_AREA(#17135);
#17135 = FILL_AREA_STYLE('',(#17136));
#17136 = FILL_AREA_STYLE_COLOUR('',#17094);
#17137 = STYLED_ITEM('color',(#17138),#16133);
#17138 = PRESENTATION_STYLE_ASSIGNMENT((#17139));
#17139 = SURFACE_STYLE_USAGE(.BOTH.,#17140);
#17140 = SURFACE_SIDE_STYLE('',(#17141));
#17141 = SURFACE_STYLE_FILL_AREA(#17142);
#17142 = FILL_AREA_STYLE('',(#17143));
#17143 = FILL_AREA_STYLE_COLOUR('',#17094);
#17144 = MECHANICAL_DESIGN_GEOMETRIC_PRESENTATION_REPRESENTATION('',(
    #17145,#17153,#17160,#17167,#17174,#17181,#17188,#17195,#17202,
    #17209,#17216,#17223,#17230,#17237,#17244,#17251,#17258,#17265,
    #17272,#17279,#17286,#17293,#17300,#17307,#17314,#17321,#17328,
    #17335,#17342,#17349,#17356,#17363,#17370,#17377,#17384,#17391,
    #17398,#17405,#17412,#17419,#17426,#17433,#17440,#17447,#17454,
    #17461,#17468,#17475,#17482,#17489,#17496,#17503,#17510,#17517,
    #17524,#17531,#17538,#17545,#17552,#17559,#17566,#17573,#17580,
    #17587,#17594,#17601,#17608,#17615,#17622,#17629,#17636,#17643,
    #17650,#17657,#17664,#17671,#17678,#17685,#17692,#17699,#17706,
    #17713,#17720,#17727),#9869);
#17145 = STYLED_ITEM('color',(#17146),#7430);
#17146 = PRESENTATION_STYLE_ASSIGNMENT((#17147));
#17147 = SURFACE_STYLE_USAGE(.BOTH.,#17148);
#17148 = SURFACE_SIDE_STYLE('',(#17149));
#17149 = SURFACE_STYLE_FILL_AREA(#17150);
#17150 = FILL_AREA_STYLE('',(#17151));
#17151 = FILL_AREA_STYLE_COLOUR('',#17152);
#17152 = COLOUR_RGB('',0.147999998088,0.144999993226,0.144999993226);
#17153 = STYLED_ITEM('color',(#17154),#7470);
#17154 = PRESENTATION_STYLE_ASSIGNMENT((#17155));
#17155 = SURFACE_STYLE_USAGE(.BOTH.,#17156);
#17156 = SURFACE_SIDE_STYLE('',(#17157));
#17157 = SURFACE_STYLE_FILL_AREA(#17158);
#17158 = FILL_AREA_STYLE('',(#17159));
#17159 = FILL_AREA_STYLE_COLOUR('',#17152);
#17160 = STYLED_ITEM('color',(#17161),#7531);
#17161 = PRESENTATION_STYLE_ASSIGNMENT((#17162));
#17162 = SURFACE_STYLE_USAGE(.BOTH.,#17163);
#17163 = SURFACE_SIDE_STYLE('',(#17164));
#17164 = SURFACE_STYLE_FILL_AREA(#17165);
#17165 = FILL_AREA_STYLE('',(#17166));
#17166 = FILL_AREA_STYLE_COLOUR('',#17152);
#17167 = STYLED_ITEM('color',(#17168),#7554);
#17168 = PRESENTATION_STYLE_ASSIGNMENT((#17169));
#17169 = SURFACE_STYLE_USAGE(.BOTH.,#17170);
#17170 = SURFACE_SIDE_STYLE('',(#17171));
#17171 = SURFACE_STYLE_FILL_AREA(#17172);
#17172 = FILL_AREA_STYLE('',(#17173));
#17173 = FILL_AREA_STYLE_COLOUR('',#17152);
#17174 = STYLED_ITEM('color',(#17175),#7609);
#17175 = PRESENTATION_STYLE_ASSIGNMENT((#17176));
#17176 = SURFACE_STYLE_USAGE(.BOTH.,#17177);
#17177 = SURFACE_SIDE_STYLE('',(#17178));
#17178 = SURFACE_STYLE_FILL_AREA(#17179);
#17179 = FILL_AREA_STYLE('',(#17180));
#17180 = FILL_AREA_STYLE_COLOUR('',#17152);
#17181 = STYLED_ITEM('color',(#17182),#7626);
#17182 = PRESENTATION_STYLE_ASSIGNMENT((#17183));
#17183 = SURFACE_STYLE_USAGE(.BOTH.,#17184);
#17184 = SURFACE_SIDE_STYLE('',(#17185));
#17185 = SURFACE_STYLE_FILL_AREA(#17186);
#17186 = FILL_AREA_STYLE('',(#17187));
#17187 = FILL_AREA_STYLE_COLOUR('',#17152);
#17188 = STYLED_ITEM('color',(#17189),#7656);
#17189 = PRESENTATION_STYLE_ASSIGNMENT((#17190));
#17190 = SURFACE_STYLE_USAGE(.BOTH.,#17191);
#17191 = SURFACE_SIDE_STYLE('',(#17192));
#17192 = SURFACE_STYLE_FILL_AREA(#17193);
#17193 = FILL_AREA_STYLE('',(#17194));
#17194 = FILL_AREA_STYLE_COLOUR('',#17152);
#17195 = STYLED_ITEM('color',(#17196),#7686);
#17196 = PRESENTATION_STYLE_ASSIGNMENT((#17197));
#17197 = SURFACE_STYLE_USAGE(.BOTH.,#17198);
#17198 = SURFACE_SIDE_STYLE('',(#17199));
#17199 = SURFACE_STYLE_FILL_AREA(#17200);
#17200 = FILL_AREA_STYLE('',(#17201));
#17201 = FILL_AREA_STYLE_COLOUR('',#17094);
#17202 = STYLED_ITEM('color',(#17203),#7717);
#17203 = PRESENTATION_STYLE_ASSIGNMENT((#17204));
#17204 = SURFACE_STYLE_USAGE(.BOTH.,#17205);
#17205 = SURFACE_SIDE_STYLE('',(#17206));
#17206 = SURFACE_STYLE_FILL_AREA(#17207);
#17207 = FILL_AREA_STYLE('',(#17208));
#17208 = FILL_AREA_STYLE_COLOUR('',#17094);
#17209 = STYLED_ITEM('color',(#17210),#7748);
#17210 = PRESENTATION_STYLE_ASSIGNMENT((#17211));
#17211 = SURFACE_STYLE_USAGE(.BOTH.,#17212);
#17212 = SURFACE_SIDE_STYLE('',(#17213));
#17213 = SURFACE_STYLE_FILL_AREA(#17214);
#17214 = FILL_AREA_STYLE('',(#17215));
#17215 = FILL_AREA_STYLE_COLOUR('',#17152);
#17216 = STYLED_ITEM('color',(#17217),#7779);
#17217 = PRESENTATION_STYLE_ASSIGNMENT((#17218));
#17218 = SURFACE_STYLE_USAGE(.BOTH.,#17219);
#17219 = SURFACE_SIDE_STYLE('',(#17220));
#17220 = SURFACE_STYLE_FILL_AREA(#17221);
#17221 = FILL_AREA_STYLE('',(#17222));
#17222 = FILL_AREA_STYLE_COLOUR('',#17152);
#17223 = STYLED_ITEM('color',(#17224),#7802);
#17224 = PRESENTATION_STYLE_ASSIGNMENT((#17225));
#17225 = SURFACE_STYLE_USAGE(.BOTH.,#17226);
#17226 = SURFACE_SIDE_STYLE('',(#17227));
#17227 = SURFACE_STYLE_FILL_AREA(#17228);
#17228 = FILL_AREA_STYLE('',(#17229));
#17229 = FILL_AREA_STYLE_COLOUR('',#17152);
#17230 = STYLED_ITEM('color',(#17231),#7826);
#17231 = PRESENTATION_STYLE_ASSIGNMENT((#17232));
#17232 = SURFACE_STYLE_USAGE(.BOTH.,#17233);
#17233 = SURFACE_SIDE_STYLE('',(#17234));
#17234 = SURFACE_STYLE_FILL_AREA(#17235);
#17235 = FILL_AREA_STYLE('',(#17236));
#17236 = FILL_AREA_STYLE_COLOUR('',#17152);
#17237 = STYLED_ITEM('color',(#17238),#7856);
#17238 = PRESENTATION_STYLE_ASSIGNMENT((#17239));
#17239 = SURFACE_STYLE_USAGE(.BOTH.,#17240);
#17240 = SURFACE_SIDE_STYLE('',(#17241));
#17241 = SURFACE_STYLE_FILL_AREA(#17242);
#17242 = FILL_AREA_STYLE('',(#17243));
#17243 = FILL_AREA_STYLE_COLOUR('',#17094);
#17244 = STYLED_ITEM('color',(#17245),#7887);
#17245 = PRESENTATION_STYLE_ASSIGNMENT((#17246));
#17246 = SURFACE_STYLE_USAGE(.BOTH.,#17247);
#17247 = SURFACE_SIDE_STYLE('',(#17248));
#17248 = SURFACE_STYLE_FILL_AREA(#17249);
#17249 = FILL_AREA_STYLE('',(#17250));
#17250 = FILL_AREA_STYLE_COLOUR('',#17094);
#17251 = STYLED_ITEM('color',(#17252),#7918);
#17252 = PRESENTATION_STYLE_ASSIGNMENT((#17253));
#17253 = SURFACE_STYLE_USAGE(.BOTH.,#17254);
#17254 = SURFACE_SIDE_STYLE('',(#17255));
#17255 = SURFACE_STYLE_FILL_AREA(#17256);
#17256 = FILL_AREA_STYLE('',(#17257));
#17257 = FILL_AREA_STYLE_COLOUR('',#17152);
#17258 = STYLED_ITEM('color',(#17259),#7949);
#17259 = PRESENTATION_STYLE_ASSIGNMENT((#17260));
#17260 = SURFACE_STYLE_USAGE(.BOTH.,#17261);
#17261 = SURFACE_SIDE_STYLE('',(#17262));
#17262 = SURFACE_STYLE_FILL_AREA(#17263);
#17263 = FILL_AREA_STYLE('',(#17264));
#17264 = FILL_AREA_STYLE_COLOUR('',#17152);
#17265 = STYLED_ITEM('color',(#17266),#7966);
#17266 = PRESENTATION_STYLE_ASSIGNMENT((#17267));
#17267 = SURFACE_STYLE_USAGE(.BOTH.,#17268);
#17268 = SURFACE_SIDE_STYLE('',(#17269));
#17269 = SURFACE_STYLE_FILL_AREA(#17270);
#17270 = FILL_AREA_STYLE('',(#17271));
#17271 = FILL_AREA_STYLE_COLOUR('',#17152);
#17272 = STYLED_ITEM('color',(#17273),#7996);
#17273 = PRESENTATION_STYLE_ASSIGNMENT((#17274));
#17274 = SURFACE_STYLE_USAGE(.BOTH.,#17275);
#17275 = SURFACE_SIDE_STYLE('',(#17276));
#17276 = SURFACE_STYLE_FILL_AREA(#17277);
#17277 = FILL_AREA_STYLE('',(#17278));
#17278 = FILL_AREA_STYLE_COLOUR('',#17094);
#17279 = STYLED_ITEM('color',(#17280),#8088);
#17280 = PRESENTATION_STYLE_ASSIGNMENT((#17281));
#17281 = SURFACE_STYLE_USAGE(.BOTH.,#17282);
#17282 = SURFACE_SIDE_STYLE('',(#17283));
#17283 = SURFACE_STYLE_FILL_AREA(#17284);
#17284 = FILL_AREA_STYLE('',(#17285));
#17285 = FILL_AREA_STYLE_COLOUR('',#17094);
#17286 = STYLED_ITEM('color',(#17287),#8180);
#17287 = PRESENTATION_STYLE_ASSIGNMENT((#17288));
#17288 = SURFACE_STYLE_USAGE(.BOTH.,#17289);
#17289 = SURFACE_SIDE_STYLE('',(#17290));
#17290 = SURFACE_STYLE_FILL_AREA(#17291);
#17291 = FILL_AREA_STYLE('',(#17292));
#17292 = FILL_AREA_STYLE_COLOUR('',#17152);
#17293 = STYLED_ITEM('color',(#17294),#8210);
#17294 = PRESENTATION_STYLE_ASSIGNMENT((#17295));
#17295 = SURFACE_STYLE_USAGE(.BOTH.,#17296);
#17296 = SURFACE_SIDE_STYLE('',(#17297));
#17297 = SURFACE_STYLE_FILL_AREA(#17298);
#17298 = FILL_AREA_STYLE('',(#17299));
#17299 = FILL_AREA_STYLE_COLOUR('',#17094);
#17300 = STYLED_ITEM('color',(#17301),#8302);
#17301 = PRESENTATION_STYLE_ASSIGNMENT((#17302));
#17302 = SURFACE_STYLE_USAGE(.BOTH.,#17303);
#17303 = SURFACE_SIDE_STYLE('',(#17304));
#17304 = SURFACE_STYLE_FILL_AREA(#17305);
#17305 = FILL_AREA_STYLE('',(#17306));
#17306 = FILL_AREA_STYLE_COLOUR('',#17094);
#17307 = STYLED_ITEM('color',(#17308),#8319);
#17308 = PRESENTATION_STYLE_ASSIGNMENT((#17309));
#17309 = SURFACE_STYLE_USAGE(.BOTH.,#17310);
#17310 = SURFACE_SIDE_STYLE('',(#17311));
#17311 = SURFACE_STYLE_FILL_AREA(#17312);
#17312 = FILL_AREA_STYLE('',(#17313));
#17313 = FILL_AREA_STYLE_COLOUR('',#17094);
#17314 = STYLED_ITEM('color',(#17315),#8344);
#17315 = PRESENTATION_STYLE_ASSIGNMENT((#17316));
#17316 = SURFACE_STYLE_USAGE(.BOTH.,#17317);
#17317 = SURFACE_SIDE_STYLE('',(#17318));
#17318 = SURFACE_STYLE_FILL_AREA(#17319);
#17319 = FILL_AREA_STYLE('',(#17320));
#17320 = FILL_AREA_STYLE_COLOUR('',#17094);
#17321 = STYLED_ITEM('color',(#17322),#8428);
#17322 = PRESENTATION_STYLE_ASSIGNMENT((#17323));
#17323 = SURFACE_STYLE_USAGE(.BOTH.,#17324);
#17324 = SURFACE_SIDE_STYLE('',(#17325));
#17325 = SURFACE_STYLE_FILL_AREA(#17326);
#17326 = FILL_AREA_STYLE('',(#17327));
#17327 = FILL_AREA_STYLE_COLOUR('',#17152);
#17328 = STYLED_ITEM('color',(#17329),#8459);
#17329 = PRESENTATION_STYLE_ASSIGNMENT((#17330));
#17330 = SURFACE_STYLE_USAGE(.BOTH.,#17331);
#17331 = SURFACE_SIDE_STYLE('',(#17332));
#17332 = SURFACE_STYLE_FILL_AREA(#17333);
#17333 = FILL_AREA_STYLE('',(#17334));
#17334 = FILL_AREA_STYLE_COLOUR('',#17152);
#17335 = STYLED_ITEM('color',(#17336),#8482);
#17336 = PRESENTATION_STYLE_ASSIGNMENT((#17337));
#17337 = SURFACE_STYLE_USAGE(.BOTH.,#17338);
#17338 = SURFACE_SIDE_STYLE('',(#17339));
#17339 = SURFACE_STYLE_FILL_AREA(#17340);
#17340 = FILL_AREA_STYLE('',(#17341));
#17341 = FILL_AREA_STYLE_COLOUR('',#17152);
#17342 = STYLED_ITEM('color',(#17343),#8506);
#17343 = PRESENTATION_STYLE_ASSIGNMENT((#17344));
#17344 = SURFACE_STYLE_USAGE(.BOTH.,#17345);
#17345 = SURFACE_SIDE_STYLE('',(#17346));
#17346 = SURFACE_STYLE_FILL_AREA(#17347);
#17347 = FILL_AREA_STYLE('',(#17348));
#17348 = FILL_AREA_STYLE_COLOUR('',#17094);
#17349 = STYLED_ITEM('color',(#17350),#8598);
#17350 = PRESENTATION_STYLE_ASSIGNMENT((#17351));
#17351 = SURFACE_STYLE_USAGE(.BOTH.,#17352);
#17352 = SURFACE_SIDE_STYLE('',(#17353));
#17353 = SURFACE_STYLE_FILL_AREA(#17354);
#17354 = FILL_AREA_STYLE('',(#17355));
#17355 = FILL_AREA_STYLE_COLOUR('',#17094);
#17356 = STYLED_ITEM('color',(#17357),#8690);
#17357 = PRESENTATION_STYLE_ASSIGNMENT((#17358));
#17358 = SURFACE_STYLE_USAGE(.BOTH.,#17359);
#17359 = SURFACE_SIDE_STYLE('',(#17360));
#17360 = SURFACE_STYLE_FILL_AREA(#17361);
#17361 = FILL_AREA_STYLE('',(#17362));
#17362 = FILL_AREA_STYLE_COLOUR('',#17152);
#17363 = STYLED_ITEM('color',(#17364),#8720);
#17364 = PRESENTATION_STYLE_ASSIGNMENT((#17365));
#17365 = SURFACE_STYLE_USAGE(.BOTH.,#17366);
#17366 = SURFACE_SIDE_STYLE('',(#17367));
#17367 = SURFACE_STYLE_FILL_AREA(#17368);
#17368 = FILL_AREA_STYLE('',(#17369));
#17369 = FILL_AREA_STYLE_COLOUR('',#17094);
#17370 = STYLED_ITEM('color',(#17371),#8812);
#17371 = PRESENTATION_STYLE_ASSIGNMENT((#17372));
#17372 = SURFACE_STYLE_USAGE(.BOTH.,#17373);
#17373 = SURFACE_SIDE_STYLE('',(#17374));
#17374 = SURFACE_STYLE_FILL_AREA(#17375);
#17375 = FILL_AREA_STYLE('',(#17376));
#17376 = FILL_AREA_STYLE_COLOUR('',#17094);
#17377 = STYLED_ITEM('color',(#17378),#8829);
#17378 = PRESENTATION_STYLE_ASSIGNMENT((#17379));
#17379 = SURFACE_STYLE_USAGE(.BOTH.,#17380);
#17380 = SURFACE_SIDE_STYLE('',(#17381));
#17381 = SURFACE_STYLE_FILL_AREA(#17382);
#17382 = FILL_AREA_STYLE('',(#17383));
#17383 = FILL_AREA_STYLE_COLOUR('',#17094);
#17384 = STYLED_ITEM('color',(#17385),#8854);
#17385 = PRESENTATION_STYLE_ASSIGNMENT((#17386));
#17386 = SURFACE_STYLE_USAGE(.BOTH.,#17387);
#17387 = SURFACE_SIDE_STYLE('',(#17388));
#17388 = SURFACE_STYLE_FILL_AREA(#17389);
#17389 = FILL_AREA_STYLE('',(#17390));
#17390 = FILL_AREA_STYLE_COLOUR('',#17094);
#17391 = STYLED_ITEM('color',(#17392),#8938);
#17392 = PRESENTATION_STYLE_ASSIGNMENT((#17393));
#17393 = SURFACE_STYLE_USAGE(.BOTH.,#17394);
#17394 = SURFACE_SIDE_STYLE('',(#17395));
#17395 = SURFACE_STYLE_FILL_AREA(#17396);
#17396 = FILL_AREA_STYLE('',(#17397));
#17397 = FILL_AREA_STYLE_COLOUR('',#17152);
#17398 = STYLED_ITEM('color',(#17399),#8969);
#17399 = PRESENTATION_STYLE_ASSIGNMENT((#17400));
#17400 = SURFACE_STYLE_USAGE(.BOTH.,#17401);
#17401 = SURFACE_SIDE_STYLE('',(#17402));
#17402 = SURFACE_STYLE_FILL_AREA(#17403);
#17403 = FILL_AREA_STYLE('',(#17404));
#17404 = FILL_AREA_STYLE_COLOUR('',#17152);
#17405 = STYLED_ITEM('color',(#17406),#8986);
#17406 = PRESENTATION_STYLE_ASSIGNMENT((#17407));
#17407 = SURFACE_STYLE_USAGE(.BOTH.,#17408);
#17408 = SURFACE_SIDE_STYLE('',(#17409));
#17409 = SURFACE_STYLE_FILL_AREA(#17410);
#17410 = FILL_AREA_STYLE('',(#17411));
#17411 = FILL_AREA_STYLE_COLOUR('',#17152);
#17412 = STYLED_ITEM('color',(#17413),#9029);
#17413 = PRESENTATION_STYLE_ASSIGNMENT((#17414));
#17414 = SURFACE_STYLE_USAGE(.BOTH.,#17415);
#17415 = SURFACE_SIDE_STYLE('',(#17416));
#17416 = SURFACE_STYLE_FILL_AREA(#17417);
#17417 = FILL_AREA_STYLE('',(#17418));
#17418 = FILL_AREA_STYLE_COLOUR('',#17094);
#17419 = STYLED_ITEM('color',(#17420),#9046);
#17420 = PRESENTATION_STYLE_ASSIGNMENT((#17421));
#17421 = SURFACE_STYLE_USAGE(.BOTH.,#17422);
#17422 = SURFACE_SIDE_STYLE('',(#17423));
#17423 = SURFACE_STYLE_FILL_AREA(#17424);
#17424 = FILL_AREA_STYLE('',(#17425));
#17425 = FILL_AREA_STYLE_COLOUR('',#17094);
#17426 = STYLED_ITEM('color',(#17427),#9068);
#17427 = PRESENTATION_STYLE_ASSIGNMENT((#17428));
#17428 = SURFACE_STYLE_USAGE(.BOTH.,#17429);
#17429 = SURFACE_SIDE_STYLE('',(#17430));
#17430 = SURFACE_STYLE_FILL_AREA(#17431);
#17431 = FILL_AREA_STYLE('',(#17432));
#17432 = FILL_AREA_STYLE_COLOUR('',#17094);
#17433 = STYLED_ITEM('color',(#17434),#9085);
#17434 = PRESENTATION_STYLE_ASSIGNMENT((#17435));
#17435 = SURFACE_STYLE_USAGE(.BOTH.,#17436);
#17436 = SURFACE_SIDE_STYLE('',(#17437));
#17437 = SURFACE_STYLE_FILL_AREA(#17438);
#17438 = FILL_AREA_STYLE('',(#17439));
#17439 = FILL_AREA_STYLE_COLOUR('',#17094);
#17440 = STYLED_ITEM('color',(#17441),#9102);
#17441 = PRESENTATION_STYLE_ASSIGNMENT((#17442));
#17442 = SURFACE_STYLE_USAGE(.BOTH.,#17443);
#17443 = SURFACE_SIDE_STYLE('',(#17444));
#17444 = SURFACE_STYLE_FILL_AREA(#17445);
#17445 = FILL_AREA_STYLE('',(#17446));
#17446 = FILL_AREA_STYLE_COLOUR('',#17094);
#17447 = STYLED_ITEM('color',(#17448),#9119);
#17448 = PRESENTATION_STYLE_ASSIGNMENT((#17449));
#17449 = SURFACE_STYLE_USAGE(.BOTH.,#17450);
#17450 = SURFACE_SIDE_STYLE('',(#17451));
#17451 = SURFACE_STYLE_FILL_AREA(#17452);
#17452 = FILL_AREA_STYLE('',(#17453));
#17453 = FILL_AREA_STYLE_COLOUR('',#17094);
#17454 = STYLED_ITEM('color',(#17455),#9136);
#17455 = PRESENTATION_STYLE_ASSIGNMENT((#17456));
#17456 = SURFACE_STYLE_USAGE(.BOTH.,#17457);
#17457 = SURFACE_SIDE_STYLE('',(#17458));
#17458 = SURFACE_STYLE_FILL_AREA(#17459);
#17459 = FILL_AREA_STYLE('',(#17460));
#17460 = FILL_AREA_STYLE_COLOUR('',#17094);
#17461 = STYLED_ITEM('color',(#17462),#9148);
#17462 = PRESENTATION_STYLE_ASSIGNMENT((#17463));
#17463 = SURFACE_STYLE_USAGE(.BOTH.,#17464);
#17464 = SURFACE_SIDE_STYLE('',(#17465));
#17465 = SURFACE_STYLE_FILL_AREA(#17466);
#17466 = FILL_AREA_STYLE('',(#17467));
#17467 = FILL_AREA_STYLE_COLOUR('',#17094);
#17468 = STYLED_ITEM('color',(#17469),#9165);
#17469 = PRESENTATION_STYLE_ASSIGNMENT((#17470));
#17470 = SURFACE_STYLE_USAGE(.BOTH.,#17471);
#17471 = SURFACE_SIDE_STYLE('',(#17472));
#17472 = SURFACE_STYLE_FILL_AREA(#17473);
#17473 = FILL_AREA_STYLE('',(#17474));
#17474 = FILL_AREA_STYLE_COLOUR('',#17094);
#17475 = STYLED_ITEM('color',(#17476),#9182);
#17476 = PRESENTATION_STYLE_ASSIGNMENT((#17477));
#17477 = SURFACE_STYLE_USAGE(.BOTH.,#17478);
#17478 = SURFACE_SIDE_STYLE('',(#17479));
#17479 = SURFACE_STYLE_FILL_AREA(#17480);
#17480 = FILL_AREA_STYLE('',(#17481));
#17481 = FILL_AREA_STYLE_COLOUR('',#17094);
#17482 = STYLED_ITEM('color',(#17483),#9194);
#17483 = PRESENTATION_STYLE_ASSIGNMENT((#17484));
#17484 = SURFACE_STYLE_USAGE(.BOTH.,#17485);
#17485 = SURFACE_SIDE_STYLE('',(#17486));
#17486 = SURFACE_STYLE_FILL_AREA(#17487);
#17487 = FILL_AREA_STYLE('',(#17488));
#17488 = FILL_AREA_STYLE_COLOUR('',#17094);
#17489 = STYLED_ITEM('color',(#17490),#9216);
#17490 = PRESENTATION_STYLE_ASSIGNMENT((#17491));
#17491 = SURFACE_STYLE_USAGE(.BOTH.,#17492);
#17492 = SURFACE_SIDE_STYLE('',(#17493));
#17493 = SURFACE_STYLE_FILL_AREA(#17494);
#17494 = FILL_AREA_STYLE('',(#17495));
#17495 = FILL_AREA_STYLE_COLOUR('',#17094);
#17496 = STYLED_ITEM('color',(#17497),#9233);
#17497 = PRESENTATION_STYLE_ASSIGNMENT((#17498));
#17498 = SURFACE_STYLE_USAGE(.BOTH.,#17499);
#17499 = SURFACE_SIDE_STYLE('',(#17500));
#17500 = SURFACE_STYLE_FILL_AREA(#17501);
#17501 = FILL_AREA_STYLE('',(#17502));
#17502 = FILL_AREA_STYLE_COLOUR('',#17094);
#17503 = STYLED_ITEM('color',(#17504),#9250);
#17504 = PRESENTATION_STYLE_ASSIGNMENT((#17505));
#17505 = SURFACE_STYLE_USAGE(.BOTH.,#17506);
#17506 = SURFACE_SIDE_STYLE('',(#17507));
#17507 = SURFACE_STYLE_FILL_AREA(#17508);
#17508 = FILL_AREA_STYLE('',(#17509));
#17509 = FILL_AREA_STYLE_COLOUR('',#17094);
#17510 = STYLED_ITEM('color',(#17511),#9267);
#17511 = PRESENTATION_STYLE_ASSIGNMENT((#17512));
#17512 = SURFACE_STYLE_USAGE(.BOTH.,#17513);
#17513 = SURFACE_SIDE_STYLE('',(#17514));
#17514 = SURFACE_STYLE_FILL_AREA(#17515);
#17515 = FILL_AREA_STYLE('',(#17516));
#17516 = FILL_AREA_STYLE_COLOUR('',#17094);
#17517 = STYLED_ITEM('color',(#17518),#9284);
#17518 = PRESENTATION_STYLE_ASSIGNMENT((#17519));
#17519 = SURFACE_STYLE_USAGE(.BOTH.,#17520);
#17520 = SURFACE_SIDE_STYLE('',(#17521));
#17521 = SURFACE_STYLE_FILL_AREA(#17522);
#17522 = FILL_AREA_STYLE('',(#17523));
#17523 = FILL_AREA_STYLE_COLOUR('',#17094);
#17524 = STYLED_ITEM('color',(#17525),#9301);
#17525 = PRESENTATION_STYLE_ASSIGNMENT((#17526));
#17526 = SURFACE_STYLE_USAGE(.BOTH.,#17527);
#17527 = SURFACE_SIDE_STYLE('',(#17528));
#17528 = SURFACE_STYLE_FILL_AREA(#17529);
#17529 = FILL_AREA_STYLE('',(#17530));
#17530 = FILL_AREA_STYLE_COLOUR('',#17094);
#17531 = STYLED_ITEM('color',(#17532),#9318);
#17532 = PRESENTATION_STYLE_ASSIGNMENT((#17533));
#17533 = SURFACE_STYLE_USAGE(.BOTH.,#17534);
#17534 = SURFACE_SIDE_STYLE('',(#17535));
#17535 = SURFACE_STYLE_FILL_AREA(#17536);
#17536 = FILL_AREA_STYLE('',(#17537));
#17537 = FILL_AREA_STYLE_COLOUR('',#17094);
#17538 = STYLED_ITEM('color',(#17539),#9335);
#17539 = PRESENTATION_STYLE_ASSIGNMENT((#17540));
#17540 = SURFACE_STYLE_USAGE(.BOTH.,#17541);
#17541 = SURFACE_SIDE_STYLE('',(#17542));
#17542 = SURFACE_STYLE_FILL_AREA(#17543);
#17543 = FILL_AREA_STYLE('',(#17544));
#17544 = FILL_AREA_STYLE_COLOUR('',#17094);
#17545 = STYLED_ITEM('color',(#17546),#9347);
#17546 = PRESENTATION_STYLE_ASSIGNMENT((#17547));
#17547 = SURFACE_STYLE_USAGE(.BOTH.,#17548);
#17548 = SURFACE_SIDE_STYLE('',(#17549));
#17549 = SURFACE_STYLE_FILL_AREA(#17550);
#17550 = FILL_AREA_STYLE('',(#17551));
#17551 = FILL_AREA_STYLE_COLOUR('',#17094);
#17552 = STYLED_ITEM('color',(#17553),#9359);
#17553 = PRESENTATION_STYLE_ASSIGNMENT((#17554));
#17554 = SURFACE_STYLE_USAGE(.BOTH.,#17555);
#17555 = SURFACE_SIDE_STYLE('',(#17556));
#17556 = SURFACE_STYLE_FILL_AREA(#17557);
#17557 = FILL_AREA_STYLE('',(#17558));
#17558 = FILL_AREA_STYLE_COLOUR('',#17152);
#17559 = STYLED_ITEM('color',(#17560),#9417);
#17560 = PRESENTATION_STYLE_ASSIGNMENT((#17561));
#17561 = SURFACE_STYLE_USAGE(.BOTH.,#17562);
#17562 = SURFACE_SIDE_STYLE('',(#17563));
#17563 = SURFACE_STYLE_FILL_AREA(#17564);
#17564 = FILL_AREA_STYLE('',(#17565));
#17565 = FILL_AREA_STYLE_COLOUR('',#17152);
#17566 = STYLED_ITEM('color',(#17567),#9454);
#17567 = PRESENTATION_STYLE_ASSIGNMENT((#17568));
#17568 = SURFACE_STYLE_USAGE(.BOTH.,#17569);
#17569 = SURFACE_SIDE_STYLE('',(#17570));
#17570 = SURFACE_STYLE_FILL_AREA(#17571);
#17571 = FILL_AREA_STYLE('',(#17572));
#17572 = FILL_AREA_STYLE_COLOUR('',#17094);
#17573 = STYLED_ITEM('color',(#17574),#9471);
#17574 = PRESENTATION_STYLE_ASSIGNMENT((#17575));
#17575 = SURFACE_STYLE_USAGE(.BOTH.,#17576);
#17576 = SURFACE_SIDE_STYLE('',(#17577));
#17577 = SURFACE_STYLE_FILL_AREA(#17578);
#17578 = FILL_AREA_STYLE('',(#17579));
#17579 = FILL_AREA_STYLE_COLOUR('',#17094);
#17580 = STYLED_ITEM('color',(#17581),#9493);
#17581 = PRESENTATION_STYLE_ASSIGNMENT((#17582));
#17582 = SURFACE_STYLE_USAGE(.BOTH.,#17583);
#17583 = SURFACE_SIDE_STYLE('',(#17584));
#17584 = SURFACE_STYLE_FILL_AREA(#17585);
#17585 = FILL_AREA_STYLE('',(#17586));
#17586 = FILL_AREA_STYLE_COLOUR('',#17094);
#17587 = STYLED_ITEM('color',(#17588),#9510);
#17588 = PRESENTATION_STYLE_ASSIGNMENT((#17589));
#17589 = SURFACE_STYLE_USAGE(.BOTH.,#17590);
#17590 = SURFACE_SIDE_STYLE('',(#17591));
#17591 = SURFACE_STYLE_FILL_AREA(#17592);
#17592 = FILL_AREA_STYLE('',(#17593));
#17593 = FILL_AREA_STYLE_COLOUR('',#17094);
#17594 = STYLED_ITEM('color',(#17595),#9527);
#17595 = PRESENTATION_STYLE_ASSIGNMENT((#17596));
#17596 = SURFACE_STYLE_USAGE(.BOTH.,#17597);
#17597 = SURFACE_SIDE_STYLE('',(#17598));
#17598 = SURFACE_STYLE_FILL_AREA(#17599);
#17599 = FILL_AREA_STYLE('',(#17600));
#17600 = FILL_AREA_STYLE_COLOUR('',#17094);
#17601 = STYLED_ITEM('color',(#17602),#9544);
#17602 = PRESENTATION_STYLE_ASSIGNMENT((#17603));
#17603 = SURFACE_STYLE_USAGE(.BOTH.,#17604);
#17604 = SURFACE_SIDE_STYLE('',(#17605));
#17605 = SURFACE_STYLE_FILL_AREA(#17606);
#17606 = FILL_AREA_STYLE('',(#17607));
#17607 = FILL_AREA_STYLE_COLOUR('',#17094);
#17608 = STYLED_ITEM('color',(#17609),#9561);
#17609 = PRESENTATION_STYLE_ASSIGNMENT((#17610));
#17610 = SURFACE_STYLE_USAGE(.BOTH.,#17611);
#17611 = SURFACE_SIDE_STYLE('',(#17612));
#17612 = SURFACE_STYLE_FILL_AREA(#17613);
#17613 = FILL_AREA_STYLE('',(#17614));
#17614 = FILL_AREA_STYLE_COLOUR('',#17094);
#17615 = STYLED_ITEM('color',(#17616),#9573);
#17616 = PRESENTATION_STYLE_ASSIGNMENT((#17617));
#17617 = SURFACE_STYLE_USAGE(.BOTH.,#17618);
#17618 = SURFACE_SIDE_STYLE('',(#17619));
#17619 = SURFACE_STYLE_FILL_AREA(#17620);
#17620 = FILL_AREA_STYLE('',(#17621));
#17621 = FILL_AREA_STYLE_COLOUR('',#17094);
#17622 = STYLED_ITEM('color',(#17623),#9590);
#17623 = PRESENTATION_STYLE_ASSIGNMENT((#17624));
#17624 = SURFACE_STYLE_USAGE(.BOTH.,#17625);
#17625 = SURFACE_SIDE_STYLE('',(#17626));
#17626 = SURFACE_STYLE_FILL_AREA(#17627);
#17627 = FILL_AREA_STYLE('',(#17628));
#17628 = FILL_AREA_STYLE_COLOUR('',#17094);
#17629 = STYLED_ITEM('color',(#17630),#9607);
#17630 = PRESENTATION_STYLE_ASSIGNMENT((#17631));
#17631 = SURFACE_STYLE_USAGE(.BOTH.,#17632);
#17632 = SURFACE_SIDE_STYLE('',(#17633));
#17633 = SURFACE_STYLE_FILL_AREA(#17634);
#17634 = FILL_AREA_STYLE('',(#17635));
#17635 = FILL_AREA_STYLE_COLOUR('',#17094);
#17636 = STYLED_ITEM('color',(#17637),#9619);
#17637 = PRESENTATION_STYLE_ASSIGNMENT((#17638));
#17638 = SURFACE_STYLE_USAGE(.BOTH.,#17639);
#17639 = SURFACE_SIDE_STYLE('',(#17640));
#17640 = SURFACE_STYLE_FILL_AREA(#17641);
#17641 = FILL_AREA_STYLE('',(#17642));
#17642 = FILL_AREA_STYLE_COLOUR('',#17094);
#17643 = STYLED_ITEM('color',(#17644),#9641);
#17644 = PRESENTATION_STYLE_ASSIGNMENT((#17645));
#17645 = SURFACE_STYLE_USAGE(.BOTH.,#17646);
#17646 = SURFACE_SIDE_STYLE('',(#17647));
#17647 = SURFACE_STYLE_FILL_AREA(#17648);
#17648 = FILL_AREA_STYLE('',(#17649));
#17649 = FILL_AREA_STYLE_COLOUR('',#17094);
#17650 = STYLED_ITEM('color',(#17651),#9658);
#17651 = PRESENTATION_STYLE_ASSIGNMENT((#17652));
#17652 = SURFACE_STYLE_USAGE(.BOTH.,#17653);
#17653 = SURFACE_SIDE_STYLE('',(#17654));
#17654 = SURFACE_STYLE_FILL_AREA(#17655);
#17655 = FILL_AREA_STYLE('',(#17656));
#17656 = FILL_AREA_STYLE_COLOUR('',#17094);
#17657 = STYLED_ITEM('color',(#17658),#9675);
#17658 = PRESENTATION_STYLE_ASSIGNMENT((#17659));
#17659 = SURFACE_STYLE_USAGE(.BOTH.,#17660);
#17660 = SURFACE_SIDE_STYLE('',(#17661));
#17661 = SURFACE_STYLE_FILL_AREA(#17662);
#17662 = FILL_AREA_STYLE('',(#17663));
#17663 = FILL_AREA_STYLE_COLOUR('',#17094);
#17664 = STYLED_ITEM('color',(#17665),#9692);
#17665 = PRESENTATION_STYLE_ASSIGNMENT((#17666));
#17666 = SURFACE_STYLE_USAGE(.BOTH.,#17667);
#17667 = SURFACE_SIDE_STYLE('',(#17668));
#17668 = SURFACE_STYLE_FILL_AREA(#17669);
#17669 = FILL_AREA_STYLE('',(#17670));
#17670 = FILL_AREA_STYLE_COLOUR('',#17094);
#17671 = STYLED_ITEM('color',(#17672),#9709);
#17672 = PRESENTATION_STYLE_ASSIGNMENT((#17673));
#17673 = SURFACE_STYLE_USAGE(.BOTH.,#17674);
#17674 = SURFACE_SIDE_STYLE('',(#17675));
#17675 = SURFACE_STYLE_FILL_AREA(#17676);
#17676 = FILL_AREA_STYLE('',(#17677));
#17677 = FILL_AREA_STYLE_COLOUR('',#17094);
#17678 = STYLED_ITEM('color',(#17679),#9726);
#17679 = PRESENTATION_STYLE_ASSIGNMENT((#17680));
#17680 = SURFACE_STYLE_USAGE(.BOTH.,#17681);
#17681 = SURFACE_SIDE_STYLE('',(#17682));
#17682 = SURFACE_STYLE_FILL_AREA(#17683);
#17683 = FILL_AREA_STYLE('',(#17684));
#17684 = FILL_AREA_STYLE_COLOUR('',#17094);
#17685 = STYLED_ITEM('color',(#17686),#9743);
#17686 = PRESENTATION_STYLE_ASSIGNMENT((#17687));
#17687 = SURFACE_STYLE_USAGE(.BOTH.,#17688);
#17688 = SURFACE_SIDE_STYLE('',(#17689));
#17689 = SURFACE_STYLE_FILL_AREA(#17690);
#17690 = FILL_AREA_STYLE('',(#17691));
#17691 = FILL_AREA_STYLE_COLOUR('',#17094);
#17692 = STYLED_ITEM('color',(#17693),#9760);
#17693 = PRESENTATION_STYLE_ASSIGNMENT((#17694));
#17694 = SURFACE_STYLE_USAGE(.BOTH.,#17695);
#17695 = SURFACE_SIDE_STYLE('',(#17696));
#17696 = SURFACE_STYLE_FILL_AREA(#17697);
#17697 = FILL_AREA_STYLE('',(#17698));
#17698 = FILL_AREA_STYLE_COLOUR('',#17094);
#17699 = STYLED_ITEM('color',(#17700),#9772);
#17700 = PRESENTATION_STYLE_ASSIGNMENT((#17701));
#17701 = SURFACE_STYLE_USAGE(.BOTH.,#17702);
#17702 = SURFACE_SIDE_STYLE('',(#17703));
#17703 = SURFACE_STYLE_FILL_AREA(#17704);
#17704 = FILL_AREA_STYLE('',(#17705));
#17705 = FILL_AREA_STYLE_COLOUR('',#17094);
#17706 = STYLED_ITEM('color',(#17707),#9784);
#17707 = PRESENTATION_STYLE_ASSIGNMENT((#17708));
#17708 = SURFACE_STYLE_USAGE(.BOTH.,#17709);
#17709 = SURFACE_SIDE_STYLE('',(#17710));
#17710 = SURFACE_STYLE_FILL_AREA(#17711);
#17711 = FILL_AREA_STYLE('',(#17712));
#17712 = FILL_AREA_STYLE_COLOUR('',#17152);
#17713 = STYLED_ITEM('color',(#17714),#9801);
#17714 = PRESENTATION_STYLE_ASSIGNMENT((#17715));
#17715 = SURFACE_STYLE_USAGE(.BOTH.,#17716);
#17716 = SURFACE_SIDE_STYLE('',(#17717));
#17717 = SURFACE_STYLE_FILL_AREA(#17718);
#17718 = FILL_AREA_STYLE('',(#17719));
#17719 = FILL_AREA_STYLE_COLOUR('',#17152);
#17720 = STYLED_ITEM('color',(#17721),#9830);
#17721 = PRESENTATION_STYLE_ASSIGNMENT((#17722));
#17722 = SURFACE_STYLE_USAGE(.BOTH.,#17723);
#17723 = SURFACE_SIDE_STYLE('',(#17724));
#17724 = SURFACE_STYLE_FILL_AREA(#17725);
#17725 = FILL_AREA_STYLE('',(#17726));
#17726 = FILL_AREA_STYLE_COLOUR('',#17152);
#17727 = STYLED_ITEM('color',(#17728),#9858);
#17728 = PRESENTATION_STYLE_ASSIGNMENT((#17729));
#17729 = SURFACE_STYLE_USAGE(.BOTH.,#17730);
#17730 = SURFACE_SIDE_STYLE('',(#17731));
#17731 = SURFACE_STYLE_FILL_AREA(#17732);
#17732 = FILL_AREA_STYLE('',(#17733));
#17733 = FILL_AREA_STYLE_COLOUR('',#17152);
#17734 = MECHANICAL_DESIGN_GEOMETRIC_PRESENTATION_REPRESENTATION('',(
    #17735),#17038);
#17735 = STYLED_ITEM('color',(#17736),#16186);
#17736 = PRESENTATION_STYLE_ASSIGNMENT((#17737));
#17737 = SURFACE_STYLE_USAGE(.BOTH.,#17738);
#17738 = SURFACE_SIDE_STYLE('',(#17739));
#17739 = SURFACE_STYLE_FILL_AREA(#17740);
#17740 = FILL_AREA_STYLE('',(#17741));
#17741 = FILL_AREA_STYLE_COLOUR('',#17742);
#17742 = COLOUR_RGB('',0.313304153717,0.484529207832,0.410020903123);
#17743 = MECHANICAL_DESIGN_GEOMETRIC_PRESENTATION_REPRESENTATION('',(
    #17744,#17754,#17763,#17772,#17781,#17790,#17799,#17808,#17817,
    #17827,#17836,#17845,#17854,#17863,#17872,#17881,#17890,#17899,
    #17908,#17917,#17926,#17935,#17944,#17953,#17962,#17971,#17980,
    #17989,#17998,#18007,#18016,#18025,#18034,#18043,#18052,#18061,
    #18070,#18079,#18088,#18097,#18106,#18115,#18124,#18133,#18142,
    #18151,#18160,#18169,#18178,#18187,#18196,#18205,#18214,#18223,
    #18232,#18241,#18250,#18259,#18268,#18277,#18286,#18295,#18304,
    #18313,#18322,#18331,#18340,#18349,#18358,#18367,#18376,#18385,
    #18394,#18403,#18412,#18421,#18430,#18439,#18448,#18457,#18466,
    #18475,#18484,#18493,#18502,#18511,#18520,#18529,#18538,#18547,
    #18556,#18565,#18574,#18583,#18592,#18601,#18610,#18619,#18628,
    #18637,#18646,#18655,#18664,#18673,#18682,#18691,#18700,#18709,
    #18718,#18727,#18736,#18745,#18754,#18763,#18772,#18781,#18790,
    #18799,#18808,#18817,#18826,#18835,#18844,#18853,#18862,#18871,
    #18880,#18889,#18898,#18907,#18916,#18925,#18934,#18943,#18952,
    #18961,#18970,#18979,#18988,#18997,#19006,#19015,#19024,#19033,
    #19042,#19051,#19060,#19069,#19078,#19087,#19096,#19105,#19114,
    #19123,#19132,#19141,#19150,#19159,#19168,#19177,#19186,#19195,
    #19204,#19213,#19222,#19231,#19240,#19249,#19258,#19267,#19276,
    #19285,#19294,#19303,#19312,#19321,#19330,#19339,#19348,#19357,
    #19366,#19375,#19384,#19393,#19402,#19411,#19420,#19429,#19438,
    #19447,#19456,#19465,#19474,#19483,#19492,#19501,#19510,#19519,
    #19528,#19537,#19546,#19555,#19564,#19573,#19582,#19591,#19600,
    #19609,#19618,#19627,#19636,#19645,#19654,#19663,#19672,#19681,
    #19690,#19699,#19708,#19717,#19726,#19735,#19744,#19753,#19762,
    #19771,#19780,#19789,#19798,#19807,#19816,#19825,#19834,#19843,
    #19852,#19861,#19870,#19879,#19888,#19897,#19906,#19915,#19924,
    #19933,#19942,#19951,#19960,#19969,#19978,#19987,#19996,#20005,
    #20014,#20023,#20032,#20041,#20050,#20059,#20068,#20077,#20086,
    #20095,#20104,#20113,#20122,#20131,#20140,#20149,#20158,#20167,
    #20176,#20185,#20194,#20203,#20212,#20221,#20230,#20239,#20248,
    #20257,#20266,#20275),#7409);
#17744 = STYLED_ITEM('color',(#17745),#921);
#17745 = PRESENTATION_STYLE_ASSIGNMENT((#17746,#17752));
#17746 = SURFACE_STYLE_USAGE(.BOTH.,#17747);
#17747 = SURFACE_SIDE_STYLE('',(#17748));
#17748 = SURFACE_STYLE_FILL_AREA(#17749);
#17749 = FILL_AREA_STYLE('',(#17750));
#17750 = FILL_AREA_STYLE_COLOUR('',#17751);
#17751 = COLOUR_RGB('',0.147999998088,0.145000001626,0.145000001626);
#17752 = CURVE_STYLE('',#17753,POSITIVE_LENGTH_MEASURE(0.1),#17751);
#17753 = DRAUGHTING_PRE_DEFINED_CURVE_FONT('continuous');
#17754 = STYLED_ITEM('color',(#17755),#961);
#17755 = PRESENTATION_STYLE_ASSIGNMENT((#17756,#17761));
#17756 = SURFACE_STYLE_USAGE(.BOTH.,#17757);
#17757 = SURFACE_SIDE_STYLE('',(#17758));
#17758 = SURFACE_STYLE_FILL_AREA(#17759);
#17759 = FILL_AREA_STYLE('',(#17760));
#17760 = FILL_AREA_STYLE_COLOUR('',#17751);
#17761 = CURVE_STYLE('',#17762,POSITIVE_LENGTH_MEASURE(0.1),#17751);
#17762 = DRAUGHTING_PRE_DEFINED_CURVE_FONT('continuous');
#17763 = STYLED_ITEM('color',(#17764),#1024);
#17764 = PRESENTATION_STYLE_ASSIGNMENT((#17765,#17770));
#17765 = SURFACE_STYLE_USAGE(.BOTH.,#17766);
#17766 = SURFACE_SIDE_STYLE('',(#17767));
#17767 = SURFACE_STYLE_FILL_AREA(#17768);
#17768 = FILL_AREA_STYLE('',(#17769));
#17769 = FILL_AREA_STYLE_COLOUR('',#17751);
#17770 = CURVE_STYLE('',#17771,POSITIVE_LENGTH_MEASURE(0.1),#17751);
#17771 = DRAUGHTING_PRE_DEFINED_CURVE_FONT('continuous');
#17772 = STYLED_ITEM('color',(#17773),#1087);
#17773 = PRESENTATION_STYLE_ASSIGNMENT((#17774,#17779));
#17774 = SURFACE_STYLE_USAGE(.BOTH.,#17775);
#17775 = SURFACE_SIDE_STYLE('',(#17776));
#17776 = SURFACE_STYLE_FILL_AREA(#17777);
#17777 = FILL_AREA_STYLE('',(#17778));
#17778 = FILL_AREA_STYLE_COLOUR('',#17751);
#17779 = CURVE_STYLE('',#17780,POSITIVE_LENGTH_MEASURE(0.1),#17751);
#17780 = DRAUGHTING_PRE_DEFINED_CURVE_FONT('continuous');
#17781 = STYLED_ITEM('color',(#17782),#1104);
#17782 = PRESENTATION_STYLE_ASSIGNMENT((#17783,#17788));
#17783 = SURFACE_STYLE_USAGE(.BOTH.,#17784);
#17784 = SURFACE_SIDE_STYLE('',(#17785));
#17785 = SURFACE_STYLE_FILL_AREA(#17786);
#17786 = FILL_AREA_STYLE('',(#17787));
#17787 = FILL_AREA_STYLE_COLOUR('',#17751);
#17788 = CURVE_STYLE('',#17789,POSITIVE_LENGTH_MEASURE(0.1),#17751);
#17789 = DRAUGHTING_PRE_DEFINED_CURVE_FONT('continuous');
#17790 = STYLED_ITEM('color',(#17791),#1393);
#17791 = PRESENTATION_STYLE_ASSIGNMENT((#17792,#17797));
#17792 = SURFACE_STYLE_USAGE(.BOTH.,#17793);
#17793 = SURFACE_SIDE_STYLE('',(#17794));
#17794 = SURFACE_STYLE_FILL_AREA(#17795);
#17795 = FILL_AREA_STYLE('',(#17796));
#17796 = FILL_AREA_STYLE_COLOUR('',#17751);
#17797 = CURVE_STYLE('',#17798,POSITIVE_LENGTH_MEASURE(0.1),#17751);
#17798 = DRAUGHTING_PRE_DEFINED_CURVE_FONT('continuous');
#17799 = STYLED_ITEM('color',(#17800),#1415);
#17800 = PRESENTATION_STYLE_ASSIGNMENT((#17801,#17806));
#17801 = SURFACE_STYLE_USAGE(.BOTH.,#17802);
#17802 = SURFACE_SIDE_STYLE('',(#17803));
#17803 = SURFACE_STYLE_FILL_AREA(#17804);
#17804 = FILL_AREA_STYLE('',(#17805));
#17805 = FILL_AREA_STYLE_COLOUR('',#17751);
#17806 = CURVE_STYLE('',#17807,POSITIVE_LENGTH_MEASURE(0.1),#17751);
#17807 = DRAUGHTING_PRE_DEFINED_CURVE_FONT('continuous');
#17808 = STYLED_ITEM('color',(#17809),#1432);
#17809 = PRESENTATION_STYLE_ASSIGNMENT((#17810,#17815));
#17810 = SURFACE_STYLE_USAGE(.BOTH.,#17811);
#17811 = SURFACE_SIDE_STYLE('',(#17812));
#17812 = SURFACE_STYLE_FILL_AREA(#17813);
#17813 = FILL_AREA_STYLE('',(#17814));
#17814 = FILL_AREA_STYLE_COLOUR('',#17751);
#17815 = CURVE_STYLE('',#17816,POSITIVE_LENGTH_MEASURE(0.1),#17751);
#17816 = DRAUGHTING_PRE_DEFINED_CURVE_FONT('continuous');
#17817 = OVER_RIDING_STYLED_ITEM('overriding color',(#17818),#1465,
  #17808);
#17818 = PRESENTATION_STYLE_ASSIGNMENT((#17819,#17825));
#17819 = SURFACE_STYLE_USAGE(.BOTH.,#17820);
#17820 = SURFACE_SIDE_STYLE('',(#17821));
#17821 = SURFACE_STYLE_FILL_AREA(#17822);
#17822 = FILL_AREA_STYLE('',(#17823));
#17823 = FILL_AREA_STYLE_COLOUR('',#17824);
#17824 = COLOUR_RGB('',0.858999988747,0.738000004258,0.496000005009);
#17825 = CURVE_STYLE('',#17826,POSITIVE_LENGTH_MEASURE(0.1),#17824);
#17826 = DRAUGHTING_PRE_DEFINED_CURVE_FONT('continuous');
#17827 = OVER_RIDING_STYLED_ITEM('overriding color',(#17828),#1497,
  #17808);
#17828 = PRESENTATION_STYLE_ASSIGNMENT((#17829,#17834));
#17829 = SURFACE_STYLE_USAGE(.BOTH.,#17830);
#17830 = SURFACE_SIDE_STYLE('',(#17831));
#17831 = SURFACE_STYLE_FILL_AREA(#17832);
#17832 = FILL_AREA_STYLE('',(#17833));
#17833 = FILL_AREA_STYLE_COLOUR('',#17824);
#17834 = CURVE_STYLE('',#17835,POSITIVE_LENGTH_MEASURE(0.1),#17824);
#17835 = DRAUGHTING_PRE_DEFINED_CURVE_FONT('continuous');
#17836 = OVER_RIDING_STYLED_ITEM('overriding color',(#17837),#1531,
  #17808);
#17837 = PRESENTATION_STYLE_ASSIGNMENT((#17838,#17843));
#17838 = SURFACE_STYLE_USAGE(.BOTH.,#17839);
#17839 = SURFACE_SIDE_STYLE('',(#17840));
#17840 = SURFACE_STYLE_FILL_AREA(#17841);
#17841 = FILL_AREA_STYLE('',(#17842));
#17842 = FILL_AREA_STYLE_COLOUR('',#17824);
#17843 = CURVE_STYLE('',#17844,POSITIVE_LENGTH_MEASURE(0.1),#17824);
#17844 = DRAUGHTING_PRE_DEFINED_CURVE_FONT('continuous');
#17845 = OVER_RIDING_STYLED_ITEM('overriding color',(#17846),#1563,
  #17808);
#17846 = PRESENTATION_STYLE_ASSIGNMENT((#17847,#17852));
#17847 = SURFACE_STYLE_USAGE(.BOTH.,#17848);
#17848 = SURFACE_SIDE_STYLE('',(#17849));
#17849 = SURFACE_STYLE_FILL_AREA(#17850);
#17850 = FILL_AREA_STYLE('',(#17851));
#17851 = FILL_AREA_STYLE_COLOUR('',#17824);
#17852 = CURVE_STYLE('',#17853,POSITIVE_LENGTH_MEASURE(0.1),#17824);
#17853 = DRAUGHTING_PRE_DEFINED_CURVE_FONT('continuous');
#17854 = OVER_RIDING_STYLED_ITEM('overriding color',(#17855),#1597,
  #17808);
#17855 = PRESENTATION_STYLE_ASSIGNMENT((#17856,#17861));
#17856 = SURFACE_STYLE_USAGE(.BOTH.,#17857);
#17857 = SURFACE_SIDE_STYLE('',(#17858));
#17858 = SURFACE_STYLE_FILL_AREA(#17859);
#17859 = FILL_AREA_STYLE('',(#17860));
#17860 = FILL_AREA_STYLE_COLOUR('',#17824);
#17861 = CURVE_STYLE('',#17862,POSITIVE_LENGTH_MEASURE(0.1),#17824);
#17862 = DRAUGHTING_PRE_DEFINED_CURVE_FONT('continuous');
#17863 = OVER_RIDING_STYLED_ITEM('overriding color',(#17864),#1629,
  #17808);
#17864 = PRESENTATION_STYLE_ASSIGNMENT((#17865,#17870));
#17865 = SURFACE_STYLE_USAGE(.BOTH.,#17866);
#17866 = SURFACE_SIDE_STYLE('',(#17867));
#17867 = SURFACE_STYLE_FILL_AREA(#17868);
#17868 = FILL_AREA_STYLE('',(#17869));
#17869 = FILL_AREA_STYLE_COLOUR('',#17824);
#17870 = CURVE_STYLE('',#17871,POSITIVE_LENGTH_MEASURE(0.1),#17824);
#17871 = DRAUGHTING_PRE_DEFINED_CURVE_FONT('continuous');
#17872 = OVER_RIDING_STYLED_ITEM('overriding color',(#17873),#1663,
  #17808);
#17873 = PRESENTATION_STYLE_ASSIGNMENT((#17874,#17879));
#17874 = SURFACE_STYLE_USAGE(.BOTH.,#17875);
#17875 = SURFACE_SIDE_STYLE('',(#17876));
#17876 = SURFACE_STYLE_FILL_AREA(#17877);
#17877 = FILL_AREA_STYLE('',(#17878));
#17878 = FILL_AREA_STYLE_COLOUR('',#17824);
#17879 = CURVE_STYLE('',#17880,POSITIVE_LENGTH_MEASURE(0.1),#17824);
#17880 = DRAUGHTING_PRE_DEFINED_CURVE_FONT('continuous');
#17881 = OVER_RIDING_STYLED_ITEM('overriding color',(#17882),#1695,
  #17808);
#17882 = PRESENTATION_STYLE_ASSIGNMENT((#17883,#17888));
#17883 = SURFACE_STYLE_USAGE(.BOTH.,#17884);
#17884 = SURFACE_SIDE_STYLE('',(#17885));
#17885 = SURFACE_STYLE_FILL_AREA(#17886);
#17886 = FILL_AREA_STYLE('',(#17887));
#17887 = FILL_AREA_STYLE_COLOUR('',#17824);
#17888 = CURVE_STYLE('',#17889,POSITIVE_LENGTH_MEASURE(0.1),#17824);
#17889 = DRAUGHTING_PRE_DEFINED_CURVE_FONT('continuous');
#17890 = OVER_RIDING_STYLED_ITEM('overriding color',(#17891),#1729,
  #17808);
#17891 = PRESENTATION_STYLE_ASSIGNMENT((#17892,#17897));
#17892 = SURFACE_STYLE_USAGE(.BOTH.,#17893);
#17893 = SURFACE_SIDE_STYLE('',(#17894));
#17894 = SURFACE_STYLE_FILL_AREA(#17895);
#17895 = FILL_AREA_STYLE('',(#17896));
#17896 = FILL_AREA_STYLE_COLOUR('',#17824);
#17897 = CURVE_STYLE('',#17898,POSITIVE_LENGTH_MEASURE(0.1),#17824);
#17898 = DRAUGHTING_PRE_DEFINED_CURVE_FONT('continuous');
#17899 = OVER_RIDING_STYLED_ITEM('overriding color',(#17900),#1761,
  #17808);
#17900 = PRESENTATION_STYLE_ASSIGNMENT((#17901,#17906));
#17901 = SURFACE_STYLE_USAGE(.BOTH.,#17902);
#17902 = SURFACE_SIDE_STYLE('',(#17903));
#17903 = SURFACE_STYLE_FILL_AREA(#17904);
#17904 = FILL_AREA_STYLE('',(#17905));
#17905 = FILL_AREA_STYLE_COLOUR('',#17824);
#17906 = CURVE_STYLE('',#17907,POSITIVE_LENGTH_MEASURE(0.1),#17824);
#17907 = DRAUGHTING_PRE_DEFINED_CURVE_FONT('continuous');
#17908 = OVER_RIDING_STYLED_ITEM('overriding color',(#17909),#1795,
  #17808);
#17909 = PRESENTATION_STYLE_ASSIGNMENT((#17910,#17915));
#17910 = SURFACE_STYLE_USAGE(.BOTH.,#17911);
#17911 = SURFACE_SIDE_STYLE('',(#17912));
#17912 = SURFACE_STYLE_FILL_AREA(#17913);
#17913 = FILL_AREA_STYLE('',(#17914));
#17914 = FILL_AREA_STYLE_COLOUR('',#17824);
#17915 = CURVE_STYLE('',#17916,POSITIVE_LENGTH_MEASURE(0.1),#17824);
#17916 = DRAUGHTING_PRE_DEFINED_CURVE_FONT('continuous');
#17917 = OVER_RIDING_STYLED_ITEM('overriding color',(#17918),#1827,
  #17808);
#17918 = PRESENTATION_STYLE_ASSIGNMENT((#17919,#17924));
#17919 = SURFACE_STYLE_USAGE(.BOTH.,#17920);
#17920 = SURFACE_SIDE_STYLE('',(#17921));
#17921 = SURFACE_STYLE_FILL_AREA(#17922);
#17922 = FILL_AREA_STYLE('',(#17923));
#17923 = FILL_AREA_STYLE_COLOUR('',#17824);
#17924 = CURVE_STYLE('',#17925,POSITIVE_LENGTH_MEASURE(0.1),#17824);
#17925 = DRAUGHTING_PRE_DEFINED_CURVE_FONT('continuous');
#17926 = OVER_RIDING_STYLED_ITEM('overriding color',(#17927),#1861,
  #17808);
#17927 = PRESENTATION_STYLE_ASSIGNMENT((#17928,#17933));
#17928 = SURFACE_STYLE_USAGE(.BOTH.,#17929);
#17929 = SURFACE_SIDE_STYLE('',(#17930));
#17930 = SURFACE_STYLE_FILL_AREA(#17931);
#17931 = FILL_AREA_STYLE('',(#17932));
#17932 = FILL_AREA_STYLE_COLOUR('',#17824);
#17933 = CURVE_STYLE('',#17934,POSITIVE_LENGTH_MEASURE(0.1),#17824);
#17934 = DRAUGHTING_PRE_DEFINED_CURVE_FONT('continuous');
#17935 = OVER_RIDING_STYLED_ITEM('overriding color',(#17936),#1893,
  #17808);
#17936 = PRESENTATION_STYLE_ASSIGNMENT((#17937,#17942));
#17937 = SURFACE_STYLE_USAGE(.BOTH.,#17938);
#17938 = SURFACE_SIDE_STYLE('',(#17939));
#17939 = SURFACE_STYLE_FILL_AREA(#17940);
#17940 = FILL_AREA_STYLE('',(#17941));
#17941 = FILL_AREA_STYLE_COLOUR('',#17824);
#17942 = CURVE_STYLE('',#17943,POSITIVE_LENGTH_MEASURE(0.1),#17824);
#17943 = DRAUGHTING_PRE_DEFINED_CURVE_FONT('continuous');
#17944 = OVER_RIDING_STYLED_ITEM('overriding color',(#17945),#1927,
  #17808);
#17945 = PRESENTATION_STYLE_ASSIGNMENT((#17946,#17951));
#17946 = SURFACE_STYLE_USAGE(.BOTH.,#17947);
#17947 = SURFACE_SIDE_STYLE('',(#17948));
#17948 = SURFACE_STYLE_FILL_AREA(#17949);
#17949 = FILL_AREA_STYLE('',(#17950));
#17950 = FILL_AREA_STYLE_COLOUR('',#17824);
#17951 = CURVE_STYLE('',#17952,POSITIVE_LENGTH_MEASURE(0.1),#17824);
#17952 = DRAUGHTING_PRE_DEFINED_CURVE_FONT('continuous');
#17953 = OVER_RIDING_STYLED_ITEM('overriding color',(#17954),#1959,
  #17808);
#17954 = PRESENTATION_STYLE_ASSIGNMENT((#17955,#17960));
#17955 = SURFACE_STYLE_USAGE(.BOTH.,#17956);
#17956 = SURFACE_SIDE_STYLE('',(#17957));
#17957 = SURFACE_STYLE_FILL_AREA(#17958);
#17958 = FILL_AREA_STYLE('',(#17959));
#17959 = FILL_AREA_STYLE_COLOUR('',#17824);
#17960 = CURVE_STYLE('',#17961,POSITIVE_LENGTH_MEASURE(0.1),#17824);
#17961 = DRAUGHTING_PRE_DEFINED_CURVE_FONT('continuous');
#17962 = STYLED_ITEM('color',(#17963),#1977);
#17963 = PRESENTATION_STYLE_ASSIGNMENT((#17964,#17969));
#17964 = SURFACE_STYLE_USAGE(.BOTH.,#17965);
#17965 = SURFACE_SIDE_STYLE('',(#17966));
#17966 = SURFACE_STYLE_FILL_AREA(#17967);
#17967 = FILL_AREA_STYLE('',(#17968));
#17968 = FILL_AREA_STYLE_COLOUR('',#17751);
#17969 = CURVE_STYLE('',#17970,POSITIVE_LENGTH_MEASURE(0.1),#17751);
#17970 = DRAUGHTING_PRE_DEFINED_CURVE_FONT('continuous');
#17971 = STYLED_ITEM('color',(#17972),#1989);
#17972 = PRESENTATION_STYLE_ASSIGNMENT((#17973,#17978));
#17973 = SURFACE_STYLE_USAGE(.BOTH.,#17974);
#17974 = SURFACE_SIDE_STYLE('',(#17975));
#17975 = SURFACE_STYLE_FILL_AREA(#17976);
#17976 = FILL_AREA_STYLE('',(#17977));
#17977 = FILL_AREA_STYLE_COLOUR('',#17751);
#17978 = CURVE_STYLE('',#17979,POSITIVE_LENGTH_MEASURE(0.1),#17751);
#17979 = DRAUGHTING_PRE_DEFINED_CURVE_FONT('continuous');
#17980 = STYLED_ITEM('color',(#17981),#2001);
#17981 = PRESENTATION_STYLE_ASSIGNMENT((#17982,#17987));
#17982 = SURFACE_STYLE_USAGE(.BOTH.,#17983);
#17983 = SURFACE_SIDE_STYLE('',(#17984));
#17984 = SURFACE_STYLE_FILL_AREA(#17985);
#17985 = FILL_AREA_STYLE('',(#17986));
#17986 = FILL_AREA_STYLE_COLOUR('',#17751);
#17987 = CURVE_STYLE('',#17988,POSITIVE_LENGTH_MEASURE(0.1),#17751);
#17988 = DRAUGHTING_PRE_DEFINED_CURVE_FONT('continuous');
#17989 = STYLED_ITEM('color',(#17990),#2032);
#17990 = PRESENTATION_STYLE_ASSIGNMENT((#17991,#17996));
#17991 = SURFACE_STYLE_USAGE(.BOTH.,#17992);
#17992 = SURFACE_SIDE_STYLE('',(#17993));
#17993 = SURFACE_STYLE_FILL_AREA(#17994);
#17994 = FILL_AREA_STYLE('',(#17995));
#17995 = FILL_AREA_STYLE_COLOUR('',#17751);
#17996 = CURVE_STYLE('',#17997,POSITIVE_LENGTH_MEASURE(0.1),#17751);
#17997 = DRAUGHTING_PRE_DEFINED_CURVE_FONT('continuous');
#17998 = STYLED_ITEM('color',(#17999),#2056);
#17999 = PRESENTATION_STYLE_ASSIGNMENT((#18000,#18005));
#18000 = SURFACE_STYLE_USAGE(.BOTH.,#18001);
#18001 = SURFACE_SIDE_STYLE('',(#18002));
#18002 = SURFACE_STYLE_FILL_AREA(#18003);
#18003 = FILL_AREA_STYLE('',(#18004));
#18004 = FILL_AREA_STYLE_COLOUR('',#17751);
#18005 = CURVE_STYLE('',#18006,POSITIVE_LENGTH_MEASURE(0.1),#17751);
#18006 = DRAUGHTING_PRE_DEFINED_CURVE_FONT('continuous');
#18007 = STYLED_ITEM('color',(#18008),#2080);
#18008 = PRESENTATION_STYLE_ASSIGNMENT((#18009,#18014));
#18009 = SURFACE_STYLE_USAGE(.BOTH.,#18010);
#18010 = SURFACE_SIDE_STYLE('',(#18011));
#18011 = SURFACE_STYLE_FILL_AREA(#18012);
#18012 = FILL_AREA_STYLE('',(#18013));
#18013 = FILL_AREA_STYLE_COLOUR('',#17751);
#18014 = CURVE_STYLE('',#18015,POSITIVE_LENGTH_MEASURE(0.1),#17751);
#18015 = DRAUGHTING_PRE_DEFINED_CURVE_FONT('continuous');
#18016 = STYLED_ITEM('color',(#18017),#2097);
#18017 = PRESENTATION_STYLE_ASSIGNMENT((#18018,#18023));
#18018 = SURFACE_STYLE_USAGE(.BOTH.,#18019);
#18019 = SURFACE_SIDE_STYLE('',(#18020));
#18020 = SURFACE_STYLE_FILL_AREA(#18021);
#18021 = FILL_AREA_STYLE('',(#18022));
#18022 = FILL_AREA_STYLE_COLOUR('',#17751);
#18023 = CURVE_STYLE('',#18024,POSITIVE_LENGTH_MEASURE(0.1),#17751);
#18024 = DRAUGHTING_PRE_DEFINED_CURVE_FONT('continuous');
#18025 = STYLED_ITEM('color',(#18026),#2128);
#18026 = PRESENTATION_STYLE_ASSIGNMENT((#18027,#18032));
#18027 = SURFACE_STYLE_USAGE(.BOTH.,#18028);
#18028 = SURFACE_SIDE_STYLE('',(#18029));
#18029 = SURFACE_STYLE_FILL_AREA(#18030);
#18030 = FILL_AREA_STYLE('',(#18031));
#18031 = FILL_AREA_STYLE_COLOUR('',#17751);
#18032 = CURVE_STYLE('',#18033,POSITIVE_LENGTH_MEASURE(0.1),#17751);
#18033 = DRAUGHTING_PRE_DEFINED_CURVE_FONT('continuous');
#18034 = STYLED_ITEM('color',(#18035),#2152);
#18035 = PRESENTATION_STYLE_ASSIGNMENT((#18036,#18041));
#18036 = SURFACE_STYLE_USAGE(.BOTH.,#18037);
#18037 = SURFACE_SIDE_STYLE('',(#18038));
#18038 = SURFACE_STYLE_FILL_AREA(#18039);
#18039 = FILL_AREA_STYLE('',(#18040));
#18040 = FILL_AREA_STYLE_COLOUR('',#17751);
#18041 = CURVE_STYLE('',#18042,POSITIVE_LENGTH_MEASURE(0.1),#17751);
#18042 = DRAUGHTING_PRE_DEFINED_CURVE_FONT('continuous');
#18043 = STYLED_ITEM('color',(#18044),#2176);
#18044 = PRESENTATION_STYLE_ASSIGNMENT((#18045,#18050));
#18045 = SURFACE_STYLE_USAGE(.BOTH.,#18046);
#18046 = SURFACE_SIDE_STYLE('',(#18047));
#18047 = SURFACE_STYLE_FILL_AREA(#18048);
#18048 = FILL_AREA_STYLE('',(#18049));
#18049 = FILL_AREA_STYLE_COLOUR('',#17751);
#18050 = CURVE_STYLE('',#18051,POSITIVE_LENGTH_MEASURE(0.1),#17751);
#18051 = DRAUGHTING_PRE_DEFINED_CURVE_FONT('continuous');
#18052 = STYLED_ITEM('color',(#18053),#2193);
#18053 = PRESENTATION_STYLE_ASSIGNMENT((#18054,#18059));
#18054 = SURFACE_STYLE_USAGE(.BOTH.,#18055);
#18055 = SURFACE_SIDE_STYLE('',(#18056));
#18056 = SURFACE_STYLE_FILL_AREA(#18057);
#18057 = FILL_AREA_STYLE('',(#18058));
#18058 = FILL_AREA_STYLE_COLOUR('',#17751);
#18059 = CURVE_STYLE('',#18060,POSITIVE_LENGTH_MEASURE(0.1),#17751);
#18060 = DRAUGHTING_PRE_DEFINED_CURVE_FONT('continuous');
#18061 = STYLED_ITEM('color',(#18062),#2224);
#18062 = PRESENTATION_STYLE_ASSIGNMENT((#18063,#18068));
#18063 = SURFACE_STYLE_USAGE(.BOTH.,#18064);
#18064 = SURFACE_SIDE_STYLE('',(#18065));
#18065 = SURFACE_STYLE_FILL_AREA(#18066);
#18066 = FILL_AREA_STYLE('',(#18067));
#18067 = FILL_AREA_STYLE_COLOUR('',#17751);
#18068 = CURVE_STYLE('',#18069,POSITIVE_LENGTH_MEASURE(0.1),#17751);
#18069 = DRAUGHTING_PRE_DEFINED_CURVE_FONT('continuous');
#18070 = STYLED_ITEM('color',(#18071),#2248);
#18071 = PRESENTATION_STYLE_ASSIGNMENT((#18072,#18077));
#18072 = SURFACE_STYLE_USAGE(.BOTH.,#18073);
#18073 = SURFACE_SIDE_STYLE('',(#18074));
#18074 = SURFACE_STYLE_FILL_AREA(#18075);
#18075 = FILL_AREA_STYLE('',(#18076));
#18076 = FILL_AREA_STYLE_COLOUR('',#17751);
#18077 = CURVE_STYLE('',#18078,POSITIVE_LENGTH_MEASURE(0.1),#17751);
#18078 = DRAUGHTING_PRE_DEFINED_CURVE_FONT('continuous');
#18079 = STYLED_ITEM('color',(#18080),#2272);
#18080 = PRESENTATION_STYLE_ASSIGNMENT((#18081,#18086));
#18081 = SURFACE_STYLE_USAGE(.BOTH.,#18082);
#18082 = SURFACE_SIDE_STYLE('',(#18083));
#18083 = SURFACE_STYLE_FILL_AREA(#18084);
#18084 = FILL_AREA_STYLE('',(#18085));
#18085 = FILL_AREA_STYLE_COLOUR('',#17751);
#18086 = CURVE_STYLE('',#18087,POSITIVE_LENGTH_MEASURE(0.1),#17751);
#18087 = DRAUGHTING_PRE_DEFINED_CURVE_FONT('continuous');
#18088 = STYLED_ITEM('color',(#18089),#2289);
#18089 = PRESENTATION_STYLE_ASSIGNMENT((#18090,#18095));
#18090 = SURFACE_STYLE_USAGE(.BOTH.,#18091);
#18091 = SURFACE_SIDE_STYLE('',(#18092));
#18092 = SURFACE_STYLE_FILL_AREA(#18093);
#18093 = FILL_AREA_STYLE('',(#18094));
#18094 = FILL_AREA_STYLE_COLOUR('',#17751);
#18095 = CURVE_STYLE('',#18096,POSITIVE_LENGTH_MEASURE(0.1),#17751);
#18096 = DRAUGHTING_PRE_DEFINED_CURVE_FONT('continuous');
#18097 = STYLED_ITEM('color',(#18098),#2320);
#18098 = PRESENTATION_STYLE_ASSIGNMENT((#18099,#18104));
#18099 = SURFACE_STYLE_USAGE(.BOTH.,#18100);
#18100 = SURFACE_SIDE_STYLE('',(#18101));
#18101 = SURFACE_STYLE_FILL_AREA(#18102);
#18102 = FILL_AREA_STYLE('',(#18103));
#18103 = FILL_AREA_STYLE_COLOUR('',#17751);
#18104 = CURVE_STYLE('',#18105,POSITIVE_LENGTH_MEASURE(0.1),#17751);
#18105 = DRAUGHTING_PRE_DEFINED_CURVE_FONT('continuous');
#18106 = STYLED_ITEM('color',(#18107),#2344);
#18107 = PRESENTATION_STYLE_ASSIGNMENT((#18108,#18113));
#18108 = SURFACE_STYLE_USAGE(.BOTH.,#18109);
#18109 = SURFACE_SIDE_STYLE('',(#18110));
#18110 = SURFACE_STYLE_FILL_AREA(#18111);
#18111 = FILL_AREA_STYLE('',(#18112));
#18112 = FILL_AREA_STYLE_COLOUR('',#17751);
#18113 = CURVE_STYLE('',#18114,POSITIVE_LENGTH_MEASURE(0.1),#17751);
#18114 = DRAUGHTING_PRE_DEFINED_CURVE_FONT('continuous');
#18115 = STYLED_ITEM('color',(#18116),#2368);
#18116 = PRESENTATION_STYLE_ASSIGNMENT((#18117,#18122));
#18117 = SURFACE_STYLE_USAGE(.BOTH.,#18118);
#18118 = SURFACE_SIDE_STYLE('',(#18119));
#18119 = SURFACE_STYLE_FILL_AREA(#18120);
#18120 = FILL_AREA_STYLE('',(#18121));
#18121 = FILL_AREA_STYLE_COLOUR('',#17751);
#18122 = CURVE_STYLE('',#18123,POSITIVE_LENGTH_MEASURE(0.1),#17751);
#18123 = DRAUGHTING_PRE_DEFINED_CURVE_FONT('continuous');
#18124 = STYLED_ITEM('color',(#18125),#2385);
#18125 = PRESENTATION_STYLE_ASSIGNMENT((#18126,#18131));
#18126 = SURFACE_STYLE_USAGE(.BOTH.,#18127);
#18127 = SURFACE_SIDE_STYLE('',(#18128));
#18128 = SURFACE_STYLE_FILL_AREA(#18129);
#18129 = FILL_AREA_STYLE('',(#18130));
#18130 = FILL_AREA_STYLE_COLOUR('',#17751);
#18131 = CURVE_STYLE('',#18132,POSITIVE_LENGTH_MEASURE(0.1),#17751);
#18132 = DRAUGHTING_PRE_DEFINED_CURVE_FONT('continuous');
#18133 = STYLED_ITEM('color',(#18134),#2416);
#18134 = PRESENTATION_STYLE_ASSIGNMENT((#18135,#18140));
#18135 = SURFACE_STYLE_USAGE(.BOTH.,#18136);
#18136 = SURFACE_SIDE_STYLE('',(#18137));
#18137 = SURFACE_STYLE_FILL_AREA(#18138);
#18138 = FILL_AREA_STYLE('',(#18139));
#18139 = FILL_AREA_STYLE_COLOUR('',#17751);
#18140 = CURVE_STYLE('',#18141,POSITIVE_LENGTH_MEASURE(0.1),#17751);
#18141 = DRAUGHTING_PRE_DEFINED_CURVE_FONT('continuous');
#18142 = STYLED_ITEM('color',(#18143),#2440);
#18143 = PRESENTATION_STYLE_ASSIGNMENT((#18144,#18149));
#18144 = SURFACE_STYLE_USAGE(.BOTH.,#18145);
#18145 = SURFACE_SIDE_STYLE('',(#18146));
#18146 = SURFACE_STYLE_FILL_AREA(#18147);
#18147 = FILL_AREA_STYLE('',(#18148));
#18148 = FILL_AREA_STYLE_COLOUR('',#17751);
#18149 = CURVE_STYLE('',#18150,POSITIVE_LENGTH_MEASURE(0.1),#17751);
#18150 = DRAUGHTING_PRE_DEFINED_CURVE_FONT('continuous');
#18151 = STYLED_ITEM('color',(#18152),#2464);
#18152 = PRESENTATION_STYLE_ASSIGNMENT((#18153,#18158));
#18153 = SURFACE_STYLE_USAGE(.BOTH.,#18154);
#18154 = SURFACE_SIDE_STYLE('',(#18155));
#18155 = SURFACE_STYLE_FILL_AREA(#18156);
#18156 = FILL_AREA_STYLE('',(#18157));
#18157 = FILL_AREA_STYLE_COLOUR('',#17751);
#18158 = CURVE_STYLE('',#18159,POSITIVE_LENGTH_MEASURE(0.1),#17751);
#18159 = DRAUGHTING_PRE_DEFINED_CURVE_FONT('continuous');
#18160 = STYLED_ITEM('color',(#18161),#2481);
#18161 = PRESENTATION_STYLE_ASSIGNMENT((#18162,#18167));
#18162 = SURFACE_STYLE_USAGE(.BOTH.,#18163);
#18163 = SURFACE_SIDE_STYLE('',(#18164));
#18164 = SURFACE_STYLE_FILL_AREA(#18165);
#18165 = FILL_AREA_STYLE('',(#18166));
#18166 = FILL_AREA_STYLE_COLOUR('',#17751);
#18167 = CURVE_STYLE('',#18168,POSITIVE_LENGTH_MEASURE(0.1),#17751);
#18168 = DRAUGHTING_PRE_DEFINED_CURVE_FONT('continuous');
#18169 = STYLED_ITEM('color',(#18170),#2512);
#18170 = PRESENTATION_STYLE_ASSIGNMENT((#18171,#18176));
#18171 = SURFACE_STYLE_USAGE(.BOTH.,#18172);
#18172 = SURFACE_SIDE_STYLE('',(#18173));
#18173 = SURFACE_STYLE_FILL_AREA(#18174);
#18174 = FILL_AREA_STYLE('',(#18175));
#18175 = FILL_AREA_STYLE_COLOUR('',#17751);
#18176 = CURVE_STYLE('',#18177,POSITIVE_LENGTH_MEASURE(0.1),#17751);
#18177 = DRAUGHTING_PRE_DEFINED_CURVE_FONT('continuous');
#18178 = STYLED_ITEM('color',(#18179),#2536);
#18179 = PRESENTATION_STYLE_ASSIGNMENT((#18180,#18185));
#18180 = SURFACE_STYLE_USAGE(.BOTH.,#18181);
#18181 = SURFACE_SIDE_STYLE('',(#18182));
#18182 = SURFACE_STYLE_FILL_AREA(#18183);
#18183 = FILL_AREA_STYLE('',(#18184));
#18184 = FILL_AREA_STYLE_COLOUR('',#17751);
#18185 = CURVE_STYLE('',#18186,POSITIVE_LENGTH_MEASURE(0.1),#17751);
#18186 = DRAUGHTING_PRE_DEFINED_CURVE_FONT('continuous');
#18187 = STYLED_ITEM('color',(#18188),#2560);
#18188 = PRESENTATION_STYLE_ASSIGNMENT((#18189,#18194));
#18189 = SURFACE_STYLE_USAGE(.BOTH.,#18190);
#18190 = SURFACE_SIDE_STYLE('',(#18191));
#18191 = SURFACE_STYLE_FILL_AREA(#18192);
#18192 = FILL_AREA_STYLE('',(#18193));
#18193 = FILL_AREA_STYLE_COLOUR('',#17751);
#18194 = CURVE_STYLE('',#18195,POSITIVE_LENGTH_MEASURE(0.1),#17751);
#18195 = DRAUGHTING_PRE_DEFINED_CURVE_FONT('continuous');
#18196 = STYLED_ITEM('color',(#18197),#2577);
#18197 = PRESENTATION_STYLE_ASSIGNMENT((#18198,#18203));
#18198 = SURFACE_STYLE_USAGE(.BOTH.,#18199);
#18199 = SURFACE_SIDE_STYLE('',(#18200));
#18200 = SURFACE_STYLE_FILL_AREA(#18201);
#18201 = FILL_AREA_STYLE('',(#18202));
#18202 = FILL_AREA_STYLE_COLOUR('',#17751);
#18203 = CURVE_STYLE('',#18204,POSITIVE_LENGTH_MEASURE(0.1),#17751);
#18204 = DRAUGHTING_PRE_DEFINED_CURVE_FONT('continuous');
#18205 = STYLED_ITEM('color',(#18206),#2608);
#18206 = PRESENTATION_STYLE_ASSIGNMENT((#18207,#18212));
#18207 = SURFACE_STYLE_USAGE(.BOTH.,#18208);
#18208 = SURFACE_SIDE_STYLE('',(#18209));
#18209 = SURFACE_STYLE_FILL_AREA(#18210);
#18210 = FILL_AREA_STYLE('',(#18211));
#18211 = FILL_AREA_STYLE_COLOUR('',#17751);
#18212 = CURVE_STYLE('',#18213,POSITIVE_LENGTH_MEASURE(0.1),#17751);
#18213 = DRAUGHTING_PRE_DEFINED_CURVE_FONT('continuous');
#18214 = STYLED_ITEM('color',(#18215),#2632);
#18215 = PRESENTATION_STYLE_ASSIGNMENT((#18216,#18221));
#18216 = SURFACE_STYLE_USAGE(.BOTH.,#18217);
#18217 = SURFACE_SIDE_STYLE('',(#18218));
#18218 = SURFACE_STYLE_FILL_AREA(#18219);
#18219 = FILL_AREA_STYLE('',(#18220));
#18220 = FILL_AREA_STYLE_COLOUR('',#17751);
#18221 = CURVE_STYLE('',#18222,POSITIVE_LENGTH_MEASURE(0.1),#17751);
#18222 = DRAUGHTING_PRE_DEFINED_CURVE_FONT('continuous');
#18223 = STYLED_ITEM('color',(#18224),#2656);
#18224 = PRESENTATION_STYLE_ASSIGNMENT((#18225,#18230));
#18225 = SURFACE_STYLE_USAGE(.BOTH.,#18226);
#18226 = SURFACE_SIDE_STYLE('',(#18227));
#18227 = SURFACE_STYLE_FILL_AREA(#18228);
#18228 = FILL_AREA_STYLE('',(#18229));
#18229 = FILL_AREA_STYLE_COLOUR('',#17751);
#18230 = CURVE_STYLE('',#18231,POSITIVE_LENGTH_MEASURE(0.1),#17751);
#18231 = DRAUGHTING_PRE_DEFINED_CURVE_FONT('continuous');
#18232 = STYLED_ITEM('color',(#18233),#2673);
#18233 = PRESENTATION_STYLE_ASSIGNMENT((#18234,#18239));
#18234 = SURFACE_STYLE_USAGE(.BOTH.,#18235);
#18235 = SURFACE_SIDE_STYLE('',(#18236));
#18236 = SURFACE_STYLE_FILL_AREA(#18237);
#18237 = FILL_AREA_STYLE('',(#18238));
#18238 = FILL_AREA_STYLE_COLOUR('',#17751);
#18239 = CURVE_STYLE('',#18240,POSITIVE_LENGTH_MEASURE(0.1),#17751);
#18240 = DRAUGHTING_PRE_DEFINED_CURVE_FONT('continuous');
#18241 = STYLED_ITEM('color',(#18242),#2704);
#18242 = PRESENTATION_STYLE_ASSIGNMENT((#18243,#18248));
#18243 = SURFACE_STYLE_USAGE(.BOTH.,#18244);
#18244 = SURFACE_SIDE_STYLE('',(#18245));
#18245 = SURFACE_STYLE_FILL_AREA(#18246);
#18246 = FILL_AREA_STYLE('',(#18247));
#18247 = FILL_AREA_STYLE_COLOUR('',#17751);
#18248 = CURVE_STYLE('',#18249,POSITIVE_LENGTH_MEASURE(0.1),#17751);
#18249 = DRAUGHTING_PRE_DEFINED_CURVE_FONT('continuous');
#18250 = STYLED_ITEM('color',(#18251),#2728);
#18251 = PRESENTATION_STYLE_ASSIGNMENT((#18252,#18257));
#18252 = SURFACE_STYLE_USAGE(.BOTH.,#18253);
#18253 = SURFACE_SIDE_STYLE('',(#18254));
#18254 = SURFACE_STYLE_FILL_AREA(#18255);
#18255 = FILL_AREA_STYLE('',(#18256));
#18256 = FILL_AREA_STYLE_COLOUR('',#17751);
#18257 = CURVE_STYLE('',#18258,POSITIVE_LENGTH_MEASURE(0.1),#17751);
#18258 = DRAUGHTING_PRE_DEFINED_CURVE_FONT('continuous');
#18259 = STYLED_ITEM('color',(#18260),#2752);
#18260 = PRESENTATION_STYLE_ASSIGNMENT((#18261,#18266));
#18261 = SURFACE_STYLE_USAGE(.BOTH.,#18262);
#18262 = SURFACE_SIDE_STYLE('',(#18263));
#18263 = SURFACE_STYLE_FILL_AREA(#18264);
#18264 = FILL_AREA_STYLE('',(#18265));
#18265 = FILL_AREA_STYLE_COLOUR('',#17751);
#18266 = CURVE_STYLE('',#18267,POSITIVE_LENGTH_MEASURE(0.1),#17751);
#18267 = DRAUGHTING_PRE_DEFINED_CURVE_FONT('continuous');
#18268 = STYLED_ITEM('color',(#18269),#2769);
#18269 = PRESENTATION_STYLE_ASSIGNMENT((#18270,#18275));
#18270 = SURFACE_STYLE_USAGE(.BOTH.,#18271);
#18271 = SURFACE_SIDE_STYLE('',(#18272));
#18272 = SURFACE_STYLE_FILL_AREA(#18273);
#18273 = FILL_AREA_STYLE('',(#18274));
#18274 = FILL_AREA_STYLE_COLOUR('',#17824);
#18275 = CURVE_STYLE('',#18276,POSITIVE_LENGTH_MEASURE(0.1),#17824);
#18276 = DRAUGHTING_PRE_DEFINED_CURVE_FONT('continuous');
#18277 = STYLED_ITEM('color',(#18278),#2786);
#18278 = PRESENTATION_STYLE_ASSIGNMENT((#18279,#18284));
#18279 = SURFACE_STYLE_USAGE(.BOTH.,#18280);
#18280 = SURFACE_SIDE_STYLE('',(#18281));
#18281 = SURFACE_STYLE_FILL_AREA(#18282);
#18282 = FILL_AREA_STYLE('',(#18283));
#18283 = FILL_AREA_STYLE_COLOUR('',#17824);
#18284 = CURVE_STYLE('',#18285,POSITIVE_LENGTH_MEASURE(0.1),#17824);
#18285 = DRAUGHTING_PRE_DEFINED_CURVE_FONT('continuous');
#18286 = STYLED_ITEM('color',(#18287),#2833);
#18287 = PRESENTATION_STYLE_ASSIGNMENT((#18288,#18293));
#18288 = SURFACE_STYLE_USAGE(.BOTH.,#18289);
#18289 = SURFACE_SIDE_STYLE('',(#18290));
#18290 = SURFACE_STYLE_FILL_AREA(#18291);
#18291 = FILL_AREA_STYLE('',(#18292));
#18292 = FILL_AREA_STYLE_COLOUR('',#17824);
#18293 = CURVE_STYLE('',#18294,POSITIVE_LENGTH_MEASURE(0.1),#17824);
#18294 = DRAUGHTING_PRE_DEFINED_CURVE_FONT('continuous');
#18295 = STYLED_ITEM('color',(#18296),#2850);
#18296 = PRESENTATION_STYLE_ASSIGNMENT((#18297,#18302));
#18297 = SURFACE_STYLE_USAGE(.BOTH.,#18298);
#18298 = SURFACE_SIDE_STYLE('',(#18299));
#18299 = SURFACE_STYLE_FILL_AREA(#18300);
#18300 = FILL_AREA_STYLE('',(#18301));
#18301 = FILL_AREA_STYLE_COLOUR('',#17824);
#18302 = CURVE_STYLE('',#18303,POSITIVE_LENGTH_MEASURE(0.1),#17824);
#18303 = DRAUGHTING_PRE_DEFINED_CURVE_FONT('continuous');
#18304 = STYLED_ITEM('color',(#18305),#2897);
#18305 = PRESENTATION_STYLE_ASSIGNMENT((#18306,#18311));
#18306 = SURFACE_STYLE_USAGE(.BOTH.,#18307);
#18307 = SURFACE_SIDE_STYLE('',(#18308));
#18308 = SURFACE_STYLE_FILL_AREA(#18309);
#18309 = FILL_AREA_STYLE('',(#18310));
#18310 = FILL_AREA_STYLE_COLOUR('',#17824);
#18311 = CURVE_STYLE('',#18312,POSITIVE_LENGTH_MEASURE(0.1),#17824);
#18312 = DRAUGHTING_PRE_DEFINED_CURVE_FONT('continuous');
#18313 = STYLED_ITEM('color',(#18314),#2914);
#18314 = PRESENTATION_STYLE_ASSIGNMENT((#18315,#18320));
#18315 = SURFACE_STYLE_USAGE(.BOTH.,#18316);
#18316 = SURFACE_SIDE_STYLE('',(#18317));
#18317 = SURFACE_STYLE_FILL_AREA(#18318);
#18318 = FILL_AREA_STYLE('',(#18319));
#18319 = FILL_AREA_STYLE_COLOUR('',#17824);
#18320 = CURVE_STYLE('',#18321,POSITIVE_LENGTH_MEASURE(0.1),#17824);
#18321 = DRAUGHTING_PRE_DEFINED_CURVE_FONT('continuous');
#18322 = STYLED_ITEM('color',(#18323),#2961);
#18323 = PRESENTATION_STYLE_ASSIGNMENT((#18324,#18329));
#18324 = SURFACE_STYLE_USAGE(.BOTH.,#18325);
#18325 = SURFACE_SIDE_STYLE('',(#18326));
#18326 = SURFACE_STYLE_FILL_AREA(#18327);
#18327 = FILL_AREA_STYLE('',(#18328));
#18328 = FILL_AREA_STYLE_COLOUR('',#17824);
#18329 = CURVE_STYLE('',#18330,POSITIVE_LENGTH_MEASURE(0.1),#17824);
#18330 = DRAUGHTING_PRE_DEFINED_CURVE_FONT('continuous');
#18331 = STYLED_ITEM('color',(#18332),#2978);
#18332 = PRESENTATION_STYLE_ASSIGNMENT((#18333,#18338));
#18333 = SURFACE_STYLE_USAGE(.BOTH.,#18334);
#18334 = SURFACE_SIDE_STYLE('',(#18335));
#18335 = SURFACE_STYLE_FILL_AREA(#18336);
#18336 = FILL_AREA_STYLE('',(#18337));
#18337 = FILL_AREA_STYLE_COLOUR('',#17824);
#18338 = CURVE_STYLE('',#18339,POSITIVE_LENGTH_MEASURE(0.1),#17824);
#18339 = DRAUGHTING_PRE_DEFINED_CURVE_FONT('continuous');
#18340 = STYLED_ITEM('color',(#18341),#3025);
#18341 = PRESENTATION_STYLE_ASSIGNMENT((#18342,#18347));
#18342 = SURFACE_STYLE_USAGE(.BOTH.,#18343);
#18343 = SURFACE_SIDE_STYLE('',(#18344));
#18344 = SURFACE_STYLE_FILL_AREA(#18345);
#18345 = FILL_AREA_STYLE('',(#18346));
#18346 = FILL_AREA_STYLE_COLOUR('',#17824);
#18347 = CURVE_STYLE('',#18348,POSITIVE_LENGTH_MEASURE(0.1),#17824);
#18348 = DRAUGHTING_PRE_DEFINED_CURVE_FONT('continuous');
#18349 = STYLED_ITEM('color',(#18350),#3042);
#18350 = PRESENTATION_STYLE_ASSIGNMENT((#18351,#18356));
#18351 = SURFACE_STYLE_USAGE(.BOTH.,#18352);
#18352 = SURFACE_SIDE_STYLE('',(#18353));
#18353 = SURFACE_STYLE_FILL_AREA(#18354);
#18354 = FILL_AREA_STYLE('',(#18355));
#18355 = FILL_AREA_STYLE_COLOUR('',#17824);
#18356 = CURVE_STYLE('',#18357,POSITIVE_LENGTH_MEASURE(0.1),#17824);
#18357 = DRAUGHTING_PRE_DEFINED_CURVE_FONT('continuous');
#18358 = STYLED_ITEM('color',(#18359),#3089);
#18359 = PRESENTATION_STYLE_ASSIGNMENT((#18360,#18365));
#18360 = SURFACE_STYLE_USAGE(.BOTH.,#18361);
#18361 = SURFACE_SIDE_STYLE('',(#18362));
#18362 = SURFACE_STYLE_FILL_AREA(#18363);
#18363 = FILL_AREA_STYLE('',(#18364));
#18364 = FILL_AREA_STYLE_COLOUR('',#17824);
#18365 = CURVE_STYLE('',#18366,POSITIVE_LENGTH_MEASURE(0.1),#17824);
#18366 = DRAUGHTING_PRE_DEFINED_CURVE_FONT('continuous');
#18367 = STYLED_ITEM('color',(#18368),#3106);
#18368 = PRESENTATION_STYLE_ASSIGNMENT((#18369,#18374));
#18369 = SURFACE_STYLE_USAGE(.BOTH.,#18370);
#18370 = SURFACE_SIDE_STYLE('',(#18371));
#18371 = SURFACE_STYLE_FILL_AREA(#18372);
#18372 = FILL_AREA_STYLE('',(#18373));
#18373 = FILL_AREA_STYLE_COLOUR('',#17824);
#18374 = CURVE_STYLE('',#18375,POSITIVE_LENGTH_MEASURE(0.1),#17824);
#18375 = DRAUGHTING_PRE_DEFINED_CURVE_FONT('continuous');
#18376 = STYLED_ITEM('color',(#18377),#3153);
#18377 = PRESENTATION_STYLE_ASSIGNMENT((#18378,#18383));
#18378 = SURFACE_STYLE_USAGE(.BOTH.,#18379);
#18379 = SURFACE_SIDE_STYLE('',(#18380));
#18380 = SURFACE_STYLE_FILL_AREA(#18381);
#18381 = FILL_AREA_STYLE('',(#18382));
#18382 = FILL_AREA_STYLE_COLOUR('',#17824);
#18383 = CURVE_STYLE('',#18384,POSITIVE_LENGTH_MEASURE(0.1),#17824);
#18384 = DRAUGHTING_PRE_DEFINED_CURVE_FONT('continuous');
#18385 = STYLED_ITEM('color',(#18386),#3170);
#18386 = PRESENTATION_STYLE_ASSIGNMENT((#18387,#18392));
#18387 = SURFACE_STYLE_USAGE(.BOTH.,#18388);
#18388 = SURFACE_SIDE_STYLE('',(#18389));
#18389 = SURFACE_STYLE_FILL_AREA(#18390);
#18390 = FILL_AREA_STYLE('',(#18391));
#18391 = FILL_AREA_STYLE_COLOUR('',#17824);
#18392 = CURVE_STYLE('',#18393,POSITIVE_LENGTH_MEASURE(0.1),#17824);
#18393 = DRAUGHTING_PRE_DEFINED_CURVE_FONT('continuous');
#18394 = STYLED_ITEM('color',(#18395),#3217);
#18395 = PRESENTATION_STYLE_ASSIGNMENT((#18396,#18401));
#18396 = SURFACE_STYLE_USAGE(.BOTH.,#18397);
#18397 = SURFACE_SIDE_STYLE('',(#18398));
#18398 = SURFACE_STYLE_FILL_AREA(#18399);
#18399 = FILL_AREA_STYLE('',(#18400));
#18400 = FILL_AREA_STYLE_COLOUR('',#17824);
#18401 = CURVE_STYLE('',#18402,POSITIVE_LENGTH_MEASURE(0.1),#17824);
#18402 = DRAUGHTING_PRE_DEFINED_CURVE_FONT('continuous');
#18403 = STYLED_ITEM('color',(#18404),#3234);
#18404 = PRESENTATION_STYLE_ASSIGNMENT((#18405,#18410));
#18405 = SURFACE_STYLE_USAGE(.BOTH.,#18406);
#18406 = SURFACE_SIDE_STYLE('',(#18407));
#18407 = SURFACE_STYLE_FILL_AREA(#18408);
#18408 = FILL_AREA_STYLE('',(#18409));
#18409 = FILL_AREA_STYLE_COLOUR('',#17824);
#18410 = CURVE_STYLE('',#18411,POSITIVE_LENGTH_MEASURE(0.1),#17824);
#18411 = DRAUGHTING_PRE_DEFINED_CURVE_FONT('continuous');
#18412 = STYLED_ITEM('color',(#18413),#3281);
#18413 = PRESENTATION_STYLE_ASSIGNMENT((#18414,#18419));
#18414 = SURFACE_STYLE_USAGE(.BOTH.,#18415);
#18415 = SURFACE_SIDE_STYLE('',(#18416));
#18416 = SURFACE_STYLE_FILL_AREA(#18417);
#18417 = FILL_AREA_STYLE('',(#18418));
#18418 = FILL_AREA_STYLE_COLOUR('',#17824);
#18419 = CURVE_STYLE('',#18420,POSITIVE_LENGTH_MEASURE(0.1),#17824);
#18420 = DRAUGHTING_PRE_DEFINED_CURVE_FONT('continuous');
#18421 = STYLED_ITEM('color',(#18422),#3298);
#18422 = PRESENTATION_STYLE_ASSIGNMENT((#18423,#18428));
#18423 = SURFACE_STYLE_USAGE(.BOTH.,#18424);
#18424 = SURFACE_SIDE_STYLE('',(#18425));
#18425 = SURFACE_STYLE_FILL_AREA(#18426);
#18426 = FILL_AREA_STYLE('',(#18427));
#18427 = FILL_AREA_STYLE_COLOUR('',#17824);
#18428 = CURVE_STYLE('',#18429,POSITIVE_LENGTH_MEASURE(0.1),#17824);
#18429 = DRAUGHTING_PRE_DEFINED_CURVE_FONT('continuous');
#18430 = STYLED_ITEM('color',(#18431),#3345);
#18431 = PRESENTATION_STYLE_ASSIGNMENT((#18432,#18437));
#18432 = SURFACE_STYLE_USAGE(.BOTH.,#18433);
#18433 = SURFACE_SIDE_STYLE('',(#18434));
#18434 = SURFACE_STYLE_FILL_AREA(#18435);
#18435 = FILL_AREA_STYLE('',(#18436));
#18436 = FILL_AREA_STYLE_COLOUR('',#17824);
#18437 = CURVE_STYLE('',#18438,POSITIVE_LENGTH_MEASURE(0.1),#17824);
#18438 = DRAUGHTING_PRE_DEFINED_CURVE_FONT('continuous');
#18439 = STYLED_ITEM('color',(#18440),#3362);
#18440 = PRESENTATION_STYLE_ASSIGNMENT((#18441,#18446));
#18441 = SURFACE_STYLE_USAGE(.BOTH.,#18442);
#18442 = SURFACE_SIDE_STYLE('',(#18443));
#18443 = SURFACE_STYLE_FILL_AREA(#18444);
#18444 = FILL_AREA_STYLE('',(#18445));
#18445 = FILL_AREA_STYLE_COLOUR('',#17824);
#18446 = CURVE_STYLE('',#18447,POSITIVE_LENGTH_MEASURE(0.1),#17824);
#18447 = DRAUGHTING_PRE_DEFINED_CURVE_FONT('continuous');
#18448 = STYLED_ITEM('color',(#18449),#3409);
#18449 = PRESENTATION_STYLE_ASSIGNMENT((#18450,#18455));
#18450 = SURFACE_STYLE_USAGE(.BOTH.,#18451);
#18451 = SURFACE_SIDE_STYLE('',(#18452));
#18452 = SURFACE_STYLE_FILL_AREA(#18453);
#18453 = FILL_AREA_STYLE('',(#18454));
#18454 = FILL_AREA_STYLE_COLOUR('',#17824);
#18455 = CURVE_STYLE('',#18456,POSITIVE_LENGTH_MEASURE(0.1),#17824);
#18456 = DRAUGHTING_PRE_DEFINED_CURVE_FONT('continuous');
#18457 = STYLED_ITEM('color',(#18458),#3426);
#18458 = PRESENTATION_STYLE_ASSIGNMENT((#18459,#18464));
#18459 = SURFACE_STYLE_USAGE(.BOTH.,#18460);
#18460 = SURFACE_SIDE_STYLE('',(#18461));
#18461 = SURFACE_STYLE_FILL_AREA(#18462);
#18462 = FILL_AREA_STYLE('',(#18463));
#18463 = FILL_AREA_STYLE_COLOUR('',#17824);
#18464 = CURVE_STYLE('',#18465,POSITIVE_LENGTH_MEASURE(0.1),#17824);
#18465 = DRAUGHTING_PRE_DEFINED_CURVE_FONT('continuous');
#18466 = STYLED_ITEM('color',(#18467),#3473);
#18467 = PRESENTATION_STYLE_ASSIGNMENT((#18468,#18473));
#18468 = SURFACE_STYLE_USAGE(.BOTH.,#18469);
#18469 = SURFACE_SIDE_STYLE('',(#18470));
#18470 = SURFACE_STYLE_FILL_AREA(#18471);
#18471 = FILL_AREA_STYLE('',(#18472));
#18472 = FILL_AREA_STYLE_COLOUR('',#17824);
#18473 = CURVE_STYLE('',#18474,POSITIVE_LENGTH_MEASURE(0.1),#17824);
#18474 = DRAUGHTING_PRE_DEFINED_CURVE_FONT('continuous');
#18475 = STYLED_ITEM('color',(#18476),#3490);
#18476 = PRESENTATION_STYLE_ASSIGNMENT((#18477,#18482));
#18477 = SURFACE_STYLE_USAGE(.BOTH.,#18478);
#18478 = SURFACE_SIDE_STYLE('',(#18479));
#18479 = SURFACE_STYLE_FILL_AREA(#18480);
#18480 = FILL_AREA_STYLE('',(#18481));
#18481 = FILL_AREA_STYLE_COLOUR('',#17824);
#18482 = CURVE_STYLE('',#18483,POSITIVE_LENGTH_MEASURE(0.1),#17824);
#18483 = DRAUGHTING_PRE_DEFINED_CURVE_FONT('continuous');
#18484 = STYLED_ITEM('color',(#18485),#3537);
#18485 = PRESENTATION_STYLE_ASSIGNMENT((#18486,#18491));
#18486 = SURFACE_STYLE_USAGE(.BOTH.,#18487);
#18487 = SURFACE_SIDE_STYLE('',(#18488));
#18488 = SURFACE_STYLE_FILL_AREA(#18489);
#18489 = FILL_AREA_STYLE('',(#18490));
#18490 = FILL_AREA_STYLE_COLOUR('',#17824);
#18491 = CURVE_STYLE('',#18492,POSITIVE_LENGTH_MEASURE(0.1),#17824);
#18492 = DRAUGHTING_PRE_DEFINED_CURVE_FONT('continuous');
#18493 = STYLED_ITEM('color',(#18494),#3554);
#18494 = PRESENTATION_STYLE_ASSIGNMENT((#18495,#18500));
#18495 = SURFACE_STYLE_USAGE(.BOTH.,#18496);
#18496 = SURFACE_SIDE_STYLE('',(#18497));
#18497 = SURFACE_STYLE_FILL_AREA(#18498);
#18498 = FILL_AREA_STYLE('',(#18499));
#18499 = FILL_AREA_STYLE_COLOUR('',#17824);
#18500 = CURVE_STYLE('',#18501,POSITIVE_LENGTH_MEASURE(0.1),#17824);
#18501 = DRAUGHTING_PRE_DEFINED_CURVE_FONT('continuous');
#18502 = STYLED_ITEM('color',(#18503),#3601);
#18503 = PRESENTATION_STYLE_ASSIGNMENT((#18504,#18509));
#18504 = SURFACE_STYLE_USAGE(.BOTH.,#18505);
#18505 = SURFACE_SIDE_STYLE('',(#18506));
#18506 = SURFACE_STYLE_FILL_AREA(#18507);
#18507 = FILL_AREA_STYLE('',(#18508));
#18508 = FILL_AREA_STYLE_COLOUR('',#17824);
#18509 = CURVE_STYLE('',#18510,POSITIVE_LENGTH_MEASURE(0.1),#17824);
#18510 = DRAUGHTING_PRE_DEFINED_CURVE_FONT('continuous');
#18511 = STYLED_ITEM('color',(#18512),#3618);
#18512 = PRESENTATION_STYLE_ASSIGNMENT((#18513,#18518));
#18513 = SURFACE_STYLE_USAGE(.BOTH.,#18514);
#18514 = SURFACE_SIDE_STYLE('',(#18515));
#18515 = SURFACE_STYLE_FILL_AREA(#18516);
#18516 = FILL_AREA_STYLE('',(#18517));
#18517 = FILL_AREA_STYLE_COLOUR('',#17824);
#18518 = CURVE_STYLE('',#18519,POSITIVE_LENGTH_MEASURE(0.1),#17824);
#18519 = DRAUGHTING_PRE_DEFINED_CURVE_FONT('continuous');
#18520 = STYLED_ITEM('color',(#18521),#3665);
#18521 = PRESENTATION_STYLE_ASSIGNMENT((#18522,#18527));
#18522 = SURFACE_STYLE_USAGE(.BOTH.,#18523);
#18523 = SURFACE_SIDE_STYLE('',(#18524));
#18524 = SURFACE_STYLE_FILL_AREA(#18525);
#18525 = FILL_AREA_STYLE('',(#18526));
#18526 = FILL_AREA_STYLE_COLOUR('',#17824);
#18527 = CURVE_STYLE('',#18528,POSITIVE_LENGTH_MEASURE(0.1),#17824);
#18528 = DRAUGHTING_PRE_DEFINED_CURVE_FONT('continuous');
#18529 = STYLED_ITEM('color',(#18530),#3682);
#18530 = PRESENTATION_STYLE_ASSIGNMENT((#18531,#18536));
#18531 = SURFACE_STYLE_USAGE(.BOTH.,#18532);
#18532 = SURFACE_SIDE_STYLE('',(#18533));
#18533 = SURFACE_STYLE_FILL_AREA(#18534);
#18534 = FILL_AREA_STYLE('',(#18535));
#18535 = FILL_AREA_STYLE_COLOUR('',#17824);
#18536 = CURVE_STYLE('',#18537,POSITIVE_LENGTH_MEASURE(0.1),#17824);
#18537 = DRAUGHTING_PRE_DEFINED_CURVE_FONT('continuous');
#18538 = STYLED_ITEM('color',(#18539),#3729);
#18539 = PRESENTATION_STYLE_ASSIGNMENT((#18540,#18545));
#18540 = SURFACE_STYLE_USAGE(.BOTH.,#18541);
#18541 = SURFACE_SIDE_STYLE('',(#18542));
#18542 = SURFACE_STYLE_FILL_AREA(#18543);
#18543 = FILL_AREA_STYLE('',(#18544));
#18544 = FILL_AREA_STYLE_COLOUR('',#17824);
#18545 = CURVE_STYLE('',#18546,POSITIVE_LENGTH_MEASURE(0.1),#17824);
#18546 = DRAUGHTING_PRE_DEFINED_CURVE_FONT('continuous');
#18547 = STYLED_ITEM('color',(#18548),#3746);
#18548 = PRESENTATION_STYLE_ASSIGNMENT((#18549,#18554));
#18549 = SURFACE_STYLE_USAGE(.BOTH.,#18550);
#18550 = SURFACE_SIDE_STYLE('',(#18551));
#18551 = SURFACE_STYLE_FILL_AREA(#18552);
#18552 = FILL_AREA_STYLE('',(#18553));
#18553 = FILL_AREA_STYLE_COLOUR('',#17824);
#18554 = CURVE_STYLE('',#18555,POSITIVE_LENGTH_MEASURE(0.1),#17824);
#18555 = DRAUGHTING_PRE_DEFINED_CURVE_FONT('continuous');
#18556 = STYLED_ITEM('color',(#18557),#3793);
#18557 = PRESENTATION_STYLE_ASSIGNMENT((#18558,#18563));
#18558 = SURFACE_STYLE_USAGE(.BOTH.,#18559);
#18559 = SURFACE_SIDE_STYLE('',(#18560));
#18560 = SURFACE_STYLE_FILL_AREA(#18561);
#18561 = FILL_AREA_STYLE('',(#18562));
#18562 = FILL_AREA_STYLE_COLOUR('',#17751);
#18563 = CURVE_STYLE('',#18564,POSITIVE_LENGTH_MEASURE(0.1),#17751);
#18564 = DRAUGHTING_PRE_DEFINED_CURVE_FONT('continuous');
#18565 = STYLED_ITEM('color',(#18566),#3824);
#18566 = PRESENTATION_STYLE_ASSIGNMENT((#18567,#18572));
#18567 = SURFACE_STYLE_USAGE(.BOTH.,#18568);
#18568 = SURFACE_SIDE_STYLE('',(#18569));
#18569 = SURFACE_STYLE_FILL_AREA(#18570);
#18570 = FILL_AREA_STYLE('',(#18571));
#18571 = FILL_AREA_STYLE_COLOUR('',#17751);
#18572 = CURVE_STYLE('',#18573,POSITIVE_LENGTH_MEASURE(0.1),#17751);
#18573 = DRAUGHTING_PRE_DEFINED_CURVE_FONT('continuous');
#18574 = OVER_RIDING_STYLED_ITEM('overriding color',(#18575),#3838,
  #18565);
#18575 = PRESENTATION_STYLE_ASSIGNMENT((#18576,#18581));
#18576 = SURFACE_STYLE_USAGE(.BOTH.,#18577);
#18577 = SURFACE_SIDE_STYLE('',(#18578));
#18578 = SURFACE_STYLE_FILL_AREA(#18579);
#18579 = FILL_AREA_STYLE('',(#18580));
#18580 = FILL_AREA_STYLE_COLOUR('',#17824);
#18581 = CURVE_STYLE('',#18582,POSITIVE_LENGTH_MEASURE(0.1),#17824);
#18582 = DRAUGHTING_PRE_DEFINED_CURVE_FONT('continuous');
#18583 = OVER_RIDING_STYLED_ITEM('overriding color',(#18584),#3854,
  #18565);
#18584 = PRESENTATION_STYLE_ASSIGNMENT((#18585,#18590));
#18585 = SURFACE_STYLE_USAGE(.BOTH.,#18586);
#18586 = SURFACE_SIDE_STYLE('',(#18587));
#18587 = SURFACE_STYLE_FILL_AREA(#18588);
#18588 = FILL_AREA_STYLE('',(#18589));
#18589 = FILL_AREA_STYLE_COLOUR('',#17824);
#18590 = CURVE_STYLE('',#18591,POSITIVE_LENGTH_MEASURE(0.1),#17824);
#18591 = DRAUGHTING_PRE_DEFINED_CURVE_FONT('continuous');
#18592 = STYLED_ITEM('color',(#18593),#3880);
#18593 = PRESENTATION_STYLE_ASSIGNMENT((#18594,#18599));
#18594 = SURFACE_STYLE_USAGE(.BOTH.,#18595);
#18595 = SURFACE_SIDE_STYLE('',(#18596));
#18596 = SURFACE_STYLE_FILL_AREA(#18597);
#18597 = FILL_AREA_STYLE('',(#18598));
#18598 = FILL_AREA_STYLE_COLOUR('',#17751);
#18599 = CURVE_STYLE('',#18600,POSITIVE_LENGTH_MEASURE(0.1),#17751);
#18600 = DRAUGHTING_PRE_DEFINED_CURVE_FONT('continuous');
#18601 = STYLED_ITEM('color',(#18602),#3904);
#18602 = PRESENTATION_STYLE_ASSIGNMENT((#18603,#18608));
#18603 = SURFACE_STYLE_USAGE(.BOTH.,#18604);
#18604 = SURFACE_SIDE_STYLE('',(#18605));
#18605 = SURFACE_STYLE_FILL_AREA(#18606);
#18606 = FILL_AREA_STYLE('',(#18607));
#18607 = FILL_AREA_STYLE_COLOUR('',#17751);
#18608 = CURVE_STYLE('',#18609,POSITIVE_LENGTH_MEASURE(0.1),#17751);
#18609 = DRAUGHTING_PRE_DEFINED_CURVE_FONT('continuous');
#18610 = OVER_RIDING_STYLED_ITEM('overriding color',(#18611),#3918,
  #18601);
#18611 = PRESENTATION_STYLE_ASSIGNMENT((#18612,#18617));
#18612 = SURFACE_STYLE_USAGE(.BOTH.,#18613);
#18613 = SURFACE_SIDE_STYLE('',(#18614));
#18614 = SURFACE_STYLE_FILL_AREA(#18615);
#18615 = FILL_AREA_STYLE('',(#18616));
#18616 = FILL_AREA_STYLE_COLOUR('',#17824);
#18617 = CURVE_STYLE('',#18618,POSITIVE_LENGTH_MEASURE(0.1),#17824);
#18618 = DRAUGHTING_PRE_DEFINED_CURVE_FONT('continuous');
#18619 = OVER_RIDING_STYLED_ITEM('overriding color',(#18620),#3934,
  #18601);
#18620 = PRESENTATION_STYLE_ASSIGNMENT((#18621,#18626));
#18621 = SURFACE_STYLE_USAGE(.BOTH.,#18622);
#18622 = SURFACE_SIDE_STYLE('',(#18623));
#18623 = SURFACE_STYLE_FILL_AREA(#18624);
#18624 = FILL_AREA_STYLE('',(#18625));
#18625 = FILL_AREA_STYLE_COLOUR('',#17824);
#18626 = CURVE_STYLE('',#18627,POSITIVE_LENGTH_MEASURE(0.1),#17824);
#18627 = DRAUGHTING_PRE_DEFINED_CURVE_FONT('continuous');
#18628 = STYLED_ITEM('color',(#18629),#3953);
#18629 = PRESENTATION_STYLE_ASSIGNMENT((#18630,#18635));
#18630 = SURFACE_STYLE_USAGE(.BOTH.,#18631);
#18631 = SURFACE_SIDE_STYLE('',(#18632));
#18632 = SURFACE_STYLE_FILL_AREA(#18633);
#18633 = FILL_AREA_STYLE('',(#18634));
#18634 = FILL_AREA_STYLE_COLOUR('',#17751);
#18635 = CURVE_STYLE('',#18636,POSITIVE_LENGTH_MEASURE(0.1),#17751);
#18636 = DRAUGHTING_PRE_DEFINED_CURVE_FONT('continuous');
#18637 = STYLED_ITEM('color',(#18638),#3984);
#18638 = PRESENTATION_STYLE_ASSIGNMENT((#18639,#18644));
#18639 = SURFACE_STYLE_USAGE(.BOTH.,#18640);
#18640 = SURFACE_SIDE_STYLE('',(#18641));
#18641 = SURFACE_STYLE_FILL_AREA(#18642);
#18642 = FILL_AREA_STYLE('',(#18643));
#18643 = FILL_AREA_STYLE_COLOUR('',#17751);
#18644 = CURVE_STYLE('',#18645,POSITIVE_LENGTH_MEASURE(0.1),#17751);
#18645 = DRAUGHTING_PRE_DEFINED_CURVE_FONT('continuous');
#18646 = OVER_RIDING_STYLED_ITEM('overriding color',(#18647),#3998,
  #18637);
#18647 = PRESENTATION_STYLE_ASSIGNMENT((#18648,#18653));
#18648 = SURFACE_STYLE_USAGE(.BOTH.,#18649);
#18649 = SURFACE_SIDE_STYLE('',(#18650));
#18650 = SURFACE_STYLE_FILL_AREA(#18651);
#18651 = FILL_AREA_STYLE('',(#18652));
#18652 = FILL_AREA_STYLE_COLOUR('',#17824);
#18653 = CURVE_STYLE('',#18654,POSITIVE_LENGTH_MEASURE(0.1),#17824);
#18654 = DRAUGHTING_PRE_DEFINED_CURVE_FONT('continuous');
#18655 = OVER_RIDING_STYLED_ITEM('overriding color',(#18656),#4014,
  #18637);
#18656 = PRESENTATION_STYLE_ASSIGNMENT((#18657,#18662));
#18657 = SURFACE_STYLE_USAGE(.BOTH.,#18658);
#18658 = SURFACE_SIDE_STYLE('',(#18659));
#18659 = SURFACE_STYLE_FILL_AREA(#18660);
#18660 = FILL_AREA_STYLE('',(#18661));
#18661 = FILL_AREA_STYLE_COLOUR('',#17824);
#18662 = CURVE_STYLE('',#18663,POSITIVE_LENGTH_MEASURE(0.1),#17824);
#18663 = DRAUGHTING_PRE_DEFINED_CURVE_FONT('continuous');
#18664 = STYLED_ITEM('color',(#18665),#4040);
#18665 = PRESENTATION_STYLE_ASSIGNMENT((#18666,#18671));
#18666 = SURFACE_STYLE_USAGE(.BOTH.,#18667);
#18667 = SURFACE_SIDE_STYLE('',(#18668));
#18668 = SURFACE_STYLE_FILL_AREA(#18669);
#18669 = FILL_AREA_STYLE('',(#18670));
#18670 = FILL_AREA_STYLE_COLOUR('',#17751);
#18671 = CURVE_STYLE('',#18672,POSITIVE_LENGTH_MEASURE(0.1),#17751);
#18672 = DRAUGHTING_PRE_DEFINED_CURVE_FONT('continuous');
#18673 = STYLED_ITEM('color',(#18674),#4064);
#18674 = PRESENTATION_STYLE_ASSIGNMENT((#18675,#18680));
#18675 = SURFACE_STYLE_USAGE(.BOTH.,#18676);
#18676 = SURFACE_SIDE_STYLE('',(#18677));
#18677 = SURFACE_STYLE_FILL_AREA(#18678);
#18678 = FILL_AREA_STYLE('',(#18679));
#18679 = FILL_AREA_STYLE_COLOUR('',#17751);
#18680 = CURVE_STYLE('',#18681,POSITIVE_LENGTH_MEASURE(0.1),#17751);
#18681 = DRAUGHTING_PRE_DEFINED_CURVE_FONT('continuous');
#18682 = OVER_RIDING_STYLED_ITEM('overriding color',(#18683),#4078,
  #18673);
#18683 = PRESENTATION_STYLE_ASSIGNMENT((#18684,#18689));
#18684 = SURFACE_STYLE_USAGE(.BOTH.,#18685);
#18685 = SURFACE_SIDE_STYLE('',(#18686));
#18686 = SURFACE_STYLE_FILL_AREA(#18687);
#18687 = FILL_AREA_STYLE('',(#18688));
#18688 = FILL_AREA_STYLE_COLOUR('',#17824);
#18689 = CURVE_STYLE('',#18690,POSITIVE_LENGTH_MEASURE(0.1),#17824);
#18690 = DRAUGHTING_PRE_DEFINED_CURVE_FONT('continuous');
#18691 = OVER_RIDING_STYLED_ITEM('overriding color',(#18692),#4094,
  #18673);
#18692 = PRESENTATION_STYLE_ASSIGNMENT((#18693,#18698));
#18693 = SURFACE_STYLE_USAGE(.BOTH.,#18694);
#18694 = SURFACE_SIDE_STYLE('',(#18695));
#18695 = SURFACE_STYLE_FILL_AREA(#18696);
#18696 = FILL_AREA_STYLE('',(#18697));
#18697 = FILL_AREA_STYLE_COLOUR('',#17824);
#18698 = CURVE_STYLE('',#18699,POSITIVE_LENGTH_MEASURE(0.1),#17824);
#18699 = DRAUGHTING_PRE_DEFINED_CURVE_FONT('continuous');
#18700 = STYLED_ITEM('color',(#18701),#4113);
#18701 = PRESENTATION_STYLE_ASSIGNMENT((#18702,#18707));
#18702 = SURFACE_STYLE_USAGE(.BOTH.,#18703);
#18703 = SURFACE_SIDE_STYLE('',(#18704));
#18704 = SURFACE_STYLE_FILL_AREA(#18705);
#18705 = FILL_AREA_STYLE('',(#18706));
#18706 = FILL_AREA_STYLE_COLOUR('',#17751);
#18707 = CURVE_STYLE('',#18708,POSITIVE_LENGTH_MEASURE(0.1),#17751);
#18708 = DRAUGHTING_PRE_DEFINED_CURVE_FONT('continuous');
#18709 = STYLED_ITEM('color',(#18710),#4144);
#18710 = PRESENTATION_STYLE_ASSIGNMENT((#18711,#18716));
#18711 = SURFACE_STYLE_USAGE(.BOTH.,#18712);
#18712 = SURFACE_SIDE_STYLE('',(#18713));
#18713 = SURFACE_STYLE_FILL_AREA(#18714);
#18714 = FILL_AREA_STYLE('',(#18715));
#18715 = FILL_AREA_STYLE_COLOUR('',#17751);
#18716 = CURVE_STYLE('',#18717,POSITIVE_LENGTH_MEASURE(0.1),#17751);
#18717 = DRAUGHTING_PRE_DEFINED_CURVE_FONT('continuous');
#18718 = OVER_RIDING_STYLED_ITEM('overriding color',(#18719),#4158,
  #18709);
#18719 = PRESENTATION_STYLE_ASSIGNMENT((#18720,#18725));
#18720 = SURFACE_STYLE_USAGE(.BOTH.,#18721);
#18721 = SURFACE_SIDE_STYLE('',(#18722));
#18722 = SURFACE_STYLE_FILL_AREA(#18723);
#18723 = FILL_AREA_STYLE('',(#18724));
#18724 = FILL_AREA_STYLE_COLOUR('',#17824);
#18725 = CURVE_STYLE('',#18726,POSITIVE_LENGTH_MEASURE(0.1),#17824);
#18726 = DRAUGHTING_PRE_DEFINED_CURVE_FONT('continuous');
#18727 = OVER_RIDING_STYLED_ITEM('overriding color',(#18728),#4174,
  #18709);
#18728 = PRESENTATION_STYLE_ASSIGNMENT((#18729,#18734));
#18729 = SURFACE_STYLE_USAGE(.BOTH.,#18730);
#18730 = SURFACE_SIDE_STYLE('',(#18731));
#18731 = SURFACE_STYLE_FILL_AREA(#18732);
#18732 = FILL_AREA_STYLE('',(#18733));
#18733 = FILL_AREA_STYLE_COLOUR('',#17824);
#18734 = CURVE_STYLE('',#18735,POSITIVE_LENGTH_MEASURE(0.1),#17824);
#18735 = DRAUGHTING_PRE_DEFINED_CURVE_FONT('continuous');
#18736 = STYLED_ITEM('color',(#18737),#4200);
#18737 = PRESENTATION_STYLE_ASSIGNMENT((#18738,#18743));
#18738 = SURFACE_STYLE_USAGE(.BOTH.,#18739);
#18739 = SURFACE_SIDE_STYLE('',(#18740));
#18740 = SURFACE_STYLE_FILL_AREA(#18741);
#18741 = FILL_AREA_STYLE('',(#18742));
#18742 = FILL_AREA_STYLE_COLOUR('',#17751);
#18743 = CURVE_STYLE('',#18744,POSITIVE_LENGTH_MEASURE(0.1),#17751);
#18744 = DRAUGHTING_PRE_DEFINED_CURVE_FONT('continuous');
#18745 = STYLED_ITEM('color',(#18746),#4224);
#18746 = PRESENTATION_STYLE_ASSIGNMENT((#18747,#18752));
#18747 = SURFACE_STYLE_USAGE(.BOTH.,#18748);
#18748 = SURFACE_SIDE_STYLE('',(#18749));
#18749 = SURFACE_STYLE_FILL_AREA(#18750);
#18750 = FILL_AREA_STYLE('',(#18751));
#18751 = FILL_AREA_STYLE_COLOUR('',#17751);
#18752 = CURVE_STYLE('',#18753,POSITIVE_LENGTH_MEASURE(0.1),#17751);
#18753 = DRAUGHTING_PRE_DEFINED_CURVE_FONT('continuous');
#18754 = OVER_RIDING_STYLED_ITEM('overriding color',(#18755),#4238,
  #18745);
#18755 = PRESENTATION_STYLE_ASSIGNMENT((#18756,#18761));
#18756 = SURFACE_STYLE_USAGE(.BOTH.,#18757);
#18757 = SURFACE_SIDE_STYLE('',(#18758));
#18758 = SURFACE_STYLE_FILL_AREA(#18759);
#18759 = FILL_AREA_STYLE('',(#18760));
#18760 = FILL_AREA_STYLE_COLOUR('',#17824);
#18761 = CURVE_STYLE('',#18762,POSITIVE_LENGTH_MEASURE(0.1),#17824);
#18762 = DRAUGHTING_PRE_DEFINED_CURVE_FONT('continuous');
#18763 = OVER_RIDING_STYLED_ITEM('overriding color',(#18764),#4254,
  #18745);
#18764 = PRESENTATION_STYLE_ASSIGNMENT((#18765,#18770));
#18765 = SURFACE_STYLE_USAGE(.BOTH.,#18766);
#18766 = SURFACE_SIDE_STYLE('',(#18767));
#18767 = SURFACE_STYLE_FILL_AREA(#18768);
#18768 = FILL_AREA_STYLE('',(#18769));
#18769 = FILL_AREA_STYLE_COLOUR('',#17824);
#18770 = CURVE_STYLE('',#18771,POSITIVE_LENGTH_MEASURE(0.1),#17824);
#18771 = DRAUGHTING_PRE_DEFINED_CURVE_FONT('continuous');
#18772 = STYLED_ITEM('color',(#18773),#4273);
#18773 = PRESENTATION_STYLE_ASSIGNMENT((#18774,#18779));
#18774 = SURFACE_STYLE_USAGE(.BOTH.,#18775);
#18775 = SURFACE_SIDE_STYLE('',(#18776));
#18776 = SURFACE_STYLE_FILL_AREA(#18777);
#18777 = FILL_AREA_STYLE('',(#18778));
#18778 = FILL_AREA_STYLE_COLOUR('',#17751);
#18779 = CURVE_STYLE('',#18780,POSITIVE_LENGTH_MEASURE(0.1),#17751);
#18780 = DRAUGHTING_PRE_DEFINED_CURVE_FONT('continuous');
#18781 = STYLED_ITEM('color',(#18782),#4304);
#18782 = PRESENTATION_STYLE_ASSIGNMENT((#18783,#18788));
#18783 = SURFACE_STYLE_USAGE(.BOTH.,#18784);
#18784 = SURFACE_SIDE_STYLE('',(#18785));
#18785 = SURFACE_STYLE_FILL_AREA(#18786);
#18786 = FILL_AREA_STYLE('',(#18787));
#18787 = FILL_AREA_STYLE_COLOUR('',#17751);
#18788 = CURVE_STYLE('',#18789,POSITIVE_LENGTH_MEASURE(0.1),#17751);
#18789 = DRAUGHTING_PRE_DEFINED_CURVE_FONT('continuous');
#18790 = OVER_RIDING_STYLED_ITEM('overriding color',(#18791),#4318,
  #18781);
#18791 = PRESENTATION_STYLE_ASSIGNMENT((#18792,#18797));
#18792 = SURFACE_STYLE_USAGE(.BOTH.,#18793);
#18793 = SURFACE_SIDE_STYLE('',(#18794));
#18794 = SURFACE_STYLE_FILL_AREA(#18795);
#18795 = FILL_AREA_STYLE('',(#18796));
#18796 = FILL_AREA_STYLE_COLOUR('',#17824);
#18797 = CURVE_STYLE('',#18798,POSITIVE_LENGTH_MEASURE(0.1),#17824);
#18798 = DRAUGHTING_PRE_DEFINED_CURVE_FONT('continuous');
#18799 = OVER_RIDING_STYLED_ITEM('overriding color',(#18800),#4334,
  #18781);
#18800 = PRESENTATION_STYLE_ASSIGNMENT((#18801,#18806));
#18801 = SURFACE_STYLE_USAGE(.BOTH.,#18802);
#18802 = SURFACE_SIDE_STYLE('',(#18803));
#18803 = SURFACE_STYLE_FILL_AREA(#18804);
#18804 = FILL_AREA_STYLE('',(#18805));
#18805 = FILL_AREA_STYLE_COLOUR('',#17824);
#18806 = CURVE_STYLE('',#18807,POSITIVE_LENGTH_MEASURE(0.1),#17824);
#18807 = DRAUGHTING_PRE_DEFINED_CURVE_FONT('continuous');
#18808 = STYLED_ITEM('color',(#18809),#4360);
#18809 = PRESENTATION_STYLE_ASSIGNMENT((#18810,#18815));
#18810 = SURFACE_STYLE_USAGE(.BOTH.,#18811);
#18811 = SURFACE_SIDE_STYLE('',(#18812));
#18812 = SURFACE_STYLE_FILL_AREA(#18813);
#18813 = FILL_AREA_STYLE('',(#18814));
#18814 = FILL_AREA_STYLE_COLOUR('',#17751);
#18815 = CURVE_STYLE('',#18816,POSITIVE_LENGTH_MEASURE(0.1),#17751);
#18816 = DRAUGHTING_PRE_DEFINED_CURVE_FONT('continuous');
#18817 = STYLED_ITEM('color',(#18818),#4384);
#18818 = PRESENTATION_STYLE_ASSIGNMENT((#18819,#18824));
#18819 = SURFACE_STYLE_USAGE(.BOTH.,#18820);
#18820 = SURFACE_SIDE_STYLE('',(#18821));
#18821 = SURFACE_STYLE_FILL_AREA(#18822);
#18822 = FILL_AREA_STYLE('',(#18823));
#18823 = FILL_AREA_STYLE_COLOUR('',#17751);
#18824 = CURVE_STYLE('',#18825,POSITIVE_LENGTH_MEASURE(0.1),#17751);
#18825 = DRAUGHTING_PRE_DEFINED_CURVE_FONT('continuous');
#18826 = OVER_RIDING_STYLED_ITEM('overriding color',(#18827),#4398,
  #18817);
#18827 = PRESENTATION_STYLE_ASSIGNMENT((#18828,#18833));
#18828 = SURFACE_STYLE_USAGE(.BOTH.,#18829);
#18829 = SURFACE_SIDE_STYLE('',(#18830));
#18830 = SURFACE_STYLE_FILL_AREA(#18831);
#18831 = FILL_AREA_STYLE('',(#18832));
#18832 = FILL_AREA_STYLE_COLOUR('',#17824);
#18833 = CURVE_STYLE('',#18834,POSITIVE_LENGTH_MEASURE(0.1),#17824);
#18834 = DRAUGHTING_PRE_DEFINED_CURVE_FONT('continuous');
#18835 = OVER_RIDING_STYLED_ITEM('overriding color',(#18836),#4414,
  #18817);
#18836 = PRESENTATION_STYLE_ASSIGNMENT((#18837,#18842));
#18837 = SURFACE_STYLE_USAGE(.BOTH.,#18838);
#18838 = SURFACE_SIDE_STYLE('',(#18839));
#18839 = SURFACE_STYLE_FILL_AREA(#18840);
#18840 = FILL_AREA_STYLE('',(#18841));
#18841 = FILL_AREA_STYLE_COLOUR('',#17824);
#18842 = CURVE_STYLE('',#18843,POSITIVE_LENGTH_MEASURE(0.1),#17824);
#18843 = DRAUGHTING_PRE_DEFINED_CURVE_FONT('continuous');
#18844 = STYLED_ITEM('color',(#18845),#4433);
#18845 = PRESENTATION_STYLE_ASSIGNMENT((#18846,#18851));
#18846 = SURFACE_STYLE_USAGE(.BOTH.,#18847);
#18847 = SURFACE_SIDE_STYLE('',(#18848));
#18848 = SURFACE_STYLE_FILL_AREA(#18849);
#18849 = FILL_AREA_STYLE('',(#18850));
#18850 = FILL_AREA_STYLE_COLOUR('',#17751);
#18851 = CURVE_STYLE('',#18852,POSITIVE_LENGTH_MEASURE(0.1),#17751);
#18852 = DRAUGHTING_PRE_DEFINED_CURVE_FONT('continuous');
#18853 = STYLED_ITEM('color',(#18854),#4464);
#18854 = PRESENTATION_STYLE_ASSIGNMENT((#18855,#18860));
#18855 = SURFACE_STYLE_USAGE(.BOTH.,#18856);
#18856 = SURFACE_SIDE_STYLE('',(#18857));
#18857 = SURFACE_STYLE_FILL_AREA(#18858);
#18858 = FILL_AREA_STYLE('',(#18859));
#18859 = FILL_AREA_STYLE_COLOUR('',#17751);
#18860 = CURVE_STYLE('',#18861,POSITIVE_LENGTH_MEASURE(0.1),#17751);
#18861 = DRAUGHTING_PRE_DEFINED_CURVE_FONT('continuous');
#18862 = OVER_RIDING_STYLED_ITEM('overriding color',(#18863),#4478,
  #18853);
#18863 = PRESENTATION_STYLE_ASSIGNMENT((#18864,#18869));
#18864 = SURFACE_STYLE_USAGE(.BOTH.,#18865);
#18865 = SURFACE_SIDE_STYLE('',(#18866));
#18866 = SURFACE_STYLE_FILL_AREA(#18867);
#18867 = FILL_AREA_STYLE('',(#18868));
#18868 = FILL_AREA_STYLE_COLOUR('',#17824);
#18869 = CURVE_STYLE('',#18870,POSITIVE_LENGTH_MEASURE(0.1),#17824);
#18870 = DRAUGHTING_PRE_DEFINED_CURVE_FONT('continuous');
#18871 = OVER_RIDING_STYLED_ITEM('overriding color',(#18872),#4494,
  #18853);
#18872 = PRESENTATION_STYLE_ASSIGNMENT((#18873,#18878));
#18873 = SURFACE_STYLE_USAGE(.BOTH.,#18874);
#18874 = SURFACE_SIDE_STYLE('',(#18875));
#18875 = SURFACE_STYLE_FILL_AREA(#18876);
#18876 = FILL_AREA_STYLE('',(#18877));
#18877 = FILL_AREA_STYLE_COLOUR('',#17824);
#18878 = CURVE_STYLE('',#18879,POSITIVE_LENGTH_MEASURE(0.1),#17824);
#18879 = DRAUGHTING_PRE_DEFINED_CURVE_FONT('continuous');
#18880 = STYLED_ITEM('color',(#18881),#4520);
#18881 = PRESENTATION_STYLE_ASSIGNMENT((#18882,#18887));
#18882 = SURFACE_STYLE_USAGE(.BOTH.,#18883);
#18883 = SURFACE_SIDE_STYLE('',(#18884));
#18884 = SURFACE_STYLE_FILL_AREA(#18885);
#18885 = FILL_AREA_STYLE('',(#18886));
#18886 = FILL_AREA_STYLE_COLOUR('',#17751);
#18887 = CURVE_STYLE('',#18888,POSITIVE_LENGTH_MEASURE(0.1),#17751);
#18888 = DRAUGHTING_PRE_DEFINED_CURVE_FONT('continuous');
#18889 = STYLED_ITEM('color',(#18890),#4544);
#18890 = PRESENTATION_STYLE_ASSIGNMENT((#18891,#18896));
#18891 = SURFACE_STYLE_USAGE(.BOTH.,#18892);
#18892 = SURFACE_SIDE_STYLE('',(#18893));
#18893 = SURFACE_STYLE_FILL_AREA(#18894);
#18894 = FILL_AREA_STYLE('',(#18895));
#18895 = FILL_AREA_STYLE_COLOUR('',#17751);
#18896 = CURVE_STYLE('',#18897,POSITIVE_LENGTH_MEASURE(0.1),#17751);
#18897 = DRAUGHTING_PRE_DEFINED_CURVE_FONT('continuous');
#18898 = OVER_RIDING_STYLED_ITEM('overriding color',(#18899),#4558,
  #18889);
#18899 = PRESENTATION_STYLE_ASSIGNMENT((#18900,#18905));
#18900 = SURFACE_STYLE_USAGE(.BOTH.,#18901);
#18901 = SURFACE_SIDE_STYLE('',(#18902));
#18902 = SURFACE_STYLE_FILL_AREA(#18903);
#18903 = FILL_AREA_STYLE('',(#18904));
#18904 = FILL_AREA_STYLE_COLOUR('',#17824);
#18905 = CURVE_STYLE('',#18906,POSITIVE_LENGTH_MEASURE(0.1),#17824);
#18906 = DRAUGHTING_PRE_DEFINED_CURVE_FONT('continuous');
#18907 = OVER_RIDING_STYLED_ITEM('overriding color',(#18908),#4574,
  #18889);
#18908 = PRESENTATION_STYLE_ASSIGNMENT((#18909,#18914));
#18909 = SURFACE_STYLE_USAGE(.BOTH.,#18910);
#18910 = SURFACE_SIDE_STYLE('',(#18911));
#18911 = SURFACE_STYLE_FILL_AREA(#18912);
#18912 = FILL_AREA_STYLE('',(#18913));
#18913 = FILL_AREA_STYLE_COLOUR('',#17824);
#18914 = CURVE_STYLE('',#18915,POSITIVE_LENGTH_MEASURE(0.1),#17824);
#18915 = DRAUGHTING_PRE_DEFINED_CURVE_FONT('continuous');
#18916 = STYLED_ITEM('color',(#18917),#4593);
#18917 = PRESENTATION_STYLE_ASSIGNMENT((#18918,#18923));
#18918 = SURFACE_STYLE_USAGE(.BOTH.,#18919);
#18919 = SURFACE_SIDE_STYLE('',(#18920));
#18920 = SURFACE_STYLE_FILL_AREA(#18921);
#18921 = FILL_AREA_STYLE('',(#18922));
#18922 = FILL_AREA_STYLE_COLOUR('',#17751);
#18923 = CURVE_STYLE('',#18924,POSITIVE_LENGTH_MEASURE(0.1),#17751);
#18924 = DRAUGHTING_PRE_DEFINED_CURVE_FONT('continuous');
#18925 = STYLED_ITEM('color',(#18926),#4624);
#18926 = PRESENTATION_STYLE_ASSIGNMENT((#18927,#18932));
#18927 = SURFACE_STYLE_USAGE(.BOTH.,#18928);
#18928 = SURFACE_SIDE_STYLE('',(#18929));
#18929 = SURFACE_STYLE_FILL_AREA(#18930);
#18930 = FILL_AREA_STYLE('',(#18931));
#18931 = FILL_AREA_STYLE_COLOUR('',#17751);
#18932 = CURVE_STYLE('',#18933,POSITIVE_LENGTH_MEASURE(0.1),#17751);
#18933 = DRAUGHTING_PRE_DEFINED_CURVE_FONT('continuous');
#18934 = OVER_RIDING_STYLED_ITEM('overriding color',(#18935),#4638,
  #18925);
#18935 = PRESENTATION_STYLE_ASSIGNMENT((#18936,#18941));
#18936 = SURFACE_STYLE_USAGE(.BOTH.,#18937);
#18937 = SURFACE_SIDE_STYLE('',(#18938));
#18938 = SURFACE_STYLE_FILL_AREA(#18939);
#18939 = FILL_AREA_STYLE('',(#18940));
#18940 = FILL_AREA_STYLE_COLOUR('',#17824);
#18941 = CURVE_STYLE('',#18942,POSITIVE_LENGTH_MEASURE(0.1),#17824);
#18942 = DRAUGHTING_PRE_DEFINED_CURVE_FONT('continuous');
#18943 = OVER_RIDING_STYLED_ITEM('overriding color',(#18944),#4654,
  #18925);
#18944 = PRESENTATION_STYLE_ASSIGNMENT((#18945,#18950));
#18945 = SURFACE_STYLE_USAGE(.BOTH.,#18946);
#18946 = SURFACE_SIDE_STYLE('',(#18947));
#18947 = SURFACE_STYLE_FILL_AREA(#18948);
#18948 = FILL_AREA_STYLE('',(#18949));
#18949 = FILL_AREA_STYLE_COLOUR('',#17824);
#18950 = CURVE_STYLE('',#18951,POSITIVE_LENGTH_MEASURE(0.1),#17824);
#18951 = DRAUGHTING_PRE_DEFINED_CURVE_FONT('continuous');
#18952 = STYLED_ITEM('color',(#18953),#4680);
#18953 = PRESENTATION_STYLE_ASSIGNMENT((#18954,#18959));
#18954 = SURFACE_STYLE_USAGE(.BOTH.,#18955);
#18955 = SURFACE_SIDE_STYLE('',(#18956));
#18956 = SURFACE_STYLE_FILL_AREA(#18957);
#18957 = FILL_AREA_STYLE('',(#18958));
#18958 = FILL_AREA_STYLE_COLOUR('',#17751);
#18959 = CURVE_STYLE('',#18960,POSITIVE_LENGTH_MEASURE(0.1),#17751);
#18960 = DRAUGHTING_PRE_DEFINED_CURVE_FONT('continuous');
#18961 = STYLED_ITEM('color',(#18962),#4704);
#18962 = PRESENTATION_STYLE_ASSIGNMENT((#18963,#18968));
#18963 = SURFACE_STYLE_USAGE(.BOTH.,#18964);
#18964 = SURFACE_SIDE_STYLE('',(#18965));
#18965 = SURFACE_STYLE_FILL_AREA(#18966);
#18966 = FILL_AREA_STYLE('',(#18967));
#18967 = FILL_AREA_STYLE_COLOUR('',#17751);
#18968 = CURVE_STYLE('',#18969,POSITIVE_LENGTH_MEASURE(0.1),#17751);
#18969 = DRAUGHTING_PRE_DEFINED_CURVE_FONT('continuous');
#18970 = OVER_RIDING_STYLED_ITEM('overriding color',(#18971),#4718,
  #18961);
#18971 = PRESENTATION_STYLE_ASSIGNMENT((#18972,#18977));
#18972 = SURFACE_STYLE_USAGE(.BOTH.,#18973);
#18973 = SURFACE_SIDE_STYLE('',(#18974));
#18974 = SURFACE_STYLE_FILL_AREA(#18975);
#18975 = FILL_AREA_STYLE('',(#18976));
#18976 = FILL_AREA_STYLE_COLOUR('',#17824);
#18977 = CURVE_STYLE('',#18978,POSITIVE_LENGTH_MEASURE(0.1),#17824);
#18978 = DRAUGHTING_PRE_DEFINED_CURVE_FONT('continuous');
#18979 = OVER_RIDING_STYLED_ITEM('overriding color',(#18980),#4734,
  #18961);
#18980 = PRESENTATION_STYLE_ASSIGNMENT((#18981,#18986));
#18981 = SURFACE_STYLE_USAGE(.BOTH.,#18982);
#18982 = SURFACE_SIDE_STYLE('',(#18983));
#18983 = SURFACE_STYLE_FILL_AREA(#18984);
#18984 = FILL_AREA_STYLE('',(#18985));
#18985 = FILL_AREA_STYLE_COLOUR('',#17824);
#18986 = CURVE_STYLE('',#18987,POSITIVE_LENGTH_MEASURE(0.1),#17824);
#18987 = DRAUGHTING_PRE_DEFINED_CURVE_FONT('continuous');
#18988 = STYLED_ITEM('color',(#18989),#4753);
#18989 = PRESENTATION_STYLE_ASSIGNMENT((#18990,#18995));
#18990 = SURFACE_STYLE_USAGE(.BOTH.,#18991);
#18991 = SURFACE_SIDE_STYLE('',(#18992));
#18992 = SURFACE_STYLE_FILL_AREA(#18993);
#18993 = FILL_AREA_STYLE('',(#18994));
#18994 = FILL_AREA_STYLE_COLOUR('',#17751);
#18995 = CURVE_STYLE('',#18996,POSITIVE_LENGTH_MEASURE(0.1),#17751);
#18996 = DRAUGHTING_PRE_DEFINED_CURVE_FONT('continuous');
#18997 = STYLED_ITEM('color',(#18998),#4784);
#18998 = PRESENTATION_STYLE_ASSIGNMENT((#18999,#19004));
#18999 = SURFACE_STYLE_USAGE(.BOTH.,#19000);
#19000 = SURFACE_SIDE_STYLE('',(#19001));
#19001 = SURFACE_STYLE_FILL_AREA(#19002);
#19002 = FILL_AREA_STYLE('',(#19003));
#19003 = FILL_AREA_STYLE_COLOUR('',#17751);
#19004 = CURVE_STYLE('',#19005,POSITIVE_LENGTH_MEASURE(0.1),#17751);
#19005 = DRAUGHTING_PRE_DEFINED_CURVE_FONT('continuous');
#19006 = OVER_RIDING_STYLED_ITEM('overriding color',(#19007),#4798,
  #18997);
#19007 = PRESENTATION_STYLE_ASSIGNMENT((#19008,#19013));
#19008 = SURFACE_STYLE_USAGE(.BOTH.,#19009);
#19009 = SURFACE_SIDE_STYLE('',(#19010));
#19010 = SURFACE_STYLE_FILL_AREA(#19011);
#19011 = FILL_AREA_STYLE('',(#19012));
#19012 = FILL_AREA_STYLE_COLOUR('',#17824);
#19013 = CURVE_STYLE('',#19014,POSITIVE_LENGTH_MEASURE(0.1),#17824);
#19014 = DRAUGHTING_PRE_DEFINED_CURVE_FONT('continuous');
#19015 = OVER_RIDING_STYLED_ITEM('overriding color',(#19016),#4814,
  #18997);
#19016 = PRESENTATION_STYLE_ASSIGNMENT((#19017,#19022));
#19017 = SURFACE_STYLE_USAGE(.BOTH.,#19018);
#19018 = SURFACE_SIDE_STYLE('',(#19019));
#19019 = SURFACE_STYLE_FILL_AREA(#19020);
#19020 = FILL_AREA_STYLE('',(#19021));
#19021 = FILL_AREA_STYLE_COLOUR('',#17824);
#19022 = CURVE_STYLE('',#19023,POSITIVE_LENGTH_MEASURE(0.1),#17824);
#19023 = DRAUGHTING_PRE_DEFINED_CURVE_FONT('continuous');
#19024 = STYLED_ITEM('color',(#19025),#4840);
#19025 = PRESENTATION_STYLE_ASSIGNMENT((#19026,#19031));
#19026 = SURFACE_STYLE_USAGE(.BOTH.,#19027);
#19027 = SURFACE_SIDE_STYLE('',(#19028));
#19028 = SURFACE_STYLE_FILL_AREA(#19029);
#19029 = FILL_AREA_STYLE('',(#19030));
#19030 = FILL_AREA_STYLE_COLOUR('',#17751);
#19031 = CURVE_STYLE('',#19032,POSITIVE_LENGTH_MEASURE(0.1),#17751);
#19032 = DRAUGHTING_PRE_DEFINED_CURVE_FONT('continuous');
#19033 = STYLED_ITEM('color',(#19034),#4864);
#19034 = PRESENTATION_STYLE_ASSIGNMENT((#19035,#19040));
#19035 = SURFACE_STYLE_USAGE(.BOTH.,#19036);
#19036 = SURFACE_SIDE_STYLE('',(#19037));
#19037 = SURFACE_STYLE_FILL_AREA(#19038);
#19038 = FILL_AREA_STYLE('',(#19039));
#19039 = FILL_AREA_STYLE_COLOUR('',#17751);
#19040 = CURVE_STYLE('',#19041,POSITIVE_LENGTH_MEASURE(0.1),#17751);
#19041 = DRAUGHTING_PRE_DEFINED_CURVE_FONT('continuous');
#19042 = OVER_RIDING_STYLED_ITEM('overriding color',(#19043),#4878,
  #19033);
#19043 = PRESENTATION_STYLE_ASSIGNMENT((#19044,#19049));
#19044 = SURFACE_STYLE_USAGE(.BOTH.,#19045);
#19045 = SURFACE_SIDE_STYLE('',(#19046));
#19046 = SURFACE_STYLE_FILL_AREA(#19047);
#19047 = FILL_AREA_STYLE('',(#19048));
#19048 = FILL_AREA_STYLE_COLOUR('',#17824);
#19049 = CURVE_STYLE('',#19050,POSITIVE_LENGTH_MEASURE(0.1),#17824);
#19050 = DRAUGHTING_PRE_DEFINED_CURVE_FONT('continuous');
#19051 = OVER_RIDING_STYLED_ITEM('overriding color',(#19052),#4894,
  #19033);
#19052 = PRESENTATION_STYLE_ASSIGNMENT((#19053,#19058));
#19053 = SURFACE_STYLE_USAGE(.BOTH.,#19054);
#19054 = SURFACE_SIDE_STYLE('',(#19055));
#19055 = SURFACE_STYLE_FILL_AREA(#19056);
#19056 = FILL_AREA_STYLE('',(#19057));
#19057 = FILL_AREA_STYLE_COLOUR('',#17824);
#19058 = CURVE_STYLE('',#19059,POSITIVE_LENGTH_MEASURE(0.1),#17824);
#19059 = DRAUGHTING_PRE_DEFINED_CURVE_FONT('continuous');
#19060 = STYLED_ITEM('color',(#19061),#4913);
#19061 = PRESENTATION_STYLE_ASSIGNMENT((#19062,#19067));
#19062 = SURFACE_STYLE_USAGE(.BOTH.,#19063);
#19063 = SURFACE_SIDE_STYLE('',(#19064));
#19064 = SURFACE_STYLE_FILL_AREA(#19065);
#19065 = FILL_AREA_STYLE('',(#19066));
#19066 = FILL_AREA_STYLE_COLOUR('',#17751);
#19067 = CURVE_STYLE('',#19068,POSITIVE_LENGTH_MEASURE(0.1),#17751);
#19068 = DRAUGHTING_PRE_DEFINED_CURVE_FONT('continuous');
#19069 = STYLED_ITEM('color',(#19070),#4944);
#19070 = PRESENTATION_STYLE_ASSIGNMENT((#19071,#19076));
#19071 = SURFACE_STYLE_USAGE(.BOTH.,#19072);
#19072 = SURFACE_SIDE_STYLE('',(#19073));
#19073 = SURFACE_STYLE_FILL_AREA(#19074);
#19074 = FILL_AREA_STYLE('',(#19075));
#19075 = FILL_AREA_STYLE_COLOUR('',#17751);
#19076 = CURVE_STYLE('',#19077,POSITIVE_LENGTH_MEASURE(0.1),#17751);
#19077 = DRAUGHTING_PRE_DEFINED_CURVE_FONT('continuous');
#19078 = OVER_RIDING_STYLED_ITEM('overriding color',(#19079),#4958,
  #19069);
#19079 = PRESENTATION_STYLE_ASSIGNMENT((#19080,#19085));
#19080 = SURFACE_STYLE_USAGE(.BOTH.,#19081);
#19081 = SURFACE_SIDE_STYLE('',(#19082));
#19082 = SURFACE_STYLE_FILL_AREA(#19083);
#19083 = FILL_AREA_STYLE('',(#19084));
#19084 = FILL_AREA_STYLE_COLOUR('',#17824);
#19085 = CURVE_STYLE('',#19086,POSITIVE_LENGTH_MEASURE(0.1),#17824);
#19086 = DRAUGHTING_PRE_DEFINED_CURVE_FONT('continuous');
#19087 = OVER_RIDING_STYLED_ITEM('overriding color',(#19088),#4974,
  #19069);
#19088 = PRESENTATION_STYLE_ASSIGNMENT((#19089,#19094));
#19089 = SURFACE_STYLE_USAGE(.BOTH.,#19090);
#19090 = SURFACE_SIDE_STYLE('',(#19091));
#19091 = SURFACE_STYLE_FILL_AREA(#19092);
#19092 = FILL_AREA_STYLE('',(#19093));
#19093 = FILL_AREA_STYLE_COLOUR('',#17824);
#19094 = CURVE_STYLE('',#19095,POSITIVE_LENGTH_MEASURE(0.1),#17824);
#19095 = DRAUGHTING_PRE_DEFINED_CURVE_FONT('continuous');
#19096 = STYLED_ITEM('color',(#19097),#5000);
#19097 = PRESENTATION_STYLE_ASSIGNMENT((#19098,#19103));
#19098 = SURFACE_STYLE_USAGE(.BOTH.,#19099);
#19099 = SURFACE_SIDE_STYLE('',(#19100));
#19100 = SURFACE_STYLE_FILL_AREA(#19101);
#19101 = FILL_AREA_STYLE('',(#19102));
#19102 = FILL_AREA_STYLE_COLOUR('',#17751);
#19103 = CURVE_STYLE('',#19104,POSITIVE_LENGTH_MEASURE(0.1),#17751);
#19104 = DRAUGHTING_PRE_DEFINED_CURVE_FONT('continuous');
#19105 = STYLED_ITEM('color',(#19106),#5024);
#19106 = PRESENTATION_STYLE_ASSIGNMENT((#19107,#19112));
#19107 = SURFACE_STYLE_USAGE(.BOTH.,#19108);
#19108 = SURFACE_SIDE_STYLE('',(#19109));
#19109 = SURFACE_STYLE_FILL_AREA(#19110);
#19110 = FILL_AREA_STYLE('',(#19111));
#19111 = FILL_AREA_STYLE_COLOUR('',#17751);
#19112 = CURVE_STYLE('',#19113,POSITIVE_LENGTH_MEASURE(0.1),#17751);
#19113 = DRAUGHTING_PRE_DEFINED_CURVE_FONT('continuous');
#19114 = OVER_RIDING_STYLED_ITEM('overriding color',(#19115),#5038,
  #19105);
#19115 = PRESENTATION_STYLE_ASSIGNMENT((#19116,#19121));
#19116 = SURFACE_STYLE_USAGE(.BOTH.,#19117);
#19117 = SURFACE_SIDE_STYLE('',(#19118));
#19118 = SURFACE_STYLE_FILL_AREA(#19119);
#19119 = FILL_AREA_STYLE('',(#19120));
#19120 = FILL_AREA_STYLE_COLOUR('',#17824);
#19121 = CURVE_STYLE('',#19122,POSITIVE_LENGTH_MEASURE(0.1),#17824);
#19122 = DRAUGHTING_PRE_DEFINED_CURVE_FONT('continuous');
#19123 = OVER_RIDING_STYLED_ITEM('overriding color',(#19124),#5054,
  #19105);
#19124 = PRESENTATION_STYLE_ASSIGNMENT((#19125,#19130));
#19125 = SURFACE_STYLE_USAGE(.BOTH.,#19126);
#19126 = SURFACE_SIDE_STYLE('',(#19127));
#19127 = SURFACE_STYLE_FILL_AREA(#19128);
#19128 = FILL_AREA_STYLE('',(#19129));
#19129 = FILL_AREA_STYLE_COLOUR('',#17824);
#19130 = CURVE_STYLE('',#19131,POSITIVE_LENGTH_MEASURE(0.1),#17824);
#19131 = DRAUGHTING_PRE_DEFINED_CURVE_FONT('continuous');
#19132 = STYLED_ITEM('color',(#19133),#5073);
#19133 = PRESENTATION_STYLE_ASSIGNMENT((#19134,#19139));
#19134 = SURFACE_STYLE_USAGE(.BOTH.,#19135);
#19135 = SURFACE_SIDE_STYLE('',(#19136));
#19136 = SURFACE_STYLE_FILL_AREA(#19137);
#19137 = FILL_AREA_STYLE('',(#19138));
#19138 = FILL_AREA_STYLE_COLOUR('',#17824);
#19139 = CURVE_STYLE('',#19140,POSITIVE_LENGTH_MEASURE(0.1),#17824);
#19140 = DRAUGHTING_PRE_DEFINED_CURVE_FONT('continuous');
#19141 = STYLED_ITEM('color',(#19142),#5090);
#19142 = PRESENTATION_STYLE_ASSIGNMENT((#19143,#19148));
#19143 = SURFACE_STYLE_USAGE(.BOTH.,#19144);
#19144 = SURFACE_SIDE_STYLE('',(#19145));
#19145 = SURFACE_STYLE_FILL_AREA(#19146);
#19146 = FILL_AREA_STYLE('',(#19147));
#19147 = FILL_AREA_STYLE_COLOUR('',#17824);
#19148 = CURVE_STYLE('',#19149,POSITIVE_LENGTH_MEASURE(0.1),#17824);
#19149 = DRAUGHTING_PRE_DEFINED_CURVE_FONT('continuous');
#19150 = STYLED_ITEM('color',(#19151),#5107);
#19151 = PRESENTATION_STYLE_ASSIGNMENT((#19152,#19157));
#19152 = SURFACE_STYLE_USAGE(.BOTH.,#19153);
#19153 = SURFACE_SIDE_STYLE('',(#19154));
#19154 = SURFACE_STYLE_FILL_AREA(#19155);
#19155 = FILL_AREA_STYLE('',(#19156));
#19156 = FILL_AREA_STYLE_COLOUR('',#17824);
#19157 = CURVE_STYLE('',#19158,POSITIVE_LENGTH_MEASURE(0.1),#17824);
#19158 = DRAUGHTING_PRE_DEFINED_CURVE_FONT('continuous');
#19159 = STYLED_ITEM('color',(#19160),#5124);
#19160 = PRESENTATION_STYLE_ASSIGNMENT((#19161,#19166));
#19161 = SURFACE_STYLE_USAGE(.BOTH.,#19162);
#19162 = SURFACE_SIDE_STYLE('',(#19163));
#19163 = SURFACE_STYLE_FILL_AREA(#19164);
#19164 = FILL_AREA_STYLE('',(#19165));
#19165 = FILL_AREA_STYLE_COLOUR('',#17824);
#19166 = CURVE_STYLE('',#19167,POSITIVE_LENGTH_MEASURE(0.1),#17824);
#19167 = DRAUGHTING_PRE_DEFINED_CURVE_FONT('continuous');
#19168 = STYLED_ITEM('color',(#19169),#5141);
#19169 = PRESENTATION_STYLE_ASSIGNMENT((#19170,#19175));
#19170 = SURFACE_STYLE_USAGE(.BOTH.,#19171);
#19171 = SURFACE_SIDE_STYLE('',(#19172));
#19172 = SURFACE_STYLE_FILL_AREA(#19173);
#19173 = FILL_AREA_STYLE('',(#19174));
#19174 = FILL_AREA_STYLE_COLOUR('',#17824);
#19175 = CURVE_STYLE('',#19176,POSITIVE_LENGTH_MEASURE(0.1),#17824);
#19176 = DRAUGHTING_PRE_DEFINED_CURVE_FONT('continuous');
#19177 = STYLED_ITEM('color',(#19178),#5153);
#19178 = PRESENTATION_STYLE_ASSIGNMENT((#19179,#19184));
#19179 = SURFACE_STYLE_USAGE(.BOTH.,#19180);
#19180 = SURFACE_SIDE_STYLE('',(#19181));
#19181 = SURFACE_STYLE_FILL_AREA(#19182);
#19182 = FILL_AREA_STYLE('',(#19183));
#19183 = FILL_AREA_STYLE_COLOUR('',#17824);
#19184 = CURVE_STYLE('',#19185,POSITIVE_LENGTH_MEASURE(0.1),#17824);
#19185 = DRAUGHTING_PRE_DEFINED_CURVE_FONT('continuous');
#19186 = STYLED_ITEM('color',(#19187),#5170);
#19187 = PRESENTATION_STYLE_ASSIGNMENT((#19188,#19193));
#19188 = SURFACE_STYLE_USAGE(.BOTH.,#19189);
#19189 = SURFACE_SIDE_STYLE('',(#19190));
#19190 = SURFACE_STYLE_FILL_AREA(#19191);
#19191 = FILL_AREA_STYLE('',(#19192));
#19192 = FILL_AREA_STYLE_COLOUR('',#17824);
#19193 = CURVE_STYLE('',#19194,POSITIVE_LENGTH_MEASURE(0.1),#17824);
#19194 = DRAUGHTING_PRE_DEFINED_CURVE_FONT('continuous');
#19195 = STYLED_ITEM('color',(#19196),#5187);
#19196 = PRESENTATION_STYLE_ASSIGNMENT((#19197,#19202));
#19197 = SURFACE_STYLE_USAGE(.BOTH.,#19198);
#19198 = SURFACE_SIDE_STYLE('',(#19199));
#19199 = SURFACE_STYLE_FILL_AREA(#19200);
#19200 = FILL_AREA_STYLE('',(#19201));
#19201 = FILL_AREA_STYLE_COLOUR('',#17824);
#19202 = CURVE_STYLE('',#19203,POSITIVE_LENGTH_MEASURE(0.1),#17824);
#19203 = DRAUGHTING_PRE_DEFINED_CURVE_FONT('continuous');
#19204 = STYLED_ITEM('color',(#19205),#5204);
#19205 = PRESENTATION_STYLE_ASSIGNMENT((#19206,#19211));
#19206 = SURFACE_STYLE_USAGE(.BOTH.,#19207);
#19207 = SURFACE_SIDE_STYLE('',(#19208));
#19208 = SURFACE_STYLE_FILL_AREA(#19209);
#19209 = FILL_AREA_STYLE('',(#19210));
#19210 = FILL_AREA_STYLE_COLOUR('',#17824);
#19211 = CURVE_STYLE('',#19212,POSITIVE_LENGTH_MEASURE(0.1),#17824);
#19212 = DRAUGHTING_PRE_DEFINED_CURVE_FONT('continuous');
#19213 = STYLED_ITEM('color',(#19214),#5221);
#19214 = PRESENTATION_STYLE_ASSIGNMENT((#19215,#19220));
#19215 = SURFACE_STYLE_USAGE(.BOTH.,#19216);
#19216 = SURFACE_SIDE_STYLE('',(#19217));
#19217 = SURFACE_STYLE_FILL_AREA(#19218);
#19218 = FILL_AREA_STYLE('',(#19219));
#19219 = FILL_AREA_STYLE_COLOUR('',#17824);
#19220 = CURVE_STYLE('',#19221,POSITIVE_LENGTH_MEASURE(0.1),#17824);
#19221 = DRAUGHTING_PRE_DEFINED_CURVE_FONT('continuous');
#19222 = STYLED_ITEM('color',(#19223),#5233);
#19223 = PRESENTATION_STYLE_ASSIGNMENT((#19224,#19229));
#19224 = SURFACE_STYLE_USAGE(.BOTH.,#19225);
#19225 = SURFACE_SIDE_STYLE('',(#19226));
#19226 = SURFACE_STYLE_FILL_AREA(#19227);
#19227 = FILL_AREA_STYLE('',(#19228));
#19228 = FILL_AREA_STYLE_COLOUR('',#17824);
#19229 = CURVE_STYLE('',#19230,POSITIVE_LENGTH_MEASURE(0.1),#17824);
#19230 = DRAUGHTING_PRE_DEFINED_CURVE_FONT('continuous');
#19231 = STYLED_ITEM('color',(#19232),#5250);
#19232 = PRESENTATION_STYLE_ASSIGNMENT((#19233,#19238));
#19233 = SURFACE_STYLE_USAGE(.BOTH.,#19234);
#19234 = SURFACE_SIDE_STYLE('',(#19235));
#19235 = SURFACE_STYLE_FILL_AREA(#19236);
#19236 = FILL_AREA_STYLE('',(#19237));
#19237 = FILL_AREA_STYLE_COLOUR('',#17824);
#19238 = CURVE_STYLE('',#19239,POSITIVE_LENGTH_MEASURE(0.1),#17824);
#19239 = DRAUGHTING_PRE_DEFINED_CURVE_FONT('continuous');
#19240 = STYLED_ITEM('color',(#19241),#5267);
#19241 = PRESENTATION_STYLE_ASSIGNMENT((#19242,#19247));
#19242 = SURFACE_STYLE_USAGE(.BOTH.,#19243);
#19243 = SURFACE_SIDE_STYLE('',(#19244));
#19244 = SURFACE_STYLE_FILL_AREA(#19245);
#19245 = FILL_AREA_STYLE('',(#19246));
#19246 = FILL_AREA_STYLE_COLOUR('',#17824);
#19247 = CURVE_STYLE('',#19248,POSITIVE_LENGTH_MEASURE(0.1),#17824);
#19248 = DRAUGHTING_PRE_DEFINED_CURVE_FONT('continuous');
#19249 = STYLED_ITEM('color',(#19250),#5284);
#19250 = PRESENTATION_STYLE_ASSIGNMENT((#19251,#19256));
#19251 = SURFACE_STYLE_USAGE(.BOTH.,#19252);
#19252 = SURFACE_SIDE_STYLE('',(#19253));
#19253 = SURFACE_STYLE_FILL_AREA(#19254);
#19254 = FILL_AREA_STYLE('',(#19255));
#19255 = FILL_AREA_STYLE_COLOUR('',#17824);
#19256 = CURVE_STYLE('',#19257,POSITIVE_LENGTH_MEASURE(0.1),#17824);
#19257 = DRAUGHTING_PRE_DEFINED_CURVE_FONT('continuous');
#19258 = STYLED_ITEM('color',(#19259),#5301);
#19259 = PRESENTATION_STYLE_ASSIGNMENT((#19260,#19265));
#19260 = SURFACE_STYLE_USAGE(.BOTH.,#19261);
#19261 = SURFACE_SIDE_STYLE('',(#19262));
#19262 = SURFACE_STYLE_FILL_AREA(#19263);
#19263 = FILL_AREA_STYLE('',(#19264));
#19264 = FILL_AREA_STYLE_COLOUR('',#17824);
#19265 = CURVE_STYLE('',#19266,POSITIVE_LENGTH_MEASURE(0.1),#17824);
#19266 = DRAUGHTING_PRE_DEFINED_CURVE_FONT('continuous');
#19267 = STYLED_ITEM('color',(#19268),#5313);
#19268 = PRESENTATION_STYLE_ASSIGNMENT((#19269,#19274));
#19269 = SURFACE_STYLE_USAGE(.BOTH.,#19270);
#19270 = SURFACE_SIDE_STYLE('',(#19271));
#19271 = SURFACE_STYLE_FILL_AREA(#19272);
#19272 = FILL_AREA_STYLE('',(#19273));
#19273 = FILL_AREA_STYLE_COLOUR('',#17824);
#19274 = CURVE_STYLE('',#19275,POSITIVE_LENGTH_MEASURE(0.1),#17824);
#19275 = DRAUGHTING_PRE_DEFINED_CURVE_FONT('continuous');
#19276 = STYLED_ITEM('color',(#19277),#5330);
#19277 = PRESENTATION_STYLE_ASSIGNMENT((#19278,#19283));
#19278 = SURFACE_STYLE_USAGE(.BOTH.,#19279);
#19279 = SURFACE_SIDE_STYLE('',(#19280));
#19280 = SURFACE_STYLE_FILL_AREA(#19281);
#19281 = FILL_AREA_STYLE('',(#19282));
#19282 = FILL_AREA_STYLE_COLOUR('',#17824);
#19283 = CURVE_STYLE('',#19284,POSITIVE_LENGTH_MEASURE(0.1),#17824);
#19284 = DRAUGHTING_PRE_DEFINED_CURVE_FONT('continuous');
#19285 = STYLED_ITEM('color',(#19286),#5347);
#19286 = PRESENTATION_STYLE_ASSIGNMENT((#19287,#19292));
#19287 = SURFACE_STYLE_USAGE(.BOTH.,#19288);
#19288 = SURFACE_SIDE_STYLE('',(#19289));
#19289 = SURFACE_STYLE_FILL_AREA(#19290);
#19290 = FILL_AREA_STYLE('',(#19291));
#19291 = FILL_AREA_STYLE_COLOUR('',#17824);
#19292 = CURVE_STYLE('',#19293,POSITIVE_LENGTH_MEASURE(0.1),#17824);
#19293 = DRAUGHTING_PRE_DEFINED_CURVE_FONT('continuous');
#19294 = STYLED_ITEM('color',(#19295),#5364);
#19295 = PRESENTATION_STYLE_ASSIGNMENT((#19296,#19301));
#19296 = SURFACE_STYLE_USAGE(.BOTH.,#19297);
#19297 = SURFACE_SIDE_STYLE('',(#19298));
#19298 = SURFACE_STYLE_FILL_AREA(#19299);
#19299 = FILL_AREA_STYLE('',(#19300));
#19300 = FILL_AREA_STYLE_COLOUR('',#17824);
#19301 = CURVE_STYLE('',#19302,POSITIVE_LENGTH_MEASURE(0.1),#17824);
#19302 = DRAUGHTING_PRE_DEFINED_CURVE_FONT('continuous');
#19303 = STYLED_ITEM('color',(#19304),#5381);
#19304 = PRESENTATION_STYLE_ASSIGNMENT((#19305,#19310));
#19305 = SURFACE_STYLE_USAGE(.BOTH.,#19306);
#19306 = SURFACE_SIDE_STYLE('',(#19307));
#19307 = SURFACE_STYLE_FILL_AREA(#19308);
#19308 = FILL_AREA_STYLE('',(#19309));
#19309 = FILL_AREA_STYLE_COLOUR('',#17824);
#19310 = CURVE_STYLE('',#19311,POSITIVE_LENGTH_MEASURE(0.1),#17824);
#19311 = DRAUGHTING_PRE_DEFINED_CURVE_FONT('continuous');
#19312 = STYLED_ITEM('color',(#19313),#5393);
#19313 = PRESENTATION_STYLE_ASSIGNMENT((#19314,#19319));
#19314 = SURFACE_STYLE_USAGE(.BOTH.,#19315);
#19315 = SURFACE_SIDE_STYLE('',(#19316));
#19316 = SURFACE_STYLE_FILL_AREA(#19317);
#19317 = FILL_AREA_STYLE('',(#19318));
#19318 = FILL_AREA_STYLE_COLOUR('',#17824);
#19319 = CURVE_STYLE('',#19320,POSITIVE_LENGTH_MEASURE(0.1),#17824);
#19320 = DRAUGHTING_PRE_DEFINED_CURVE_FONT('continuous');
#19321 = STYLED_ITEM('color',(#19322),#5410);
#19322 = PRESENTATION_STYLE_ASSIGNMENT((#19323,#19328));
#19323 = SURFACE_STYLE_USAGE(.BOTH.,#19324);
#19324 = SURFACE_SIDE_STYLE('',(#19325));
#19325 = SURFACE_STYLE_FILL_AREA(#19326);
#19326 = FILL_AREA_STYLE('',(#19327));
#19327 = FILL_AREA_STYLE_COLOUR('',#17824);
#19328 = CURVE_STYLE('',#19329,POSITIVE_LENGTH_MEASURE(0.1),#17824);
#19329 = DRAUGHTING_PRE_DEFINED_CURVE_FONT('continuous');
#19330 = STYLED_ITEM('color',(#19331),#5427);
#19331 = PRESENTATION_STYLE_ASSIGNMENT((#19332,#19337));
#19332 = SURFACE_STYLE_USAGE(.BOTH.,#19333);
#19333 = SURFACE_SIDE_STYLE('',(#19334));
#19334 = SURFACE_STYLE_FILL_AREA(#19335);
#19335 = FILL_AREA_STYLE('',(#19336));
#19336 = FILL_AREA_STYLE_COLOUR('',#17824);
#19337 = CURVE_STYLE('',#19338,POSITIVE_LENGTH_MEASURE(0.1),#17824);
#19338 = DRAUGHTING_PRE_DEFINED_CURVE_FONT('continuous');
#19339 = STYLED_ITEM('color',(#19340),#5444);
#19340 = PRESENTATION_STYLE_ASSIGNMENT((#19341,#19346));
#19341 = SURFACE_STYLE_USAGE(.BOTH.,#19342);
#19342 = SURFACE_SIDE_STYLE('',(#19343));
#19343 = SURFACE_STYLE_FILL_AREA(#19344);
#19344 = FILL_AREA_STYLE('',(#19345));
#19345 = FILL_AREA_STYLE_COLOUR('',#17824);
#19346 = CURVE_STYLE('',#19347,POSITIVE_LENGTH_MEASURE(0.1),#17824);
#19347 = DRAUGHTING_PRE_DEFINED_CURVE_FONT('continuous');
#19348 = STYLED_ITEM('color',(#19349),#5461);
#19349 = PRESENTATION_STYLE_ASSIGNMENT((#19350,#19355));
#19350 = SURFACE_STYLE_USAGE(.BOTH.,#19351);
#19351 = SURFACE_SIDE_STYLE('',(#19352));
#19352 = SURFACE_STYLE_FILL_AREA(#19353);
#19353 = FILL_AREA_STYLE('',(#19354));
#19354 = FILL_AREA_STYLE_COLOUR('',#17824);
#19355 = CURVE_STYLE('',#19356,POSITIVE_LENGTH_MEASURE(0.1),#17824);
#19356 = DRAUGHTING_PRE_DEFINED_CURVE_FONT('continuous');
#19357 = STYLED_ITEM('color',(#19358),#5473);
#19358 = PRESENTATION_STYLE_ASSIGNMENT((#19359,#19364));
#19359 = SURFACE_STYLE_USAGE(.BOTH.,#19360);
#19360 = SURFACE_SIDE_STYLE('',(#19361));
#19361 = SURFACE_STYLE_FILL_AREA(#19362);
#19362 = FILL_AREA_STYLE('',(#19363));
#19363 = FILL_AREA_STYLE_COLOUR('',#17824);
#19364 = CURVE_STYLE('',#19365,POSITIVE_LENGTH_MEASURE(0.1),#17824);
#19365 = DRAUGHTING_PRE_DEFINED_CURVE_FONT('continuous');
#19366 = STYLED_ITEM('color',(#19367),#5490);
#19367 = PRESENTATION_STYLE_ASSIGNMENT((#19368,#19373));
#19368 = SURFACE_STYLE_USAGE(.BOTH.,#19369);
#19369 = SURFACE_SIDE_STYLE('',(#19370));
#19370 = SURFACE_STYLE_FILL_AREA(#19371);
#19371 = FILL_AREA_STYLE('',(#19372));
#19372 = FILL_AREA_STYLE_COLOUR('',#17824);
#19373 = CURVE_STYLE('',#19374,POSITIVE_LENGTH_MEASURE(0.1),#17824);
#19374 = DRAUGHTING_PRE_DEFINED_CURVE_FONT('continuous');
#19375 = STYLED_ITEM('color',(#19376),#5507);
#19376 = PRESENTATION_STYLE_ASSIGNMENT((#19377,#19382));
#19377 = SURFACE_STYLE_USAGE(.BOTH.,#19378);
#19378 = SURFACE_SIDE_STYLE('',(#19379));
#19379 = SURFACE_STYLE_FILL_AREA(#19380);
#19380 = FILL_AREA_STYLE('',(#19381));
#19381 = FILL_AREA_STYLE_COLOUR('',#17824);
#19382 = CURVE_STYLE('',#19383,POSITIVE_LENGTH_MEASURE(0.1),#17824);
#19383 = DRAUGHTING_PRE_DEFINED_CURVE_FONT('continuous');
#19384 = STYLED_ITEM('color',(#19385),#5524);
#19385 = PRESENTATION_STYLE_ASSIGNMENT((#19386,#19391));
#19386 = SURFACE_STYLE_USAGE(.BOTH.,#19387);
#19387 = SURFACE_SIDE_STYLE('',(#19388));
#19388 = SURFACE_STYLE_FILL_AREA(#19389);
#19389 = FILL_AREA_STYLE('',(#19390));
#19390 = FILL_AREA_STYLE_COLOUR('',#17824);
#19391 = CURVE_STYLE('',#19392,POSITIVE_LENGTH_MEASURE(0.1),#17824);
#19392 = DRAUGHTING_PRE_DEFINED_CURVE_FONT('continuous');
#19393 = STYLED_ITEM('color',(#19394),#5541);
#19394 = PRESENTATION_STYLE_ASSIGNMENT((#19395,#19400));
#19395 = SURFACE_STYLE_USAGE(.BOTH.,#19396);
#19396 = SURFACE_SIDE_STYLE('',(#19397));
#19397 = SURFACE_STYLE_FILL_AREA(#19398);
#19398 = FILL_AREA_STYLE('',(#19399));
#19399 = FILL_AREA_STYLE_COLOUR('',#17824);
#19400 = CURVE_STYLE('',#19401,POSITIVE_LENGTH_MEASURE(0.1),#17824);
#19401 = DRAUGHTING_PRE_DEFINED_CURVE_FONT('continuous');
#19402 = STYLED_ITEM('color',(#19403),#5553);
#19403 = PRESENTATION_STYLE_ASSIGNMENT((#19404,#19409));
#19404 = SURFACE_STYLE_USAGE(.BOTH.,#19405);
#19405 = SURFACE_SIDE_STYLE('',(#19406));
#19406 = SURFACE_STYLE_FILL_AREA(#19407);
#19407 = FILL_AREA_STYLE('',(#19408));
#19408 = FILL_AREA_STYLE_COLOUR('',#17824);
#19409 = CURVE_STYLE('',#19410,POSITIVE_LENGTH_MEASURE(0.1),#17824);
#19410 = DRAUGHTING_PRE_DEFINED_CURVE_FONT('continuous');
#19411 = STYLED_ITEM('color',(#19412),#5570);
#19412 = PRESENTATION_STYLE_ASSIGNMENT((#19413,#19418));
#19413 = SURFACE_STYLE_USAGE(.BOTH.,#19414);
#19414 = SURFACE_SIDE_STYLE('',(#19415));
#19415 = SURFACE_STYLE_FILL_AREA(#19416);
#19416 = FILL_AREA_STYLE('',(#19417));
#19417 = FILL_AREA_STYLE_COLOUR('',#17824);
#19418 = CURVE_STYLE('',#19419,POSITIVE_LENGTH_MEASURE(0.1),#17824);
#19419 = DRAUGHTING_PRE_DEFINED_CURVE_FONT('continuous');
#19420 = STYLED_ITEM('color',(#19421),#5587);
#19421 = PRESENTATION_STYLE_ASSIGNMENT((#19422,#19427));
#19422 = SURFACE_STYLE_USAGE(.BOTH.,#19423);
#19423 = SURFACE_SIDE_STYLE('',(#19424));
#19424 = SURFACE_STYLE_FILL_AREA(#19425);
#19425 = FILL_AREA_STYLE('',(#19426));
#19426 = FILL_AREA_STYLE_COLOUR('',#17824);
#19427 = CURVE_STYLE('',#19428,POSITIVE_LENGTH_MEASURE(0.1),#17824);
#19428 = DRAUGHTING_PRE_DEFINED_CURVE_FONT('continuous');
#19429 = STYLED_ITEM('color',(#19430),#5604);
#19430 = PRESENTATION_STYLE_ASSIGNMENT((#19431,#19436));
#19431 = SURFACE_STYLE_USAGE(.BOTH.,#19432);
#19432 = SURFACE_SIDE_STYLE('',(#19433));
#19433 = SURFACE_STYLE_FILL_AREA(#19434);
#19434 = FILL_AREA_STYLE('',(#19435));
#19435 = FILL_AREA_STYLE_COLOUR('',#17824);
#19436 = CURVE_STYLE('',#19437,POSITIVE_LENGTH_MEASURE(0.1),#17824);
#19437 = DRAUGHTING_PRE_DEFINED_CURVE_FONT('continuous');
#19438 = STYLED_ITEM('color',(#19439),#5621);
#19439 = PRESENTATION_STYLE_ASSIGNMENT((#19440,#19445));
#19440 = SURFACE_STYLE_USAGE(.BOTH.,#19441);
#19441 = SURFACE_SIDE_STYLE('',(#19442));
#19442 = SURFACE_STYLE_FILL_AREA(#19443);
#19443 = FILL_AREA_STYLE('',(#19444));
#19444 = FILL_AREA_STYLE_COLOUR('',#17824);
#19445 = CURVE_STYLE('',#19446,POSITIVE_LENGTH_MEASURE(0.1),#17824);
#19446 = DRAUGHTING_PRE_DEFINED_CURVE_FONT('continuous');
#19447 = STYLED_ITEM('color',(#19448),#5633);
#19448 = PRESENTATION_STYLE_ASSIGNMENT((#19449,#19454));
#19449 = SURFACE_STYLE_USAGE(.BOTH.,#19450);
#19450 = SURFACE_SIDE_STYLE('',(#19451));
#19451 = SURFACE_STYLE_FILL_AREA(#19452);
#19452 = FILL_AREA_STYLE('',(#19453));
#19453 = FILL_AREA_STYLE_COLOUR('',#17824);
#19454 = CURVE_STYLE('',#19455,POSITIVE_LENGTH_MEASURE(0.1),#17824);
#19455 = DRAUGHTING_PRE_DEFINED_CURVE_FONT('continuous');
#19456 = STYLED_ITEM('color',(#19457),#5650);
#19457 = PRESENTATION_STYLE_ASSIGNMENT((#19458,#19463));
#19458 = SURFACE_STYLE_USAGE(.BOTH.,#19459);
#19459 = SURFACE_SIDE_STYLE('',(#19460));
#19460 = SURFACE_STYLE_FILL_AREA(#19461);
#19461 = FILL_AREA_STYLE('',(#19462));
#19462 = FILL_AREA_STYLE_COLOUR('',#17824);
#19463 = CURVE_STYLE('',#19464,POSITIVE_LENGTH_MEASURE(0.1),#17824);
#19464 = DRAUGHTING_PRE_DEFINED_CURVE_FONT('continuous');
#19465 = STYLED_ITEM('color',(#19466),#5667);
#19466 = PRESENTATION_STYLE_ASSIGNMENT((#19467,#19472));
#19467 = SURFACE_STYLE_USAGE(.BOTH.,#19468);
#19468 = SURFACE_SIDE_STYLE('',(#19469));
#19469 = SURFACE_STYLE_FILL_AREA(#19470);
#19470 = FILL_AREA_STYLE('',(#19471));
#19471 = FILL_AREA_STYLE_COLOUR('',#17824);
#19472 = CURVE_STYLE('',#19473,POSITIVE_LENGTH_MEASURE(0.1),#17824);
#19473 = DRAUGHTING_PRE_DEFINED_CURVE_FONT('continuous');
#19474 = STYLED_ITEM('color',(#19475),#5684);
#19475 = PRESENTATION_STYLE_ASSIGNMENT((#19476,#19481));
#19476 = SURFACE_STYLE_USAGE(.BOTH.,#19477);
#19477 = SURFACE_SIDE_STYLE('',(#19478));
#19478 = SURFACE_STYLE_FILL_AREA(#19479);
#19479 = FILL_AREA_STYLE('',(#19480));
#19480 = FILL_AREA_STYLE_COLOUR('',#17824);
#19481 = CURVE_STYLE('',#19482,POSITIVE_LENGTH_MEASURE(0.1),#17824);
#19482 = DRAUGHTING_PRE_DEFINED_CURVE_FONT('continuous');
#19483 = STYLED_ITEM('color',(#19484),#5701);
#19484 = PRESENTATION_STYLE_ASSIGNMENT((#19485,#19490));
#19485 = SURFACE_STYLE_USAGE(.BOTH.,#19486);
#19486 = SURFACE_SIDE_STYLE('',(#19487));
#19487 = SURFACE_STYLE_FILL_AREA(#19488);
#19488 = FILL_AREA_STYLE('',(#19489));
#19489 = FILL_AREA_STYLE_COLOUR('',#17824);
#19490 = CURVE_STYLE('',#19491,POSITIVE_LENGTH_MEASURE(0.1),#17824);
#19491 = DRAUGHTING_PRE_DEFINED_CURVE_FONT('continuous');
#19492 = STYLED_ITEM('color',(#19493),#5713);
#19493 = PRESENTATION_STYLE_ASSIGNMENT((#19494,#19499));
#19494 = SURFACE_STYLE_USAGE(.BOTH.,#19495);
#19495 = SURFACE_SIDE_STYLE('',(#19496));
#19496 = SURFACE_STYLE_FILL_AREA(#19497);
#19497 = FILL_AREA_STYLE('',(#19498));
#19498 = FILL_AREA_STYLE_COLOUR('',#17751);
#19499 = CURVE_STYLE('',#19500,POSITIVE_LENGTH_MEASURE(0.1),#17751);
#19500 = DRAUGHTING_PRE_DEFINED_CURVE_FONT('continuous');
#19501 = OVER_RIDING_STYLED_ITEM('overriding color',(#19502),#5720,
  #19492);
#19502 = PRESENTATION_STYLE_ASSIGNMENT((#19503,#19508));
#19503 = SURFACE_STYLE_USAGE(.BOTH.,#19504);
#19504 = SURFACE_SIDE_STYLE('',(#19505));
#19505 = SURFACE_STYLE_FILL_AREA(#19506);
#19506 = FILL_AREA_STYLE('',(#19507));
#19507 = FILL_AREA_STYLE_COLOUR('',#17824);
#19508 = CURVE_STYLE('',#19509,POSITIVE_LENGTH_MEASURE(0.1),#17824);
#19509 = DRAUGHTING_PRE_DEFINED_CURVE_FONT('continuous');
#19510 = STYLED_ITEM('color',(#19511),#5730);
#19511 = PRESENTATION_STYLE_ASSIGNMENT((#19512,#19517));
#19512 = SURFACE_STYLE_USAGE(.BOTH.,#19513);
#19513 = SURFACE_SIDE_STYLE('',(#19514));
#19514 = SURFACE_STYLE_FILL_AREA(#19515);
#19515 = FILL_AREA_STYLE('',(#19516));
#19516 = FILL_AREA_STYLE_COLOUR('',#17751);
#19517 = CURVE_STYLE('',#19518,POSITIVE_LENGTH_MEASURE(0.1),#17751);
#19518 = DRAUGHTING_PRE_DEFINED_CURVE_FONT('continuous');
#19519 = OVER_RIDING_STYLED_ITEM('overriding color',(#19520),#5735,
  #19510);
#19520 = PRESENTATION_STYLE_ASSIGNMENT((#19521,#19526));
#19521 = SURFACE_STYLE_USAGE(.BOTH.,#19522);
#19522 = SURFACE_SIDE_STYLE('',(#19523));
#19523 = SURFACE_STYLE_FILL_AREA(#19524);
#19524 = FILL_AREA_STYLE('',(#19525));
#19525 = FILL_AREA_STYLE_COLOUR('',#17824);
#19526 = CURVE_STYLE('',#19527,POSITIVE_LENGTH_MEASURE(0.1),#17824);
#19527 = DRAUGHTING_PRE_DEFINED_CURVE_FONT('continuous');
#19528 = STYLED_ITEM('color',(#19529),#5747);
#19529 = PRESENTATION_STYLE_ASSIGNMENT((#19530,#19535));
#19530 = SURFACE_STYLE_USAGE(.BOTH.,#19531);
#19531 = SURFACE_SIDE_STYLE('',(#19532));
#19532 = SURFACE_STYLE_FILL_AREA(#19533);
#19533 = FILL_AREA_STYLE('',(#19534));
#19534 = FILL_AREA_STYLE_COLOUR('',#17824);
#19535 = CURVE_STYLE('',#19536,POSITIVE_LENGTH_MEASURE(0.1),#17824);
#19536 = DRAUGHTING_PRE_DEFINED_CURVE_FONT('continuous');
#19537 = STYLED_ITEM('color',(#19538),#5796);
#19538 = PRESENTATION_STYLE_ASSIGNMENT((#19539,#19544));
#19539 = SURFACE_STYLE_USAGE(.BOTH.,#19540);
#19540 = SURFACE_SIDE_STYLE('',(#19541));
#19541 = SURFACE_STYLE_FILL_AREA(#19542);
#19542 = FILL_AREA_STYLE('',(#19543));
#19543 = FILL_AREA_STYLE_COLOUR('',#17824);
#19544 = CURVE_STYLE('',#19545,POSITIVE_LENGTH_MEASURE(0.1),#17824);
#19545 = DRAUGHTING_PRE_DEFINED_CURVE_FONT('continuous');
#19546 = STYLED_ITEM('color',(#19547),#5820);
#19547 = PRESENTATION_STYLE_ASSIGNMENT((#19548,#19553));
#19548 = SURFACE_STYLE_USAGE(.BOTH.,#19549);
#19549 = SURFACE_SIDE_STYLE('',(#19550));
#19550 = SURFACE_STYLE_FILL_AREA(#19551);
#19551 = FILL_AREA_STYLE('',(#19552));
#19552 = FILL_AREA_STYLE_COLOUR('',#17824);
#19553 = CURVE_STYLE('',#19554,POSITIVE_LENGTH_MEASURE(0.1),#17824);
#19554 = DRAUGHTING_PRE_DEFINED_CURVE_FONT('continuous');
#19555 = STYLED_ITEM('color',(#19556),#5862);
#19556 = PRESENTATION_STYLE_ASSIGNMENT((#19557,#19562));
#19557 = SURFACE_STYLE_USAGE(.BOTH.,#19558);
#19558 = SURFACE_SIDE_STYLE('',(#19559));
#19559 = SURFACE_STYLE_FILL_AREA(#19560);
#19560 = FILL_AREA_STYLE('',(#19561));
#19561 = FILL_AREA_STYLE_COLOUR('',#17824);
#19562 = CURVE_STYLE('',#19563,POSITIVE_LENGTH_MEASURE(0.1),#17824);
#19563 = DRAUGHTING_PRE_DEFINED_CURVE_FONT('continuous');
#19564 = STYLED_ITEM('color',(#19565),#5879);
#19565 = PRESENTATION_STYLE_ASSIGNMENT((#19566,#19571));
#19566 = SURFACE_STYLE_USAGE(.BOTH.,#19567);
#19567 = SURFACE_SIDE_STYLE('',(#19568));
#19568 = SURFACE_STYLE_FILL_AREA(#19569);
#19569 = FILL_AREA_STYLE('',(#19570));
#19570 = FILL_AREA_STYLE_COLOUR('',#17751);
#19571 = CURVE_STYLE('',#19572,POSITIVE_LENGTH_MEASURE(0.1),#17751);
#19572 = DRAUGHTING_PRE_DEFINED_CURVE_FONT('continuous');
#19573 = OVER_RIDING_STYLED_ITEM('overriding color',(#19574),#5886,
  #19564);
#19574 = PRESENTATION_STYLE_ASSIGNMENT((#19575,#19580));
#19575 = SURFACE_STYLE_USAGE(.BOTH.,#19576);
#19576 = SURFACE_SIDE_STYLE('',(#19577));
#19577 = SURFACE_STYLE_FILL_AREA(#19578);
#19578 = FILL_AREA_STYLE('',(#19579));
#19579 = FILL_AREA_STYLE_COLOUR('',#17824);
#19580 = CURVE_STYLE('',#19581,POSITIVE_LENGTH_MEASURE(0.1),#17824);
#19581 = DRAUGHTING_PRE_DEFINED_CURVE_FONT('continuous');
#19582 = STYLED_ITEM('color',(#19583),#5896);
#19583 = PRESENTATION_STYLE_ASSIGNMENT((#19584,#19589));
#19584 = SURFACE_STYLE_USAGE(.BOTH.,#19585);
#19585 = SURFACE_SIDE_STYLE('',(#19586));
#19586 = SURFACE_STYLE_FILL_AREA(#19587);
#19587 = FILL_AREA_STYLE('',(#19588));
#19588 = FILL_AREA_STYLE_COLOUR('',#17751);
#19589 = CURVE_STYLE('',#19590,POSITIVE_LENGTH_MEASURE(0.1),#17751);
#19590 = DRAUGHTING_PRE_DEFINED_CURVE_FONT('continuous');
#19591 = OVER_RIDING_STYLED_ITEM('overriding color',(#19592),#5901,
  #19582);
#19592 = PRESENTATION_STYLE_ASSIGNMENT((#19593,#19598));
#19593 = SURFACE_STYLE_USAGE(.BOTH.,#19594);
#19594 = SURFACE_SIDE_STYLE('',(#19595));
#19595 = SURFACE_STYLE_FILL_AREA(#19596);
#19596 = FILL_AREA_STYLE('',(#19597));
#19597 = FILL_AREA_STYLE_COLOUR('',#17824);
#19598 = CURVE_STYLE('',#19599,POSITIVE_LENGTH_MEASURE(0.1),#17824);
#19599 = DRAUGHTING_PRE_DEFINED_CURVE_FONT('continuous');
#19600 = STYLED_ITEM('color',(#19601),#5913);
#19601 = PRESENTATION_STYLE_ASSIGNMENT((#19602,#19607));
#19602 = SURFACE_STYLE_USAGE(.BOTH.,#19603);
#19603 = SURFACE_SIDE_STYLE('',(#19604));
#19604 = SURFACE_STYLE_FILL_AREA(#19605);
#19605 = FILL_AREA_STYLE('',(#19606));
#19606 = FILL_AREA_STYLE_COLOUR('',#17824);
#19607 = CURVE_STYLE('',#19608,POSITIVE_LENGTH_MEASURE(0.1),#17824);
#19608 = DRAUGHTING_PRE_DEFINED_CURVE_FONT('continuous');
#19609 = STYLED_ITEM('color',(#19610),#5962);
#19610 = PRESENTATION_STYLE_ASSIGNMENT((#19611,#19616));
#19611 = SURFACE_STYLE_USAGE(.BOTH.,#19612);
#19612 = SURFACE_SIDE_STYLE('',(#19613));
#19613 = SURFACE_STYLE_FILL_AREA(#19614);
#19614 = FILL_AREA_STYLE('',(#19615));
#19615 = FILL_AREA_STYLE_COLOUR('',#17824);
#19616 = CURVE_STYLE('',#19617,POSITIVE_LENGTH_MEASURE(0.1),#17824);
#19617 = DRAUGHTING_PRE_DEFINED_CURVE_FONT('continuous');
#19618 = STYLED_ITEM('color',(#19619),#5986);
#19619 = PRESENTATION_STYLE_ASSIGNMENT((#19620,#19625));
#19620 = SURFACE_STYLE_USAGE(.BOTH.,#19621);
#19621 = SURFACE_SIDE_STYLE('',(#19622));
#19622 = SURFACE_STYLE_FILL_AREA(#19623);
#19623 = FILL_AREA_STYLE('',(#19624));
#19624 = FILL_AREA_STYLE_COLOUR('',#17824);
#19625 = CURVE_STYLE('',#19626,POSITIVE_LENGTH_MEASURE(0.1),#17824);
#19626 = DRAUGHTING_PRE_DEFINED_CURVE_FONT('continuous');
#19627 = STYLED_ITEM('color',(#19628),#6028);
#19628 = PRESENTATION_STYLE_ASSIGNMENT((#19629,#19634));
#19629 = SURFACE_STYLE_USAGE(.BOTH.,#19630);
#19630 = SURFACE_SIDE_STYLE('',(#19631));
#19631 = SURFACE_STYLE_FILL_AREA(#19632);
#19632 = FILL_AREA_STYLE('',(#19633));
#19633 = FILL_AREA_STYLE_COLOUR('',#17824);
#19634 = CURVE_STYLE('',#19635,POSITIVE_LENGTH_MEASURE(0.1),#17824);
#19635 = DRAUGHTING_PRE_DEFINED_CURVE_FONT('continuous');
#19636 = STYLED_ITEM('color',(#19637),#6045);
#19637 = PRESENTATION_STYLE_ASSIGNMENT((#19638,#19643));
#19638 = SURFACE_STYLE_USAGE(.BOTH.,#19639);
#19639 = SURFACE_SIDE_STYLE('',(#19640));
#19640 = SURFACE_STYLE_FILL_AREA(#19641);
#19641 = FILL_AREA_STYLE('',(#19642));
#19642 = FILL_AREA_STYLE_COLOUR('',#17751);
#19643 = CURVE_STYLE('',#19644,POSITIVE_LENGTH_MEASURE(0.1),#17751);
#19644 = DRAUGHTING_PRE_DEFINED_CURVE_FONT('continuous');
#19645 = OVER_RIDING_STYLED_ITEM('overriding color',(#19646),#6052,
  #19636);
#19646 = PRESENTATION_STYLE_ASSIGNMENT((#19647,#19652));
#19647 = SURFACE_STYLE_USAGE(.BOTH.,#19648);
#19648 = SURFACE_SIDE_STYLE('',(#19649));
#19649 = SURFACE_STYLE_FILL_AREA(#19650);
#19650 = FILL_AREA_STYLE('',(#19651));
#19651 = FILL_AREA_STYLE_COLOUR('',#17824);
#19652 = CURVE_STYLE('',#19653,POSITIVE_LENGTH_MEASURE(0.1),#17824);
#19653 = DRAUGHTING_PRE_DEFINED_CURVE_FONT('continuous');
#19654 = STYLED_ITEM('color',(#19655),#6062);
#19655 = PRESENTATION_STYLE_ASSIGNMENT((#19656,#19661));
#19656 = SURFACE_STYLE_USAGE(.BOTH.,#19657);
#19657 = SURFACE_SIDE_STYLE('',(#19658));
#19658 = SURFACE_STYLE_FILL_AREA(#19659);
#19659 = FILL_AREA_STYLE('',(#19660));
#19660 = FILL_AREA_STYLE_COLOUR('',#17751);
#19661 = CURVE_STYLE('',#19662,POSITIVE_LENGTH_MEASURE(0.1),#17751);
#19662 = DRAUGHTING_PRE_DEFINED_CURVE_FONT('continuous');
#19663 = OVER_RIDING_STYLED_ITEM('overriding color',(#19664),#6067,
  #19654);
#19664 = PRESENTATION_STYLE_ASSIGNMENT((#19665,#19670));
#19665 = SURFACE_STYLE_USAGE(.BOTH.,#19666);
#19666 = SURFACE_SIDE_STYLE('',(#19667));
#19667 = SURFACE_STYLE_FILL_AREA(#19668);
#19668 = FILL_AREA_STYLE('',(#19669));
#19669 = FILL_AREA_STYLE_COLOUR('',#17824);
#19670 = CURVE_STYLE('',#19671,POSITIVE_LENGTH_MEASURE(0.1),#17824);
#19671 = DRAUGHTING_PRE_DEFINED_CURVE_FONT('continuous');
#19672 = STYLED_ITEM('color',(#19673),#6079);
#19673 = PRESENTATION_STYLE_ASSIGNMENT((#19674,#19679));
#19674 = SURFACE_STYLE_USAGE(.BOTH.,#19675);
#19675 = SURFACE_SIDE_STYLE('',(#19676));
#19676 = SURFACE_STYLE_FILL_AREA(#19677);
#19677 = FILL_AREA_STYLE('',(#19678));
#19678 = FILL_AREA_STYLE_COLOUR('',#17824);
#19679 = CURVE_STYLE('',#19680,POSITIVE_LENGTH_MEASURE(0.1),#17824);
#19680 = DRAUGHTING_PRE_DEFINED_CURVE_FONT('continuous');
#19681 = STYLED_ITEM('color',(#19682),#6128);
#19682 = PRESENTATION_STYLE_ASSIGNMENT((#19683,#19688));
#19683 = SURFACE_STYLE_USAGE(.BOTH.,#19684);
#19684 = SURFACE_SIDE_STYLE('',(#19685));
#19685 = SURFACE_STYLE_FILL_AREA(#19686);
#19686 = FILL_AREA_STYLE('',(#19687));
#19687 = FILL_AREA_STYLE_COLOUR('',#17824);
#19688 = CURVE_STYLE('',#19689,POSITIVE_LENGTH_MEASURE(0.1),#17824);
#19689 = DRAUGHTING_PRE_DEFINED_CURVE_FONT('continuous');
#19690 = STYLED_ITEM('color',(#19691),#6152);
#19691 = PRESENTATION_STYLE_ASSIGNMENT((#19692,#19697));
#19692 = SURFACE_STYLE_USAGE(.BOTH.,#19693);
#19693 = SURFACE_SIDE_STYLE('',(#19694));
#19694 = SURFACE_STYLE_FILL_AREA(#19695);
#19695 = FILL_AREA_STYLE('',(#19696));
#19696 = FILL_AREA_STYLE_COLOUR('',#17824);
#19697 = CURVE_STYLE('',#19698,POSITIVE_LENGTH_MEASURE(0.1),#17824);
#19698 = DRAUGHTING_PRE_DEFINED_CURVE_FONT('continuous');
#19699 = STYLED_ITEM('color',(#19700),#6194);
#19700 = PRESENTATION_STYLE_ASSIGNMENT((#19701,#19706));
#19701 = SURFACE_STYLE_USAGE(.BOTH.,#19702);
#19702 = SURFACE_SIDE_STYLE('',(#19703));
#19703 = SURFACE_STYLE_FILL_AREA(#19704);
#19704 = FILL_AREA_STYLE('',(#19705));
#19705 = FILL_AREA_STYLE_COLOUR('',#17824);
#19706 = CURVE_STYLE('',#19707,POSITIVE_LENGTH_MEASURE(0.1),#17824);
#19707 = DRAUGHTING_PRE_DEFINED_CURVE_FONT('continuous');
#19708 = STYLED_ITEM('color',(#19709),#6211);
#19709 = PRESENTATION_STYLE_ASSIGNMENT((#19710,#19715));
#19710 = SURFACE_STYLE_USAGE(.BOTH.,#19711);
#19711 = SURFACE_SIDE_STYLE('',(#19712));
#19712 = SURFACE_STYLE_FILL_AREA(#19713);
#19713 = FILL_AREA_STYLE('',(#19714));
#19714 = FILL_AREA_STYLE_COLOUR('',#17751);
#19715 = CURVE_STYLE('',#19716,POSITIVE_LENGTH_MEASURE(0.1),#17751);
#19716 = DRAUGHTING_PRE_DEFINED_CURVE_FONT('continuous');
#19717 = OVER_RIDING_STYLED_ITEM('overriding color',(#19718),#6218,
  #19708);
#19718 = PRESENTATION_STYLE_ASSIGNMENT((#19719,#19724));
#19719 = SURFACE_STYLE_USAGE(.BOTH.,#19720);
#19720 = SURFACE_SIDE_STYLE('',(#19721));
#19721 = SURFACE_STYLE_FILL_AREA(#19722);
#19722 = FILL_AREA_STYLE('',(#19723));
#19723 = FILL_AREA_STYLE_COLOUR('',#17824);
#19724 = CURVE_STYLE('',#19725,POSITIVE_LENGTH_MEASURE(0.1),#17824);
#19725 = DRAUGHTING_PRE_DEFINED_CURVE_FONT('continuous');
#19726 = STYLED_ITEM('color',(#19727),#6228);
#19727 = PRESENTATION_STYLE_ASSIGNMENT((#19728,#19733));
#19728 = SURFACE_STYLE_USAGE(.BOTH.,#19729);
#19729 = SURFACE_SIDE_STYLE('',(#19730));
#19730 = SURFACE_STYLE_FILL_AREA(#19731);
#19731 = FILL_AREA_STYLE('',(#19732));
#19732 = FILL_AREA_STYLE_COLOUR('',#17751);
#19733 = CURVE_STYLE('',#19734,POSITIVE_LENGTH_MEASURE(0.1),#17751);
#19734 = DRAUGHTING_PRE_DEFINED_CURVE_FONT('continuous');
#19735 = OVER_RIDING_STYLED_ITEM('overriding color',(#19736),#6233,
  #19726);
#19736 = PRESENTATION_STYLE_ASSIGNMENT((#19737,#19742));
#19737 = SURFACE_STYLE_USAGE(.BOTH.,#19738);
#19738 = SURFACE_SIDE_STYLE('',(#19739));
#19739 = SURFACE_STYLE_FILL_AREA(#19740);
#19740 = FILL_AREA_STYLE('',(#19741));
#19741 = FILL_AREA_STYLE_COLOUR('',#17824);
#19742 = CURVE_STYLE('',#19743,POSITIVE_LENGTH_MEASURE(0.1),#17824);
#19743 = DRAUGHTING_PRE_DEFINED_CURVE_FONT('continuous');
#19744 = STYLED_ITEM('color',(#19745),#6245);
#19745 = PRESENTATION_STYLE_ASSIGNMENT((#19746,#19751));
#19746 = SURFACE_STYLE_USAGE(.BOTH.,#19747);
#19747 = SURFACE_SIDE_STYLE('',(#19748));
#19748 = SURFACE_STYLE_FILL_AREA(#19749);
#19749 = FILL_AREA_STYLE('',(#19750));
#19750 = FILL_AREA_STYLE_COLOUR('',#17824);
#19751 = CURVE_STYLE('',#19752,POSITIVE_LENGTH_MEASURE(0.1),#17824);
#19752 = DRAUGHTING_PRE_DEFINED_CURVE_FONT('continuous');
#19753 = STYLED_ITEM('color',(#19754),#6294);
#19754 = PRESENTATION_STYLE_ASSIGNMENT((#19755,#19760));
#19755 = SURFACE_STYLE_USAGE(.BOTH.,#19756);
#19756 = SURFACE_SIDE_STYLE('',(#19757));
#19757 = SURFACE_STYLE_FILL_AREA(#19758);
#19758 = FILL_AREA_STYLE('',(#19759));
#19759 = FILL_AREA_STYLE_COLOUR('',#17824);
#19760 = CURVE_STYLE('',#19761,POSITIVE_LENGTH_MEASURE(0.1),#17824);
#19761 = DRAUGHTING_PRE_DEFINED_CURVE_FONT('continuous');
#19762 = STYLED_ITEM('color',(#19763),#6318);
#19763 = PRESENTATION_STYLE_ASSIGNMENT((#19764,#19769));
#19764 = SURFACE_STYLE_USAGE(.BOTH.,#19765);
#19765 = SURFACE_SIDE_STYLE('',(#19766));
#19766 = SURFACE_STYLE_FILL_AREA(#19767);
#19767 = FILL_AREA_STYLE('',(#19768));
#19768 = FILL_AREA_STYLE_COLOUR('',#17824);
#19769 = CURVE_STYLE('',#19770,POSITIVE_LENGTH_MEASURE(0.1),#17824);
#19770 = DRAUGHTING_PRE_DEFINED_CURVE_FONT('continuous');
#19771 = STYLED_ITEM('color',(#19772),#6360);
#19772 = PRESENTATION_STYLE_ASSIGNMENT((#19773,#19778));
#19773 = SURFACE_STYLE_USAGE(.BOTH.,#19774);
#19774 = SURFACE_SIDE_STYLE('',(#19775));
#19775 = SURFACE_STYLE_FILL_AREA(#19776);
#19776 = FILL_AREA_STYLE('',(#19777));
#19777 = FILL_AREA_STYLE_COLOUR('',#17824);
#19778 = CURVE_STYLE('',#19779,POSITIVE_LENGTH_MEASURE(0.1),#17824);
#19779 = DRAUGHTING_PRE_DEFINED_CURVE_FONT('continuous');
#19780 = STYLED_ITEM('color',(#19781),#6377);
#19781 = PRESENTATION_STYLE_ASSIGNMENT((#19782,#19787));
#19782 = SURFACE_STYLE_USAGE(.BOTH.,#19783);
#19783 = SURFACE_SIDE_STYLE('',(#19784));
#19784 = SURFACE_STYLE_FILL_AREA(#19785);
#19785 = FILL_AREA_STYLE('',(#19786));
#19786 = FILL_AREA_STYLE_COLOUR('',#17751);
#19787 = CURVE_STYLE('',#19788,POSITIVE_LENGTH_MEASURE(0.1),#17751);
#19788 = DRAUGHTING_PRE_DEFINED_CURVE_FONT('continuous');
#19789 = OVER_RIDING_STYLED_ITEM('overriding color',(#19790),#6384,
  #19780);
#19790 = PRESENTATION_STYLE_ASSIGNMENT((#19791,#19796));
#19791 = SURFACE_STYLE_USAGE(.BOTH.,#19792);
#19792 = SURFACE_SIDE_STYLE('',(#19793));
#19793 = SURFACE_STYLE_FILL_AREA(#19794);
#19794 = FILL_AREA_STYLE('',(#19795));
#19795 = FILL_AREA_STYLE_COLOUR('',#17824);
#19796 = CURVE_STYLE('',#19797,POSITIVE_LENGTH_MEASURE(0.1),#17824);
#19797 = DRAUGHTING_PRE_DEFINED_CURVE_FONT('continuous');
#19798 = STYLED_ITEM('color',(#19799),#6394);
#19799 = PRESENTATION_STYLE_ASSIGNMENT((#19800,#19805));
#19800 = SURFACE_STYLE_USAGE(.BOTH.,#19801);
#19801 = SURFACE_SIDE_STYLE('',(#19802));
#19802 = SURFACE_STYLE_FILL_AREA(#19803);
#19803 = FILL_AREA_STYLE('',(#19804));
#19804 = FILL_AREA_STYLE_COLOUR('',#17751);
#19805 = CURVE_STYLE('',#19806,POSITIVE_LENGTH_MEASURE(0.1),#17751);
#19806 = DRAUGHTING_PRE_DEFINED_CURVE_FONT('continuous');
#19807 = OVER_RIDING_STYLED_ITEM('overriding color',(#19808),#6399,
  #19798);
#19808 = PRESENTATION_STYLE_ASSIGNMENT((#19809,#19814));
#19809 = SURFACE_STYLE_USAGE(.BOTH.,#19810);
#19810 = SURFACE_SIDE_STYLE('',(#19811));
#19811 = SURFACE_STYLE_FILL_AREA(#19812);
#19812 = FILL_AREA_STYLE('',(#19813));
#19813 = FILL_AREA_STYLE_COLOUR('',#17824);
#19814 = CURVE_STYLE('',#19815,POSITIVE_LENGTH_MEASURE(0.1),#17824);
#19815 = DRAUGHTING_PRE_DEFINED_CURVE_FONT('continuous');
#19816 = STYLED_ITEM('color',(#19817),#6411);
#19817 = PRESENTATION_STYLE_ASSIGNMENT((#19818,#19823));
#19818 = SURFACE_STYLE_USAGE(.BOTH.,#19819);
#19819 = SURFACE_SIDE_STYLE('',(#19820));
#19820 = SURFACE_STYLE_FILL_AREA(#19821);
#19821 = FILL_AREA_STYLE('',(#19822));
#19822 = FILL_AREA_STYLE_COLOUR('',#17824);
#19823 = CURVE_STYLE('',#19824,POSITIVE_LENGTH_MEASURE(0.1),#17824);
#19824 = DRAUGHTING_PRE_DEFINED_CURVE_FONT('continuous');
#19825 = STYLED_ITEM('color',(#19826),#6460);
#19826 = PRESENTATION_STYLE_ASSIGNMENT((#19827,#19832));
#19827 = SURFACE_STYLE_USAGE(.BOTH.,#19828);
#19828 = SURFACE_SIDE_STYLE('',(#19829));
#19829 = SURFACE_STYLE_FILL_AREA(#19830);
#19830 = FILL_AREA_STYLE('',(#19831));
#19831 = FILL_AREA_STYLE_COLOUR('',#17824);
#19832 = CURVE_STYLE('',#19833,POSITIVE_LENGTH_MEASURE(0.1),#17824);
#19833 = DRAUGHTING_PRE_DEFINED_CURVE_FONT('continuous');
#19834 = STYLED_ITEM('color',(#19835),#6484);
#19835 = PRESENTATION_STYLE_ASSIGNMENT((#19836,#19841));
#19836 = SURFACE_STYLE_USAGE(.BOTH.,#19837);
#19837 = SURFACE_SIDE_STYLE('',(#19838));
#19838 = SURFACE_STYLE_FILL_AREA(#19839);
#19839 = FILL_AREA_STYLE('',(#19840));
#19840 = FILL_AREA_STYLE_COLOUR('',#17824);
#19841 = CURVE_STYLE('',#19842,POSITIVE_LENGTH_MEASURE(0.1),#17824);
#19842 = DRAUGHTING_PRE_DEFINED_CURVE_FONT('continuous');
#19843 = STYLED_ITEM('color',(#19844),#6526);
#19844 = PRESENTATION_STYLE_ASSIGNMENT((#19845,#19850));
#19845 = SURFACE_STYLE_USAGE(.BOTH.,#19846);
#19846 = SURFACE_SIDE_STYLE('',(#19847));
#19847 = SURFACE_STYLE_FILL_AREA(#19848);
#19848 = FILL_AREA_STYLE('',(#19849));
#19849 = FILL_AREA_STYLE_COLOUR('',#17824);
#19850 = CURVE_STYLE('',#19851,POSITIVE_LENGTH_MEASURE(0.1),#17824);
#19851 = DRAUGHTING_PRE_DEFINED_CURVE_FONT('continuous');
#19852 = STYLED_ITEM('color',(#19853),#6543);
#19853 = PRESENTATION_STYLE_ASSIGNMENT((#19854,#19859));
#19854 = SURFACE_STYLE_USAGE(.BOTH.,#19855);
#19855 = SURFACE_SIDE_STYLE('',(#19856));
#19856 = SURFACE_STYLE_FILL_AREA(#19857);
#19857 = FILL_AREA_STYLE('',(#19858));
#19858 = FILL_AREA_STYLE_COLOUR('',#17751);
#19859 = CURVE_STYLE('',#19860,POSITIVE_LENGTH_MEASURE(0.1),#17751);
#19860 = DRAUGHTING_PRE_DEFINED_CURVE_FONT('continuous');
#19861 = OVER_RIDING_STYLED_ITEM('overriding color',(#19862),#6550,
  #19852);
#19862 = PRESENTATION_STYLE_ASSIGNMENT((#19863,#19868));
#19863 = SURFACE_STYLE_USAGE(.BOTH.,#19864);
#19864 = SURFACE_SIDE_STYLE('',(#19865));
#19865 = SURFACE_STYLE_FILL_AREA(#19866);
#19866 = FILL_AREA_STYLE('',(#19867));
#19867 = FILL_AREA_STYLE_COLOUR('',#17824);
#19868 = CURVE_STYLE('',#19869,POSITIVE_LENGTH_MEASURE(0.1),#17824);
#19869 = DRAUGHTING_PRE_DEFINED_CURVE_FONT('continuous');
#19870 = STYLED_ITEM('color',(#19871),#6560);
#19871 = PRESENTATION_STYLE_ASSIGNMENT((#19872,#19877));
#19872 = SURFACE_STYLE_USAGE(.BOTH.,#19873);
#19873 = SURFACE_SIDE_STYLE('',(#19874));
#19874 = SURFACE_STYLE_FILL_AREA(#19875);
#19875 = FILL_AREA_STYLE('',(#19876));
#19876 = FILL_AREA_STYLE_COLOUR('',#17751);
#19877 = CURVE_STYLE('',#19878,POSITIVE_LENGTH_MEASURE(0.1),#17751);
#19878 = DRAUGHTING_PRE_DEFINED_CURVE_FONT('continuous');
#19879 = OVER_RIDING_STYLED_ITEM('overriding color',(#19880),#6565,
  #19870);
#19880 = PRESENTATION_STYLE_ASSIGNMENT((#19881,#19886));
#19881 = SURFACE_STYLE_USAGE(.BOTH.,#19882);
#19882 = SURFACE_SIDE_STYLE('',(#19883));
#19883 = SURFACE_STYLE_FILL_AREA(#19884);
#19884 = FILL_AREA_STYLE('',(#19885));
#19885 = FILL_AREA_STYLE_COLOUR('',#17824);
#19886 = CURVE_STYLE('',#19887,POSITIVE_LENGTH_MEASURE(0.1),#17824);
#19887 = DRAUGHTING_PRE_DEFINED_CURVE_FONT('continuous');
#19888 = STYLED_ITEM('color',(#19889),#6577);
#19889 = PRESENTATION_STYLE_ASSIGNMENT((#19890,#19895));
#19890 = SURFACE_STYLE_USAGE(.BOTH.,#19891);
#19891 = SURFACE_SIDE_STYLE('',(#19892));
#19892 = SURFACE_STYLE_FILL_AREA(#19893);
#19893 = FILL_AREA_STYLE('',(#19894));
#19894 = FILL_AREA_STYLE_COLOUR('',#17824);
#19895 = CURVE_STYLE('',#19896,POSITIVE_LENGTH_MEASURE(0.1),#17824);
#19896 = DRAUGHTING_PRE_DEFINED_CURVE_FONT('continuous');
#19897 = STYLED_ITEM('color',(#19898),#6626);
#19898 = PRESENTATION_STYLE_ASSIGNMENT((#19899,#19904));
#19899 = SURFACE_STYLE_USAGE(.BOTH.,#19900);
#19900 = SURFACE_SIDE_STYLE('',(#19901));
#19901 = SURFACE_STYLE_FILL_AREA(#19902);
#19902 = FILL_AREA_STYLE('',(#19903));
#19903 = FILL_AREA_STYLE_COLOUR('',#17824);
#19904 = CURVE_STYLE('',#19905,POSITIVE_LENGTH_MEASURE(0.1),#17824);
#19905 = DRAUGHTING_PRE_DEFINED_CURVE_FONT('continuous');
#19906 = STYLED_ITEM('color',(#19907),#6650);
#19907 = PRESENTATION_STYLE_ASSIGNMENT((#19908,#19913));
#19908 = SURFACE_STYLE_USAGE(.BOTH.,#19909);
#19909 = SURFACE_SIDE_STYLE('',(#19910));
#19910 = SURFACE_STYLE_FILL_AREA(#19911);
#19911 = FILL_AREA_STYLE('',(#19912));
#19912 = FILL_AREA_STYLE_COLOUR('',#17824);
#19913 = CURVE_STYLE('',#19914,POSITIVE_LENGTH_MEASURE(0.1),#17824);
#19914 = DRAUGHTING_PRE_DEFINED_CURVE_FONT('continuous');
#19915 = STYLED_ITEM('color',(#19916),#6692);
#19916 = PRESENTATION_STYLE_ASSIGNMENT((#19917,#19922));
#19917 = SURFACE_STYLE_USAGE(.BOTH.,#19918);
#19918 = SURFACE_SIDE_STYLE('',(#19919));
#19919 = SURFACE_STYLE_FILL_AREA(#19920);
#19920 = FILL_AREA_STYLE('',(#19921));
#19921 = FILL_AREA_STYLE_COLOUR('',#17824);
#19922 = CURVE_STYLE('',#19923,POSITIVE_LENGTH_MEASURE(0.1),#17824);
#19923 = DRAUGHTING_PRE_DEFINED_CURVE_FONT('continuous');
#19924 = STYLED_ITEM('color',(#19925),#6709);
#19925 = PRESENTATION_STYLE_ASSIGNMENT((#19926,#19931));
#19926 = SURFACE_STYLE_USAGE(.BOTH.,#19927);
#19927 = SURFACE_SIDE_STYLE('',(#19928));
#19928 = SURFACE_STYLE_FILL_AREA(#19929);
#19929 = FILL_AREA_STYLE('',(#19930));
#19930 = FILL_AREA_STYLE_COLOUR('',#17751);
#19931 = CURVE_STYLE('',#19932,POSITIVE_LENGTH_MEASURE(0.1),#17751);
#19932 = DRAUGHTING_PRE_DEFINED_CURVE_FONT('continuous');
#19933 = OVER_RIDING_STYLED_ITEM('overriding color',(#19934),#6716,
  #19924);
#19934 = PRESENTATION_STYLE_ASSIGNMENT((#19935,#19940));
#19935 = SURFACE_STYLE_USAGE(.BOTH.,#19936);
#19936 = SURFACE_SIDE_STYLE('',(#19937));
#19937 = SURFACE_STYLE_FILL_AREA(#19938);
#19938 = FILL_AREA_STYLE('',(#19939));
#19939 = FILL_AREA_STYLE_COLOUR('',#17824);
#19940 = CURVE_STYLE('',#19941,POSITIVE_LENGTH_MEASURE(0.1),#17824);
#19941 = DRAUGHTING_PRE_DEFINED_CURVE_FONT('continuous');
#19942 = STYLED_ITEM('color',(#19943),#6726);
#19943 = PRESENTATION_STYLE_ASSIGNMENT((#19944,#19949));
#19944 = SURFACE_STYLE_USAGE(.BOTH.,#19945);
#19945 = SURFACE_SIDE_STYLE('',(#19946));
#19946 = SURFACE_STYLE_FILL_AREA(#19947);
#19947 = FILL_AREA_STYLE('',(#19948));
#19948 = FILL_AREA_STYLE_COLOUR('',#17751);
#19949 = CURVE_STYLE('',#19950,POSITIVE_LENGTH_MEASURE(0.1),#17751);
#19950 = DRAUGHTING_PRE_DEFINED_CURVE_FONT('continuous');
#19951 = OVER_RIDING_STYLED_ITEM('overriding color',(#19952),#6731,
  #19942);
#19952 = PRESENTATION_STYLE_ASSIGNMENT((#19953,#19958));
#19953 = SURFACE_STYLE_USAGE(.BOTH.,#19954);
#19954 = SURFACE_SIDE_STYLE('',(#19955));
#19955 = SURFACE_STYLE_FILL_AREA(#19956);
#19956 = FILL_AREA_STYLE('',(#19957));
#19957 = FILL_AREA_STYLE_COLOUR('',#17824);
#19958 = CURVE_STYLE('',#19959,POSITIVE_LENGTH_MEASURE(0.1),#17824);
#19959 = DRAUGHTING_PRE_DEFINED_CURVE_FONT('continuous');
#19960 = STYLED_ITEM('color',(#19961),#6743);
#19961 = PRESENTATION_STYLE_ASSIGNMENT((#19962,#19967));
#19962 = SURFACE_STYLE_USAGE(.BOTH.,#19963);
#19963 = SURFACE_SIDE_STYLE('',(#19964));
#19964 = SURFACE_STYLE_FILL_AREA(#19965);
#19965 = FILL_AREA_STYLE('',(#19966));
#19966 = FILL_AREA_STYLE_COLOUR('',#17824);
#19967 = CURVE_STYLE('',#19968,POSITIVE_LENGTH_MEASURE(0.1),#17824);
#19968 = DRAUGHTING_PRE_DEFINED_CURVE_FONT('continuous');
#19969 = STYLED_ITEM('color',(#19970),#6792);
#19970 = PRESENTATION_STYLE_ASSIGNMENT((#19971,#19976));
#19971 = SURFACE_STYLE_USAGE(.BOTH.,#19972);
#19972 = SURFACE_SIDE_STYLE('',(#19973));
#19973 = SURFACE_STYLE_FILL_AREA(#19974);
#19974 = FILL_AREA_STYLE('',(#19975));
#19975 = FILL_AREA_STYLE_COLOUR('',#17824);
#19976 = CURVE_STYLE('',#19977,POSITIVE_LENGTH_MEASURE(0.1),#17824);
#19977 = DRAUGHTING_PRE_DEFINED_CURVE_FONT('continuous');
#19978 = STYLED_ITEM('color',(#19979),#6816);
#19979 = PRESENTATION_STYLE_ASSIGNMENT((#19980,#19985));
#19980 = SURFACE_STYLE_USAGE(.BOTH.,#19981);
#19981 = SURFACE_SIDE_STYLE('',(#19982));
#19982 = SURFACE_STYLE_FILL_AREA(#19983);
#19983 = FILL_AREA_STYLE('',(#19984));
#19984 = FILL_AREA_STYLE_COLOUR('',#17824);
#19985 = CURVE_STYLE('',#19986,POSITIVE_LENGTH_MEASURE(0.1),#17824);
#19986 = DRAUGHTING_PRE_DEFINED_CURVE_FONT('continuous');
#19987 = STYLED_ITEM('color',(#19988),#6858);
#19988 = PRESENTATION_STYLE_ASSIGNMENT((#19989,#19994));
#19989 = SURFACE_STYLE_USAGE(.BOTH.,#19990);
#19990 = SURFACE_SIDE_STYLE('',(#19991));
#19991 = SURFACE_STYLE_FILL_AREA(#19992);
#19992 = FILL_AREA_STYLE('',(#19993));
#19993 = FILL_AREA_STYLE_COLOUR('',#17824);
#19994 = CURVE_STYLE('',#19995,POSITIVE_LENGTH_MEASURE(0.1),#17824);
#19995 = DRAUGHTING_PRE_DEFINED_CURVE_FONT('continuous');
#19996 = STYLED_ITEM('color',(#19997),#6875);
#19997 = PRESENTATION_STYLE_ASSIGNMENT((#19998,#20003));
#19998 = SURFACE_STYLE_USAGE(.BOTH.,#19999);
#19999 = SURFACE_SIDE_STYLE('',(#20000));
#20000 = SURFACE_STYLE_FILL_AREA(#20001);
#20001 = FILL_AREA_STYLE('',(#20002));
#20002 = FILL_AREA_STYLE_COLOUR('',#17751);
#20003 = CURVE_STYLE('',#20004,POSITIVE_LENGTH_MEASURE(0.1),#17751);
#20004 = DRAUGHTING_PRE_DEFINED_CURVE_FONT('continuous');
#20005 = OVER_RIDING_STYLED_ITEM('overriding color',(#20006),#6882,
  #19996);
#20006 = PRESENTATION_STYLE_ASSIGNMENT((#20007,#20012));
#20007 = SURFACE_STYLE_USAGE(.BOTH.,#20008);
#20008 = SURFACE_SIDE_STYLE('',(#20009));
#20009 = SURFACE_STYLE_FILL_AREA(#20010);
#20010 = FILL_AREA_STYLE('',(#20011));
#20011 = FILL_AREA_STYLE_COLOUR('',#17824);
#20012 = CURVE_STYLE('',#20013,POSITIVE_LENGTH_MEASURE(0.1),#17824);
#20013 = DRAUGHTING_PRE_DEFINED_CURVE_FONT('continuous');
#20014 = STYLED_ITEM('color',(#20015),#6892);
#20015 = PRESENTATION_STYLE_ASSIGNMENT((#20016,#20021));
#20016 = SURFACE_STYLE_USAGE(.BOTH.,#20017);
#20017 = SURFACE_SIDE_STYLE('',(#20018));
#20018 = SURFACE_STYLE_FILL_AREA(#20019);
#20019 = FILL_AREA_STYLE('',(#20020));
#20020 = FILL_AREA_STYLE_COLOUR('',#17751);
#20021 = CURVE_STYLE('',#20022,POSITIVE_LENGTH_MEASURE(0.1),#17751);
#20022 = DRAUGHTING_PRE_DEFINED_CURVE_FONT('continuous');
#20023 = OVER_RIDING_STYLED_ITEM('overriding color',(#20024),#6897,
  #20014);
#20024 = PRESENTATION_STYLE_ASSIGNMENT((#20025,#20030));
#20025 = SURFACE_STYLE_USAGE(.BOTH.,#20026);
#20026 = SURFACE_SIDE_STYLE('',(#20027));
#20027 = SURFACE_STYLE_FILL_AREA(#20028);
#20028 = FILL_AREA_STYLE('',(#20029));
#20029 = FILL_AREA_STYLE_COLOUR('',#17824);
#20030 = CURVE_STYLE('',#20031,POSITIVE_LENGTH_MEASURE(0.1),#17824);
#20031 = DRAUGHTING_PRE_DEFINED_CURVE_FONT('continuous');
#20032 = STYLED_ITEM('color',(#20033),#6909);
#20033 = PRESENTATION_STYLE_ASSIGNMENT((#20034,#20039));
#20034 = SURFACE_STYLE_USAGE(.BOTH.,#20035);
#20035 = SURFACE_SIDE_STYLE('',(#20036));
#20036 = SURFACE_STYLE_FILL_AREA(#20037);
#20037 = FILL_AREA_STYLE('',(#20038));
#20038 = FILL_AREA_STYLE_COLOUR('',#17824);
#20039 = CURVE_STYLE('',#20040,POSITIVE_LENGTH_MEASURE(0.1),#17824);
#20040 = DRAUGHTING_PRE_DEFINED_CURVE_FONT('continuous');
#20041 = STYLED_ITEM('color',(#20042),#6958);
#20042 = PRESENTATION_STYLE_ASSIGNMENT((#20043,#20048));
#20043 = SURFACE_STYLE_USAGE(.BOTH.,#20044);
#20044 = SURFACE_SIDE_STYLE('',(#20045));
#20045 = SURFACE_STYLE_FILL_AREA(#20046);
#20046 = FILL_AREA_STYLE('',(#20047));
#20047 = FILL_AREA_STYLE_COLOUR('',#17824);
#20048 = CURVE_STYLE('',#20049,POSITIVE_LENGTH_MEASURE(0.1),#17824);
#20049 = DRAUGHTING_PRE_DEFINED_CURVE_FONT('continuous');
#20050 = STYLED_ITEM('color',(#20051),#6982);
#20051 = PRESENTATION_STYLE_ASSIGNMENT((#20052,#20057));
#20052 = SURFACE_STYLE_USAGE(.BOTH.,#20053);
#20053 = SURFACE_SIDE_STYLE('',(#20054));
#20054 = SURFACE_STYLE_FILL_AREA(#20055);
#20055 = FILL_AREA_STYLE('',(#20056));
#20056 = FILL_AREA_STYLE_COLOUR('',#17824);
#20057 = CURVE_STYLE('',#20058,POSITIVE_LENGTH_MEASURE(0.1),#17824);
#20058 = DRAUGHTING_PRE_DEFINED_CURVE_FONT('continuous');
#20059 = STYLED_ITEM('color',(#20060),#7024);
#20060 = PRESENTATION_STYLE_ASSIGNMENT((#20061,#20066));
#20061 = SURFACE_STYLE_USAGE(.BOTH.,#20062);
#20062 = SURFACE_SIDE_STYLE('',(#20063));
#20063 = SURFACE_STYLE_FILL_AREA(#20064);
#20064 = FILL_AREA_STYLE('',(#20065));
#20065 = FILL_AREA_STYLE_COLOUR('',#17824);
#20066 = CURVE_STYLE('',#20067,POSITIVE_LENGTH_MEASURE(0.1),#17824);
#20067 = DRAUGHTING_PRE_DEFINED_CURVE_FONT('continuous');
#20068 = STYLED_ITEM('color',(#20069),#7041);
#20069 = PRESENTATION_STYLE_ASSIGNMENT((#20070,#20075));
#20070 = SURFACE_STYLE_USAGE(.BOTH.,#20071);
#20071 = SURFACE_SIDE_STYLE('',(#20072));
#20072 = SURFACE_STYLE_FILL_AREA(#20073);
#20073 = FILL_AREA_STYLE('',(#20074));
#20074 = FILL_AREA_STYLE_COLOUR('',#17824);
#20075 = CURVE_STYLE('',#20076,POSITIVE_LENGTH_MEASURE(0.1),#17824);
#20076 = DRAUGHTING_PRE_DEFINED_CURVE_FONT('continuous');
#20077 = STYLED_ITEM('color',(#20078),#7058);
#20078 = PRESENTATION_STYLE_ASSIGNMENT((#20079,#20084));
#20079 = SURFACE_STYLE_USAGE(.BOTH.,#20080);
#20080 = SURFACE_SIDE_STYLE('',(#20081));
#20081 = SURFACE_STYLE_FILL_AREA(#20082);
#20082 = FILL_AREA_STYLE('',(#20083));
#20083 = FILL_AREA_STYLE_COLOUR('',#17824);
#20084 = CURVE_STYLE('',#20085,POSITIVE_LENGTH_MEASURE(0.1),#17824);
#20085 = DRAUGHTING_PRE_DEFINED_CURVE_FONT('continuous');
#20086 = STYLED_ITEM('color',(#20087),#7075);
#20087 = PRESENTATION_STYLE_ASSIGNMENT((#20088,#20093));
#20088 = SURFACE_STYLE_USAGE(.BOTH.,#20089);
#20089 = SURFACE_SIDE_STYLE('',(#20090));
#20090 = SURFACE_STYLE_FILL_AREA(#20091);
#20091 = FILL_AREA_STYLE('',(#20092));
#20092 = FILL_AREA_STYLE_COLOUR('',#17824);
#20093 = CURVE_STYLE('',#20094,POSITIVE_LENGTH_MEASURE(0.1),#17824);
#20094 = DRAUGHTING_PRE_DEFINED_CURVE_FONT('continuous');
#20095 = STYLED_ITEM('color',(#20096),#7087);
#20096 = PRESENTATION_STYLE_ASSIGNMENT((#20097,#20102));
#20097 = SURFACE_STYLE_USAGE(.BOTH.,#20098);
#20098 = SURFACE_SIDE_STYLE('',(#20099));
#20099 = SURFACE_STYLE_FILL_AREA(#20100);
#20100 = FILL_AREA_STYLE('',(#20101));
#20101 = FILL_AREA_STYLE_COLOUR('',#17824);
#20102 = CURVE_STYLE('',#20103,POSITIVE_LENGTH_MEASURE(0.1),#17824);
#20103 = DRAUGHTING_PRE_DEFINED_CURVE_FONT('continuous');
#20104 = STYLED_ITEM('color',(#20105),#7104);
#20105 = PRESENTATION_STYLE_ASSIGNMENT((#20106,#20111));
#20106 = SURFACE_STYLE_USAGE(.BOTH.,#20107);
#20107 = SURFACE_SIDE_STYLE('',(#20108));
#20108 = SURFACE_STYLE_FILL_AREA(#20109);
#20109 = FILL_AREA_STYLE('',(#20110));
#20110 = FILL_AREA_STYLE_COLOUR('',#17824);
#20111 = CURVE_STYLE('',#20112,POSITIVE_LENGTH_MEASURE(0.1),#17824);
#20112 = DRAUGHTING_PRE_DEFINED_CURVE_FONT('continuous');
#20113 = STYLED_ITEM('color',(#20114),#7121);
#20114 = PRESENTATION_STYLE_ASSIGNMENT((#20115,#20120));
#20115 = SURFACE_STYLE_USAGE(.BOTH.,#20116);
#20116 = SURFACE_SIDE_STYLE('',(#20117));
#20117 = SURFACE_STYLE_FILL_AREA(#20118);
#20118 = FILL_AREA_STYLE('',(#20119));
#20119 = FILL_AREA_STYLE_COLOUR('',#17824);
#20120 = CURVE_STYLE('',#20121,POSITIVE_LENGTH_MEASURE(0.1),#17824);
#20121 = DRAUGHTING_PRE_DEFINED_CURVE_FONT('continuous');
#20122 = STYLED_ITEM('color',(#20123),#7133);
#20123 = PRESENTATION_STYLE_ASSIGNMENT((#20124,#20129));
#20124 = SURFACE_STYLE_USAGE(.BOTH.,#20125);
#20125 = SURFACE_SIDE_STYLE('',(#20126));
#20126 = SURFACE_STYLE_FILL_AREA(#20127);
#20127 = FILL_AREA_STYLE('',(#20128));
#20128 = FILL_AREA_STYLE_COLOUR('',#17824);
#20129 = CURVE_STYLE('',#20130,POSITIVE_LENGTH_MEASURE(0.1),#17824);
#20130 = DRAUGHTING_PRE_DEFINED_CURVE_FONT('continuous');
#20131 = STYLED_ITEM('color',(#20132),#7150);
#20132 = PRESENTATION_STYLE_ASSIGNMENT((#20133,#20138));
#20133 = SURFACE_STYLE_USAGE(.BOTH.,#20134);
#20134 = SURFACE_SIDE_STYLE('',(#20135));
#20135 = SURFACE_STYLE_FILL_AREA(#20136);
#20136 = FILL_AREA_STYLE('',(#20137));
#20137 = FILL_AREA_STYLE_COLOUR('',#17824);
#20138 = CURVE_STYLE('',#20139,POSITIVE_LENGTH_MEASURE(0.1),#17824);
#20139 = DRAUGHTING_PRE_DEFINED_CURVE_FONT('continuous');
#20140 = STYLED_ITEM('color',(#20141),#7167);
#20141 = PRESENTATION_STYLE_ASSIGNMENT((#20142,#20147));
#20142 = SURFACE_STYLE_USAGE(.BOTH.,#20143);
#20143 = SURFACE_SIDE_STYLE('',(#20144));
#20144 = SURFACE_STYLE_FILL_AREA(#20145);
#20145 = FILL_AREA_STYLE('',(#20146));
#20146 = FILL_AREA_STYLE_COLOUR('',#17824);
#20147 = CURVE_STYLE('',#20148,POSITIVE_LENGTH_MEASURE(0.1),#17824);
#20148 = DRAUGHTING_PRE_DEFINED_CURVE_FONT('continuous');
#20149 = STYLED_ITEM('color',(#20150),#7179);
#20150 = PRESENTATION_STYLE_ASSIGNMENT((#20151,#20156));
#20151 = SURFACE_STYLE_USAGE(.BOTH.,#20152);
#20152 = SURFACE_SIDE_STYLE('',(#20153));
#20153 = SURFACE_STYLE_FILL_AREA(#20154);
#20154 = FILL_AREA_STYLE('',(#20155));
#20155 = FILL_AREA_STYLE_COLOUR('',#17824);
#20156 = CURVE_STYLE('',#20157,POSITIVE_LENGTH_MEASURE(0.1),#17824);
#20157 = DRAUGHTING_PRE_DEFINED_CURVE_FONT('continuous');
#20158 = STYLED_ITEM('color',(#20159),#7196);
#20159 = PRESENTATION_STYLE_ASSIGNMENT((#20160,#20165));
#20160 = SURFACE_STYLE_USAGE(.BOTH.,#20161);
#20161 = SURFACE_SIDE_STYLE('',(#20162));
#20162 = SURFACE_STYLE_FILL_AREA(#20163);
#20163 = FILL_AREA_STYLE('',(#20164));
#20164 = FILL_AREA_STYLE_COLOUR('',#17824);
#20165 = CURVE_STYLE('',#20166,POSITIVE_LENGTH_MEASURE(0.1),#17824);
#20166 = DRAUGHTING_PRE_DEFINED_CURVE_FONT('continuous');
#20167 = STYLED_ITEM('color',(#20168),#7213);
#20168 = PRESENTATION_STYLE_ASSIGNMENT((#20169,#20174));
#20169 = SURFACE_STYLE_USAGE(.BOTH.,#20170);
#20170 = SURFACE_SIDE_STYLE('',(#20171));
#20171 = SURFACE_STYLE_FILL_AREA(#20172);
#20172 = FILL_AREA_STYLE('',(#20173));
#20173 = FILL_AREA_STYLE_COLOUR('',#17824);
#20174 = CURVE_STYLE('',#20175,POSITIVE_LENGTH_MEASURE(0.1),#17824);
#20175 = DRAUGHTING_PRE_DEFINED_CURVE_FONT('continuous');
#20176 = STYLED_ITEM('color',(#20177),#7225);
#20177 = PRESENTATION_STYLE_ASSIGNMENT((#20178,#20183));
#20178 = SURFACE_STYLE_USAGE(.BOTH.,#20179);
#20179 = SURFACE_SIDE_STYLE('',(#20180));
#20180 = SURFACE_STYLE_FILL_AREA(#20181);
#20181 = FILL_AREA_STYLE('',(#20182));
#20182 = FILL_AREA_STYLE_COLOUR('',#17824);
#20183 = CURVE_STYLE('',#20184,POSITIVE_LENGTH_MEASURE(0.1),#17824);
#20184 = DRAUGHTING_PRE_DEFINED_CURVE_FONT('continuous');
#20185 = STYLED_ITEM('color',(#20186),#7242);
#20186 = PRESENTATION_STYLE_ASSIGNMENT((#20187,#20192));
#20187 = SURFACE_STYLE_USAGE(.BOTH.,#20188);
#20188 = SURFACE_SIDE_STYLE('',(#20189));
#20189 = SURFACE_STYLE_FILL_AREA(#20190);
#20190 = FILL_AREA_STYLE('',(#20191));
#20191 = FILL_AREA_STYLE_COLOUR('',#17824);
#20192 = CURVE_STYLE('',#20193,POSITIVE_LENGTH_MEASURE(0.1),#17824);
#20193 = DRAUGHTING_PRE_DEFINED_CURVE_FONT('continuous');
#20194 = STYLED_ITEM('color',(#20195),#7259);
#20195 = PRESENTATION_STYLE_ASSIGNMENT((#20196,#20201));
#20196 = SURFACE_STYLE_USAGE(.BOTH.,#20197);
#20197 = SURFACE_SIDE_STYLE('',(#20198));
#20198 = SURFACE_STYLE_FILL_AREA(#20199);
#20199 = FILL_AREA_STYLE('',(#20200));
#20200 = FILL_AREA_STYLE_COLOUR('',#17824);
#20201 = CURVE_STYLE('',#20202,POSITIVE_LENGTH_MEASURE(0.1),#17824);
#20202 = DRAUGHTING_PRE_DEFINED_CURVE_FONT('continuous');
#20203 = STYLED_ITEM('color',(#20204),#7271);
#20204 = PRESENTATION_STYLE_ASSIGNMENT((#20205,#20210));
#20205 = SURFACE_STYLE_USAGE(.BOTH.,#20206);
#20206 = SURFACE_SIDE_STYLE('',(#20207));
#20207 = SURFACE_STYLE_FILL_AREA(#20208);
#20208 = FILL_AREA_STYLE('',(#20209));
#20209 = FILL_AREA_STYLE_COLOUR('',#17824);
#20210 = CURVE_STYLE('',#20211,POSITIVE_LENGTH_MEASURE(0.1),#17824);
#20211 = DRAUGHTING_PRE_DEFINED_CURVE_FONT('continuous');
#20212 = STYLED_ITEM('color',(#20213),#7288);
#20213 = PRESENTATION_STYLE_ASSIGNMENT((#20214,#20219));
#20214 = SURFACE_STYLE_USAGE(.BOTH.,#20215);
#20215 = SURFACE_SIDE_STYLE('',(#20216));
#20216 = SURFACE_STYLE_FILL_AREA(#20217);
#20217 = FILL_AREA_STYLE('',(#20218));
#20218 = FILL_AREA_STYLE_COLOUR('',#17824);
#20219 = CURVE_STYLE('',#20220,POSITIVE_LENGTH_MEASURE(0.1),#17824);
#20220 = DRAUGHTING_PRE_DEFINED_CURVE_FONT('continuous');
#20221 = STYLED_ITEM('color',(#20222),#7305);
#20222 = PRESENTATION_STYLE_ASSIGNMENT((#20223,#20228));
#20223 = SURFACE_STYLE_USAGE(.BOTH.,#20224);
#20224 = SURFACE_SIDE_STYLE('',(#20225));
#20225 = SURFACE_STYLE_FILL_AREA(#20226);
#20226 = FILL_AREA_STYLE('',(#20227));
#20227 = FILL_AREA_STYLE_COLOUR('',#17824);
#20228 = CURVE_STYLE('',#20229,POSITIVE_LENGTH_MEASURE(0.1),#17824);
#20229 = DRAUGHTING_PRE_DEFINED_CURVE_FONT('continuous');
#20230 = STYLED_ITEM('color',(#20231),#7317);
#20231 = PRESENTATION_STYLE_ASSIGNMENT((#20232,#20237));
#20232 = SURFACE_STYLE_USAGE(.BOTH.,#20233);
#20233 = SURFACE_SIDE_STYLE('',(#20234));
#20234 = SURFACE_STYLE_FILL_AREA(#20235);
#20235 = FILL_AREA_STYLE('',(#20236));
#20236 = FILL_AREA_STYLE_COLOUR('',#17824);
#20237 = CURVE_STYLE('',#20238,POSITIVE_LENGTH_MEASURE(0.1),#17824);
#20238 = DRAUGHTING_PRE_DEFINED_CURVE_FONT('continuous');
#20239 = STYLED_ITEM('color',(#20240),#7334);
#20240 = PRESENTATION_STYLE_ASSIGNMENT((#20241,#20246));
#20241 = SURFACE_STYLE_USAGE(.BOTH.,#20242);
#20242 = SURFACE_SIDE_STYLE('',(#20243));
#20243 = SURFACE_STYLE_FILL_AREA(#20244);
#20244 = FILL_AREA_STYLE('',(#20245));
#20245 = FILL_AREA_STYLE_COLOUR('',#17824);
#20246 = CURVE_STYLE('',#20247,POSITIVE_LENGTH_MEASURE(0.1),#17824);
#20247 = DRAUGHTING_PRE_DEFINED_CURVE_FONT('continuous');
#20248 = STYLED_ITEM('color',(#20249),#7351);
#20249 = PRESENTATION_STYLE_ASSIGNMENT((#20250,#20255));
#20250 = SURFACE_STYLE_USAGE(.BOTH.,#20251);
#20251 = SURFACE_SIDE_STYLE('',(#20252));
#20252 = SURFACE_STYLE_FILL_AREA(#20253);
#20253 = FILL_AREA_STYLE('',(#20254));
#20254 = FILL_AREA_STYLE_COLOUR('',#17824);
#20255 = CURVE_STYLE('',#20256,POSITIVE_LENGTH_MEASURE(0.1),#17824);
#20256 = DRAUGHTING_PRE_DEFINED_CURVE_FONT('continuous');
#20257 = STYLED_ITEM('color',(#20258),#7363);
#20258 = PRESENTATION_STYLE_ASSIGNMENT((#20259,#20264));
#20259 = SURFACE_STYLE_USAGE(.BOTH.,#20260);
#20260 = SURFACE_SIDE_STYLE('',(#20261));
#20261 = SURFACE_STYLE_FILL_AREA(#20262);
#20262 = FILL_AREA_STYLE('',(#20263));
#20263 = FILL_AREA_STYLE_COLOUR('',#17824);
#20264 = CURVE_STYLE('',#20265,POSITIVE_LENGTH_MEASURE(0.1),#17824);
#20265 = DRAUGHTING_PRE_DEFINED_CURVE_FONT('continuous');
#20266 = STYLED_ITEM('color',(#20267),#7380);
#20267 = PRESENTATION_STYLE_ASSIGNMENT((#20268,#20273));
#20268 = SURFACE_STYLE_USAGE(.BOTH.,#20269);
#20269 = SURFACE_SIDE_STYLE('',(#20270));
#20270 = SURFACE_STYLE_FILL_AREA(#20271);
#20271 = FILL_AREA_STYLE('',(#20272));
#20272 = FILL_AREA_STYLE_COLOUR('',#17824);
#20273 = CURVE_STYLE('',#20274,POSITIVE_LENGTH_MEASURE(0.1),#17824);
#20274 = DRAUGHTING_PRE_DEFINED_CURVE_FONT('continuous');
#20275 = STYLED_ITEM('color',(#20276),#7397);
#20276 = PRESENTATION_STYLE_ASSIGNMENT((#20277,#20282));
#20277 = SURFACE_STYLE_USAGE(.BOTH.,#20278);
#20278 = SURFACE_SIDE_STYLE('',(#20279));
#20279 = SURFACE_STYLE_FILL_AREA(#20280);
#20280 = FILL_AREA_STYLE('',(#20281));
#20281 = FILL_AREA_STYLE_COLOUR('',#17824);
#20282 = CURVE_STYLE('',#20283,POSITIVE_LENGTH_MEASURE(0.1),#17824);
#20283 = DRAUGHTING_PRE_DEFINED_CURVE_FONT('continuous');
#20284 = MECHANICAL_DESIGN_GEOMETRIC_PRESENTATION_REPRESENTATION('',(
    #20285,#20292,#20299,#20306,#20313,#20320,#20327,#20334,#20341,
    #20348,#20355,#20362,#20369,#20376,#20383,#20390,#20397,#20404,
    #20411,#20418,#20425,#20432,#20439,#20446,#20453,#20460,#20468,
    #20475,#20482,#20489,#20496,#20503,#20510,#20517,#20524,#20531,
    #20538,#20545,#20552),#11174);
#20285 = STYLED_ITEM('color',(#20286),#9900);
#20286 = PRESENTATION_STYLE_ASSIGNMENT((#20287));
#20287 = SURFACE_STYLE_USAGE(.BOTH.,#20288);
#20288 = SURFACE_SIDE_STYLE('',(#20289));
#20289 = SURFACE_STYLE_FILL_AREA(#20290);
#20290 = FILL_AREA_STYLE('',(#20291));
#20291 = FILL_AREA_STYLE_COLOUR('',#17094);
#20292 = STYLED_ITEM('color',(#20293),#9957);
#20293 = PRESENTATION_STYLE_ASSIGNMENT((#20294));
#20294 = SURFACE_STYLE_USAGE(.BOTH.,#20295);
#20295 = SURFACE_SIDE_STYLE('',(#20296));
#20296 = SURFACE_STYLE_FILL_AREA(#20297);
#20297 = FILL_AREA_STYLE('',(#20298));
#20298 = FILL_AREA_STYLE_COLOUR('',#17094);
#20299 = STYLED_ITEM('color',(#20300),#10040);
#20300 = PRESENTATION_STYLE_ASSIGNMENT((#20301));
#20301 = SURFACE_STYLE_USAGE(.BOTH.,#20302);
#20302 = SURFACE_SIDE_STYLE('',(#20303));
#20303 = SURFACE_STYLE_FILL_AREA(#20304);
#20304 = FILL_AREA_STYLE('',(#20305));
#20305 = FILL_AREA_STYLE_COLOUR('',#17094);
#20306 = STYLED_ITEM('color',(#20307),#10069);
#20307 = PRESENTATION_STYLE_ASSIGNMENT((#20308));
#20308 = SURFACE_STYLE_USAGE(.BOTH.,#20309);
#20309 = SURFACE_SIDE_STYLE('',(#20310));
#20310 = SURFACE_STYLE_FILL_AREA(#20311);
#20311 = FILL_AREA_STYLE('',(#20312));
#20312 = FILL_AREA_STYLE_COLOUR('',#17094);
#20313 = STYLED_ITEM('color',(#20314),#10141);
#20314 = PRESENTATION_STYLE_ASSIGNMENT((#20315));
#20315 = SURFACE_STYLE_USAGE(.BOTH.,#20316);
#20316 = SURFACE_SIDE_STYLE('',(#20317));
#20317 = SURFACE_STYLE_FILL_AREA(#20318);
#20318 = FILL_AREA_STYLE('',(#20319));
#20319 = FILL_AREA_STYLE_COLOUR('',#17094);
#20320 = STYLED_ITEM('color',(#20321),#10166);
#20321 = PRESENTATION_STYLE_ASSIGNMENT((#20322));
#20322 = SURFACE_STYLE_USAGE(.BOTH.,#20323);
#20323 = SURFACE_SIDE_STYLE('',(#20324));
#20324 = SURFACE_STYLE_FILL_AREA(#20325);
#20325 = FILL_AREA_STYLE('',(#20326));
#20326 = FILL_AREA_STYLE_COLOUR('',#17094);
#20327 = STYLED_ITEM('color',(#20328),#10241);
#20328 = PRESENTATION_STYLE_ASSIGNMENT((#20329));
#20329 = SURFACE_STYLE_USAGE(.BOTH.,#20330);
#20330 = SURFACE_SIDE_STYLE('',(#20331));
#20331 = SURFACE_STYLE_FILL_AREA(#20332);
#20332 = FILL_AREA_STYLE('',(#20333));
#20333 = FILL_AREA_STYLE_COLOUR('',#17094);
#20334 = STYLED_ITEM('color',(#20335),#10258);
#20335 = PRESENTATION_STYLE_ASSIGNMENT((#20336));
#20336 = SURFACE_STYLE_USAGE(.BOTH.,#20337);
#20337 = SURFACE_SIDE_STYLE('',(#20338));
#20338 = SURFACE_STYLE_FILL_AREA(#20339);
#20339 = FILL_AREA_STYLE('',(#20340));
#20340 = FILL_AREA_STYLE_COLOUR('',#17152);
#20341 = STYLED_ITEM('color',(#20342),#10344);
#20342 = PRESENTATION_STYLE_ASSIGNMENT((#20343));
#20343 = SURFACE_STYLE_USAGE(.BOTH.,#20344);
#20344 = SURFACE_SIDE_STYLE('',(#20345));
#20345 = SURFACE_STYLE_FILL_AREA(#20346);
#20346 = FILL_AREA_STYLE('',(#20347));
#20347 = FILL_AREA_STYLE_COLOUR('',#17152);
#20348 = STYLED_ITEM('color',(#20349),#10368);
#20349 = PRESENTATION_STYLE_ASSIGNMENT((#20350));
#20350 = SURFACE_STYLE_USAGE(.BOTH.,#20351);
#20351 = SURFACE_SIDE_STYLE('',(#20352));
#20352 = SURFACE_STYLE_FILL_AREA(#20353);
#20353 = FILL_AREA_STYLE('',(#20354));
#20354 = FILL_AREA_STYLE_COLOUR('',#17152);
#20355 = STYLED_ITEM('color',(#20356),#10476);
#20356 = PRESENTATION_STYLE_ASSIGNMENT((#20357));
#20357 = SURFACE_STYLE_USAGE(.BOTH.,#20358);
#20358 = SURFACE_SIDE_STYLE('',(#20359));
#20359 = SURFACE_STYLE_FILL_AREA(#20360);
#20360 = FILL_AREA_STYLE('',(#20361));
#20361 = FILL_AREA_STYLE_COLOUR('',#17094);
#20362 = STYLED_ITEM('color',(#20363),#10493);
#20363 = PRESENTATION_STYLE_ASSIGNMENT((#20364));
#20364 = SURFACE_STYLE_USAGE(.BOTH.,#20365);
#20365 = SURFACE_SIDE_STYLE('',(#20366));
#20366 = SURFACE_STYLE_FILL_AREA(#20367);
#20367 = FILL_AREA_STYLE('',(#20368));
#20368 = FILL_AREA_STYLE_COLOUR('',#17094);
#20369 = STYLED_ITEM('color',(#20370),#10510);
#20370 = PRESENTATION_STYLE_ASSIGNMENT((#20371));
#20371 = SURFACE_STYLE_USAGE(.BOTH.,#20372);
#20372 = SURFACE_SIDE_STYLE('',(#20373));
#20373 = SURFACE_STYLE_FILL_AREA(#20374);
#20374 = FILL_AREA_STYLE('',(#20375));
#20375 = FILL_AREA_STYLE_COLOUR('',#17094);
#20376 = STYLED_ITEM('color',(#20377),#10534);
#20377 = PRESENTATION_STYLE_ASSIGNMENT((#20378));
#20378 = SURFACE_STYLE_USAGE(.BOTH.,#20379);
#20379 = SURFACE_SIDE_STYLE('',(#20380));
#20380 = SURFACE_STYLE_FILL_AREA(#20381);
#20381 = FILL_AREA_STYLE('',(#20382));
#20382 = FILL_AREA_STYLE_COLOUR('',#17094);
#20383 = STYLED_ITEM('color',(#20384),#10546);
#20384 = PRESENTATION_STYLE_ASSIGNMENT((#20385));
#20385 = SURFACE_STYLE_USAGE(.BOTH.,#20386);
#20386 = SURFACE_SIDE_STYLE('',(#20387));
#20387 = SURFACE_STYLE_FILL_AREA(#20388);
#20388 = FILL_AREA_STYLE('',(#20389));
#20389 = FILL_AREA_STYLE_COLOUR('',#17094);
#20390 = STYLED_ITEM('color',(#20391),#10563);
#20391 = PRESENTATION_STYLE_ASSIGNMENT((#20392));
#20392 = SURFACE_STYLE_USAGE(.BOTH.,#20393);
#20393 = SURFACE_SIDE_STYLE('',(#20394));
#20394 = SURFACE_STYLE_FILL_AREA(#20395);
#20395 = FILL_AREA_STYLE('',(#20396));
#20396 = FILL_AREA_STYLE_COLOUR('',#17094);
#20397 = STYLED_ITEM('color',(#20398),#10575);
#20398 = PRESENTATION_STYLE_ASSIGNMENT((#20399));
#20399 = SURFACE_STYLE_USAGE(.BOTH.,#20400);
#20400 = SURFACE_SIDE_STYLE('',(#20401));
#20401 = SURFACE_STYLE_FILL_AREA(#20402);
#20402 = FILL_AREA_STYLE('',(#20403));
#20403 = FILL_AREA_STYLE_COLOUR('',#17152);
#20404 = STYLED_ITEM('color',(#20405),#10592);
#20405 = PRESENTATION_STYLE_ASSIGNMENT((#20406));
#20406 = SURFACE_STYLE_USAGE(.BOTH.,#20407);
#20407 = SURFACE_SIDE_STYLE('',(#20408));
#20408 = SURFACE_STYLE_FILL_AREA(#20409);
#20409 = FILL_AREA_STYLE('',(#20410));
#20410 = FILL_AREA_STYLE_COLOUR('',#17152);
#20411 = STYLED_ITEM('color',(#20412),#10609);
#20412 = PRESENTATION_STYLE_ASSIGNMENT((#20413));
#20413 = SURFACE_STYLE_USAGE(.BOTH.,#20414);
#20414 = SURFACE_SIDE_STYLE('',(#20415));
#20415 = SURFACE_STYLE_FILL_AREA(#20416);
#20416 = FILL_AREA_STYLE('',(#20417));
#20417 = FILL_AREA_STYLE_COLOUR('',#17152);
#20418 = STYLED_ITEM('color',(#20419),#10626);
#20419 = PRESENTATION_STYLE_ASSIGNMENT((#20420));
#20420 = SURFACE_STYLE_USAGE(.BOTH.,#20421);
#20421 = SURFACE_SIDE_STYLE('',(#20422));
#20422 = SURFACE_STYLE_FILL_AREA(#20423);
#20423 = FILL_AREA_STYLE('',(#20424));
#20424 = FILL_AREA_STYLE_COLOUR('',#17094);
#20425 = STYLED_ITEM('color',(#20426),#10695);
#20426 = PRESENTATION_STYLE_ASSIGNMENT((#20427));
#20427 = SURFACE_STYLE_USAGE(.BOTH.,#20428);
#20428 = SURFACE_SIDE_STYLE('',(#20429));
#20429 = SURFACE_STYLE_FILL_AREA(#20430);
#20430 = FILL_AREA_STYLE('',(#20431));
#20431 = FILL_AREA_STYLE_COLOUR('',#17094);
#20432 = STYLED_ITEM('color',(#20433),#10720);
#20433 = PRESENTATION_STYLE_ASSIGNMENT((#20434));
#20434 = SURFACE_STYLE_USAGE(.BOTH.,#20435);
#20435 = SURFACE_SIDE_STYLE('',(#20436));
#20436 = SURFACE_STYLE_FILL_AREA(#20437);
#20437 = FILL_AREA_STYLE('',(#20438));
#20438 = FILL_AREA_STYLE_COLOUR('',#17152);
#20439 = STYLED_ITEM('color',(#20440),#10737);
#20440 = PRESENTATION_STYLE_ASSIGNMENT((#20441));
#20441 = SURFACE_STYLE_USAGE(.BOTH.,#20442);
#20442 = SURFACE_SIDE_STYLE('',(#20443));
#20443 = SURFACE_STYLE_FILL_AREA(#20444);
#20444 = FILL_AREA_STYLE('',(#20445));
#20445 = FILL_AREA_STYLE_COLOUR('',#17094);
#20446 = STYLED_ITEM('color',(#20447),#10803);
#20447 = PRESENTATION_STYLE_ASSIGNMENT((#20448));
#20448 = SURFACE_STYLE_USAGE(.BOTH.,#20449);
#20449 = SURFACE_SIDE_STYLE('',(#20450));
#20450 = SURFACE_STYLE_FILL_AREA(#20451);
#20451 = FILL_AREA_STYLE('',(#20452));
#20452 = FILL_AREA_STYLE_COLOUR('',#17152);
#20453 = STYLED_ITEM('color',(#20454),#10815);
#20454 = PRESENTATION_STYLE_ASSIGNMENT((#20455));
#20455 = SURFACE_STYLE_USAGE(.BOTH.,#20456);
#20456 = SURFACE_SIDE_STYLE('',(#20457));
#20457 = SURFACE_STYLE_FILL_AREA(#20458);
#20458 = FILL_AREA_STYLE('',(#20459));
#20459 = FILL_AREA_STYLE_COLOUR('',#17094);
#20460 = STYLED_ITEM('color',(#20461),#10832);
#20461 = PRESENTATION_STYLE_ASSIGNMENT((#20462));
#20462 = SURFACE_STYLE_USAGE(.BOTH.,#20463);
#20463 = SURFACE_SIDE_STYLE('',(#20464));
#20464 = SURFACE_STYLE_FILL_AREA(#20465);
#20465 = FILL_AREA_STYLE('',(#20466));
#20466 = FILL_AREA_STYLE_COLOUR('',#20467);
#20467 = COLOUR_RGB('',0.690999977303,0.663999984767,0.597999987832);
#20468 = STYLED_ITEM('color',(#20469),#10863);
#20469 = PRESENTATION_STYLE_ASSIGNMENT((#20470));
#20470 = SURFACE_STYLE_USAGE(.BOTH.,#20471);
#20471 = SURFACE_SIDE_STYLE('',(#20472));
#20472 = SURFACE_STYLE_FILL_AREA(#20473);
#20473 = FILL_AREA_STYLE('',(#20474));
#20474 = FILL_AREA_STYLE_COLOUR('',#20467);
#20475 = STYLED_ITEM('color',(#20476),#10887);
#20476 = PRESENTATION_STYLE_ASSIGNMENT((#20477));
#20477 = SURFACE_STYLE_USAGE(.BOTH.,#20478);
#20478 = SURFACE_SIDE_STYLE('',(#20479));
#20479 = SURFACE_STYLE_FILL_AREA(#20480);
#20480 = FILL_AREA_STYLE('',(#20481));
#20481 = FILL_AREA_STYLE_COLOUR('',#20467);
#20482 = STYLED_ITEM('color',(#20483),#10911);
#20483 = PRESENTATION_STYLE_ASSIGNMENT((#20484));
#20484 = SURFACE_STYLE_USAGE(.BOTH.,#20485);
#20485 = SURFACE_SIDE_STYLE('',(#20486));
#20486 = SURFACE_STYLE_FILL_AREA(#20487);
#20487 = FILL_AREA_STYLE('',(#20488));
#20488 = FILL_AREA_STYLE_COLOUR('',#20467);
#20489 = STYLED_ITEM('color',(#20490),#10928);
#20490 = PRESENTATION_STYLE_ASSIGNMENT((#20491));
#20491 = SURFACE_STYLE_USAGE(.BOTH.,#20492);
#20492 = SURFACE_SIDE_STYLE('',(#20493));
#20493 = SURFACE_STYLE_FILL_AREA(#20494);
#20494 = FILL_AREA_STYLE('',(#20495));
#20495 = FILL_AREA_STYLE_COLOUR('',#17094);
#20496 = STYLED_ITEM('color',(#20497),#10962);
#20497 = PRESENTATION_STYLE_ASSIGNMENT((#20498));
#20498 = SURFACE_STYLE_USAGE(.BOTH.,#20499);
#20499 = SURFACE_SIDE_STYLE('',(#20500));
#20500 = SURFACE_STYLE_FILL_AREA(#20501);
#20501 = FILL_AREA_STYLE('',(#20502));
#20502 = FILL_AREA_STYLE_COLOUR('',#17094);
#20503 = STYLED_ITEM('color',(#20504),#10991);
#20504 = PRESENTATION_STYLE_ASSIGNMENT((#20505));
#20505 = SURFACE_STYLE_USAGE(.BOTH.,#20506);
#20506 = SURFACE_SIDE_STYLE('',(#20507));
#20507 = SURFACE_STYLE_FILL_AREA(#20508);
#20508 = FILL_AREA_STYLE('',(#20509));
#20509 = FILL_AREA_STYLE_COLOUR('',#17094);
#20510 = STYLED_ITEM('color',(#20511),#11015);
#20511 = PRESENTATION_STYLE_ASSIGNMENT((#20512));
#20512 = SURFACE_STYLE_USAGE(.BOTH.,#20513);
#20513 = SURFACE_SIDE_STYLE('',(#20514));
#20514 = SURFACE_STYLE_FILL_AREA(#20515);
#20515 = FILL_AREA_STYLE('',(#20516));
#20516 = FILL_AREA_STYLE_COLOUR('',#17094);
#20517 = STYLED_ITEM('color',(#20518),#11044);
#20518 = PRESENTATION_STYLE_ASSIGNMENT((#20519));
#20519 = SURFACE_STYLE_USAGE(.BOTH.,#20520);
#20520 = SURFACE_SIDE_STYLE('',(#20521));
#20521 = SURFACE_STYLE_FILL_AREA(#20522);
#20522 = FILL_AREA_STYLE('',(#20523));
#20523 = FILL_AREA_STYLE_COLOUR('',#17094);
#20524 = STYLED_ITEM('color',(#20525),#11071);
#20525 = PRESENTATION_STYLE_ASSIGNMENT((#20526));
#20526 = SURFACE_STYLE_USAGE(.BOTH.,#20527);
#20527 = SURFACE_SIDE_STYLE('',(#20528));
#20528 = SURFACE_STYLE_FILL_AREA(#20529);
#20529 = FILL_AREA_STYLE('',(#20530));
#20530 = FILL_AREA_STYLE_COLOUR('',#17094);
#20531 = STYLED_ITEM('color',(#20532),#11100);
#20532 = PRESENTATION_STYLE_ASSIGNMENT((#20533));
#20533 = SURFACE_STYLE_USAGE(.BOTH.,#20534);
#20534 = SURFACE_SIDE_STYLE('',(#20535));
#20535 = SURFACE_STYLE_FILL_AREA(#20536);
#20536 = FILL_AREA_STYLE('',(#20537));
#20537 = FILL_AREA_STYLE_COLOUR('',#17094);
#20538 = STYLED_ITEM('color',(#20539),#11124);
#20539 = PRESENTATION_STYLE_ASSIGNMENT((#20540));
#20540 = SURFACE_STYLE_USAGE(.BOTH.,#20541);
#20541 = SURFACE_SIDE_STYLE('',(#20542));
#20542 = SURFACE_STYLE_FILL_AREA(#20543);
#20543 = FILL_AREA_STYLE('',(#20544));
#20544 = FILL_AREA_STYLE_COLOUR('',#17094);
#20545 = STYLED_ITEM('color',(#20546),#11146);
#20546 = PRESENTATION_STYLE_ASSIGNMENT((#20547));
#20547 = SURFACE_STYLE_USAGE(.BOTH.,#20548);
#20548 = SURFACE_SIDE_STYLE('',(#20549));
#20549 = SURFACE_STYLE_FILL_AREA(#20550);
#20550 = FILL_AREA_STYLE('',(#20551));
#20551 = FILL_AREA_STYLE_COLOUR('',#20467);
#20552 = STYLED_ITEM('color',(#20553),#11158);
#20553 = PRESENTATION_STYLE_ASSIGNMENT((#20554));
#20554 = SURFACE_STYLE_USAGE(.BOTH.,#20555);
#20555 = SURFACE_SIDE_STYLE('',(#20556));
#20556 = SURFACE_STYLE_FILL_AREA(#20557);
#20557 = FILL_AREA_STYLE('',(#20558));
#20558 = FILL_AREA_STYLE_COLOUR('',#17094);
#20559 = MECHANICAL_DESIGN_GEOMETRIC_PRESENTATION_REPRESENTATION('',(
    #20560,#20567,#20574,#20581,#20588,#20595,#20602,#20609,#20617,
    #20624,#20631,#20638,#20645,#20652,#20660,#20667,#20674,#20681,
    #20688,#20695,#20702,#20709,#20716,#20723,#20730,#20737),#895);
#20560 = STYLED_ITEM('color',(#20561),#107);
#20561 = PRESENTATION_STYLE_ASSIGNMENT((#20562));
#20562 = SURFACE_STYLE_USAGE(.BOTH.,#20563);
#20563 = SURFACE_SIDE_STYLE('',(#20564));
#20564 = SURFACE_STYLE_FILL_AREA(#20565);
#20565 = FILL_AREA_STYLE('',(#20566));
#20566 = FILL_AREA_STYLE_COLOUR('',#17094);
#20567 = STYLED_ITEM('color',(#20568),#147);
#20568 = PRESENTATION_STYLE_ASSIGNMENT((#20569));
#20569 = SURFACE_STYLE_USAGE(.BOTH.,#20570);
#20570 = SURFACE_SIDE_STYLE('',(#20571));
#20571 = SURFACE_STYLE_FILL_AREA(#20572);
#20572 = FILL_AREA_STYLE('',(#20573));
#20573 = FILL_AREA_STYLE_COLOUR('',#17094);
#20574 = STYLED_ITEM('color',(#20575),#230);
#20575 = PRESENTATION_STYLE_ASSIGNMENT((#20576));
#20576 = SURFACE_STYLE_USAGE(.BOTH.,#20577);
#20577 = SURFACE_SIDE_STYLE('',(#20578));
#20578 = SURFACE_STYLE_FILL_AREA(#20579);
#20579 = FILL_AREA_STYLE('',(#20580));
#20580 = FILL_AREA_STYLE_COLOUR('',#17094);
#20581 = STYLED_ITEM('color',(#20582),#255);
#20582 = PRESENTATION_STYLE_ASSIGNMENT((#20583));
#20583 = SURFACE_STYLE_USAGE(.BOTH.,#20584);
#20584 = SURFACE_SIDE_STYLE('',(#20585));
#20585 = SURFACE_STYLE_FILL_AREA(#20586);
#20586 = FILL_AREA_STYLE('',(#20587));
#20587 = FILL_AREA_STYLE_COLOUR('',#17094);
#20588 = STYLED_ITEM('color',(#20589),#280);
#20589 = PRESENTATION_STYLE_ASSIGNMENT((#20590));
#20590 = SURFACE_STYLE_USAGE(.BOTH.,#20591);
#20591 = SURFACE_SIDE_STYLE('',(#20592));
#20592 = SURFACE_STYLE_FILL_AREA(#20593);
#20593 = FILL_AREA_STYLE('',(#20594));
#20594 = FILL_AREA_STYLE_COLOUR('',#17094);
#20595 = STYLED_ITEM('color',(#20596),#347);
#20596 = PRESENTATION_STYLE_ASSIGNMENT((#20597));
#20597 = SURFACE_STYLE_USAGE(.BOTH.,#20598);
#20598 = SURFACE_SIDE_STYLE('',(#20599));
#20599 = SURFACE_STYLE_FILL_AREA(#20600);
#20600 = FILL_AREA_STYLE('',(#20601));
#20601 = FILL_AREA_STYLE_COLOUR('',#17094);
#20602 = STYLED_ITEM('color',(#20603),#364);
#20603 = PRESENTATION_STYLE_ASSIGNMENT((#20604));
#20604 = SURFACE_STYLE_USAGE(.BOTH.,#20605);
#20605 = SURFACE_SIDE_STYLE('',(#20606));
#20606 = SURFACE_STYLE_FILL_AREA(#20607);
#20607 = FILL_AREA_STYLE('',(#20608));
#20608 = FILL_AREA_STYLE_COLOUR('',#17094);
#20609 = STYLED_ITEM('color',(#20610),#381);
#20610 = PRESENTATION_STYLE_ASSIGNMENT((#20611));
#20611 = SURFACE_STYLE_USAGE(.BOTH.,#20612);
#20612 = SURFACE_SIDE_STYLE('',(#20613));
#20613 = SURFACE_STYLE_FILL_AREA(#20614);
#20614 = FILL_AREA_STYLE('',(#20615));
#20615 = FILL_AREA_STYLE_COLOUR('',#20616);
#20616 = COLOUR_RGB('',0.894999966383,0.890999961016,0.813000030345);
#20617 = STYLED_ITEM('color',(#20618),#430);
#20618 = PRESENTATION_STYLE_ASSIGNMENT((#20619));
#20619 = SURFACE_STYLE_USAGE(.BOTH.,#20620);
#20620 = SURFACE_SIDE_STYLE('',(#20621));
#20621 = SURFACE_STYLE_FILL_AREA(#20622);
#20622 = FILL_AREA_STYLE('',(#20623));
#20623 = FILL_AREA_STYLE_COLOUR('',#17094);
#20624 = STYLED_ITEM('color',(#20625),#447);
#20625 = PRESENTATION_STYLE_ASSIGNMENT((#20626));
#20626 = SURFACE_STYLE_USAGE(.BOTH.,#20627);
#20627 = SURFACE_SIDE_STYLE('',(#20628));
#20628 = SURFACE_STYLE_FILL_AREA(#20629);
#20629 = FILL_AREA_STYLE('',(#20630));
#20630 = FILL_AREA_STYLE_COLOUR('',#17094);
#20631 = STYLED_ITEM('color',(#20632),#464);
#20632 = PRESENTATION_STYLE_ASSIGNMENT((#20633));
#20633 = SURFACE_STYLE_USAGE(.BOTH.,#20634);
#20634 = SURFACE_SIDE_STYLE('',(#20635));
#20635 = SURFACE_STYLE_FILL_AREA(#20636);
#20636 = FILL_AREA_STYLE('',(#20637));
#20637 = FILL_AREA_STYLE_COLOUR('',#20616);
#20638 = STYLED_ITEM('color',(#20639),#513);
#20639 = PRESENTATION_STYLE_ASSIGNMENT((#20640));
#20640 = SURFACE_STYLE_USAGE(.BOTH.,#20641);
#20641 = SURFACE_SIDE_STYLE('',(#20642));
#20642 = SURFACE_STYLE_FILL_AREA(#20643);
#20643 = FILL_AREA_STYLE('',(#20644));
#20644 = FILL_AREA_STYLE_COLOUR('',#20616);
#20645 = STYLED_ITEM('color',(#20646),#530);
#20646 = PRESENTATION_STYLE_ASSIGNMENT((#20647));
#20647 = SURFACE_STYLE_USAGE(.BOTH.,#20648);
#20648 = SURFACE_SIDE_STYLE('',(#20649));
#20649 = SURFACE_STYLE_FILL_AREA(#20650);
#20650 = FILL_AREA_STYLE('',(#20651));
#20651 = FILL_AREA_STYLE_COLOUR('',#17094);
#20652 = STYLED_ITEM('color',(#20653),#599);
#20653 = PRESENTATION_STYLE_ASSIGNMENT((#20654));
#20654 = SURFACE_STYLE_USAGE(.BOTH.,#20655);
#20655 = SURFACE_SIDE_STYLE('',(#20656));
#20656 = SURFACE_STYLE_FILL_AREA(#20657);
#20657 = FILL_AREA_STYLE('',(#20658));
#20658 = FILL_AREA_STYLE_COLOUR('',#20659);
#20659 = COLOUR_RGB('',8.200000279077E-02,8.600000121357E-02,
  9.399999706163E-02);
#20660 = STYLED_ITEM('color',(#20661),#630);
#20661 = PRESENTATION_STYLE_ASSIGNMENT((#20662));
#20662 = SURFACE_STYLE_USAGE(.BOTH.,#20663);
#20663 = SURFACE_SIDE_STYLE('',(#20664));
#20664 = SURFACE_STYLE_FILL_AREA(#20665);
#20665 = FILL_AREA_STYLE('',(#20666));
#20666 = FILL_AREA_STYLE_COLOUR('',#20659);
#20667 = STYLED_ITEM('color',(#20668),#654);
#20668 = PRESENTATION_STYLE_ASSIGNMENT((#20669));
#20669 = SURFACE_STYLE_USAGE(.BOTH.,#20670);
#20670 = SURFACE_SIDE_STYLE('',(#20671));
#20671 = SURFACE_STYLE_FILL_AREA(#20672);
#20672 = FILL_AREA_STYLE('',(#20673));
#20673 = FILL_AREA_STYLE_COLOUR('',#17094);
#20674 = STYLED_ITEM('color',(#20675),#723);
#20675 = PRESENTATION_STYLE_ASSIGNMENT((#20676));
#20676 = SURFACE_STYLE_USAGE(.BOTH.,#20677);
#20677 = SURFACE_SIDE_STYLE('',(#20678));
#20678 = SURFACE_STYLE_FILL_AREA(#20679);
#20679 = FILL_AREA_STYLE('',(#20680));
#20680 = FILL_AREA_STYLE_COLOUR('',#20659);
#20681 = STYLED_ITEM('color',(#20682),#747);
#20682 = PRESENTATION_STYLE_ASSIGNMENT((#20683));
#20683 = SURFACE_STYLE_USAGE(.BOTH.,#20684);
#20684 = SURFACE_SIDE_STYLE('',(#20685));
#20685 = SURFACE_STYLE_FILL_AREA(#20686);
#20686 = FILL_AREA_STYLE('',(#20687));
#20687 = FILL_AREA_STYLE_COLOUR('',#17094);
#20688 = STYLED_ITEM('color',(#20689),#764);
#20689 = PRESENTATION_STYLE_ASSIGNMENT((#20690));
#20690 = SURFACE_STYLE_USAGE(.BOTH.,#20691);
#20691 = SURFACE_SIDE_STYLE('',(#20692));
#20692 = SURFACE_STYLE_FILL_AREA(#20693);
#20693 = FILL_AREA_STYLE('',(#20694));
#20694 = FILL_AREA_STYLE_COLOUR('',#17094);
#20695 = STYLED_ITEM('color',(#20696),#781);
#20696 = PRESENTATION_STYLE_ASSIGNMENT((#20697));
#20697 = SURFACE_STYLE_USAGE(.BOTH.,#20698);
#20698 = SURFACE_SIDE_STYLE('',(#20699));
#20699 = SURFACE_STYLE_FILL_AREA(#20700);
#20700 = FILL_AREA_STYLE('',(#20701));
#20701 = FILL_AREA_STYLE_COLOUR('',#17094);
#20702 = STYLED_ITEM('color',(#20703),#798);
#20703 = PRESENTATION_STYLE_ASSIGNMENT((#20704));
#20704 = SURFACE_STYLE_USAGE(.BOTH.,#20705);
#20705 = SURFACE_SIDE_STYLE('',(#20706));
#20706 = SURFACE_STYLE_FILL_AREA(#20707);
#20707 = FILL_AREA_STYLE('',(#20708));
#20708 = FILL_AREA_STYLE_COLOUR('',#17094);
#20709 = STYLED_ITEM('color',(#20710),#815);
#20710 = PRESENTATION_STYLE_ASSIGNMENT((#20711));
#20711 = SURFACE_STYLE_USAGE(.BOTH.,#20712);
#20712 = SURFACE_SIDE_STYLE('',(#20713));
#20713 = SURFACE_STYLE_FILL_AREA(#20714);
#20714 = FILL_AREA_STYLE('',(#20715));
#20715 = FILL_AREA_STYLE_COLOUR('',#17094);
#20716 = STYLED_ITEM('color',(#20717),#832);
#20717 = PRESENTATION_STYLE_ASSIGNMENT((#20718));
#20718 = SURFACE_STYLE_USAGE(.BOTH.,#20719);
#20719 = SURFACE_SIDE_STYLE('',(#20720));
#20720 = SURFACE_STYLE_FILL_AREA(#20721);
#20721 = FILL_AREA_STYLE('',(#20722));
#20722 = FILL_AREA_STYLE_COLOUR('',#17094);
#20723 = STYLED_ITEM('color',(#20724),#849);
#20724 = PRESENTATION_STYLE_ASSIGNMENT((#20725));
#20725 = SURFACE_STYLE_USAGE(.BOTH.,#20726);
#20726 = SURFACE_SIDE_STYLE('',(#20727));
#20727 = SURFACE_STYLE_FILL_AREA(#20728);
#20728 = FILL_AREA_STYLE('',(#20729));
#20729 = FILL_AREA_STYLE_COLOUR('',#17094);
#20730 = STYLED_ITEM('color',(#20731),#866);
#20731 = PRESENTATION_STYLE_ASSIGNMENT((#20732));
#20732 = SURFACE_STYLE_USAGE(.BOTH.,#20733);
#20733 = SURFACE_SIDE_STYLE('',(#20734));
#20734 = SURFACE_STYLE_FILL_AREA(#20735);
#20735 = FILL_AREA_STYLE('',(#20736));
#20736 = FILL_AREA_STYLE_COLOUR('',#20659);
#20737 = STYLED_ITEM('color',(#20738),#883);
#20738 = PRESENTATION_STYLE_ASSIGNMENT((#20739));
#20739 = SURFACE_STYLE_USAGE(.BOTH.,#20740);
#20740 = SURFACE_SIDE_STYLE('',(#20741));
#20741 = SURFACE_STYLE_FILL_AREA(#20742);
#20742 = FILL_AREA_STYLE('',(#20743));
#20743 = FILL_AREA_STYLE_COLOUR('',#20659);
#20744 = MECHANICAL_DESIGN_GEOMETRIC_PRESENTATION_REPRESENTATION('',(
    #20745,#20753,#20760,#20767,#20774,#20781,#20788,#20795,#20802,
    #20809,#20816,#20823,#20830,#20837,#20844,#20851,#20858,#20865,
    #20872,#20879,#20886,#20893,#20900,#20907,#20914,#20921,#20928,
    #20935,#20942,#20949,#20956,#20963,#20970,#20977,#20984,#20991,
    #20998,#21005,#21012,#21019,#21026,#21033,#21040,#21047,#21054,
    #21061,#21068,#21075,#21082,#21089,#21096,#21103,#21110,#21117,
    #21124,#21131,#21138,#21145,#21152,#21159,#21166,#21173,#21180,
    #21187,#21194,#21201,#21208,#21215,#21222,#21229,#21236,#21243,
    #21250,#21257,#21264,#21271,#21278,#21285,#21292,#21299,#21306,
    #21313,#21320,#21327,#21334,#21341,#21348,#21355,#21362),#13829);
#20745 = STYLED_ITEM('color',(#20746),#11210);
#20746 = PRESENTATION_STYLE_ASSIGNMENT((#20747));
#20747 = SURFACE_STYLE_USAGE(.BOTH.,#20748);
#20748 = SURFACE_SIDE_STYLE('',(#20749));
#20749 = SURFACE_STYLE_FILL_AREA(#20750);
#20750 = FILL_AREA_STYLE('',(#20751));
#20751 = FILL_AREA_STYLE_COLOUR('',#20752);
#20752 = COLOUR_RGB('',0.340000006699,0.68000001254,0.444999988852);
#20753 = STYLED_ITEM('color',(#20754),#11306);
#20754 = PRESENTATION_STYLE_ASSIGNMENT((#20755));
#20755 = SURFACE_STYLE_USAGE(.BOTH.,#20756);
#20756 = SURFACE_SIDE_STYLE('',(#20757));
#20757 = SURFACE_STYLE_FILL_AREA(#20758);
#20758 = FILL_AREA_STYLE('',(#20759));
#20759 = FILL_AREA_STYLE_COLOUR('',#20752);
#20760 = STYLED_ITEM('color',(#20761),#11337);
#20761 = PRESENTATION_STYLE_ASSIGNMENT((#20762));
#20762 = SURFACE_STYLE_USAGE(.BOTH.,#20763);
#20763 = SURFACE_SIDE_STYLE('',(#20764));
#20764 = SURFACE_STYLE_FILL_AREA(#20765);
#20765 = FILL_AREA_STYLE('',(#20766));
#20766 = FILL_AREA_STYLE_COLOUR('',#20752);
#20767 = STYLED_ITEM('color',(#20768),#11383);
#20768 = PRESENTATION_STYLE_ASSIGNMENT((#20769));
#20769 = SURFACE_STYLE_USAGE(.BOTH.,#20770);
#20770 = SURFACE_SIDE_STYLE('',(#20771));
#20771 = SURFACE_STYLE_FILL_AREA(#20772);
#20772 = FILL_AREA_STYLE('',(#20773));
#20773 = FILL_AREA_STYLE_COLOUR('',#20752);
#20774 = STYLED_ITEM('color',(#20775),#11407);
#20775 = PRESENTATION_STYLE_ASSIGNMENT((#20776));
#20776 = SURFACE_STYLE_USAGE(.BOTH.,#20777);
#20777 = SURFACE_SIDE_STYLE('',(#20778));
#20778 = SURFACE_STYLE_FILL_AREA(#20779);
#20779 = FILL_AREA_STYLE('',(#20780));
#20780 = FILL_AREA_STYLE_COLOUR('',#20752);
#20781 = STYLED_ITEM('color',(#20782),#11431);
#20782 = PRESENTATION_STYLE_ASSIGNMENT((#20783));
#20783 = SURFACE_STYLE_USAGE(.BOTH.,#20784);
#20784 = SURFACE_SIDE_STYLE('',(#20785));
#20785 = SURFACE_STYLE_FILL_AREA(#20786);
#20786 = FILL_AREA_STYLE('',(#20787));
#20787 = FILL_AREA_STYLE_COLOUR('',#20752);
#20788 = STYLED_ITEM('color',(#20789),#11578);
#20789 = PRESENTATION_STYLE_ASSIGNMENT((#20790));
#20790 = SURFACE_STYLE_USAGE(.BOTH.,#20791);
#20791 = SURFACE_SIDE_STYLE('',(#20792));
#20792 = SURFACE_STYLE_FILL_AREA(#20793);
#20793 = FILL_AREA_STYLE('',(#20794));
#20794 = FILL_AREA_STYLE_COLOUR('',#20752);
#20795 = STYLED_ITEM('color',(#20796),#11602);
#20796 = PRESENTATION_STYLE_ASSIGNMENT((#20797));
#20797 = SURFACE_STYLE_USAGE(.BOTH.,#20798);
#20798 = SURFACE_SIDE_STYLE('',(#20799));
#20799 = SURFACE_STYLE_FILL_AREA(#20800);
#20800 = FILL_AREA_STYLE('',(#20801));
#20801 = FILL_AREA_STYLE_COLOUR('',#20752);
#20802 = STYLED_ITEM('color',(#20803),#11626);
#20803 = PRESENTATION_STYLE_ASSIGNMENT((#20804));
#20804 = SURFACE_STYLE_USAGE(.BOTH.,#20805);
#20805 = SURFACE_SIDE_STYLE('',(#20806));
#20806 = SURFACE_STYLE_FILL_AREA(#20807);
#20807 = FILL_AREA_STYLE('',(#20808));
#20808 = FILL_AREA_STYLE_COLOUR('',#20752);
#20809 = STYLED_ITEM('color',(#20810),#11643);
#20810 = PRESENTATION_STYLE_ASSIGNMENT((#20811));
#20811 = SURFACE_STYLE_USAGE(.BOTH.,#20812);
#20812 = SURFACE_SIDE_STYLE('',(#20813));
#20813 = SURFACE_STYLE_FILL_AREA(#20814);
#20814 = FILL_AREA_STYLE('',(#20815));
#20815 = FILL_AREA_STYLE_COLOUR('',#20752);
#20816 = STYLED_ITEM('color',(#20817),#11735);
#20817 = PRESENTATION_STYLE_ASSIGNMENT((#20818));
#20818 = SURFACE_STYLE_USAGE(.BOTH.,#20819);
#20819 = SURFACE_SIDE_STYLE('',(#20820));
#20820 = SURFACE_STYLE_FILL_AREA(#20821);
#20821 = FILL_AREA_STYLE('',(#20822));
#20822 = FILL_AREA_STYLE_COLOUR('',#20752);
#20823 = STYLED_ITEM('color',(#20824),#11752);
#20824 = PRESENTATION_STYLE_ASSIGNMENT((#20825));
#20825 = SURFACE_STYLE_USAGE(.BOTH.,#20826);
#20826 = SURFACE_SIDE_STYLE('',(#20827));
#20827 = SURFACE_STYLE_FILL_AREA(#20828);
#20828 = FILL_AREA_STYLE('',(#20829));
#20829 = FILL_AREA_STYLE_COLOUR('',#20752);
#20830 = STYLED_ITEM('color',(#20831),#11790);
#20831 = PRESENTATION_STYLE_ASSIGNMENT((#20832));
#20832 = SURFACE_STYLE_USAGE(.BOTH.,#20833);
#20833 = SURFACE_SIDE_STYLE('',(#20834));
#20834 = SURFACE_STYLE_FILL_AREA(#20835);
#20835 = FILL_AREA_STYLE('',(#20836));
#20836 = FILL_AREA_STYLE_COLOUR('',#20752);
#20837 = STYLED_ITEM('color',(#20838),#11901);
#20838 = PRESENTATION_STYLE_ASSIGNMENT((#20839));
#20839 = SURFACE_STYLE_USAGE(.BOTH.,#20840);
#20840 = SURFACE_SIDE_STYLE('',(#20841));
#20841 = SURFACE_STYLE_FILL_AREA(#20842);
#20842 = FILL_AREA_STYLE('',(#20843));
#20843 = FILL_AREA_STYLE_COLOUR('',#20752);
#20844 = STYLED_ITEM('color',(#20845),#12012);
#20845 = PRESENTATION_STYLE_ASSIGNMENT((#20846));
#20846 = SURFACE_STYLE_USAGE(.BOTH.,#20847);
#20847 = SURFACE_SIDE_STYLE('',(#20848));
#20848 = SURFACE_STYLE_FILL_AREA(#20849);
#20849 = FILL_AREA_STYLE('',(#20850));
#20850 = FILL_AREA_STYLE_COLOUR('',#20752);
#20851 = STYLED_ITEM('color',(#20852),#12024);
#20852 = PRESENTATION_STYLE_ASSIGNMENT((#20853));
#20853 = SURFACE_STYLE_USAGE(.BOTH.,#20854);
#20854 = SURFACE_SIDE_STYLE('',(#20855));
#20855 = SURFACE_STYLE_FILL_AREA(#20856);
#20856 = FILL_AREA_STYLE('',(#20857));
#20857 = FILL_AREA_STYLE_COLOUR('',#20752);
#20858 = STYLED_ITEM('color',(#20859),#12048);
#20859 = PRESENTATION_STYLE_ASSIGNMENT((#20860));
#20860 = SURFACE_STYLE_USAGE(.BOTH.,#20861);
#20861 = SURFACE_SIDE_STYLE('',(#20862));
#20862 = SURFACE_STYLE_FILL_AREA(#20863);
#20863 = FILL_AREA_STYLE('',(#20864));
#20864 = FILL_AREA_STYLE_COLOUR('',#20752);
#20865 = STYLED_ITEM('color',(#20866),#12072);
#20866 = PRESENTATION_STYLE_ASSIGNMENT((#20867));
#20867 = SURFACE_STYLE_USAGE(.BOTH.,#20868);
#20868 = SURFACE_SIDE_STYLE('',(#20869));
#20869 = SURFACE_STYLE_FILL_AREA(#20870);
#20870 = FILL_AREA_STYLE('',(#20871));
#20871 = FILL_AREA_STYLE_COLOUR('',#20752);
#20872 = STYLED_ITEM('color',(#20873),#12089);
#20873 = PRESENTATION_STYLE_ASSIGNMENT((#20874));
#20874 = SURFACE_STYLE_USAGE(.BOTH.,#20875);
#20875 = SURFACE_SIDE_STYLE('',(#20876));
#20876 = SURFACE_STYLE_FILL_AREA(#20877);
#20877 = FILL_AREA_STYLE('',(#20878));
#20878 = FILL_AREA_STYLE_COLOUR('',#17094);
#20879 = STYLED_ITEM('color',(#20880),#12120);
#20880 = PRESENTATION_STYLE_ASSIGNMENT((#20881));
#20881 = SURFACE_STYLE_USAGE(.BOTH.,#20882);
#20882 = SURFACE_SIDE_STYLE('',(#20883));
#20883 = SURFACE_STYLE_FILL_AREA(#20884);
#20884 = FILL_AREA_STYLE('',(#20885));
#20885 = FILL_AREA_STYLE_COLOUR('',#17094);
#20886 = STYLED_ITEM('color',(#20887),#12144);
#20887 = PRESENTATION_STYLE_ASSIGNMENT((#20888));
#20888 = SURFACE_STYLE_USAGE(.BOTH.,#20889);
#20889 = SURFACE_SIDE_STYLE('',(#20890));
#20890 = SURFACE_STYLE_FILL_AREA(#20891);
#20891 = FILL_AREA_STYLE('',(#20892));
#20892 = FILL_AREA_STYLE_COLOUR('',#17094);
#20893 = STYLED_ITEM('color',(#20894),#12168);
#20894 = PRESENTATION_STYLE_ASSIGNMENT((#20895));
#20895 = SURFACE_STYLE_USAGE(.BOTH.,#20896);
#20896 = SURFACE_SIDE_STYLE('',(#20897));
#20897 = SURFACE_STYLE_FILL_AREA(#20898);
#20898 = FILL_AREA_STYLE('',(#20899));
#20899 = FILL_AREA_STYLE_COLOUR('',#17094);
#20900 = STYLED_ITEM('color',(#20901),#12185);
#20901 = PRESENTATION_STYLE_ASSIGNMENT((#20902));
#20902 = SURFACE_STYLE_USAGE(.BOTH.,#20903);
#20903 = SURFACE_SIDE_STYLE('',(#20904));
#20904 = SURFACE_STYLE_FILL_AREA(#20905);
#20905 = FILL_AREA_STYLE('',(#20906));
#20906 = FILL_AREA_STYLE_COLOUR('',#17094);
#20907 = STYLED_ITEM('color',(#20908),#12216);
#20908 = PRESENTATION_STYLE_ASSIGNMENT((#20909));
#20909 = SURFACE_STYLE_USAGE(.BOTH.,#20910);
#20910 = SURFACE_SIDE_STYLE('',(#20911));
#20911 = SURFACE_STYLE_FILL_AREA(#20912);
#20912 = FILL_AREA_STYLE('',(#20913));
#20913 = FILL_AREA_STYLE_COLOUR('',#17094);
#20914 = STYLED_ITEM('color',(#20915),#12240);
#20915 = PRESENTATION_STYLE_ASSIGNMENT((#20916));
#20916 = SURFACE_STYLE_USAGE(.BOTH.,#20917);
#20917 = SURFACE_SIDE_STYLE('',(#20918));
#20918 = SURFACE_STYLE_FILL_AREA(#20919);
#20919 = FILL_AREA_STYLE('',(#20920));
#20920 = FILL_AREA_STYLE_COLOUR('',#17094);
#20921 = STYLED_ITEM('color',(#20922),#12264);
#20922 = PRESENTATION_STYLE_ASSIGNMENT((#20923));
#20923 = SURFACE_STYLE_USAGE(.BOTH.,#20924);
#20924 = SURFACE_SIDE_STYLE('',(#20925));
#20925 = SURFACE_STYLE_FILL_AREA(#20926);
#20926 = FILL_AREA_STYLE('',(#20927));
#20927 = FILL_AREA_STYLE_COLOUR('',#17094);
#20928 = STYLED_ITEM('color',(#20929),#12281);
#20929 = PRESENTATION_STYLE_ASSIGNMENT((#20930));
#20930 = SURFACE_STYLE_USAGE(.BOTH.,#20931);
#20931 = SURFACE_SIDE_STYLE('',(#20932));
#20932 = SURFACE_STYLE_FILL_AREA(#20933);
#20933 = FILL_AREA_STYLE('',(#20934));
#20934 = FILL_AREA_STYLE_COLOUR('',#20752);
#20935 = STYLED_ITEM('color',(#20936),#12310);
#20936 = PRESENTATION_STYLE_ASSIGNMENT((#20937));
#20937 = SURFACE_STYLE_USAGE(.BOTH.,#20938);
#20938 = SURFACE_SIDE_STYLE('',(#20939));
#20939 = SURFACE_STYLE_FILL_AREA(#20940);
#20940 = FILL_AREA_STYLE('',(#20941));
#20941 = FILL_AREA_STYLE_COLOUR('',#20752);
#20942 = STYLED_ITEM('color',(#20943),#12333);
#20943 = PRESENTATION_STYLE_ASSIGNMENT((#20944));
#20944 = SURFACE_STYLE_USAGE(.BOTH.,#20945);
#20945 = SURFACE_SIDE_STYLE('',(#20946));
#20946 = SURFACE_STYLE_FILL_AREA(#20947);
#20947 = FILL_AREA_STYLE('',(#20948));
#20948 = FILL_AREA_STYLE_COLOUR('',#20752);
#20949 = STYLED_ITEM('color',(#20950),#12356);
#20950 = PRESENTATION_STYLE_ASSIGNMENT((#20951));
#20951 = SURFACE_STYLE_USAGE(.BOTH.,#20952);
#20952 = SURFACE_SIDE_STYLE('',(#20953));
#20953 = SURFACE_STYLE_FILL_AREA(#20954);
#20954 = FILL_AREA_STYLE('',(#20955));
#20955 = FILL_AREA_STYLE_COLOUR('',#20752);
#20956 = STYLED_ITEM('color',(#20957),#12373);
#20957 = PRESENTATION_STYLE_ASSIGNMENT((#20958));
#20958 = SURFACE_STYLE_USAGE(.BOTH.,#20959);
#20959 = SURFACE_SIDE_STYLE('',(#20960));
#20960 = SURFACE_STYLE_FILL_AREA(#20961);
#20961 = FILL_AREA_STYLE('',(#20962));
#20962 = FILL_AREA_STYLE_COLOUR('',#20752);
#20963 = STYLED_ITEM('color',(#20964),#12402);
#20964 = PRESENTATION_STYLE_ASSIGNMENT((#20965));
#20965 = SURFACE_STYLE_USAGE(.BOTH.,#20966);
#20966 = SURFACE_SIDE_STYLE('',(#20967));
#20967 = SURFACE_STYLE_FILL_AREA(#20968);
#20968 = FILL_AREA_STYLE('',(#20969));
#20969 = FILL_AREA_STYLE_COLOUR('',#20752);
#20970 = STYLED_ITEM('color',(#20971),#12425);
#20971 = PRESENTATION_STYLE_ASSIGNMENT((#20972));
#20972 = SURFACE_STYLE_USAGE(.BOTH.,#20973);
#20973 = SURFACE_SIDE_STYLE('',(#20974));
#20974 = SURFACE_STYLE_FILL_AREA(#20975);
#20975 = FILL_AREA_STYLE('',(#20976));
#20976 = FILL_AREA_STYLE_COLOUR('',#20752);
#20977 = STYLED_ITEM('color',(#20978),#12448);
#20978 = PRESENTATION_STYLE_ASSIGNMENT((#20979));
#20979 = SURFACE_STYLE_USAGE(.BOTH.,#20980);
#20980 = SURFACE_SIDE_STYLE('',(#20981));
#20981 = SURFACE_STYLE_FILL_AREA(#20982);
#20982 = FILL_AREA_STYLE('',(#20983));
#20983 = FILL_AREA_STYLE_COLOUR('',#20752);
#20984 = STYLED_ITEM('color',(#20985),#12465);
#20985 = PRESENTATION_STYLE_ASSIGNMENT((#20986));
#20986 = SURFACE_STYLE_USAGE(.BOTH.,#20987);
#20987 = SURFACE_SIDE_STYLE('',(#20988));
#20988 = SURFACE_STYLE_FILL_AREA(#20989);
#20989 = FILL_AREA_STYLE('',(#20990));
#20990 = FILL_AREA_STYLE_COLOUR('',#20752);
#20991 = STYLED_ITEM('color',(#20992),#12477);
#20992 = PRESENTATION_STYLE_ASSIGNMENT((#20993));
#20993 = SURFACE_STYLE_USAGE(.BOTH.,#20994);
#20994 = SURFACE_SIDE_STYLE('',(#20995));
#20995 = SURFACE_STYLE_FILL_AREA(#20996);
#20996 = FILL_AREA_STYLE('',(#20997));
#20997 = FILL_AREA_STYLE_COLOUR('',#20752);
#20998 = STYLED_ITEM('color',(#20999),#12493);
#20999 = PRESENTATION_STYLE_ASSIGNMENT((#21000));
#21000 = SURFACE_STYLE_USAGE(.BOTH.,#21001);
#21001 = SURFACE_SIDE_STYLE('',(#21002));
#21002 = SURFACE_STYLE_FILL_AREA(#21003);
#21003 = FILL_AREA_STYLE('',(#21004));
#21004 = FILL_AREA_STYLE_COLOUR('',#17094);
#21005 = STYLED_ITEM('color',(#21006),#12526);
#21006 = PRESENTATION_STYLE_ASSIGNMENT((#21007));
#21007 = SURFACE_STYLE_USAGE(.BOTH.,#21008);
#21008 = SURFACE_SIDE_STYLE('',(#21009));
#21009 = SURFACE_STYLE_FILL_AREA(#21010);
#21010 = FILL_AREA_STYLE('',(#21011));
#21011 = FILL_AREA_STYLE_COLOUR('',#17094);
#21012 = STYLED_ITEM('color',(#21013),#12551);
#21013 = PRESENTATION_STYLE_ASSIGNMENT((#21014));
#21014 = SURFACE_STYLE_USAGE(.BOTH.,#21015);
#21015 = SURFACE_SIDE_STYLE('',(#21016));
#21016 = SURFACE_STYLE_FILL_AREA(#21017);
#21017 = FILL_AREA_STYLE('',(#21018));
#21018 = FILL_AREA_STYLE_COLOUR('',#20752);
#21019 = STYLED_ITEM('color',(#21020),#12589);
#21020 = PRESENTATION_STYLE_ASSIGNMENT((#21021));
#21021 = SURFACE_STYLE_USAGE(.BOTH.,#21022);
#21022 = SURFACE_SIDE_STYLE('',(#21023));
#21023 = SURFACE_STYLE_FILL_AREA(#21024);
#21024 = FILL_AREA_STYLE('',(#21025));
#21025 = FILL_AREA_STYLE_COLOUR('',#17094);
#21026 = STYLED_ITEM('color',(#21027),#12621);
#21027 = PRESENTATION_STYLE_ASSIGNMENT((#21028));
#21028 = SURFACE_STYLE_USAGE(.BOTH.,#21029);
#21029 = SURFACE_SIDE_STYLE('',(#21030));
#21030 = SURFACE_STYLE_FILL_AREA(#21031);
#21031 = FILL_AREA_STYLE('',(#21032));
#21032 = FILL_AREA_STYLE_COLOUR('',#17094);
#21033 = STYLED_ITEM('color',(#21034),#12652);
#21034 = PRESENTATION_STYLE_ASSIGNMENT((#21035));
#21035 = SURFACE_STYLE_USAGE(.BOTH.,#21036);
#21036 = SURFACE_SIDE_STYLE('',(#21037));
#21037 = SURFACE_STYLE_FILL_AREA(#21038);
#21038 = FILL_AREA_STYLE('',(#21039));
#21039 = FILL_AREA_STYLE_COLOUR('',#20752);
#21040 = STYLED_ITEM('color',(#21041),#12662);
#21041 = PRESENTATION_STYLE_ASSIGNMENT((#21042));
#21042 = SURFACE_STYLE_USAGE(.BOTH.,#21043);
#21043 = SURFACE_SIDE_STYLE('',(#21044));
#21044 = SURFACE_STYLE_FILL_AREA(#21045);
#21045 = FILL_AREA_STYLE('',(#21046));
#21046 = FILL_AREA_STYLE_COLOUR('',#17094);
#21047 = STYLED_ITEM('color',(#21048),#12680);
#21048 = PRESENTATION_STYLE_ASSIGNMENT((#21049));
#21049 = SURFACE_STYLE_USAGE(.BOTH.,#21050);
#21050 = SURFACE_SIDE_STYLE('',(#21051));
#21051 = SURFACE_STYLE_FILL_AREA(#21052);
#21052 = FILL_AREA_STYLE('',(#21053));
#21053 = FILL_AREA_STYLE_COLOUR('',#20752);
#21054 = STYLED_ITEM('color',(#21055),#12696);
#21055 = PRESENTATION_STYLE_ASSIGNMENT((#21056));
#21056 = SURFACE_STYLE_USAGE(.BOTH.,#21057);
#21057 = SURFACE_SIDE_STYLE('',(#21058));
#21058 = SURFACE_STYLE_FILL_AREA(#21059);
#21059 = FILL_AREA_STYLE('',(#21060));
#21060 = FILL_AREA_STYLE_COLOUR('',#17094);
#21061 = STYLED_ITEM('color',(#21062),#12729);
#21062 = PRESENTATION_STYLE_ASSIGNMENT((#21063));
#21063 = SURFACE_STYLE_USAGE(.BOTH.,#21064);
#21064 = SURFACE_SIDE_STYLE('',(#21065));
#21065 = SURFACE_STYLE_FILL_AREA(#21066);
#21066 = FILL_AREA_STYLE('',(#21067));
#21067 = FILL_AREA_STYLE_COLOUR('',#17094);
#21068 = STYLED_ITEM('color',(#21069),#12754);
#21069 = PRESENTATION_STYLE_ASSIGNMENT((#21070));
#21070 = SURFACE_STYLE_USAGE(.BOTH.,#21071);
#21071 = SURFACE_SIDE_STYLE('',(#21072));
#21072 = SURFACE_STYLE_FILL_AREA(#21073);
#21073 = FILL_AREA_STYLE('',(#21074));
#21074 = FILL_AREA_STYLE_COLOUR('',#20752);
#21075 = STYLED_ITEM('color',(#21076),#12792);
#21076 = PRESENTATION_STYLE_ASSIGNMENT((#21077));
#21077 = SURFACE_STYLE_USAGE(.BOTH.,#21078);
#21078 = SURFACE_SIDE_STYLE('',(#21079));
#21079 = SURFACE_STYLE_FILL_AREA(#21080);
#21080 = FILL_AREA_STYLE('',(#21081));
#21081 = FILL_AREA_STYLE_COLOUR('',#17094);
#21082 = STYLED_ITEM('color',(#21083),#12824);
#21083 = PRESENTATION_STYLE_ASSIGNMENT((#21084));
#21084 = SURFACE_STYLE_USAGE(.BOTH.,#21085);
#21085 = SURFACE_SIDE_STYLE('',(#21086));
#21086 = SURFACE_STYLE_FILL_AREA(#21087);
#21087 = FILL_AREA_STYLE('',(#21088));
#21088 = FILL_AREA_STYLE_COLOUR('',#17094);
#21089 = STYLED_ITEM('color',(#21090),#12855);
#21090 = PRESENTATION_STYLE_ASSIGNMENT((#21091));
#21091 = SURFACE_STYLE_USAGE(.BOTH.,#21092);
#21092 = SURFACE_SIDE_STYLE('',(#21093));
#21093 = SURFACE_STYLE_FILL_AREA(#21094);
#21094 = FILL_AREA_STYLE('',(#21095));
#21095 = FILL_AREA_STYLE_COLOUR('',#20752);
#21096 = STYLED_ITEM('color',(#21097),#12865);
#21097 = PRESENTATION_STYLE_ASSIGNMENT((#21098));
#21098 = SURFACE_STYLE_USAGE(.BOTH.,#21099);
#21099 = SURFACE_SIDE_STYLE('',(#21100));
#21100 = SURFACE_STYLE_FILL_AREA(#21101);
#21101 = FILL_AREA_STYLE('',(#21102));
#21102 = FILL_AREA_STYLE_COLOUR('',#17094);
#21103 = STYLED_ITEM('color',(#21104),#12883);
#21104 = PRESENTATION_STYLE_ASSIGNMENT((#21105));
#21105 = SURFACE_STYLE_USAGE(.BOTH.,#21106);
#21106 = SURFACE_SIDE_STYLE('',(#21107));
#21107 = SURFACE_STYLE_FILL_AREA(#21108);
#21108 = FILL_AREA_STYLE('',(#21109));
#21109 = FILL_AREA_STYLE_COLOUR('',#17094);
#21110 = STYLED_ITEM('color',(#21111),#12895);
#21111 = PRESENTATION_STYLE_ASSIGNMENT((#21112));
#21112 = SURFACE_STYLE_USAGE(.BOTH.,#21113);
#21113 = SURFACE_SIDE_STYLE('',(#21114));
#21114 = SURFACE_STYLE_FILL_AREA(#21115);
#21115 = FILL_AREA_STYLE('',(#21116));
#21116 = FILL_AREA_STYLE_COLOUR('',#17094);
#21117 = STYLED_ITEM('color',(#21118),#12907);
#21118 = PRESENTATION_STYLE_ASSIGNMENT((#21119));
#21119 = SURFACE_STYLE_USAGE(.BOTH.,#21120);
#21120 = SURFACE_SIDE_STYLE('',(#21121));
#21121 = SURFACE_STYLE_FILL_AREA(#21122);
#21122 = FILL_AREA_STYLE('',(#21123));
#21123 = FILL_AREA_STYLE_COLOUR('',#20752);
#21124 = STYLED_ITEM('color',(#21125),#12938);
#21125 = PRESENTATION_STYLE_ASSIGNMENT((#21126));
#21126 = SURFACE_STYLE_USAGE(.BOTH.,#21127);
#21127 = SURFACE_SIDE_STYLE('',(#21128));
#21128 = SURFACE_STYLE_FILL_AREA(#21129);
#21129 = FILL_AREA_STYLE('',(#21130));
#21130 = FILL_AREA_STYLE_COLOUR('',#20752);
#21131 = STYLED_ITEM('color',(#21132),#12955);
#21132 = PRESENTATION_STYLE_ASSIGNMENT((#21133));
#21133 = SURFACE_STYLE_USAGE(.BOTH.,#21134);
#21134 = SURFACE_SIDE_STYLE('',(#21135));
#21135 = SURFACE_STYLE_FILL_AREA(#21136);
#21136 = FILL_AREA_STYLE('',(#21137));
#21137 = FILL_AREA_STYLE_COLOUR('',#20752);
#21138 = STYLED_ITEM('color',(#21139),#12972);
#21139 = PRESENTATION_STYLE_ASSIGNMENT((#21140));
#21140 = SURFACE_STYLE_USAGE(.BOTH.,#21141);
#21141 = SURFACE_SIDE_STYLE('',(#21142));
#21142 = SURFACE_STYLE_FILL_AREA(#21143);
#21143 = FILL_AREA_STYLE('',(#21144));
#21144 = FILL_AREA_STYLE_COLOUR('',#20752);
#21145 = STYLED_ITEM('color',(#21146),#13003);
#21146 = PRESENTATION_STYLE_ASSIGNMENT((#21147));
#21147 = SURFACE_STYLE_USAGE(.BOTH.,#21148);
#21148 = SURFACE_SIDE_STYLE('',(#21149));
#21149 = SURFACE_STYLE_FILL_AREA(#21150);
#21150 = FILL_AREA_STYLE('',(#21151));
#21151 = FILL_AREA_STYLE_COLOUR('',#20752);
#21152 = STYLED_ITEM('color',(#21153),#13020);
#21153 = PRESENTATION_STYLE_ASSIGNMENT((#21154));
#21154 = SURFACE_STYLE_USAGE(.BOTH.,#21155);
#21155 = SURFACE_SIDE_STYLE('',(#21156));
#21156 = SURFACE_STYLE_FILL_AREA(#21157);
#21157 = FILL_AREA_STYLE('',(#21158));
#21158 = FILL_AREA_STYLE_COLOUR('',#20752);
#21159 = STYLED_ITEM('color',(#21160),#13037);
#21160 = PRESENTATION_STYLE_ASSIGNMENT((#21161));
#21161 = SURFACE_STYLE_USAGE(.BOTH.,#21162);
#21162 = SURFACE_SIDE_STYLE('',(#21163));
#21163 = SURFACE_STYLE_FILL_AREA(#21164);
#21164 = FILL_AREA_STYLE('',(#21165));
#21165 = FILL_AREA_STYLE_COLOUR('',#17094);
#21166 = STYLED_ITEM('color',(#21167),#13062);
#21167 = PRESENTATION_STYLE_ASSIGNMENT((#21168));
#21168 = SURFACE_STYLE_USAGE(.BOTH.,#21169);
#21169 = SURFACE_SIDE_STYLE('',(#21170));
#21170 = SURFACE_STYLE_FILL_AREA(#21171);
#21171 = FILL_AREA_STYLE('',(#21172));
#21172 = FILL_AREA_STYLE_COLOUR('',#17094);
#21173 = STYLED_ITEM('color',(#21174),#13173);
#21174 = PRESENTATION_STYLE_ASSIGNMENT((#21175));
#21175 = SURFACE_STYLE_USAGE(.BOTH.,#21176);
#21176 = SURFACE_SIDE_STYLE('',(#21177));
#21177 = SURFACE_STYLE_FILL_AREA(#21178);
#21178 = FILL_AREA_STYLE('',(#21179));
#21179 = FILL_AREA_STYLE_COLOUR('',#17094);
#21180 = STYLED_ITEM('color',(#21181),#13228);
#21181 = PRESENTATION_STYLE_ASSIGNMENT((#21182));
#21182 = SURFACE_STYLE_USAGE(.BOTH.,#21183);
#21183 = SURFACE_SIDE_STYLE('',(#21184));
#21184 = SURFACE_STYLE_FILL_AREA(#21185);
#21185 = FILL_AREA_STYLE('',(#21186));
#21186 = FILL_AREA_STYLE_COLOUR('',#17094);
#21187 = STYLED_ITEM('color',(#21188),#13238);
#21188 = PRESENTATION_STYLE_ASSIGNMENT((#21189));
#21189 = SURFACE_STYLE_USAGE(.BOTH.,#21190);
#21190 = SURFACE_SIDE_STYLE('',(#21191));
#21191 = SURFACE_STYLE_FILL_AREA(#21192);
#21192 = FILL_AREA_STYLE('',(#21193));
#21193 = FILL_AREA_STYLE_COLOUR('',#17094);
#21194 = STYLED_ITEM('color',(#21195),#13263);
#21195 = PRESENTATION_STYLE_ASSIGNMENT((#21196));
#21196 = SURFACE_STYLE_USAGE(.BOTH.,#21197);
#21197 = SURFACE_SIDE_STYLE('',(#21198));
#21198 = SURFACE_STYLE_FILL_AREA(#21199);
#21199 = FILL_AREA_STYLE('',(#21200));
#21200 = FILL_AREA_STYLE_COLOUR('',#17094);
#21201 = STYLED_ITEM('color',(#21202),#13374);
#21202 = PRESENTATION_STYLE_ASSIGNMENT((#21203));
#21203 = SURFACE_STYLE_USAGE(.BOTH.,#21204);
#21204 = SURFACE_SIDE_STYLE('',(#21205));
#21205 = SURFACE_STYLE_FILL_AREA(#21206);
#21206 = FILL_AREA_STYLE('',(#21207));
#21207 = FILL_AREA_STYLE_COLOUR('',#17094);
#21208 = STYLED_ITEM('color',(#21209),#13429);
#21209 = PRESENTATION_STYLE_ASSIGNMENT((#21210));
#21210 = SURFACE_STYLE_USAGE(.BOTH.,#21211);
#21211 = SURFACE_SIDE_STYLE('',(#21212));
#21212 = SURFACE_STYLE_FILL_AREA(#21213);
#21213 = FILL_AREA_STYLE('',(#21214));
#21214 = FILL_AREA_STYLE_COLOUR('',#17094);
#21215 = STYLED_ITEM('color',(#21216),#13439);
#21216 = PRESENTATION_STYLE_ASSIGNMENT((#21217));
#21217 = SURFACE_STYLE_USAGE(.BOTH.,#21218);
#21218 = SURFACE_SIDE_STYLE('',(#21219));
#21219 = SURFACE_STYLE_FILL_AREA(#21220);
#21220 = FILL_AREA_STYLE('',(#21221));
#21221 = FILL_AREA_STYLE_COLOUR('',#17094);
#21222 = STYLED_ITEM('color',(#21223),#13455);
#21223 = PRESENTATION_STYLE_ASSIGNMENT((#21224));
#21224 = SURFACE_STYLE_USAGE(.BOTH.,#21225);
#21225 = SURFACE_SIDE_STYLE('',(#21226));
#21226 = SURFACE_STYLE_FILL_AREA(#21227);
#21227 = FILL_AREA_STYLE('',(#21228));
#21228 = FILL_AREA_STYLE_COLOUR('',#17094);
#21229 = STYLED_ITEM('color',(#21230),#13472);
#21230 = PRESENTATION_STYLE_ASSIGNMENT((#21231));
#21231 = SURFACE_STYLE_USAGE(.BOTH.,#21232);
#21232 = SURFACE_SIDE_STYLE('',(#21233));
#21233 = SURFACE_STYLE_FILL_AREA(#21234);
#21234 = FILL_AREA_STYLE('',(#21235));
#21235 = FILL_AREA_STYLE_COLOUR('',#17094);
#21236 = STYLED_ITEM('color',(#21237),#13489);
#21237 = PRESENTATION_STYLE_ASSIGNMENT((#21238));
#21238 = SURFACE_STYLE_USAGE(.BOTH.,#21239);
#21239 = SURFACE_SIDE_STYLE('',(#21240));
#21240 = SURFACE_STYLE_FILL_AREA(#21241);
#21241 = FILL_AREA_STYLE('',(#21242));
#21242 = FILL_AREA_STYLE_COLOUR('',#17094);
#21243 = STYLED_ITEM('color',(#21244),#13506);
#21244 = PRESENTATION_STYLE_ASSIGNMENT((#21245));
#21245 = SURFACE_STYLE_USAGE(.BOTH.,#21246);
#21246 = SURFACE_SIDE_STYLE('',(#21247));
#21247 = SURFACE_STYLE_FILL_AREA(#21248);
#21248 = FILL_AREA_STYLE('',(#21249));
#21249 = FILL_AREA_STYLE_COLOUR('',#17094);
#21250 = STYLED_ITEM('color',(#21251),#13516);
#21251 = PRESENTATION_STYLE_ASSIGNMENT((#21252));
#21252 = SURFACE_STYLE_USAGE(.BOTH.,#21253);
#21253 = SURFACE_SIDE_STYLE('',(#21254));
#21254 = SURFACE_STYLE_FILL_AREA(#21255);
#21255 = FILL_AREA_STYLE('',(#21256));
#21256 = FILL_AREA_STYLE_COLOUR('',#17094);
#21257 = STYLED_ITEM('color',(#21258),#13526);
#21258 = PRESENTATION_STYLE_ASSIGNMENT((#21259));
#21259 = SURFACE_STYLE_USAGE(.BOTH.,#21260);
#21260 = SURFACE_SIDE_STYLE('',(#21261));
#21261 = SURFACE_STYLE_FILL_AREA(#21262);
#21262 = FILL_AREA_STYLE('',(#21263));
#21263 = FILL_AREA_STYLE_COLOUR('',#17094);
#21264 = STYLED_ITEM('color',(#21265),#13557);
#21265 = PRESENTATION_STYLE_ASSIGNMENT((#21266));
#21266 = SURFACE_STYLE_USAGE(.BOTH.,#21267);
#21267 = SURFACE_SIDE_STYLE('',(#21268));
#21268 = SURFACE_STYLE_FILL_AREA(#21269);
#21269 = FILL_AREA_STYLE('',(#21270));
#21270 = FILL_AREA_STYLE_COLOUR('',#17094);
#21271 = STYLED_ITEM('color',(#21272),#13581);
#21272 = PRESENTATION_STYLE_ASSIGNMENT((#21273));
#21273 = SURFACE_STYLE_USAGE(.BOTH.,#21274);
#21274 = SURFACE_SIDE_STYLE('',(#21275));
#21275 = SURFACE_STYLE_FILL_AREA(#21276);
#21276 = FILL_AREA_STYLE('',(#21277));
#21277 = FILL_AREA_STYLE_COLOUR('',#17094);
#21278 = STYLED_ITEM('color',(#21279),#13605);
#21279 = PRESENTATION_STYLE_ASSIGNMENT((#21280));
#21280 = SURFACE_STYLE_USAGE(.BOTH.,#21281);
#21281 = SURFACE_SIDE_STYLE('',(#21282));
#21282 = SURFACE_STYLE_FILL_AREA(#21283);
#21283 = FILL_AREA_STYLE('',(#21284));
#21284 = FILL_AREA_STYLE_COLOUR('',#17094);
#21285 = STYLED_ITEM('color',(#21286),#13622);
#21286 = PRESENTATION_STYLE_ASSIGNMENT((#21287));
#21287 = SURFACE_STYLE_USAGE(.BOTH.,#21288);
#21288 = SURFACE_SIDE_STYLE('',(#21289));
#21289 = SURFACE_STYLE_FILL_AREA(#21290);
#21290 = FILL_AREA_STYLE('',(#21291));
#21291 = FILL_AREA_STYLE_COLOUR('',#17094);
#21292 = STYLED_ITEM('color',(#21293),#13638);
#21293 = PRESENTATION_STYLE_ASSIGNMENT((#21294));
#21294 = SURFACE_STYLE_USAGE(.BOTH.,#21295);
#21295 = SURFACE_SIDE_STYLE('',(#21296));
#21296 = SURFACE_STYLE_FILL_AREA(#21297);
#21297 = FILL_AREA_STYLE('',(#21298));
#21298 = FILL_AREA_STYLE_COLOUR('',#17094);
#21299 = STYLED_ITEM('color',(#21300),#13655);
#21300 = PRESENTATION_STYLE_ASSIGNMENT((#21301));
#21301 = SURFACE_STYLE_USAGE(.BOTH.,#21302);
#21302 = SURFACE_SIDE_STYLE('',(#21303));
#21303 = SURFACE_STYLE_FILL_AREA(#21304);
#21304 = FILL_AREA_STYLE('',(#21305));
#21305 = FILL_AREA_STYLE_COLOUR('',#17094);
#21306 = STYLED_ITEM('color',(#21307),#13672);
#21307 = PRESENTATION_STYLE_ASSIGNMENT((#21308));
#21308 = SURFACE_STYLE_USAGE(.BOTH.,#21309);
#21309 = SURFACE_SIDE_STYLE('',(#21310));
#21310 = SURFACE_STYLE_FILL_AREA(#21311);
#21311 = FILL_AREA_STYLE('',(#21312));
#21312 = FILL_AREA_STYLE_COLOUR('',#17094);
#21313 = STYLED_ITEM('color',(#21314),#13689);
#21314 = PRESENTATION_STYLE_ASSIGNMENT((#21315));
#21315 = SURFACE_STYLE_USAGE(.BOTH.,#21316);
#21316 = SURFACE_SIDE_STYLE('',(#21317));
#21317 = SURFACE_STYLE_FILL_AREA(#21318);
#21318 = FILL_AREA_STYLE('',(#21319));
#21319 = FILL_AREA_STYLE_COLOUR('',#17094);
#21320 = STYLED_ITEM('color',(#21321),#13699);
#21321 = PRESENTATION_STYLE_ASSIGNMENT((#21322));
#21322 = SURFACE_STYLE_USAGE(.BOTH.,#21323);
#21323 = SURFACE_SIDE_STYLE('',(#21324));
#21324 = SURFACE_STYLE_FILL_AREA(#21325);
#21325 = FILL_AREA_STYLE('',(#21326));
#21326 = FILL_AREA_STYLE_COLOUR('',#17094);
#21327 = STYLED_ITEM('color',(#21328),#13709);
#21328 = PRESENTATION_STYLE_ASSIGNMENT((#21329));
#21329 = SURFACE_STYLE_USAGE(.BOTH.,#21330);
#21330 = SURFACE_SIDE_STYLE('',(#21331));
#21331 = SURFACE_STYLE_FILL_AREA(#21332);
#21332 = FILL_AREA_STYLE('',(#21333));
#21333 = FILL_AREA_STYLE_COLOUR('',#17094);
#21334 = STYLED_ITEM('color',(#21335),#13740);
#21335 = PRESENTATION_STYLE_ASSIGNMENT((#21336));
#21336 = SURFACE_STYLE_USAGE(.BOTH.,#21337);
#21337 = SURFACE_SIDE_STYLE('',(#21338));
#21338 = SURFACE_STYLE_FILL_AREA(#21339);
#21339 = FILL_AREA_STYLE('',(#21340));
#21340 = FILL_AREA_STYLE_COLOUR('',#17094);
#21341 = STYLED_ITEM('color',(#21342),#13764);
#21342 = PRESENTATION_STYLE_ASSIGNMENT((#21343));
#21343 = SURFACE_STYLE_USAGE(.BOTH.,#21344);
#21344 = SURFACE_SIDE_STYLE('',(#21345));
#21345 = SURFACE_STYLE_FILL_AREA(#21346);
#21346 = FILL_AREA_STYLE('',(#21347));
#21347 = FILL_AREA_STYLE_COLOUR('',#17094);
#21348 = STYLED_ITEM('color',(#21349),#13788);
#21349 = PRESENTATION_STYLE_ASSIGNMENT((#21350));
#21350 = SURFACE_STYLE_USAGE(.BOTH.,#21351);
#21351 = SURFACE_SIDE_STYLE('',(#21352));
#21352 = SURFACE_STYLE_FILL_AREA(#21353);
#21353 = FILL_AREA_STYLE('',(#21354));
#21354 = FILL_AREA_STYLE_COLOUR('',#17094);
#21355 = STYLED_ITEM('color',(#21356),#13805);
#21356 = PRESENTATION_STYLE_ASSIGNMENT((#21357));
#21357 = SURFACE_STYLE_USAGE(.BOTH.,#21358);
#21358 = SURFACE_SIDE_STYLE('',(#21359));
#21359 = SURFACE_STYLE_FILL_AREA(#21360);
#21360 = FILL_AREA_STYLE('',(#21361));
#21361 = FILL_AREA_STYLE_COLOUR('',#20752);
#21362 = STYLED_ITEM('color',(#21363),#13817);
#21363 = PRESENTATION_STYLE_ASSIGNMENT((#21364));
#21364 = SURFACE_STYLE_USAGE(.BOTH.,#21365);
#21365 = SURFACE_SIDE_STYLE('',(#21366));
#21366 = SURFACE_STYLE_FILL_AREA(#21367);
#21367 = FILL_AREA_STYLE('',(#21368));
#21368 = FILL_AREA_STYLE_COLOUR('',#20752);
#21369 = MECHANICAL_DESIGN_GEOMETRIC_PRESENTATION_REPRESENTATION('',(
    #21370,#21379,#21388,#21397,#21406,#21415,#21424,#21433,#21442,
    #21451,#21460,#21469,#21478,#21487,#21496,#21505,#21514,#21523,
    #21532,#21541,#21550,#21559,#21568,#21577,#21586,#21595,#21604,
    #21613,#21622,#21631,#21640,#21649,#21658,#21667,#21676,#21685,
    #21694,#21703,#21712,#21721,#21730,#21739,#21748,#21757,#21766,
    #21775,#21784,#21793,#21802,#21811,#21820,#21829,#21838,#21847,
    #21856,#21865,#21874,#21883,#21892,#21901,#21910,#21919,#21928,
    #21937,#21946,#21955,#21964,#21973,#21982),#15830);
#21370 = STYLED_ITEM('color',(#21371),#13850);
#21371 = PRESENTATION_STYLE_ASSIGNMENT((#21372,#21377));
#21372 = SURFACE_STYLE_USAGE(.BOTH.,#21373);
#21373 = SURFACE_SIDE_STYLE('',(#21374));
#21374 = SURFACE_STYLE_FILL_AREA(#21375);
#21375 = FILL_AREA_STYLE('',(#21376));
#21376 = FILL_AREA_STYLE_COLOUR('',#17751);
#21377 = CURVE_STYLE('',#21378,POSITIVE_LENGTH_MEASURE(0.1),#17751);
#21378 = DRAUGHTING_PRE_DEFINED_CURVE_FONT('continuous');
#21379 = STYLED_ITEM('color',(#21380),#13888);
#21380 = PRESENTATION_STYLE_ASSIGNMENT((#21381,#21386));
#21381 = SURFACE_STYLE_USAGE(.BOTH.,#21382);
#21382 = SURFACE_SIDE_STYLE('',(#21383));
#21383 = SURFACE_STYLE_FILL_AREA(#21384);
#21384 = FILL_AREA_STYLE('',(#21385));
#21385 = FILL_AREA_STYLE_COLOUR('',#17751);
#21386 = CURVE_STYLE('',#21387,POSITIVE_LENGTH_MEASURE(0.1),#17751);
#21387 = DRAUGHTING_PRE_DEFINED_CURVE_FONT('continuous');
#21388 = STYLED_ITEM('color',(#21389),#13951);
#21389 = PRESENTATION_STYLE_ASSIGNMENT((#21390,#21395));
#21390 = SURFACE_STYLE_USAGE(.BOTH.,#21391);
#21391 = SURFACE_SIDE_STYLE('',(#21392));
#21392 = SURFACE_STYLE_FILL_AREA(#21393);
#21393 = FILL_AREA_STYLE('',(#21394));
#21394 = FILL_AREA_STYLE_COLOUR('',#17751);
#21395 = CURVE_STYLE('',#21396,POSITIVE_LENGTH_MEASURE(0.1),#17751);
#21396 = DRAUGHTING_PRE_DEFINED_CURVE_FONT('continuous');
#21397 = STYLED_ITEM('color',(#21398),#13974);
#21398 = PRESENTATION_STYLE_ASSIGNMENT((#21399,#21404));
#21399 = SURFACE_STYLE_USAGE(.BOTH.,#21400);
#21400 = SURFACE_SIDE_STYLE('',(#21401));
#21401 = SURFACE_STYLE_FILL_AREA(#21402);
#21402 = FILL_AREA_STYLE('',(#21403));
#21403 = FILL_AREA_STYLE_COLOUR('',#17751);
#21404 = CURVE_STYLE('',#21405,POSITIVE_LENGTH_MEASURE(0.1),#17751);
#21405 = DRAUGHTING_PRE_DEFINED_CURVE_FONT('continuous');
#21406 = STYLED_ITEM('color',(#21407),#14003);
#21407 = PRESENTATION_STYLE_ASSIGNMENT((#21408,#21413));
#21408 = SURFACE_STYLE_USAGE(.BOTH.,#21409);
#21409 = SURFACE_SIDE_STYLE('',(#21410));
#21410 = SURFACE_STYLE_FILL_AREA(#21411);
#21411 = FILL_AREA_STYLE('',(#21412));
#21412 = FILL_AREA_STYLE_COLOUR('',#17751);
#21413 = CURVE_STYLE('',#21414,POSITIVE_LENGTH_MEASURE(0.1),#17751);
#21414 = DRAUGHTING_PRE_DEFINED_CURVE_FONT('continuous');
#21415 = STYLED_ITEM('color',(#21416),#14026);
#21416 = PRESENTATION_STYLE_ASSIGNMENT((#21417,#21422));
#21417 = SURFACE_STYLE_USAGE(.BOTH.,#21418);
#21418 = SURFACE_SIDE_STYLE('',(#21419));
#21419 = SURFACE_STYLE_FILL_AREA(#21420);
#21420 = FILL_AREA_STYLE('',(#21421));
#21421 = FILL_AREA_STYLE_COLOUR('',#17751);
#21422 = CURVE_STYLE('',#21423,POSITIVE_LENGTH_MEASURE(0.1),#17751);
#21423 = DRAUGHTING_PRE_DEFINED_CURVE_FONT('continuous');
#21424 = STYLED_ITEM('color',(#21425),#14081);
#21425 = PRESENTATION_STYLE_ASSIGNMENT((#21426,#21431));
#21426 = SURFACE_STYLE_USAGE(.BOTH.,#21427);
#21427 = SURFACE_SIDE_STYLE('',(#21428));
#21428 = SURFACE_STYLE_FILL_AREA(#21429);
#21429 = FILL_AREA_STYLE('',(#21430));
#21430 = FILL_AREA_STYLE_COLOUR('',#17751);
#21431 = CURVE_STYLE('',#21432,POSITIVE_LENGTH_MEASURE(0.1),#17751);
#21432 = DRAUGHTING_PRE_DEFINED_CURVE_FONT('continuous');
#21433 = STYLED_ITEM('color',(#21434),#14120);
#21434 = PRESENTATION_STYLE_ASSIGNMENT((#21435,#21440));
#21435 = SURFACE_STYLE_USAGE(.BOTH.,#21436);
#21436 = SURFACE_SIDE_STYLE('',(#21437));
#21437 = SURFACE_STYLE_FILL_AREA(#21438);
#21438 = FILL_AREA_STYLE('',(#21439));
#21439 = FILL_AREA_STYLE_COLOUR('',#17751);
#21440 = CURVE_STYLE('',#21441,POSITIVE_LENGTH_MEASURE(0.1),#17751);
#21441 = DRAUGHTING_PRE_DEFINED_CURVE_FONT('continuous');
#21442 = STYLED_ITEM('color',(#21443),#14143);
#21443 = PRESENTATION_STYLE_ASSIGNMENT((#21444,#21449));
#21444 = SURFACE_STYLE_USAGE(.BOTH.,#21445);
#21445 = SURFACE_SIDE_STYLE('',(#21446));
#21446 = SURFACE_STYLE_FILL_AREA(#21447);
#21447 = FILL_AREA_STYLE('',(#21448));
#21448 = FILL_AREA_STYLE_COLOUR('',#17751);
#21449 = CURVE_STYLE('',#21450,POSITIVE_LENGTH_MEASURE(0.1),#17751);
#21450 = DRAUGHTING_PRE_DEFINED_CURVE_FONT('continuous');
#21451 = STYLED_ITEM('color',(#21452),#14166);
#21452 = PRESENTATION_STYLE_ASSIGNMENT((#21453,#21458));
#21453 = SURFACE_STYLE_USAGE(.BOTH.,#21454);
#21454 = SURFACE_SIDE_STYLE('',(#21455));
#21455 = SURFACE_STYLE_FILL_AREA(#21456);
#21456 = FILL_AREA_STYLE('',(#21457));
#21457 = FILL_AREA_STYLE_COLOUR('',#17751);
#21458 = CURVE_STYLE('',#21459,POSITIVE_LENGTH_MEASURE(0.1),#17751);
#21459 = DRAUGHTING_PRE_DEFINED_CURVE_FONT('continuous');
#21460 = STYLED_ITEM('color',(#21461),#14183);
#21461 = PRESENTATION_STYLE_ASSIGNMENT((#21462,#21467));
#21462 = SURFACE_STYLE_USAGE(.BOTH.,#21463);
#21463 = SURFACE_SIDE_STYLE('',(#21464));
#21464 = SURFACE_STYLE_FILL_AREA(#21465);
#21465 = FILL_AREA_STYLE('',(#21466));
#21466 = FILL_AREA_STYLE_COLOUR('',#17751);
#21467 = CURVE_STYLE('',#21468,POSITIVE_LENGTH_MEASURE(0.1),#17751);
#21468 = DRAUGHTING_PRE_DEFINED_CURVE_FONT('continuous');
#21469 = STYLED_ITEM('color',(#21470),#14206);
#21470 = PRESENTATION_STYLE_ASSIGNMENT((#21471,#21476));
#21471 = SURFACE_STYLE_USAGE(.BOTH.,#21472);
#21472 = SURFACE_SIDE_STYLE('',(#21473));
#21473 = SURFACE_STYLE_FILL_AREA(#21474);
#21474 = FILL_AREA_STYLE('',(#21475));
#21475 = FILL_AREA_STYLE_COLOUR('',#17751);
#21476 = CURVE_STYLE('',#21477,POSITIVE_LENGTH_MEASURE(0.1),#17751);
#21477 = DRAUGHTING_PRE_DEFINED_CURVE_FONT('continuous');
#21478 = STYLED_ITEM('color',(#21479),#14294);
#21479 = PRESENTATION_STYLE_ASSIGNMENT((#21480,#21485));
#21480 = SURFACE_STYLE_USAGE(.BOTH.,#21481);
#21481 = SURFACE_SIDE_STYLE('',(#21482));
#21482 = SURFACE_STYLE_FILL_AREA(#21483);
#21483 = FILL_AREA_STYLE('',(#21484));
#21484 = FILL_AREA_STYLE_COLOUR('',#17751);
#21485 = CURVE_STYLE('',#21486,POSITIVE_LENGTH_MEASURE(0.1),#17751);
#21486 = DRAUGHTING_PRE_DEFINED_CURVE_FONT('continuous');
#21487 = STYLED_ITEM('color',(#21488),#14310);
#21488 = PRESENTATION_STYLE_ASSIGNMENT((#21489,#21494));
#21489 = SURFACE_STYLE_USAGE(.BOTH.,#21490);
#21490 = SURFACE_SIDE_STYLE('',(#21491));
#21491 = SURFACE_STYLE_FILL_AREA(#21492);
#21492 = FILL_AREA_STYLE('',(#21493));
#21493 = FILL_AREA_STYLE_COLOUR('',#17751);
#21494 = CURVE_STYLE('',#21495,POSITIVE_LENGTH_MEASURE(0.1),#17751);
#21495 = DRAUGHTING_PRE_DEFINED_CURVE_FONT('continuous');
#21496 = STYLED_ITEM('color',(#21497),#14340);
#21497 = PRESENTATION_STYLE_ASSIGNMENT((#21498,#21503));
#21498 = SURFACE_STYLE_USAGE(.BOTH.,#21499);
#21499 = SURFACE_SIDE_STYLE('',(#21500));
#21500 = SURFACE_STYLE_FILL_AREA(#21501);
#21501 = FILL_AREA_STYLE('',(#21502));
#21502 = FILL_AREA_STYLE_COLOUR('',#17094);
#21503 = CURVE_STYLE('',#21504,POSITIVE_LENGTH_MEASURE(0.1),#17094);
#21504 = DRAUGHTING_PRE_DEFINED_CURVE_FONT('continuous');
#21505 = STYLED_ITEM('color',(#21506),#14373);
#21506 = PRESENTATION_STYLE_ASSIGNMENT((#21507,#21512));
#21507 = SURFACE_STYLE_USAGE(.BOTH.,#21508);
#21508 = SURFACE_SIDE_STYLE('',(#21509));
#21509 = SURFACE_STYLE_FILL_AREA(#21510);
#21510 = FILL_AREA_STYLE('',(#21511));
#21511 = FILL_AREA_STYLE_COLOUR('',#17751);
#21512 = CURVE_STYLE('',#21513,POSITIVE_LENGTH_MEASURE(0.1),#17751);
#21513 = DRAUGHTING_PRE_DEFINED_CURVE_FONT('continuous');
#21514 = STYLED_ITEM('color',(#21515),#14404);
#21515 = PRESENTATION_STYLE_ASSIGNMENT((#21516,#21521));
#21516 = SURFACE_STYLE_USAGE(.BOTH.,#21517);
#21517 = SURFACE_SIDE_STYLE('',(#21518));
#21518 = SURFACE_STYLE_FILL_AREA(#21519);
#21519 = FILL_AREA_STYLE('',(#21520));
#21520 = FILL_AREA_STYLE_COLOUR('',#17094);
#21521 = CURVE_STYLE('',#21522,POSITIVE_LENGTH_MEASURE(0.1),#17094);
#21522 = DRAUGHTING_PRE_DEFINED_CURVE_FONT('continuous');
#21523 = STYLED_ITEM('color',(#21524),#14437);
#21524 = PRESENTATION_STYLE_ASSIGNMENT((#21525,#21530));
#21525 = SURFACE_STYLE_USAGE(.BOTH.,#21526);
#21526 = SURFACE_SIDE_STYLE('',(#21527));
#21527 = SURFACE_STYLE_FILL_AREA(#21528);
#21528 = FILL_AREA_STYLE('',(#21529));
#21529 = FILL_AREA_STYLE_COLOUR('',#17751);
#21530 = CURVE_STYLE('',#21531,POSITIVE_LENGTH_MEASURE(0.1),#17751);
#21531 = DRAUGHTING_PRE_DEFINED_CURVE_FONT('continuous');
#21532 = STYLED_ITEM('color',(#21533),#14454);
#21533 = PRESENTATION_STYLE_ASSIGNMENT((#21534,#21539));
#21534 = SURFACE_STYLE_USAGE(.BOTH.,#21535);
#21535 = SURFACE_SIDE_STYLE('',(#21536));
#21536 = SURFACE_STYLE_FILL_AREA(#21537);
#21537 = FILL_AREA_STYLE('',(#21538));
#21538 = FILL_AREA_STYLE_COLOUR('',#17751);
#21539 = CURVE_STYLE('',#21540,POSITIVE_LENGTH_MEASURE(0.1),#17751);
#21540 = DRAUGHTING_PRE_DEFINED_CURVE_FONT('continuous');
#21541 = STYLED_ITEM('color',(#21542),#14471);
#21542 = PRESENTATION_STYLE_ASSIGNMENT((#21543,#21548));
#21543 = SURFACE_STYLE_USAGE(.BOTH.,#21544);
#21544 = SURFACE_SIDE_STYLE('',(#21545));
#21545 = SURFACE_STYLE_FILL_AREA(#21546);
#21546 = FILL_AREA_STYLE('',(#21547));
#21547 = FILL_AREA_STYLE_COLOUR('',#17094);
#21548 = CURVE_STYLE('',#21549,POSITIVE_LENGTH_MEASURE(0.1),#17094);
#21549 = DRAUGHTING_PRE_DEFINED_CURVE_FONT('continuous');
#21550 = STYLED_ITEM('color',(#21551),#14504);
#21551 = PRESENTATION_STYLE_ASSIGNMENT((#21552,#21557));
#21552 = SURFACE_STYLE_USAGE(.BOTH.,#21553);
#21553 = SURFACE_SIDE_STYLE('',(#21554));
#21554 = SURFACE_STYLE_FILL_AREA(#21555);
#21555 = FILL_AREA_STYLE('',(#21556));
#21556 = FILL_AREA_STYLE_COLOUR('',#17751);
#21557 = CURVE_STYLE('',#21558,POSITIVE_LENGTH_MEASURE(0.1),#17751);
#21558 = DRAUGHTING_PRE_DEFINED_CURVE_FONT('continuous');
#21559 = STYLED_ITEM('color',(#21560),#14534);
#21560 = PRESENTATION_STYLE_ASSIGNMENT((#21561,#21566));
#21561 = SURFACE_STYLE_USAGE(.BOTH.,#21562);
#21562 = SURFACE_SIDE_STYLE('',(#21563));
#21563 = SURFACE_STYLE_FILL_AREA(#21564);
#21564 = FILL_AREA_STYLE('',(#21565));
#21565 = FILL_AREA_STYLE_COLOUR('',#17751);
#21566 = CURVE_STYLE('',#21567,POSITIVE_LENGTH_MEASURE(0.1),#17751);
#21567 = DRAUGHTING_PRE_DEFINED_CURVE_FONT('continuous');
#21568 = STYLED_ITEM('color',(#21569),#14557);
#21569 = PRESENTATION_STYLE_ASSIGNMENT((#21570,#21575));
#21570 = SURFACE_STYLE_USAGE(.BOTH.,#21571);
#21571 = SURFACE_SIDE_STYLE('',(#21572));
#21572 = SURFACE_STYLE_FILL_AREA(#21573);
#21573 = FILL_AREA_STYLE('',(#21574));
#21574 = FILL_AREA_STYLE_COLOUR('',#17751);
#21575 = CURVE_STYLE('',#21576,POSITIVE_LENGTH_MEASURE(0.1),#17751);
#21576 = DRAUGHTING_PRE_DEFINED_CURVE_FONT('continuous');
#21577 = STYLED_ITEM('color',(#21578),#14580);
#21578 = PRESENTATION_STYLE_ASSIGNMENT((#21579,#21584));
#21579 = SURFACE_STYLE_USAGE(.BOTH.,#21580);
#21580 = SURFACE_SIDE_STYLE('',(#21581));
#21581 = SURFACE_STYLE_FILL_AREA(#21582);
#21582 = FILL_AREA_STYLE('',(#21583));
#21583 = FILL_AREA_STYLE_COLOUR('',#17751);
#21584 = CURVE_STYLE('',#21585,POSITIVE_LENGTH_MEASURE(0.1),#17751);
#21585 = DRAUGHTING_PRE_DEFINED_CURVE_FONT('continuous');
#21586 = STYLED_ITEM('color',(#21587),#14597);
#21587 = PRESENTATION_STYLE_ASSIGNMENT((#21588,#21593));
#21588 = SURFACE_STYLE_USAGE(.BOTH.,#21589);
#21589 = SURFACE_SIDE_STYLE('',(#21590));
#21590 = SURFACE_STYLE_FILL_AREA(#21591);
#21591 = FILL_AREA_STYLE('',(#21592));
#21592 = FILL_AREA_STYLE_COLOUR('',#17094);
#21593 = CURVE_STYLE('',#21594,POSITIVE_LENGTH_MEASURE(0.1),#17094);
#21594 = DRAUGHTING_PRE_DEFINED_CURVE_FONT('continuous');
#21595 = STYLED_ITEM('color',(#21596),#14626);
#21596 = PRESENTATION_STYLE_ASSIGNMENT((#21597,#21602));
#21597 = SURFACE_STYLE_USAGE(.BOTH.,#21598);
#21598 = SURFACE_SIDE_STYLE('',(#21599));
#21599 = SURFACE_STYLE_FILL_AREA(#21600);
#21600 = FILL_AREA_STYLE('',(#21601));
#21601 = FILL_AREA_STYLE_COLOUR('',#17751);
#21602 = CURVE_STYLE('',#21603,POSITIVE_LENGTH_MEASURE(0.1),#17751);
#21603 = DRAUGHTING_PRE_DEFINED_CURVE_FONT('continuous');
#21604 = STYLED_ITEM('color',(#21605),#14680);
#21605 = PRESENTATION_STYLE_ASSIGNMENT((#21606,#21611));
#21606 = SURFACE_STYLE_USAGE(.BOTH.,#21607);
#21607 = SURFACE_SIDE_STYLE('',(#21608));
#21608 = SURFACE_STYLE_FILL_AREA(#21609);
#21609 = FILL_AREA_STYLE('',(#21610));
#21610 = FILL_AREA_STYLE_COLOUR('',#17751);
#21611 = CURVE_STYLE('',#21612,POSITIVE_LENGTH_MEASURE(0.1),#17751);
#21612 = DRAUGHTING_PRE_DEFINED_CURVE_FONT('continuous');
#21613 = STYLED_ITEM('color',(#21614),#14703);
#21614 = PRESENTATION_STYLE_ASSIGNMENT((#21615,#21620));
#21615 = SURFACE_STYLE_USAGE(.BOTH.,#21616);
#21616 = SURFACE_SIDE_STYLE('',(#21617));
#21617 = SURFACE_STYLE_FILL_AREA(#21618);
#21618 = FILL_AREA_STYLE('',(#21619));
#21619 = FILL_AREA_STYLE_COLOUR('',#17751);
#21620 = CURVE_STYLE('',#21621,POSITIVE_LENGTH_MEASURE(0.1),#17751);
#21621 = DRAUGHTING_PRE_DEFINED_CURVE_FONT('continuous');
#21622 = STYLED_ITEM('color',(#21623),#14726);
#21623 = PRESENTATION_STYLE_ASSIGNMENT((#21624,#21629));
#21624 = SURFACE_STYLE_USAGE(.BOTH.,#21625);
#21625 = SURFACE_SIDE_STYLE('',(#21626));
#21626 = SURFACE_STYLE_FILL_AREA(#21627);
#21627 = FILL_AREA_STYLE('',(#21628));
#21628 = FILL_AREA_STYLE_COLOUR('',#17751);
#21629 = CURVE_STYLE('',#21630,POSITIVE_LENGTH_MEASURE(0.1),#17751);
#21630 = DRAUGHTING_PRE_DEFINED_CURVE_FONT('continuous');
#21631 = STYLED_ITEM('color',(#21632),#14749);
#21632 = PRESENTATION_STYLE_ASSIGNMENT((#21633,#21638));
#21633 = SURFACE_STYLE_USAGE(.BOTH.,#21634);
#21634 = SURFACE_SIDE_STYLE('',(#21635));
#21635 = SURFACE_STYLE_FILL_AREA(#21636);
#21636 = FILL_AREA_STYLE('',(#21637));
#21637 = FILL_AREA_STYLE_COLOUR('',#17751);
#21638 = CURVE_STYLE('',#21639,POSITIVE_LENGTH_MEASURE(0.1),#17751);
#21639 = DRAUGHTING_PRE_DEFINED_CURVE_FONT('continuous');
#21640 = STYLED_ITEM('color',(#21641),#14788);
#21641 = PRESENTATION_STYLE_ASSIGNMENT((#21642,#21647));
#21642 = SURFACE_STYLE_USAGE(.BOTH.,#21643);
#21643 = SURFACE_SIDE_STYLE('',(#21644));
#21644 = SURFACE_STYLE_FILL_AREA(#21645);
#21645 = FILL_AREA_STYLE('',(#21646));
#21646 = FILL_AREA_STYLE_COLOUR('',#17094);
#21647 = CURVE_STYLE('',#21648,POSITIVE_LENGTH_MEASURE(0.1),#17094);
#21648 = DRAUGHTING_PRE_DEFINED_CURVE_FONT('continuous');
#21649 = STYLED_ITEM('color',(#21650),#14810);
#21650 = PRESENTATION_STYLE_ASSIGNMENT((#21651,#21656));
#21651 = SURFACE_STYLE_USAGE(.BOTH.,#21652);
#21652 = SURFACE_SIDE_STYLE('',(#21653));
#21653 = SURFACE_STYLE_FILL_AREA(#21654);
#21654 = FILL_AREA_STYLE('',(#21655));
#21655 = FILL_AREA_STYLE_COLOUR('',#17751);
#21656 = CURVE_STYLE('',#21657,POSITIVE_LENGTH_MEASURE(0.1),#17751);
#21657 = DRAUGHTING_PRE_DEFINED_CURVE_FONT('continuous');
#21658 = STYLED_ITEM('color',(#21659),#14854);
#21659 = PRESENTATION_STYLE_ASSIGNMENT((#21660,#21665));
#21660 = SURFACE_STYLE_USAGE(.BOTH.,#21661);
#21661 = SURFACE_SIDE_STYLE('',(#21662));
#21662 = SURFACE_STYLE_FILL_AREA(#21663);
#21663 = FILL_AREA_STYLE('',(#21664));
#21664 = FILL_AREA_STYLE_COLOUR('',#17094);
#21665 = CURVE_STYLE('',#21666,POSITIVE_LENGTH_MEASURE(0.1),#17094);
#21666 = DRAUGHTING_PRE_DEFINED_CURVE_FONT('continuous');
#21667 = STYLED_ITEM('color',(#21668),#14929);
#21668 = PRESENTATION_STYLE_ASSIGNMENT((#21669,#21674));
#21669 = SURFACE_STYLE_USAGE(.BOTH.,#21670);
#21670 = SURFACE_SIDE_STYLE('',(#21671));
#21671 = SURFACE_STYLE_FILL_AREA(#21672);
#21672 = FILL_AREA_STYLE('',(#21673));
#21673 = FILL_AREA_STYLE_COLOUR('',#17094);
#21674 = CURVE_STYLE('',#21675,POSITIVE_LENGTH_MEASURE(0.1),#17094);
#21675 = DRAUGHTING_PRE_DEFINED_CURVE_FONT('continuous');
#21676 = STYLED_ITEM('color',(#21677),#14953);
#21677 = PRESENTATION_STYLE_ASSIGNMENT((#21678,#21683));
#21678 = SURFACE_STYLE_USAGE(.BOTH.,#21679);
#21679 = SURFACE_SIDE_STYLE('',(#21680));
#21680 = SURFACE_STYLE_FILL_AREA(#21681);
#21681 = FILL_AREA_STYLE('',(#21682));
#21682 = FILL_AREA_STYLE_COLOUR('',#17094);
#21683 = CURVE_STYLE('',#21684,POSITIVE_LENGTH_MEASURE(0.1),#17094);
#21684 = DRAUGHTING_PRE_DEFINED_CURVE_FONT('continuous');
#21685 = STYLED_ITEM('color',(#21686),#15021);
#21686 = PRESENTATION_STYLE_ASSIGNMENT((#21687,#21692));
#21687 = SURFACE_STYLE_USAGE(.BOTH.,#21688);
#21688 = SURFACE_SIDE_STYLE('',(#21689));
#21689 = SURFACE_STYLE_FILL_AREA(#21690);
#21690 = FILL_AREA_STYLE('',(#21691));
#21691 = FILL_AREA_STYLE_COLOUR('',#17751);
#21692 = CURVE_STYLE('',#21693,POSITIVE_LENGTH_MEASURE(0.1),#17751);
#21693 = DRAUGHTING_PRE_DEFINED_CURVE_FONT('continuous');
#21694 = STYLED_ITEM('color',(#21695),#15038);
#21695 = PRESENTATION_STYLE_ASSIGNMENT((#21696,#21701));
#21696 = SURFACE_STYLE_USAGE(.BOTH.,#21697);
#21697 = SURFACE_SIDE_STYLE('',(#21698));
#21698 = SURFACE_STYLE_FILL_AREA(#21699);
#21699 = FILL_AREA_STYLE('',(#21700));
#21700 = FILL_AREA_STYLE_COLOUR('',#17094);
#21701 = CURVE_STYLE('',#21702,POSITIVE_LENGTH_MEASURE(0.1),#17094);
#21702 = DRAUGHTING_PRE_DEFINED_CURVE_FONT('continuous');
#21703 = STYLED_ITEM('color',(#21704),#15113);
#21704 = PRESENTATION_STYLE_ASSIGNMENT((#21705,#21710));
#21705 = SURFACE_STYLE_USAGE(.BOTH.,#21706);
#21706 = SURFACE_SIDE_STYLE('',(#21707));
#21707 = SURFACE_STYLE_FILL_AREA(#21708);
#21708 = FILL_AREA_STYLE('',(#21709));
#21709 = FILL_AREA_STYLE_COLOUR('',#17094);
#21710 = CURVE_STYLE('',#21711,POSITIVE_LENGTH_MEASURE(0.1),#17094);
#21711 = DRAUGHTING_PRE_DEFINED_CURVE_FONT('continuous');
#21712 = STYLED_ITEM('color',(#21713),#15137);
#21713 = PRESENTATION_STYLE_ASSIGNMENT((#21714,#21719));
#21714 = SURFACE_STYLE_USAGE(.BOTH.,#21715);
#21715 = SURFACE_SIDE_STYLE('',(#21716));
#21716 = SURFACE_STYLE_FILL_AREA(#21717);
#21717 = FILL_AREA_STYLE('',(#21718));
#21718 = FILL_AREA_STYLE_COLOUR('',#17094);
#21719 = CURVE_STYLE('',#21720,POSITIVE_LENGTH_MEASURE(0.1),#17094);
#21720 = DRAUGHTING_PRE_DEFINED_CURVE_FONT('continuous');
#21721 = STYLED_ITEM('color',(#21722),#15205);
#21722 = PRESENTATION_STYLE_ASSIGNMENT((#21723,#21728));
#21723 = SURFACE_STYLE_USAGE(.BOTH.,#21724);
#21724 = SURFACE_SIDE_STYLE('',(#21725));
#21725 = SURFACE_STYLE_FILL_AREA(#21726);
#21726 = FILL_AREA_STYLE('',(#21727));
#21727 = FILL_AREA_STYLE_COLOUR('',#17094);
#21728 = CURVE_STYLE('',#21729,POSITIVE_LENGTH_MEASURE(0.1),#17094);
#21729 = DRAUGHTING_PRE_DEFINED_CURVE_FONT('continuous');
#21730 = STYLED_ITEM('color',(#21731),#15280);
#21731 = PRESENTATION_STYLE_ASSIGNMENT((#21732,#21737));
#21732 = SURFACE_STYLE_USAGE(.BOTH.,#21733);
#21733 = SURFACE_SIDE_STYLE('',(#21734));
#21734 = SURFACE_STYLE_FILL_AREA(#21735);
#21735 = FILL_AREA_STYLE('',(#21736));
#21736 = FILL_AREA_STYLE_COLOUR('',#17094);
#21737 = CURVE_STYLE('',#21738,POSITIVE_LENGTH_MEASURE(0.1),#17094);
#21738 = DRAUGHTING_PRE_DEFINED_CURVE_FONT('continuous');
#21739 = STYLED_ITEM('color',(#21740),#15304);
#21740 = PRESENTATION_STYLE_ASSIGNMENT((#21741,#21746));
#21741 = SURFACE_STYLE_USAGE(.BOTH.,#21742);
#21742 = SURFACE_SIDE_STYLE('',(#21743));
#21743 = SURFACE_STYLE_FILL_AREA(#21744);
#21744 = FILL_AREA_STYLE('',(#21745));
#21745 = FILL_AREA_STYLE_COLOUR('',#17094);
#21746 = CURVE_STYLE('',#21747,POSITIVE_LENGTH_MEASURE(0.1),#17094);
#21747 = DRAUGHTING_PRE_DEFINED_CURVE_FONT('continuous');
#21748 = STYLED_ITEM('color',(#21749),#15372);
#21749 = PRESENTATION_STYLE_ASSIGNMENT((#21750,#21755));
#21750 = SURFACE_STYLE_USAGE(.BOTH.,#21751);
#21751 = SURFACE_SIDE_STYLE('',(#21752));
#21752 = SURFACE_STYLE_FILL_AREA(#21753);
#21753 = FILL_AREA_STYLE('',(#21754));
#21754 = FILL_AREA_STYLE_COLOUR('',#17094);
#21755 = CURVE_STYLE('',#21756,POSITIVE_LENGTH_MEASURE(0.1),#17094);
#21756 = DRAUGHTING_PRE_DEFINED_CURVE_FONT('continuous');
#21757 = STYLED_ITEM('color',(#21758),#15389);
#21758 = PRESENTATION_STYLE_ASSIGNMENT((#21759,#21764));
#21759 = SURFACE_STYLE_USAGE(.BOTH.,#21760);
#21760 = SURFACE_SIDE_STYLE('',(#21761));
#21761 = SURFACE_STYLE_FILL_AREA(#21762);
#21762 = FILL_AREA_STYLE('',(#21763));
#21763 = FILL_AREA_STYLE_COLOUR('',#17094);
#21764 = CURVE_STYLE('',#21765,POSITIVE_LENGTH_MEASURE(0.1),#17094);
#21765 = DRAUGHTING_PRE_DEFINED_CURVE_FONT('continuous');
#21766 = STYLED_ITEM('color',(#21767),#15406);
#21767 = PRESENTATION_STYLE_ASSIGNMENT((#21768,#21773));
#21768 = SURFACE_STYLE_USAGE(.BOTH.,#21769);
#21769 = SURFACE_SIDE_STYLE('',(#21770));
#21770 = SURFACE_STYLE_FILL_AREA(#21771);
#21771 = FILL_AREA_STYLE('',(#21772));
#21772 = FILL_AREA_STYLE_COLOUR('',#17751);
#21773 = CURVE_STYLE('',#21774,POSITIVE_LENGTH_MEASURE(0.1),#17751);
#21774 = DRAUGHTING_PRE_DEFINED_CURVE_FONT('continuous');
#21775 = STYLED_ITEM('color',(#21776),#15452);
#21776 = PRESENTATION_STYLE_ASSIGNMENT((#21777,#21782));
#21777 = SURFACE_STYLE_USAGE(.BOTH.,#21778);
#21778 = SURFACE_SIDE_STYLE('',(#21779));
#21779 = SURFACE_STYLE_FILL_AREA(#21780);
#21780 = FILL_AREA_STYLE('',(#21781));
#21781 = FILL_AREA_STYLE_COLOUR('',#17751);
#21782 = CURVE_STYLE('',#21783,POSITIVE_LENGTH_MEASURE(0.1),#17751);
#21783 = DRAUGHTING_PRE_DEFINED_CURVE_FONT('continuous');
#21784 = STYLED_ITEM('color',(#21785),#15468);
#21785 = PRESENTATION_STYLE_ASSIGNMENT((#21786,#21791));
#21786 = SURFACE_STYLE_USAGE(.BOTH.,#21787);
#21787 = SURFACE_SIDE_STYLE('',(#21788));
#21788 = SURFACE_STYLE_FILL_AREA(#21789);
#21789 = FILL_AREA_STYLE('',(#21790));
#21790 = FILL_AREA_STYLE_COLOUR('',#17751);
#21791 = CURVE_STYLE('',#21792,POSITIVE_LENGTH_MEASURE(0.1),#17751);
#21792 = DRAUGHTING_PRE_DEFINED_CURVE_FONT('continuous');
#21793 = STYLED_ITEM('color',(#21794),#15484);
#21794 = PRESENTATION_STYLE_ASSIGNMENT((#21795,#21800));
#21795 = SURFACE_STYLE_USAGE(.BOTH.,#21796);
#21796 = SURFACE_SIDE_STYLE('',(#21797));
#21797 = SURFACE_STYLE_FILL_AREA(#21798);
#21798 = FILL_AREA_STYLE('',(#21799));
#21799 = FILL_AREA_STYLE_COLOUR('',#17094);
#21800 = CURVE_STYLE('',#21801,POSITIVE_LENGTH_MEASURE(0.1),#17094);
#21801 = DRAUGHTING_PRE_DEFINED_CURVE_FONT('continuous');
#21802 = STYLED_ITEM('color',(#21803),#15501);
#21803 = PRESENTATION_STYLE_ASSIGNMENT((#21804,#21809));
#21804 = SURFACE_STYLE_USAGE(.BOTH.,#21805);
#21805 = SURFACE_SIDE_STYLE('',(#21806));
#21806 = SURFACE_STYLE_FILL_AREA(#21807);
#21807 = FILL_AREA_STYLE('',(#21808));
#21808 = FILL_AREA_STYLE_COLOUR('',#17751);
#21809 = CURVE_STYLE('',#21810,POSITIVE_LENGTH_MEASURE(0.1),#17751);
#21810 = DRAUGHTING_PRE_DEFINED_CURVE_FONT('continuous');
#21811 = STYLED_ITEM('color',(#21812),#15513);
#21812 = PRESENTATION_STYLE_ASSIGNMENT((#21813,#21818));
#21813 = SURFACE_STYLE_USAGE(.BOTH.,#21814);
#21814 = SURFACE_SIDE_STYLE('',(#21815));
#21815 = SURFACE_STYLE_FILL_AREA(#21816);
#21816 = FILL_AREA_STYLE('',(#21817));
#21817 = FILL_AREA_STYLE_COLOUR('',#17094);
#21818 = CURVE_STYLE('',#21819,POSITIVE_LENGTH_MEASURE(0.1),#17094);
#21819 = DRAUGHTING_PRE_DEFINED_CURVE_FONT('continuous');
#21820 = STYLED_ITEM('color',(#21821),#15530);
#21821 = PRESENTATION_STYLE_ASSIGNMENT((#21822,#21827));
#21822 = SURFACE_STYLE_USAGE(.BOTH.,#21823);
#21823 = SURFACE_SIDE_STYLE('',(#21824));
#21824 = SURFACE_STYLE_FILL_AREA(#21825);
#21825 = FILL_AREA_STYLE('',(#21826));
#21826 = FILL_AREA_STYLE_COLOUR('',#17094);
#21827 = CURVE_STYLE('',#21828,POSITIVE_LENGTH_MEASURE(0.1),#17094);
#21828 = DRAUGHTING_PRE_DEFINED_CURVE_FONT('continuous');
#21829 = STYLED_ITEM('color',(#21830),#15547);
#21830 = PRESENTATION_STYLE_ASSIGNMENT((#21831,#21836));
#21831 = SURFACE_STYLE_USAGE(.BOTH.,#21832);
#21832 = SURFACE_SIDE_STYLE('',(#21833));
#21833 = SURFACE_STYLE_FILL_AREA(#21834);
#21834 = FILL_AREA_STYLE('',(#21835));
#21835 = FILL_AREA_STYLE_COLOUR('',#17094);
#21836 = CURVE_STYLE('',#21837,POSITIVE_LENGTH_MEASURE(0.1),#17094);
#21837 = DRAUGHTING_PRE_DEFINED_CURVE_FONT('continuous');
#21838 = STYLED_ITEM('color',(#21839),#15564);
#21839 = PRESENTATION_STYLE_ASSIGNMENT((#21840,#21845));
#21840 = SURFACE_STYLE_USAGE(.BOTH.,#21841);
#21841 = SURFACE_SIDE_STYLE('',(#21842));
#21842 = SURFACE_STYLE_FILL_AREA(#21843);
#21843 = FILL_AREA_STYLE('',(#21844));
#21844 = FILL_AREA_STYLE_COLOUR('',#17094);
#21845 = CURVE_STYLE('',#21846,POSITIVE_LENGTH_MEASURE(0.1),#17094);
#21846 = DRAUGHTING_PRE_DEFINED_CURVE_FONT('continuous');
#21847 = STYLED_ITEM('color',(#21848),#15581);
#21848 = PRESENTATION_STYLE_ASSIGNMENT((#21849,#21854));
#21849 = SURFACE_STYLE_USAGE(.BOTH.,#21850);
#21850 = SURFACE_SIDE_STYLE('',(#21851));
#21851 = SURFACE_STYLE_FILL_AREA(#21852);
#21852 = FILL_AREA_STYLE('',(#21853));
#21853 = FILL_AREA_STYLE_COLOUR('',#17094);
#21854 = CURVE_STYLE('',#21855,POSITIVE_LENGTH_MEASURE(0.1),#17094);
#21855 = DRAUGHTING_PRE_DEFINED_CURVE_FONT('continuous');
#21856 = STYLED_ITEM('color',(#21857),#15598);
#21857 = PRESENTATION_STYLE_ASSIGNMENT((#21858,#21863));
#21858 = SURFACE_STYLE_USAGE(.BOTH.,#21859);
#21859 = SURFACE_SIDE_STYLE('',(#21860));
#21860 = SURFACE_STYLE_FILL_AREA(#21861);
#21861 = FILL_AREA_STYLE('',(#21862));
#21862 = FILL_AREA_STYLE_COLOUR('',#17094);
#21863 = CURVE_STYLE('',#21864,POSITIVE_LENGTH_MEASURE(0.1),#17094);
#21864 = DRAUGHTING_PRE_DEFINED_CURVE_FONT('continuous');
#21865 = STYLED_ITEM('color',(#21866),#15615);
#21866 = PRESENTATION_STYLE_ASSIGNMENT((#21867,#21872));
#21867 = SURFACE_STYLE_USAGE(.BOTH.,#21868);
#21868 = SURFACE_SIDE_STYLE('',(#21869));
#21869 = SURFACE_STYLE_FILL_AREA(#21870);
#21870 = FILL_AREA_STYLE('',(#21871));
#21871 = FILL_AREA_STYLE_COLOUR('',#17094);
#21872 = CURVE_STYLE('',#21873,POSITIVE_LENGTH_MEASURE(0.1),#17094);
#21873 = DRAUGHTING_PRE_DEFINED_CURVE_FONT('continuous');
#21874 = STYLED_ITEM('color',(#21875),#15627);
#21875 = PRESENTATION_STYLE_ASSIGNMENT((#21876,#21881));
#21876 = SURFACE_STYLE_USAGE(.BOTH.,#21877);
#21877 = SURFACE_SIDE_STYLE('',(#21878));
#21878 = SURFACE_STYLE_FILL_AREA(#21879);
#21879 = FILL_AREA_STYLE('',(#21880));
#21880 = FILL_AREA_STYLE_COLOUR('',#17094);
#21881 = CURVE_STYLE('',#21882,POSITIVE_LENGTH_MEASURE(0.1),#17094);
#21882 = DRAUGHTING_PRE_DEFINED_CURVE_FONT('continuous');
#21883 = STYLED_ITEM('color',(#21884),#15644);
#21884 = PRESENTATION_STYLE_ASSIGNMENT((#21885,#21890));
#21885 = SURFACE_STYLE_USAGE(.BOTH.,#21886);
#21886 = SURFACE_SIDE_STYLE('',(#21887));
#21887 = SURFACE_STYLE_FILL_AREA(#21888);
#21888 = FILL_AREA_STYLE('',(#21889));
#21889 = FILL_AREA_STYLE_COLOUR('',#17094);
#21890 = CURVE_STYLE('',#21891,POSITIVE_LENGTH_MEASURE(0.1),#17094);
#21891 = DRAUGHTING_PRE_DEFINED_CURVE_FONT('continuous');
#21892 = STYLED_ITEM('color',(#21893),#15661);
#21893 = PRESENTATION_STYLE_ASSIGNMENT((#21894,#21899));
#21894 = SURFACE_STYLE_USAGE(.BOTH.,#21895);
#21895 = SURFACE_SIDE_STYLE('',(#21896));
#21896 = SURFACE_STYLE_FILL_AREA(#21897);
#21897 = FILL_AREA_STYLE('',(#21898));
#21898 = FILL_AREA_STYLE_COLOUR('',#17094);
#21899 = CURVE_STYLE('',#21900,POSITIVE_LENGTH_MEASURE(0.1),#17094);
#21900 = DRAUGHTING_PRE_DEFINED_CURVE_FONT('continuous');
#21901 = STYLED_ITEM('color',(#21902),#15678);
#21902 = PRESENTATION_STYLE_ASSIGNMENT((#21903,#21908));
#21903 = SURFACE_STYLE_USAGE(.BOTH.,#21904);
#21904 = SURFACE_SIDE_STYLE('',(#21905));
#21905 = SURFACE_STYLE_FILL_AREA(#21906);
#21906 = FILL_AREA_STYLE('',(#21907));
#21907 = FILL_AREA_STYLE_COLOUR('',#17094);
#21908 = CURVE_STYLE('',#21909,POSITIVE_LENGTH_MEASURE(0.1),#17094);
#21909 = DRAUGHTING_PRE_DEFINED_CURVE_FONT('continuous');
#21910 = STYLED_ITEM('color',(#21911),#15695);
#21911 = PRESENTATION_STYLE_ASSIGNMENT((#21912,#21917));
#21912 = SURFACE_STYLE_USAGE(.BOTH.,#21913);
#21913 = SURFACE_SIDE_STYLE('',(#21914));
#21914 = SURFACE_STYLE_FILL_AREA(#21915);
#21915 = FILL_AREA_STYLE('',(#21916));
#21916 = FILL_AREA_STYLE_COLOUR('',#17094);
#21917 = CURVE_STYLE('',#21918,POSITIVE_LENGTH_MEASURE(0.1),#17094);
#21918 = DRAUGHTING_PRE_DEFINED_CURVE_FONT('continuous');
#21919 = STYLED_ITEM('color',(#21920),#15712);
#21920 = PRESENTATION_STYLE_ASSIGNMENT((#21921,#21926));
#21921 = SURFACE_STYLE_USAGE(.BOTH.,#21922);
#21922 = SURFACE_SIDE_STYLE('',(#21923));
#21923 = SURFACE_STYLE_FILL_AREA(#21924);
#21924 = FILL_AREA_STYLE('',(#21925));
#21925 = FILL_AREA_STYLE_COLOUR('',#17094);
#21926 = CURVE_STYLE('',#21927,POSITIVE_LENGTH_MEASURE(0.1),#17094);
#21927 = DRAUGHTING_PRE_DEFINED_CURVE_FONT('continuous');
#21928 = STYLED_ITEM('color',(#21929),#15724);
#21929 = PRESENTATION_STYLE_ASSIGNMENT((#21930,#21935));
#21930 = SURFACE_STYLE_USAGE(.BOTH.,#21931);
#21931 = SURFACE_SIDE_STYLE('',(#21932));
#21932 = SURFACE_STYLE_FILL_AREA(#21933);
#21933 = FILL_AREA_STYLE('',(#21934));
#21934 = FILL_AREA_STYLE_COLOUR('',#17094);
#21935 = CURVE_STYLE('',#21936,POSITIVE_LENGTH_MEASURE(0.1),#17094);
#21936 = DRAUGHTING_PRE_DEFINED_CURVE_FONT('continuous');
#21937 = STYLED_ITEM('color',(#21938),#15741);
#21938 = PRESENTATION_STYLE_ASSIGNMENT((#21939,#21944));
#21939 = SURFACE_STYLE_USAGE(.BOTH.,#21940);
#21940 = SURFACE_SIDE_STYLE('',(#21941));
#21941 = SURFACE_STYLE_FILL_AREA(#21942);
#21942 = FILL_AREA_STYLE('',(#21943));
#21943 = FILL_AREA_STYLE_COLOUR('',#17094);
#21944 = CURVE_STYLE('',#21945,POSITIVE_LENGTH_MEASURE(0.1),#17094);
#21945 = DRAUGHTING_PRE_DEFINED_CURVE_FONT('continuous');
#21946 = STYLED_ITEM('color',(#21947),#15758);
#21947 = PRESENTATION_STYLE_ASSIGNMENT((#21948,#21953));
#21948 = SURFACE_STYLE_USAGE(.BOTH.,#21949);
#21949 = SURFACE_SIDE_STYLE('',(#21950));
#21950 = SURFACE_STYLE_FILL_AREA(#21951);
#21951 = FILL_AREA_STYLE('',(#21952));
#21952 = FILL_AREA_STYLE_COLOUR('',#17094);
#21953 = CURVE_STYLE('',#21954,POSITIVE_LENGTH_MEASURE(0.1),#17094);
#21954 = DRAUGHTING_PRE_DEFINED_CURVE_FONT('continuous');
#21955 = STYLED_ITEM('color',(#21956),#15775);
#21956 = PRESENTATION_STYLE_ASSIGNMENT((#21957,#21962));
#21957 = SURFACE_STYLE_USAGE(.BOTH.,#21958);
#21958 = SURFACE_SIDE_STYLE('',(#21959));
#21959 = SURFACE_STYLE_FILL_AREA(#21960);
#21960 = FILL_AREA_STYLE('',(#21961));
#21961 = FILL_AREA_STYLE_COLOUR('',#17094);
#21962 = CURVE_STYLE('',#21963,POSITIVE_LENGTH_MEASURE(0.1),#17094);
#21963 = DRAUGHTING_PRE_DEFINED_CURVE_FONT('continuous');
#21964 = STYLED_ITEM('color',(#21965),#15792);
#21965 = PRESENTATION_STYLE_ASSIGNMENT((#21966,#21971));
#21966 = SURFACE_STYLE_USAGE(.BOTH.,#21967);
#21967 = SURFACE_SIDE_STYLE('',(#21968));
#21968 = SURFACE_STYLE_FILL_AREA(#21969);
#21969 = FILL_AREA_STYLE('',(#21970));
#21970 = FILL_AREA_STYLE_COLOUR('',#17094);
#21971 = CURVE_STYLE('',#21972,POSITIVE_LENGTH_MEASURE(0.1),#17094);
#21972 = DRAUGHTING_PRE_DEFINED_CURVE_FONT('continuous');
#21973 = STYLED_ITEM('color',(#21974),#15809);
#21974 = PRESENTATION_STYLE_ASSIGNMENT((#21975,#21980));
#21975 = SURFACE_STYLE_USAGE(.BOTH.,#21976);
#21976 = SURFACE_SIDE_STYLE('',(#21977));
#21977 = SURFACE_STYLE_FILL_AREA(#21978);
#21978 = FILL_AREA_STYLE('',(#21979));
#21979 = FILL_AREA_STYLE_COLOUR('',#17094);
#21980 = CURVE_STYLE('',#21981,POSITIVE_LENGTH_MEASURE(0.1),#17094);
#21981 = DRAUGHTING_PRE_DEFINED_CURVE_FONT('continuous');
#21982 = STYLED_ITEM('color',(#21983),#15821);
#21983 = PRESENTATION_STYLE_ASSIGNMENT((#21984,#21990));
#21984 = SURFACE_STYLE_USAGE(.BOTH.,#21985);
#21985 = SURFACE_SIDE_STYLE('',(#21986));
#21986 = SURFACE_STYLE_FILL_AREA(#21987);
#21987 = FILL_AREA_STYLE('',(#21988));
#21988 = FILL_AREA_STYLE_COLOUR('',#21989);
#21989 = COLOUR_RGB('',0.690999998585,0.664000007176,0.597999987832);
#21990 = CURVE_STYLE('',#21991,POSITIVE_LENGTH_MEASURE(0.1),#21989);
#21991 = DRAUGHTING_PRE_DEFINED_CURVE_FONT('continuous');
ENDSEC;
END-ISO-10303-21;
